id,sentiment
12311_10,0.999067110739927
8348_2,0.017701543688223548
5828_4,0.7374091749743874
7186_2,0.20425334809493842
12128_7,0.9582615147576521
2913_8,0.8878965142311472
4396_1,0.03930159266911534
395_2,0.5798613053287691
10616_1,1.1900545819292192e-06
9074_9,0.6134666063625404
9252_3,0.1691964720613459
9896_9,0.5355036619892697
574_4,0.22910476047768052
11182_8,0.591964726552997
11656_4,0.1574881113557682
2322_4,0.3948241646168675
8703_1,0.06899610358825725
7483_1,0.32901486575755523
6007_10,0.9743709685504075
12424_4,0.06317821721575623
4672_1,0.02586375331530043
10841_3,0.029029149127028028
8954_7,0.4381497593582983
7392_1,0.11631216973257276
10288_8,0.9810136226761571
5343_4,0.00028767939904383264
4950_1,2.736918482267155e-05
9257_4,0.3686736238638786
8689_3,0.07728693704808096
4480_2,0.1420845498424864
9286_10,0.8987614616753422
12245_10,0.9994193409411795
7529_7,0.9348708501007961
4_4,0.04163251797411781
5299_2,0.01782328389939953
12077_8,0.978956233839422
10701_2,0.007466565910571251
11579_1,0.009330399957196677
10993_1,0.03651794828205966
8913_1,0.06079762642505547
1350_3,0.0817108364873146
3804_2,0.005925597979387497
5025_3,0.06499402182111219
5170_8,0.9233244203119211
8225_8,0.9462692481142702
6427_7,0.87622647665956
3165_3,0.15401421067289872
7902_9,0.9982618731480069
8208_3,0.0012090414398847847
3577_8,0.9332047947075593
4865_1,0.0060124381821764
9063_3,0.1346653138395852
1106_1,0.533797436537249
1117_9,0.981347228875062
1050_4,0.5328631933158793
10755_9,0.787436881609418
2729_8,0.8971857735871627
10072_10,0.9068492819785526
2904_7,0.9704280459466538
4584_2,0.8996763201459307
189_4,0.16874294253096087
6302_4,0.40830365363126675
8138_9,0.5344400318730729
1262_1,0.32188239702886656
2199_10,0.9504648034419838
6551_7,0.7581756943306825
8082_7,0.13053803467924555
4897_8,0.9761760031679969
7360_1,0.11121590215727262
11012_10,0.9945694785720284
12046_1,0.532443441996934
2331_2,0.9474354206373982
8961_9,0.9961392823601488
751_7,0.8178690792124876
9884_10,0.9424014899291481
10016_8,0.9859969037638098
8023_10,0.6330808231395316
2628_1,0.008193875901477998
5832_1,0.08173183962201622
7302_1,0.032004188273214954
4501_3,0.117199949773822
1121_7,0.584085842878176
8334_3,0.6545645541203324
9789_10,0.3207936128467357
4230_10,0.9325267954872424
824_4,0.027623478576018098
6803_9,0.903793599285654
3086_7,0.9979104562177289
1135_8,0.9780836369325897
10136_1,0.012339941588613694
11129_3,0.0006409995217671584
2072_8,0.5263116852430921
9501_7,0.9518407174830358
319_10,0.8485511100531332
1693_7,0.9027012730097275
10886_1,0.0051654013423518465
9406_8,0.9460419208849384
10376_10,0.17629553483047625
9902_1,0.05089274717775761
9938_8,0.39068739536750036
7080_9,0.9304486848985413
11944_8,0.39293129841851965
5249_1,0.0021032428320599725
9599_2,0.19501517304081262
9620_1,0.11640410025165691
11244_1,0.19757727012842347
6841_10,0.9998790597648275
10050_4,0.871216457005106
10512_9,0.9954647618317095
11327_3,0.023694243541699207
10681_8,0.812957066454051
808_3,0.2929269935700816
546_7,0.9992095771151214
10765_1,0.0018797944621701825
7189_9,0.2483301730064705
6005_9,0.836310703883272
11915_9,0.9874691000095213
5740_10,0.9883220300079321
7097_10,0.07583463724240881
9573_10,0.7681188398470837
5084_4,0.3697922152998463
12332_7,0.7165279729509861
8154_1,0.008798583494537385
5610_1,0.09456643380774361
5323_9,0.8579630393778851
11034_8,0.8821637951006313
3977_2,0.08740554524736753
12380_7,0.09908565063373526
1737_8,0.7087063068310581
6030_9,0.5467871808670692
5918_7,0.9435618156452298
7061_9,0.8196579262780355
266_8,0.6571293966806363
1375_10,0.9979081571434344
8648_3,0.01341589786937288
10146_10,0.9932220349639382
4578_10,0.9576455200932993
4685_8,0.9889402585885453
11843_9,0.9466746446926811
5467_10,0.9958344477893092
10140_10,0.9414928244392746
7721_8,0.9975010540776087
11208_10,0.348468948214771
1063_10,0.9788801670085951
8260_10,0.6895556030640532
3182_9,0.9451023449295048
2797_8,0.7836262229863358
7613_2,0.8627480942765673
11624_4,0.028456438014113627
4847_10,0.9980692276309833
10684_7,0.9531004389354375
6312_1,0.5800534165331622
4925_3,0.01791912505726173
4125_1,0.004920464843439314
2394_10,0.9999539103181798
12105_10,0.9656445820810999
7812_1,0.0009417210969604877
1061_8,0.9350449794143445
9343_3,0.3012577148844096
7696_10,0.9985491485269946
9355_10,0.9964112521021693
782_9,0.9864288895488241
9882_10,0.999913502416858
10642_10,0.9983655477772381
7410_2,0.006722474077658603
9591_4,0.010692505336648192
11902_3,0.4133542984238848
3495_7,0.09264731190738161
6733_1,6.069835593347224e-05
4552_1,0.0012048200231268575
6722_1,0.08435055210329016
188_10,0.903219827945118
5099_10,0.8363440458652666
10313_1,0.21071964180146363
6756_9,0.9376765593471643
6622_2,0.007952665125643533
4807_10,0.990098173438778
7173_3,0.3916977407910959
11321_8,0.7214676330415767
7909_9,0.2668103260106695
8012_7,0.34018728946214405
8615_4,0.28138356658470404
8117_10,0.9685656686387
1892_10,0.9774834519383115
4617_1,0.24394886968209106
1893_8,0.930020942988683
5435_1,0.010792949136454268
162_3,0.005689059661723799
6516_10,0.9466699158611648
11588_7,0.8806245890035393
2006_1,0.01336437309053395
1594_4,0.10452889880939512
1472_1,8.929777118426297e-05
3647_1,0.7912757471803215
174_7,0.8735901147154363
5539_7,0.008601273058576346
3384_10,0.9931372864809829
3811_4,0.5949591700345315
4079_8,0.3511375270937864
1179_7,0.42964938078130277
3069_9,0.9987399732488536
3769_8,0.7944781706965454
9247_10,0.9818731080593749
10434_1,0.0025277930184402168
1147_10,0.9890471717480903
5344_7,0.9642215290451156
8073_10,0.9631913593167929
7833_3,0.0028378213630820184
8370_1,0.03119597458309241
9007_8,0.011826707694253048
6624_7,0.49127752120780555
6683_3,0.046280368791763955
12275_7,0.2946146746142678
11927_8,0.9374231793482598
1560_10,0.9969893053046157
1325_9,0.8801654214688148
3548_8,0.1380563215658647
607_1,0.0003939299059269483
6702_7,0.6512897946633482
5702_3,0.035316232054958735
11345_8,0.9178097948897341
3428_4,0.24667337441388756
7209_9,0.9996811559994153
8425_8,0.8301817726330964
3087_1,0.005192068081492561
1119_8,0.8334069177940295
5715_3,0.13338736741387458
8645_1,0.038078785631362654
2149_3,0.003313958450973305
10403_10,0.20309528102793767
5628_1,0.1535529977341202
5570_10,0.9568961172579777
1613_3,0.05416299164206419
1454_4,0.9387154422811578
5094_3,0.03218818656507879
7982_1,0.14378972565398898
6894_2,0.5518785601949009
6554_1,0.1770486180599944
4721_3,0.288206931321992
6904_4,0.057032982748462274
893_8,0.9900731888480565
4605_4,0.5735206994965251
11516_7,0.4221556535292431
11718_7,0.9994797452260105
5956_1,0.023396025175040545
7455_9,0.9732398913478306
6396_4,0.37923536857028006
1223_8,0.9887439094652858
8556_1,0.009008532007048395
6108_8,0.5795978494193449
11690_1,2.2602884765905896e-05
3778_9,0.9361021722315062
3627_4,0.3558782695874019
8256_4,0.4252074505840396
533_1,0.00015214611517171706
5235_4,0.02593837894092883
621_2,0.06629781641080687
5365_1,0.55936164142978
8180_3,0.3665995158523925
7396_7,0.23633430369336805
9776_10,0.9845760943088865
8175_10,0.9603875531023841
3128_1,0.1514400642027431
4606_1,0.0373197272979955
6158_2,0.03960614477658017
3281_10,0.5948383761402318
4723_4,0.0319040798055003
11994_3,0.04845444680317805
7701_1,0.00029963255275794275
103_3,0.260194952056513
8908_10,0.9725545401714144
8876_1,0.0025737532227496306
7519_9,0.5850631904110246
12456_8,0.5710296827140022
9514_8,0.7573988202356179
8680_8,0.40770004834522594
12402_10,0.9883939638564372
362_2,0.010985786809167878
9825_7,0.7401496295309251
2913_3,0.6208273419249298
7164_8,0.742752300467056
11177_7,0.9356518800043508
5707_10,0.9987481525645193
8103_10,0.8945871381945957
6289_1,0.0001610752875349176
11754_1,0.35891403813479467
11640_10,0.9990946898632049
9933_7,0.8107212565287728
185_10,0.9539570442304306
242_10,0.9920946022896538
9369_8,0.8203256708146925
7453_10,0.9092415744028969
7514_7,0.3203347578183416
10860_2,0.010650791007361918
8663_8,0.6593064310626776
9108_1,0.023652650749022525
7941_1,0.004487847224324604
10116_1,0.0004973465605443336
9841_4,0.1616008616985281
4512_9,0.7684094356760094
4853_2,0.3079368159415311
2664_4,0.4071436065694553
9966_10,0.9352151161597392
5167_2,0.0463134938365257
3894_2,0.02626090206557169
3929_8,0.7024655421133157
7165_10,0.9652999436835259
5451_8,0.24568540083899096
2947_4,0.5035242338933014
4611_10,0.9544007756531799
5807_1,0.23078443606752236
9464_8,0.9162483781542343
3124_10,0.5251268355223351
2705_4,0.9593466841177514
12187_8,0.9989839598798229
12319_10,0.9865969688892474
9874_3,0.3349074847739645
3406_4,0.6645275495788525
2327_10,0.9976433799845565
605_10,0.9264562329989667
8080_4,0.05834844990108681
3074_10,0.9917096764250688
2499_3,0.05192693716727274
1013_1,0.7457015420552119
11535_1,0.002011314370809199
4118_7,0.7891935028345112
10492_8,0.9987669070258536
2129_4,0.26099186816560277
9814_10,0.19342266695797153
10671_9,0.6836578304092017
5980_10,0.9782433815044148
2755_2,0.09484217083385048
5461_2,0.3684283518724615
11979_1,0.08833082359898202
8810_1,0.00451644326549391
852_7,0.9613701407503767
10961_4,0.05731407663440115
7436_4,0.24493057381635902
11281_3,0.7608658089012098
4208_3,0.13649321914705692
8213_10,0.9855000679054975
9851_2,0.10737518707129744
4713_7,0.9418442096339297
9528_1,0.9518760589524816
3595_10,0.9971873817811735
5785_3,0.6900488534224283
10370_3,0.008460525908147961
1980_3,0.6789360552995983
8800_4,0.23052456381484268
4437_3,0.2923577868207115
28_3,0.22521015955098952
12171_1,0.25034718088740576
9359_3,0.21015730384090195
3831_9,0.9993812191064422
10962_7,0.9864759988040916
1500_9,0.9045062300417362
11470_10,0.9916062034100145
11843_3,0.0069131518945664385
11200_4,0.23675730466650388
1067_1,0.0008696508384434285
3333_1,0.002340278056756998
4487_4,0.823770454033826
6428_1,0.03802796526720816
575_7,0.19369019488460684
10904_9,0.8689412854219816
11821_2,0.1505439105623191
11605_1,0.061192106681939064
1111_7,0.5443239084782704
10295_1,0.5059013882739861
1146_4,0.20538011101451123
2405_9,0.3479179000958583
11081_10,0.9399709215650837
2201_10,0.9959075589912237
4844_1,0.04541861574759047
11007_8,0.9959993757118475
6535_7,0.6988984802001393
2653_4,0.016556512826009468
8245_10,0.8722965107545227
9951_8,0.9934988725159938
6133_8,0.11424173054826069
10006_2,0.002218268393389135
7350_1,0.6090159782326507
4509_9,0.9967589380156022
948_1,8.197742610802646e-05
3987_1,0.02893463380155378
2947_10,0.2794759978627438
6041_3,0.02123436371522373
2946_1,0.03573289484613342
11967_4,0.011925872719171416
1185_10,0.998319335861909
10323_2,0.5534869901754419
11706_2,9.665455405352853e-05
3663_1,0.010433998064504247
5602_10,0.9980559300969016
4870_10,0.9284688031408579
1994_1,0.10575260843245142
10807_7,0.9006050587616085
6871_3,0.9285768849700823
1175_2,0.026523802766524333
10919_7,0.9607077026574885
8127_10,0.7575909853141923
12497_4,0.45902633453932806
3274_1,0.7011968613616745
2568_3,0.11165369505360787
840_2,0.07331990141885082
5626_10,0.9999899772664095
7561_10,0.9955252570109899
4600_3,0.22576349913678978
3324_9,0.4806743345770029
8899_7,0.7786949289357237
5592_8,0.903337037082125
12483_4,0.040754408040277884
7874_1,0.0007444514141551707
5878_10,0.7739940638980531
4303_9,0.49167964254684693
9421_1,0.014996041892256623
10269_4,0.10732093274715601
10615_2,0.04587221494201212
2634_10,0.9701007163918483
7522_1,0.009828049729921365
9289_10,0.9030971059868008
4636_10,0.959175034882333
1241_7,0.7570721387776808
9458_9,0.5818359698420782
11690_10,0.9955022763991924
7176_4,0.4771554075968999
6212_10,0.9901133232984956
6319_1,0.050978070892107326
5229_3,0.22143444296041542
466_9,0.9988036843494674
8693_2,0.4910842185004327
2952_10,0.9919052923497226
1128_1,0.1798422279335394
3975_10,0.7707188931244456
11365_10,0.8360698263167212
2074_9,0.717234099945462
9768_10,0.9999869361284374
4895_1,0.16455632691028937
5726_10,0.9659604479136785
9993_10,0.9931008789343044
11319_2,0.8570323953886027
10561_2,0.20367451129485778
5455_8,0.6773749997819238
10684_3,0.1755122506752399
3652_3,0.10751521078837796
7825_1,0.0589602036074924
8806_1,0.0013436065591483275
275_10,0.907181456270774
2246_1,0.019395187583579335
11968_2,0.002970071662126012
2528_1,0.3229255917812874
8491_8,0.693755762200304
13_1,0.4492533128996285
4530_8,0.9148842211424798
5207_3,0.019632658151913392
11648_10,0.8340464627440695
8260_1,0.10880536864758461
10730_10,0.9348892591573544
10402_3,0.05900875378129026
8077_1,0.002569557438467314
8598_8,0.8897554082294932
2809_3,0.004955079491539989
12490_10,0.9672591499010423
1447_9,0.9832012718434193
1605_3,0.15191631430000482
2311_4,0.0069334384705756905
3235_9,0.8629211597542099
5725_10,0.9793190538045616
9025_10,0.9623116308928285
6049_9,0.7682322643184845
4803_10,0.9902870318497768
191_9,0.9798210335014997
420_3,0.5438442292581748
5238_2,0.0001728863754631338
1280_9,0.9019949677936102
9408_4,0.06956132990213161
819_1,1.0403940070319368e-07
1656_4,0.033456453450932504
9964_3,0.0966345619778984
10404_4,0.24485266081753113
12369_10,0.9994507171701414
6423_1,0.011091877925197814
9942_8,0.5662604509888054
1519_1,0.023174167330054115
100_10,0.8783659983101683
3216_10,0.8585170835112603
3909_10,0.615270593076775
5034_7,0.977299126519296
14_8,0.9974815728565211
5891_3,0.028565899582798232
8496_10,0.9994843661741452
7429_1,0.008549365200580571
9457_1,0.00029769735265890445
9602_8,0.9615444260727625
4198_1,0.034140052587067045
154_2,0.06270151154470946
5070_2,0.004902581926562498
4207_8,0.7129716109431203
7758_8,0.9552538953338016
4439_9,0.9814183319744842
12042_1,0.0026072162868473036
7244_1,0.0006533848096124734
6854_1,0.0008817568843456435
11932_10,0.9215634988562684
4151_10,0.9698328031658984
7265_1,0.06991773168759229
10272_7,0.9726089733672947
4256_4,0.16448187146519924
1225_7,0.8974686244530864
956_10,0.9850507509449695
6389_2,0.003940377499929878
1365_4,0.06982209096663698
4752_7,0.8708686828873877
276_10,0.9965042487914163
8766_9,0.8847668240279432
11225_10,0.8553378910819606
6920_1,0.00012878514272362165
11536_1,0.005869692539062509
1923_9,0.9794858155669258
11460_10,0.7709846720829879
10054_7,0.9255000693286285
10845_1,0.00036438398685482965
10231_4,0.38928227869675114
9430_8,0.4059563469875003
3226_2,0.009744050102662213
4298_3,0.07381579027122788
10635_4,0.3430971587797915
10567_4,0.010245686348246108
5460_10,0.9249184784984361
7310_7,0.7184946508791076
10330_2,0.001859087949496773
5151_9,0.915267730311415
11_3,0.7929655562152238
1448_8,0.4200612567127181
10130_8,0.8790115557830988
2199_3,0.0456299922526306
1761_10,0.9826447726821711
2782_1,0.025022350662962795
7618_10,0.9959302904513435
85_10,0.5649697807317045
5730_3,0.0789101664408551
3641_1,0.1354390116632715
8190_9,0.9810537582572536
9533_10,0.9992955101934384
9508_1,0.00028060858229384455
237_8,0.99458014673292
3981_7,0.7645576108366413
7194_9,0.6967981572809244
10584_8,0.5758890310938833
248_2,0.0029199021221443257
8358_4,0.00020372079081363038
1218_1,0.0019778298744250154
4191_10,0.16344014207908444
3090_8,0.9055687902685688
11923_2,0.04088942272094043
1640_8,0.9079792881337745
9972_3,0.019132929589040355
11818_4,0.5791970800142254
4350_10,0.958210378344662
877_10,0.3124212142891364
10017_8,0.8376314614601937
7975_10,0.9990358266658643
8436_1,0.08755337555695848
6024_7,0.10324202993447021
3112_1,0.011599514148946348
951_10,0.9723662371228006
1622_1,0.0007905017028031733
191_3,0.2421887315180938
5669_1,0.06763746467661051
1891_4,0.22332129903514447
12173_9,0.8361727420109568
7887_7,0.8415136501331106
3256_10,0.14122418734409295
5419_1,9.936924193355952e-06
7635_1,0.08150364072140599
8297_2,0.08090385518083973
7137_8,0.7740795820512355
7562_3,0.1349786427846254
9944_1,0.001908720070213392
4288_1,0.000274576248498831
8087_1,0.18413842512355
4771_10,0.9723959672360422
10482_10,0.8753691118317867
5324_10,0.9979577996664257
3080_1,0.004777301907329064
10923_7,0.8699201099634851
1753_7,0.9936219190796427
317_10,0.896243578238952
12474_8,0.7645578133139854
773_8,0.9935120987363234
388_1,0.19262392174935902
12141_2,0.3683325012291144
5667_1,0.5291043245374056
1071_9,0.9565939277954404
2897_10,0.9778650184904595
9481_4,0.24967141005615834
12025_1,0.00407018357077263
8879_7,0.7553869099646016
5683_1,0.020663034537477063
7026_1,0.0015003539449670422
2439_1,0.23438556042441933
3631_7,0.9245343492067615
1650_9,0.22439661612279635
5378_7,0.9960036868606104
9745_1,1.7273483640522405e-05
11563_8,0.9362549620547302
299_8,0.9641450831745385
9471_2,0.021401159125745688
1866_1,0.0584402918907612
2639_4,0.03948042242367458
5122_1,0.1864942728250916
12341_7,0.6003387516404938
2936_8,0.9957402996399978
8647_10,0.6222880338543445
4255_9,0.8877843402300233
7262_8,0.398174855724951
8413_10,0.9173801478444888
10080_1,0.005704553827230842
3973_1,0.36217021020772533
8752_9,0.9998928873046689
4018_2,0.057427663420771304
7669_1,0.01956264893482781
10421_4,0.10791012863724203
7854_8,0.9825714787291383
162_8,0.8290637670496133
11614_9,0.6902721880357865
11343_8,0.9793059022926781
1708_7,0.23949499415503153
7115_4,0.8517026400792272
10498_10,0.3331009394731199
2944_8,0.9789848170765003
10474_3,0.10744547773488801
1263_1,0.06873816381980385
1693_4,0.8326347466049971
9600_9,0.7115312843935375
11173_2,0.32978392548341795
3961_2,0.3430362172789703
8011_1,0.20932994075434938
7386_8,0.536460125506955
8787_8,0.9799612870134122
12349_9,0.9618062723180525
1776_4,0.11038658049886091
5885_4,0.8485180065594187
220_4,0.09160753370367622
5547_8,0.9968350453306324
2853_1,0.05510611811322126
2157_2,0.05235180696612972
11667_2,0.09920159549540293
194_7,0.7915056033645459
1633_1,0.00599489680657322
6897_2,0.05784227372907332
11568_2,0.15423438773019
9219_1,0.19656427209783683
477_8,0.9765674371879328
8980_3,0.5700607707671652
4612_10,0.5631500413908337
8030_10,0.9320398381388343
1846_8,0.9997893725070799
2786_8,0.9438540125518033
2634_1,0.002031183512653643
3110_8,0.9479227264415669
11587_8,0.7265553558583023
11262_8,0.8923279418687644
5680_7,0.37947729945401654
4583_4,0.03857164388071096
1451_1,0.006839068052961265
4244_4,0.06581532802558666
6176_4,0.02730731841960515
8851_10,0.991506717424954
908_9,0.9178491660175897
7494_9,0.275650807671379
8061_3,0.05195921838798591
789_1,0.5652170627969515
2374_7,0.968082639084696
11225_3,0.008009377729851148
4467_4,0.005097680557675502
8516_10,0.397814668278906
4121_10,0.9600983303974093
10267_7,0.6319894206926221
6040_8,0.5809640187201105
8338_7,0.874567441961787
2903_7,0.9901570719056674
6662_9,0.9599010795728472
5333_10,0.9761338441581735
7470_4,0.005686403060420593
8813_1,0.04090133146060816
4514_3,0.9952272010877519
9584_7,0.59487346407152
11706_8,0.941054734028074
11538_8,0.9524925721762664
4210_1,0.00036768480553744855
8984_1,0.007746714175569351
3431_4,0.01591883441159674
4973_10,0.9786869069163445
12260_1,0.007226807313153665
4267_10,0.9812725361415
9906_9,0.9874449018583612
670_7,0.8899948928296868
6270_3,0.010665439312006888
5164_4,0.06597611198854166
9741_2,0.021803293610520913
3761_8,0.6803452132525981
2651_2,0.11762884015728821
7448_10,0.9022500297652524
7184_9,0.9992391326276318
1313_9,0.9303398475265579
10654_8,0.9877613550131712
7151_1,0.008832248836358844
2320_10,0.7838335954488947
12033_7,0.687264185931439
6429_1,0.020530541078977418
1420_4,0.7394287089622837
3002_7,0.6189353658017125
1299_1,0.01588068905988529
7897_9,0.9148403273532723
1529_4,0.13875049421243132
9760_2,0.24247575778203295
11318_1,7.196791079152908e-06
2217_3,0.037367280729947244
11641_2,0.11837943738359247
7238_10,0.989603034360695
7710_8,0.9572299146060022
12011_8,0.8432762230960568
4495_7,0.991891348034721
11144_4,0.7673986225385637
5625_2,0.05944515019051485
2926_7,0.05828576028208248
8538_8,0.7236163080728111
8875_10,0.8883841155206845
10881_10,0.9838222708388351
1662_7,0.9317075678312776
4560_9,0.7828022719794063
6714_4,0.0026568045839970383
9059_10,0.946800827387474
6631_10,0.7127204132384046
8520_1,0.0001821353653271662
918_4,0.3134261951987363
3102_10,0.9679188272659665
3611_2,0.030069732764435413
8434_10,0.9808618513811573
681_7,0.9968261885915954
7386_4,0.020919732037002182
7566_9,0.20390728537076175
10110_10,0.9864693477809269
10486_10,0.9763669288307975
1492_3,0.4486596863824517
11823_1,0.06818848954210634
2331_9,0.9664601398795939
2200_2,0.01948736271589728
9547_1,0.166430713949637
785_2,0.0010713107535619876
5101_4,0.10724224237270234
5657_10,0.8985507081884482
6902_7,0.5134389391627331
1490_9,0.37921355122800554
7148_9,0.9431152201448245
7387_8,0.5668682555073106
8277_9,0.960449950123684
6912_7,0.8457710690475242
170_2,0.7978564934723698
7702_10,0.9999598577652854
4393_3,0.0028890768850247796
2608_3,0.9301398279428346
4931_8,0.9525545917773525
10589_10,0.9575225754535406
8623_4,0.014846545573074658
6057_2,0.015489087372335689
2704_9,0.9890779721799303
1790_2,0.773447069829628
12370_1,1.0708007712641132e-05
159_1,0.001878471906459543
343_9,0.9928395290465385
2128_9,0.9813165972590273
11181_8,0.855653561255868
11775_10,0.9717115589746765
3514_10,0.9764011752110798
6993_2,0.0024532901204862134
2866_9,0.809933917295683
1000_9,0.9905786628206176
11772_7,0.022538448455204037
3355_9,0.46991897136056426
8519_8,0.6756872318298076
7879_3,0.11916109610994896
4332_10,0.9663993082811203
5403_1,0.004652348127383516
1514_7,0.14114820093005392
7904_1,0.0024726352772943866
10550_2,0.2162289430137433
11442_10,0.9215303420974236
2821_3,0.00046573391523079287
5766_1,0.001407696532496807
8061_9,0.9654899576311156
2166_1,0.002334509898085213
6206_1,0.013367434529373659
11124_2,0.019913257237196304
7625_10,0.7955901219182879
90_9,0.5838244072890366
7959_10,0.9822639576650403
7029_10,0.9555474097074127
779_8,0.9955000256265631
1101_4,0.05717807845272898
11189_4,0.25266480550977644
9790_4,0.06552683943468483
10861_1,0.06179835412670269
5902_2,0.25534296544135954
9545_10,0.48916629791001426
3730_1,5.0976674022383156e-05
4951_9,0.7422195469010149
3295_1,0.01767154386453359
9495_2,0.07445518145660049
2876_1,0.5306244020893256
2796_1,0.006603323771903209
10338_3,0.10639479128149806
10913_7,0.10896853455596003
4685_2,0.0025861782796567354
11586_1,0.08530612224142015
4904_7,0.6365651904792354
7110_7,0.7398192187048072
2086_4,0.17190409832985223
7372_7,0.7548091297690194
135_9,0.9249867020512182
7038_3,0.500198636155124
1119_2,0.025154482667548547
5057_8,0.7002882828419916
3479_10,0.9993597042517183
6489_8,0.9922253468871299
4910_8,0.9680638285785328
5979_10,0.7167846584594613
11304_1,0.0065533632684614315
2102_9,0.9939050804400632
8048_1,0.006897210819195258
12153_7,0.7664892093652931
4832_8,0.9349537940391689
3079_9,0.950928113586375
8254_2,0.004990279481924422
7981_7,0.8421178428783104
611_1,0.2141628645342338
307_10,0.6647046743539746
8861_3,0.0017357766723066314
4635_4,0.8830849549397288
6197_7,0.7875110272940349
6739_3,0.18389374014052567
8588_9,0.9212414862484671
8461_7,0.5064911171786489
10089_1,0.004375750245567131
2609_7,0.5879306793957014
1418_3,0.6019283703371446
2661_10,0.8564274835686816
1253_9,0.9052242915878617
8815_9,0.930622951734533
9867_8,0.9649225988284762
2155_1,0.09587910564480477
12259_4,0.306897837915838
11224_3,0.10097906639468664
4781_1,2.7231797710656104e-05
4354_9,0.998388044247864
9629_9,0.9045908819208501
3629_9,0.9903637758341945
6445_10,0.9812089200796043
9526_10,0.9988700088762854
5138_2,0.06770425557655316
349_10,0.9940961453019317
2099_7,0.45545081123213993
4411_1,0.5475440585580071
8127_3,0.06099877902215137
5225_8,0.8823806083101674
7970_3,0.018897519245909676
5688_7,0.5998479717001519
12099_3,0.03282353647295169
6020_4,0.40272352221629454
3892_8,0.9990720759109891
2098_8,0.9803308093967814
4851_7,0.9675340218038305
10967_10,0.7141877268704894
6230_4,0.3277374762061249
2211_2,0.0723166744315223
11978_10,0.8688260895674154
8802_1,0.012701327848460833
11010_3,0.007725810377303986
10083_2,0.32578715439627176
5588_10,0.534084051429408
958_10,0.6826149606609501
6771_4,0.6519362584145652
6767_9,0.9626192839956936
7302_10,0.976660595549742
5324_3,0.0014324817290746218
7737_10,0.9955263997365048
8603_10,0.7755662177117584
3029_7,0.9874057368362053
8640_2,0.0629897749820335
2139_1,2.4548940991006774e-05
6305_10,0.9996621427702596
6884_7,0.9809868101099568
5534_8,0.8373103287395082
7619_8,0.9852508001451955
10057_8,0.8875408213567376
972_7,0.9863303247871186
6245_8,0.47836783760580176
6627_7,0.9649415164187363
3621_10,0.15659153475077797
2290_4,0.838930947056982
24_4,0.46548589949663843
5689_1,0.0003139767817678171
6497_4,0.1977483416361031
12405_4,0.9458974165075258
11720_7,0.9998718356459778
10088_1,0.0034114222644818165
9258_9,0.999637141052145
354_4,0.9270310121778691
4770_10,0.9733622963874061
1035_3,0.4853668956658269
739_1,0.00494831401427865
6267_7,0.9574432442463154
1562_8,0.9381107874281557
1438_1,0.0664268936731034
281_8,0.9943627542750121
1818_1,0.8537368058397539
3943_3,0.10236672127520213
8116_4,0.5878947435014085
6984_1,0.0031217793315042627
5330_4,0.0016328421521671704
8821_8,0.9892756456880956
10484_10,0.9758225280783757
1886_4,0.06831485688335215
7943_2,0.5238254417163556
6438_7,0.9443936727377102
8931_10,0.8486201907723762
10538_10,0.8732452351335456
534_10,0.9992661284638233
7329_2,0.03136805277294996
6614_2,0.6420437134380349
710_10,0.9437697413904402
3120_4,0.0576084786461219
9046_1,0.0038761529466357
5638_2,0.4492539343916949
2455_4,0.18840097587937063
2652_3,0.22824943817776036
11006_4,0.5975423295985797
5065_3,0.006696891848146727
9805_10,0.8774906303028099
7092_8,0.9597960119582764
1735_10,0.8720361807489626
3609_1,0.006629624789218325
1201_10,0.9631688756777526
11024_9,0.99878116868068
3807_10,0.9682793183344846
4483_10,0.4770684697484192
4510_7,0.9234119072302648
8037_1,0.429882304084102
1760_1,0.017967471015183957
133_8,0.7474902010410073
9039_8,0.9496879271178836
8462_4,0.7866834140693755
2468_10,0.9590429399302396
7684_3,0.016834408398514387
10350_9,0.9950048410087361
1199_10,0.995915270759646
8560_1,0.0008713729324565982
6405_3,0.0023982513132862118
1295_1,0.0027368899928519198
6420_1,0.034479817562796736
12183_9,0.8531215242242657
11619_1,0.0030673921868249326
1415_9,0.8539974126261929
9414_1,0.0018499115705437013
7640_4,0.20608143255017108
9211_9,0.7617033442933495
557_9,0.8386689392348379
4501_9,0.9721912321758487
8711_10,0.5546942537540094
2402_1,0.7600333602458414
4586_10,0.7058556111544907
176_3,0.04559663774201001
3545_1,0.04796034189163326
8932_1,1.6000575756981418e-05
5829_10,0.8671526579190262
3409_10,0.9813486314974542
3636_3,0.6965223466159088
12048_7,0.967272324893413
10468_10,0.9689424615790113
11546_10,0.9202004522861952
9444_10,0.9977908067642067
6275_1,0.010516538947294153
152_4,0.2553427549427164
4767_9,0.8657738162740325
6751_1,0.004082777371251089
10245_4,0.041995160884780135
5407_8,0.8430308221694767
1923_1,0.038737073773785546
515_9,0.4424887579852707
9988_1,0.16271284838038655
5928_8,0.9742170753329673
10163_4,0.2897362898949099
7969_10,0.8871491925348914
1494_4,0.10059593913618047
11211_10,0.897846620594926
1957_1,3.494275090333561e-05
8484_7,0.6888505208301648
848_2,0.0005262371339402149
5177_1,0.11641683889518352
10667_10,0.8863044629261079
3075_1,0.030449388199993925
9443_10,0.4791152957967123
1572_8,0.9127983228274125
11285_8,0.15321009698982002
3125_1,0.18333946159484482
9265_9,0.9288752964831182
4072_1,0.20773483651848607
6390_2,0.317598565168152
6496_4,0.7968593268422471
8766_2,0.004959837892831559
7787_10,0.907542909906922
5897_10,0.9998466396340395
9027_1,0.08945951766336394
1538_2,0.00821195537362939
1220_3,0.0037909300524607377
8600_3,0.06520677451050859
11432_2,0.5223288615880961
1424_4,0.22144117059125007
7344_10,0.9715269336591383
10842_1,0.1648953607862522
10332_10,0.8343621684831107
4340_4,0.22484667967493133
4868_4,0.1352842292975727
11216_9,0.7658075062641101
12027_10,0.7201867853934971
6785_7,0.9542573882914557
8773_8,0.9925017260056729
8119_4,0.5357798677753982
10138_10,0.9368544986094903
7197_2,0.0003221203950770116
1536_3,0.11009242167702658
9981_7,0.8020255929382062
4753_1,0.1321574025614115
2795_7,0.0142458823632823
6672_4,0.06279973141261468
10805_7,0.9267490654209365
5866_1,0.018390928004110175
570_1,4.878048427779664e-05
11965_8,0.7544409677035061
3288_1,0.05264175296750766
8135_1,0.4948363799757731
10094_9,0.8427435238358146
5845_10,0.9928311472526333
3570_8,0.17588834471277803
1240_1,0.13054530447220644
231_1,0.0014770500931725375
10628_9,0.7839864909121022
3536_1,0.005756225998554262
1852_10,0.972532520248943
8202_7,0.5646143481290447
5907_7,0.715745831420183
1759_10,0.9469248467571647
4492_10,0.8437004378590479
4844_7,0.16820707937136703
3189_10,0.9067451857442755
3403_10,0.9695979768469125
5874_2,0.0009333479096340729
7809_10,0.994918922179232
3632_9,0.9910590344706071
11767_2,0.9764011023869023
9925_3,0.59939342114439
4218_1,0.8356987215793592
12036_7,0.6514099294597818
8973_2,0.048999769805424385
2464_10,0.9266924648636871
4094_1,0.08772071646102363
10592_1,0.011027135626653578
10648_9,0.9048330105601791
3887_10,0.9211594352968262
9092_8,0.9423073929752197
10666_10,0.9914982587085708
8389_10,0.8148833149738103
5281_10,0.9826615387150593
6946_1,0.010362124691959993
1132_1,0.009422960791436797
10052_4,0.008401215351348877
768_10,0.9999971481056023
5432_3,0.01768730691070617
7424_3,0.005676130939539936
2366_2,0.32703081600343276
2865_3,0.1760485427371203
7806_2,0.07357992482915489
8878_3,0.09824931267183765
6298_7,0.9900070801659787
4517_4,0.020492284355691965
12018_10,0.9684097644442496
3662_1,0.00624593805007313
11393_10,0.906866610909792
2071_10,0.9971731574155915
8217_8,0.9764709135444036
6568_2,0.025320925151885207
3840_10,0.988046457900899
1666_3,0.5097361398660584
2360_7,0.9224893018160223
5778_4,0.32299229756775083
5341_4,0.3864363440416841
4044_2,0.0005090379364888573
2503_3,0.020972090476650312
4095_10,0.8361634091820592
2092_2,0.0273922239858429
2707_3,0.0007955693003834693
573_10,0.6950289460693958
6441_7,0.9205779851923539
7565_3,0.03848589336071976
9499_7,0.588553174514788
657_10,0.9997958067510593
8840_10,0.9763422720658621
1407_4,0.39430783380322904
12453_2,0.43881576279038814
8273_9,0.955204148975747
8366_7,0.8068166850308848
10643_9,0.4037708639906725
9998_1,3.9432685828880074e-05
1385_1,0.016814356039418398
1354_4,0.1479081986883745
4674_7,0.5076473911540804
3515_4,0.5605885468220099
10426_8,0.9587499575928108
10226_3,0.6069844147050752
10391_4,0.03151405471824038
9968_1,0.006114632544339541
2893_3,0.0038715388303567095
2546_9,0.5102665636773539
37_1,0.01295814158541624
1757_10,0.994829945718527
1569_8,0.9700869338017749
1466_3,0.10986952916778842
7783_1,0.0001294920494328371
9506_10,0.7473211771769102
10835_3,0.0028990177560768637
2917_9,0.8685659715882702
2495_7,0.9914310828983878
1686_10,0.9806582402589874
2414_7,0.5945757496532941
5318_8,0.9475593900139315
8858_8,0.8547327768477525
8112_1,0.003876120679296421
6532_2,0.11936359610949931
2526_10,0.7260840620791535
11089_7,0.8860844484610975
4297_8,0.5763125644220733
3179_9,0.950143297132596
5832_10,0.9976902521156551
10539_8,0.8049961397537386
9226_10,0.5138771206713153
9878_1,0.2421838569184248
7940_10,0.9956115710824778
7195_10,0.9481640429761622
2979_1,0.6201419826558541
3597_10,0.9999972045132622
2931_8,0.8708375024356272
8571_10,0.36649900971155297
12148_1,3.7602041006204885e-06
4047_2,0.0012027732617473574
6164_10,0.9838971077758802
2214_8,0.9734196886065146
5903_1,0.031585984654907556
7931_9,0.5204300779510823
1205_3,0.44591071291280543
5983_10,0.9781437902967656
10424_7,0.3303013128959489
11032_7,0.8414399251037058
1303_10,0.9582789615210108
10390_1,0.006488084390888195
8349_2,0.050805333657894046
3605_8,0.8846368839777015
12273_1,0.0026634819647388505
60_1,0.04933603643964903
3879_9,0.7001316793646553
12431_4,0.17701102663680915
4499_2,0.03509568886882153
5786_10,0.7525352086338701
5521_4,0.9197300507664257
793_8,0.9802354551676492
7948_3,0.10732395032065628
9022_2,0.02667645932161408
11071_1,0.004121483532882794
4991_3,0.4650439491610505
8226_1,0.1177027620292789
8762_3,0.1757892578475986
6918_4,0.25483321774573187
844_10,0.8874722034579753
11503_8,0.5815592105112699
7406_8,0.9869242882145493
7743_1,0.019810378666306666
514_3,0.037466008022434695
10927_9,0.928576747172599
3731_7,0.9991988613053734
8870_4,0.7268517847142171
11099_10,0.9994414773424571
8456_10,0.6573533826728336
10944_7,0.006616026529784173
7168_3,0.010853388128853912
3378_10,0.2512437504002829
8203_3,0.8318300140543645
5676_1,3.2738461262230496e-05
5061_9,0.9565798809061389
6238_8,0.5825511259035615
1136_8,0.21479169862546696
6234_3,0.05307008931645889
9510_3,0.766529896283751
9632_7,0.27218723111367904
4357_1,0.04006824057774564
1176_9,0.9869312697014206
10821_8,0.9989029279271748
4143_4,0.16118299049385393
5074_8,0.7044543646349997
11673_1,0.012721780979007072
11072_2,0.0003186607387265758
1816_4,0.5265463560775381
3974_7,0.7025987198138117
796_4,0.22757824670561183
8540_2,0.06807707479118776
10959_8,0.833105625050777
4576_10,0.5092585948259557
7030_1,0.29496362484272337
3340_10,0.9513998344138689
3223_3,0.009335267544804442
3030_1,0.14980923953590802
4194_1,8.285274342162623e-05
11322_1,0.008921098702235954
1785_1,0.04206357777353415
7109_2,0.02675965743028294
4120_1,0.003142932820121564
3024_7,0.9491659673339078
589_2,0.07089624899728596
2480_10,0.4920003111192504
4878_1,0.028293927099050563
571_1,0.46223152170032006
12156_8,0.988637536600486
7547_9,0.9810216892938013
6577_10,0.9963127100014684
7101_3,0.3749003099360745
1731_3,0.24157759587142924
10424_1,0.003921359712737648
9056_10,0.9806426824358988
11959_3,0.08856845308452166
6952_4,0.010660322085709903
8709_10,0.8494390244357078
4716_10,0.9982633641121185
2393_10,0.9815338753983699
4007_7,0.546009121644127
1196_2,0.49429134428612337
8483_1,0.01785132134910729
1840_3,0.911197356238646
6108_1,0.020934210034581895
4621_8,0.7981545069171373
11332_4,0.9825915013818186
8800_10,0.9999913345720916
886_7,0.995989418885183
6495_8,0.20878134872645956
6193_10,0.3436329151050847
10297_1,0.014828945800113858
4233_1,0.04681890694268232
3121_10,0.69202590801256
1681_10,0.8950319055615369
5789_1,0.05903039245904749
6446_10,0.9999592853962062
479_9,0.9433775927779774
6401_1,0.00010011421104183637
7602_1,0.02692940193103658
10792_1,0.004216155184415363
11436_9,0.9281784884976672
6944_1,0.2117858857455827
6275_9,0.014454957610326917
7314_10,0.9978709082833978
8887_9,0.3849518606130671
1835_8,0.9803643430914276
8403_7,0.9012424607669235
2090_1,0.013817956349903864
12310_1,0.5763491342681917
9795_9,0.9844445088938119
4260_1,0.007795837508689169
3214_4,0.16472175788731008
10974_8,0.8372172791342998
3374_10,0.11141973077019868
2251_2,0.15139966001476102
2325_7,0.882273140848116
28_9,0.9556388418284478
1758_2,0.3795090846902659
1222_8,0.9550240462052616
1229_4,0.27379844734499914
9791_2,0.671485552312555
3433_4,0.015841012379987085
10847_10,0.9975644113108881
5020_2,0.0005909293217523989
9652_3,0.03804086056668617
1739_10,0.9558741895987349
10441_4,0.7225200591897846
9002_7,0.9378574220943721
4304_8,0.9951082812916572
290_9,0.9804092142589446
1339_8,0.8119533554496952
10899_1,0.08861557661985076
8723_8,0.40834115956945655
12487_7,0.5270392130711705
10384_7,0.503737136715347
4673_4,0.0022149757760429
11679_1,0.014405052164380787
3938_2,0.15634810191204956
2253_10,0.9889040009348748
198_7,0.9744327874297657
3346_3,0.23472036808583185
11543_3,0.002697572489148245
8463_1,0.08298375554710674
1297_2,0.0002699877881810638
4689_1,2.580877362227873e-05
4681_1,0.03173858281867184
961_8,0.9941288389722456
9865_2,0.843217367627475
770_3,0.13279918945850117
10495_2,0.13651393572582918
6302_8,0.8328661832917695
6232_4,0.7796171565813134
10098_1,0.038856693072240656
8905_2,0.00732368276937182
8853_10,0.45724888090079957
6081_10,0.9997427664108421
12_4,0.38762396021476175
1291_7,0.9942287317787405
1679_1,0.22746347641964038
996_7,0.6532611015275473
3343_10,0.9653291849757409
6083_10,0.9984737341950437
98_9,0.8551568871338716
962_4,0.10900115057678599
4857_8,0.9862434702535416
12394_7,0.7295271305101643
1321_10,0.9757469290738043
8994_10,0.9938988506203845
7788_1,0.12472906465022361
9708_8,0.7945275230405204
9523_1,0.17507600442882712
11785_4,0.2058571127822263
5440_1,0.04880862323476739
1091_7,0.9409236996723401
11584_10,0.947730527345647
5369_3,0.42892225894307034
3165_10,0.5875328332477501
3686_10,0.9887311238901726
7069_10,0.3557955279925247
427_3,0.025148508495209214
895_8,0.8425387767307111
4565_8,0.7681505425410632
5139_9,0.9347553211683078
5027_1,0.0153593909996456
503_9,0.996786056116263
7630_1,5.466926965819349e-06
8552_1,0.409324315185903
4322_3,0.005750046184926229
3492_3,0.948506513997992
5301_4,0.04872480581402805
752_4,0.059727634509714966
4307_2,0.004350583269924887
4901_10,0.9762908186039135
233_2,0.8881524092462053
10789_8,0.6641267670005349
270_8,0.9965732435247491
11442_1,0.4935020023503821
3688_7,0.7175125458891758
9928_7,0.33753473144400414
6563_8,0.950626801707976
3437_7,0.8398291894348836
10495_8,0.9890967568173786
8775_10,0.9996388067352825
12172_3,0.2933609878176047
10085_10,0.9287687611793665
8394_9,0.22730022315075696
2607_10,0.6866777255691993
6645_10,0.8084467891138597
301_10,0.9646888496379256
2153_10,0.9830631209595322
1967_3,0.047375176650975966
9604_10,0.99570705004041
10665_10,0.29433767721274334
5409_1,0.008266344733275257
6707_10,0.9998324482745067
3847_7,0.7450547848382688
9261_10,0.9984539349206017
3772_1,0.0001988229687755285
8950_1,0.02819610452726836
6591_2,0.1316548912690921
2765_9,0.10050952944058081
4166_10,0.9467121900987164
11418_3,0.24400671150298406
7137_3,0.14001059895831292
3710_2,0.04482670168914381
1153_4,0.41009996739395704
4155_8,0.8663189789931869
9221_10,0.7716952788128574
8917_10,0.8523641217519728
6066_4,0.679867971535212
5366_10,0.9966390938564461
2520_9,0.8659973367776138
11677_2,0.23653007573857984
4032_2,0.0003888130275372905
4041_2,0.005982598683804637
474_4,0.22952892630729368
6392_2,0.07573364111395481
6545_10,0.9786253739401516
5009_10,0.36425867126399575
3060_10,0.9514607067151427
11033_10,0.9348973887912374
297_10,0.9953558381150814
9099_1,0.0011140936470944722
10496_10,0.9119803620465324
5619_3,0.8346953306090541
4226_1,0.013717546769937576
10483_8,0.9938633225462161
1966_9,0.9988758547807671
4024_2,0.010505569126049082
6448_9,0.9852920605859206
4252_1,3.887280033271944e-06
250_10,0.9098771675506397
10753_3,0.1499598033666217
1005_7,0.5249729783338757
4415_9,0.6883737564238337
240_4,0.9898218081778817
108_10,0.8714873321534231
1393_1,0.533372675845812
4236_2,0.18809919445750306
9208_2,0.039194278259492565
7156_10,0.9214304654132545
6490_1,0.0077590939120107906
3518_3,0.016808846218030145
10308_1,6.924697262510048e-05
8706_2,0.22492551653949797
8674_10,0.9254202452970544
8240_10,0.9550783065038293
11890_10,0.8669513600077247
976_3,0.2847541586262838
5025_8,0.9878353550509291
10206_8,0.9809786179871709
11921_3,0.06316991813556465
8344_7,0.29462602043255137
295_8,0.8090291237466707
2121_1,0.004839565517838564
6978_8,0.9048487769520019
707_3,0.16540172982928653
751_1,0.02019636934031376
1931_10,0.9992029838446284
7197_10,0.9470962211672117
11032_3,0.006341183059131457
416_10,0.5901897067283698
1384_2,0.057982024266019096
4114_2,0.11085134699042364
9450_10,0.9699677564666168
6877_7,0.9652746668022296
5092_9,0.995727101629658
3402_9,0.989529543226153
9517_10,0.997045507723272
8566_2,6.463798575209007e-05
4493_1,0.006810242094050757
842_1,0.06915681310627649
4926_1,0.08190401880574216
3398_9,0.987167698629574
8857_10,0.5686628577494472
3696_9,0.8806806478155004
1952_1,0.03139807686930286
5516_3,0.052522447434748945
3297_10,0.9515171991737884
8396_2,0.02246980366626531
1928_4,0.15048574602124776
7216_10,0.9998586616029046
1648_3,0.0016245567654095388
9312_8,0.9021779253742901
4392_2,0.00741229081047373
4740_9,0.4036255927971307
2985_4,0.0027560086719132133
6407_10,0.29757951176738556
4015_1,0.13346268840719064
911_10,0.9998625697697082
7898_1,0.03234539678258368
5241_10,0.891745715126729
4955_4,0.03600060837439156
4199_1,0.0043467665721407854
8319_4,0.7980281562791447
6340_1,0.23547777278448187
2003_1,0.09260851731791875
11213_3,0.34362240511996633
5109_4,0.21243522928908729
9400_1,0.35902535598282037
10719_7,0.8414798947548617
6848_8,0.9458849349222561
11398_1,0.01714137247190536
2606_7,0.811431935579244
5646_1,0.05799793658751917
4103_10,0.49063570159332204
8906_9,0.9606557523034936
6997_10,0.38190827483031525
9990_1,0.08960981586223349
6573_1,0.05528414237971772
8530_10,0.33032870437540435
8382_9,0.5769139091496074
4207_2,0.8333613162269089
8794_10,0.7077838592659632
917_9,0.9989787408283135
10739_9,0.99841965218529
4286_1,0.01225122916696513
1763_1,0.051225796168082226
5173_10,0.8577746209456188
1764_1,0.027795430989939075
3614_3,0.34938791068165104
3880_10,0.33615445679727446
4059_1,0.043318079047711636
8786_8,0.9237504532906746
9553_2,0.16130800954641922
10599_8,0.1026613803947354
1048_4,0.19932416604292758
8136_7,0.9617388012277563
8715_8,0.904312518089196
7667_7,0.7532069670612442
5647_2,0.003632064716439087
6267_1,0.011059344919031152
12444_10,0.9145331019745622
7390_10,0.8131383806396053
7260_7,0.9665914610507533
6170_10,0.9980251106814745
2181_2,0.23451948506200854
6196_7,0.9890757327592775
12058_9,0.4232733798995749
8915_7,0.23190881780905662
6816_10,0.9938686760192702
730_9,0.9917139896364214
5808_10,0.9558968675453646
6256_2,0.0026399680123284945
5157_4,0.48130786387055974
7970_10,0.9700061449138209
6991_7,0.6069460521868038
7112_4,0.7075067432066636
12136_4,0.6284046192435219
1554_8,0.5972756390537816
8289_4,0.4492002008193314
12452_8,0.8049020873924799
6181_8,0.8938332324029007
6237_8,0.9097264157313673
9724_10,0.9655243824371855
7991_1,0.0049966956363576035
8185_4,0.5874326230264425
12162_1,0.08354316320075933
8330_9,0.938557723122844
84_3,0.0022037262846434547
4879_4,0.5099973284103861
1173_7,0.9928860629736788
11095_2,0.5780125593778975
9934_8,0.8626137199880193
10791_9,0.748190662458062
5260_10,0.9594832749981588
3123_3,0.023433077265654863
7500_1,0.05209302264893077
9472_8,0.7262860383791279
6349_9,0.8100535574223314
8706_8,0.8777219922664193
12385_4,0.005371393368621939
12409_4,0.2043793925816389
809_10,0.9971332019588683
11380_2,0.20611682405800955
4975_8,0.9522547342653926
5069_3,0.03567598188717069
8132_7,0.8977763887947774
5628_10,0.9992403399777247
12329_8,0.8380393998567323
8217_3,0.02628945328556754
251_2,0.1049593457768503
2901_7,0.9299795402883704
4588_1,0.007577517722192199
2647_10,0.8699327802027422
6020_9,0.9981259041637023
7171_3,0.02224308363305982
5880_10,0.9909543880599214
4842_9,0.9821365920047466
10657_10,0.9847709741133772
11858_7,0.9259812486142781
4656_4,0.40197425874885284
9293_10,0.8915399633829418
10702_10,0.9998029404977634
6277_10,0.9958571321791541
7223_10,0.8036461242831485
11150_8,0.892427156281197
4768_9,0.9909533897341961
5703_8,0.9420765932466986
9249_9,0.950520236150448
12051_10,0.21661014615663834
5740_4,0.027523061926007716
4882_3,0.3031088149042793
11575_10,0.9389687644139382
385_1,0.00655777956952777
1569_3,0.2975517928860389
7449_1,0.05103130720067073
1977_4,0.17188568797757323
6134_7,0.8224824020758925
2384_8,0.9974691331595643
2437_10,0.986296237826551
643_7,0.8668325893245725
7334_10,0.9978067667932545
12228_9,0.9719699744877767
8579_2,0.005382081638634379
4093_4,0.0013716484988156156
233_8,0.9706577324685696
11852_7,0.7865180425378369
11027_4,0.9443727643796204
5409_7,0.960647759325326
9332_10,0.966597895437655
6530_9,0.5432099682850213
7815_1,4.926205977542652e-05
8317_10,0.9944942401652533
5382_9,0.990079835166448
3183_3,0.7321452964113783
4997_8,0.795812190376459
11553_7,0.7610996731362539
718_3,0.18637742007942612
7128_9,0.9238797056590398
11977_1,0.27277900809880673
10820_3,0.2392289804423107
3539_9,0.9894959359721198
2386_1,0.016390622910754264
9837_4,0.5772932314175658
2941_1,0.21851274007156035
6669_1,0.00380967978473645
10927_1,0.027014186190783513
57_10,0.9979997510155261
12252_2,0.10850835647498383
8926_3,0.06441361511190806
3044_2,0.30046006850892293
9758_10,0.9912365832956365
4584_10,0.9694012860126223
1467_1,0.4888639809589904
7846_9,0.9827909978720817
1982_8,0.9783673717821071
5705_1,0.010176997869728473
9754_7,0.933799850684273
9594_1,0.002239126974400766
7405_10,0.9997306699733858
8469_2,0.8137027254776034
3713_10,0.9998393334630667
3381_10,0.9560909062215688
1913_10,0.7732781210972228
9423_8,0.43615629778802895
115_9,0.48724432745583707
9784_10,0.9129212408001076
1148_4,0.7634146395701557
2911_10,0.9721959011945648
11328_9,0.9933482129307478
5087_1,0.31825881469176276
3983_10,0.29752242707152843
5216_1,0.018921289843275946
7961_10,0.9107215960030787
10134_7,0.9464632720227865
9379_2,0.25671771111988057
4715_1,0.002085175096881044
6501_10,0.9975648154117672
4146_4,0.010528032406820834
12159_1,0.08233380299215544
11661_10,0.7322770398557279
7995_2,0.11447607414320099
693_9,0.9531618248967526
1411_10,0.9966397480180337
7091_7,0.9209536589890217
2576_1,0.17648703503835547
8207_1,0.00516136064290028
10877_10,0.999584927306818
5444_10,0.8168864076412224
9409_1,0.00015467100299449224
10020_1,0.03773877635362917
2349_8,0.8953119388199433
4942_10,0.9955150359430737
2839_1,9.031011617090527e-07
9419_1,0.000928367739190487
10661_1,0.03384700177257883
5659_10,0.9474561756061998
639_7,0.8133772854034492
5946_7,0.5076302790520988
7231_7,0.9475960621683869
4220_4,0.7256874499221545
3698_4,0.3939231857728755
1060_2,0.1444061138008498
2398_3,0.007704430659447136
11073_3,0.017878280981057537
8336_2,0.002078302668424581
5975_3,0.21670389662357947
4727_1,0.023703122858243747
1596_8,0.9866962782929519
5471_2,0.21319939863033754
11204_10,0.8101566987117841
8810_10,0.6022842449267214
11125_3,0.05444312800564531
9607_10,0.9696378780994537
6517_3,0.07719663698854384
10232_1,0.049150422007374635
7708_10,0.9999431741504908
1753_1,0.049424337749026825
10946_7,0.6723872639238933
668_4,0.1582250921833713
3794_4,0.993909282873794
6867_1,0.576442165758149
9428_7,0.45695423514942557
12366_9,0.9927346833842247
12056_9,0.9586552765374656
901_1,0.00013368910575712445
7714_8,0.9685934040189399
6389_8,0.3922034213841428
4148_7,0.5935174959302804
5062_1,0.01950600359324781
6835_1,0.5729772658867873
2901_3,0.2503908387581888
4724_10,0.9959196633245209
764_2,0.18105222010955735
6729_1,0.0058463462752352735
8284_4,0.12125860860369723
11928_1,0.08043016280428553
386_1,9.935619561660882e-05
35_9,0.9841866032033177
4458_4,0.3580198211621827
9627_2,0.46552013013550425
8112_9,0.9588881367960064
6026_8,0.7099600787503313
12188_3,0.19761932571035432
3477_3,0.053496462900719126
12242_8,0.6267748252400388
11594_4,0.2536775735677265
11360_10,0.9999980103167709
10299_1,1.3754074045125048e-05
3829_10,0.9127185227758399
8324_2,0.009837709092329632
1285_9,0.9812496203710922
11370_10,0.997296810872229
8051_4,0.2210866546225306
4420_10,0.99868839492086
3843_7,0.9303306548209871
10520_2,0.1962161183895661
12146_8,0.8848587103868164
1502_10,0.2794173123906605
6227_4,0.0013123246385366978
3191_10,0.9615092030059024
4569_2,0.031136683067836703
7647_8,0.41858288474838673
6372_9,0.9955243971933834
2105_2,0.04518695889785439
4180_1,0.03241815621141901
11212_10,0.9009256333453853
1811_9,0.9998209919598378
2868_3,0.03098066328882875
3773_3,0.0076585801953322034
8386_1,0.06034977016962368
1072_8,0.8802991451276413
10588_1,0.40823239205724887
8858_1,0.0001144235190901341
10831_1,0.050176018851173
11926_8,0.8751099852602507
11521_10,0.9951766829839945
4037_10,0.9967722017872899
5119_7,0.940962606597936
11438_9,0.9988943852227976
8275_2,0.1270528716895753
4879_8,0.912436277101549
4520_10,0.9956542787723801
2510_7,0.9264622178289985
510_2,0.07962409804446877
1283_1,0.0096117403600393
3733_8,0.8856426361598071
7708_1,0.020372504017153126
12219_1,0.5369927549918174
11654_4,0.6006607553237553
3229_7,0.8209868660711196
3579_8,0.7609250168156841
1534_4,0.00034017750672224125
7498_10,0.9973452749855815
11392_10,0.6720672472456617
2949_1,0.015757424856997004
407_7,0.8926841837195572
12388_3,0.08033221339751706
7779_3,0.25734840049052804
12409_10,0.7991545374755805
199_8,0.9468413370691201
9330_1,0.006340540468916322
6196_2,0.7378305409240465
1576_2,0.02799489665484699
12123_4,0.09520341117816983
871_1,0.5263407182528824
867_9,0.9996452494967784
12186_1,0.02803664263606941
11357_1,0.0008260475173575062
9327_4,0.019520177115000092
3092_8,0.8869063054129822
6097_1,0.17787679040931112
4170_4,0.09874081747210604
3724_3,0.6912367468199487
4219_1,0.5831908662119464
12233_10,0.9971261224409871
12050_9,0.9557850466344969
124_10,0.7688255254605194
9521_9,0.36036046132330196
7991_10,0.9834656648451738
12284_1,0.004393006625431988
8452_10,0.9164331360249532
986_3,0.014316754555872186
8504_8,0.5327033540066848
9427_7,0.9554200025583104
2359_3,0.5624606115564156
7026_10,0.9967946474920126
8726_8,0.663388674923272
4971_1,0.0122014569490278
2990_1,0.014977768276996437
5285_2,0.12011270772650004
9953_10,0.9879139322214311
2170_8,0.930582327023428
10963_8,0.7679375097387084
9176_8,0.9799883684363722
9639_7,0.9719007307482401
1781_1,0.0021769872802760615
1293_10,0.9696506067174221
10225_10,0.8836478792058685
3821_1,0.1382879022150367
1206_10,0.9344220666848727
5513_1,0.0005670730510530426
12475_2,0.1880196792696482
11508_9,0.9992655158238858
6358_4,0.1577573462814677
9646_1,7.347237820693955e-05
7957_9,0.8369565760777927
5183_9,0.8719409783988598
8322_10,0.9442711298151241
4171_1,0.981467503905766
6498_2,0.11742646220461808
11893_1,0.47653101838805634
8209_10,0.9533886818195132
4866_3,0.25921559276349154
1077_3,0.3271900287799303
10916_7,0.6709134866082849
6027_4,0.37502128449214006
9308_7,0.9337414596481498
7130_1,6.946113440160751e-05
3326_4,0.003336986243975121
6680_3,0.5672826526241437
1707_8,0.5327597645474759
5106_1,0.010070466206797093
1408_10,0.9768507547554113
6773_8,0.9861666103229201
940_3,0.03258258824266355
10890_10,0.9984874720408445
3678_10,0.9819801243965786
6871_9,0.6904502339434502
10196_8,0.9714280409576768
12369_1,0.2532905870354114
4070_10,0.9984358499401486
11755_7,0.9887329028648079
9095_3,0.5318490560193003
10863_1,0.027930907463867633
7109_7,0.7232592700038578
1844_3,0.01700492017715849
8228_2,0.13024656482747118
9631_4,0.10619428356741295
3920_4,0.11773431227901801
19_1,0.002185453668622026
3929_2,0.35406166155846
1506_2,0.0177065300206872
6877_3,0.1871691635280706
12154_7,0.5484711199019886
6572_3,0.3972400618304991
1557_2,0.003872006146389743
11836_7,0.26830125558630347
9380_9,0.5575057492787079
11725_4,0.16836097651998208
6317_9,0.9841437490115865
5022_1,0.245933092080687
132_1,0.000794981826204769
9303_8,0.3783449523779605
4739_10,0.7527841171270835
11228_10,0.9984395290903311
7913_1,0.7160050972922268
1304_3,0.0018868766227640651
2725_10,0.9997998662135829
8484_2,0.015594702096007827
1866_9,0.9943470765606076
12446_9,0.9548706946320756
11406_1,0.0016002402830453612
7056_4,0.4521883316747474
8615_10,0.948908430694366
12284_10,0.782186628287454
3279_9,0.9990747038082799
9243_1,0.7976431349925853
11_8,0.7398004122513582
427_10,0.97161396346058
5446_7,0.8834036576296834
846_7,0.6260714689054807
2545_4,0.7849630560611341
8635_10,0.9818145010371986
4410_8,0.9940170678453429
875_10,0.9996194809180017
392_2,0.04121064542475143
8819_3,0.0031855892380786306
12202_1,0.0476313480998455
1370_4,0.985400213049938
340_2,0.006730137961127822
179_1,0.5959667802369368
11332_8,0.9661747439352066
10396_4,0.7928572217001401
8321_1,0.0030147769670458993
6384_3,0.02475879148913468
5951_9,0.8800084832598043
8137_1,0.01824770092907143
12009_10,0.829749788205629
2103_8,0.9643386951540526
11153_2,0.0002534549308962862
4945_10,0.6572469573565698
3193_3,0.0012184181589144868
921_9,0.9510597867264665
10446_10,0.9253858664817345
9961_9,0.9867739269433946
11420_4,0.009681972352033332
6954_2,0.0039055498190975345
8430_2,0.538869145191066
6749_3,0.6165969003317626
5997_7,0.6935305226374259
7611_7,0.4147990470876627
6292_8,0.8242077069312127
11314_1,0.00019714289600687677
5143_2,0.04748914723461407
9517_2,0.10148043600476946
8259_2,0.0029460906282401775
5114_8,0.997838437296684
3574_9,0.9513229530101793
11464_3,0.25398224073677916
11457_10,0.9050014297425676
2496_3,0.048815733236820404
6795_1,0.21829916808733488
1904_2,0.0018695290768812763
11524_2,0.004350583269924887
8223_1,0.20161024546370793
5566_3,0.0006340289699837796
3550_7,0.9183129523788106
6059_10,0.9362242133508815
4580_10,0.4651389141764413
177_1,0.032110155646657375
8790_8,0.9490341326275658
7784_1,0.0032569343156883894
11892_1,0.34507042105783703
6235_10,0.5560851385509965
6493_4,0.013865035653066007
764_8,0.9921357476084754
4052_7,0.22527554920254633
1663_1,0.05522006352940387
10437_1,0.2538337044614382
1009_3,0.6091908067875001
11664_4,0.014425651634492553
8909_10,0.8390519323646519
9200_3,0.9701223719367171
7919_9,0.7425784222863627
8603_1,0.03252774977308184
6976_2,0.18886959377098816
4261_1,0.006478867241468894
6636_1,0.0009796645869710782
10707_9,0.9992511116308465
1155_7,0.9870104394138719
7050_4,0.36478700193063224
1360_3,0.08415724186842907
8176_7,0.7314875217537292
3301_8,0.8092843772795102
6684_3,0.02260559366265279
2742_3,0.07106681110652924
7159_4,0.26891520449740286
8944_3,0.01047982922237299
2077_4,0.06233065314871694
7145_10,0.9832462704700758
6216_7,0.8562094875251499
8606_9,0.5050961769571412
10608_10,0.6789280652261938
8441_4,0.25467722498830614
1782_8,0.735792454920245
10939_8,0.1264132842075964
2702_7,0.9969521332553531
9210_1,0.0014777821300414988
9075_8,0.9861495452825263
3412_3,0.009915396693991779
2859_8,0.9696771604711509
6326_4,0.03200928051887169
94_2,0.09323603199376065
3691_10,0.8661715617991786
2679_9,0.9624828606611083
1568_4,0.061290967057734125
3540_9,0.9321914320942701
3710_10,0.8670567271792532
5691_1,0.07774309920101133
9699_10,0.8214903621862047
9207_4,0.08487612903462831
286_1,0.09389352294979478
10891_1,6.101838178263112e-05
6177_8,0.9637787224538839
9817_2,0.00350877682176386
8871_9,0.704725822575408
290_1,9.626103360740907e-05
8388_9,0.8666980939075623
9195_7,0.9610094957740886
1164_9,0.9932105514454526
2332_8,0.5562748188167524
5406_7,0.8521176617528632
2476_3,0.3273301760349861
11381_3,0.2000344546683449
6518_10,0.7806591730721552
3474_1,0.2870816491009846
603_8,0.9952454477384705
5448_4,0.005896966910256467
3624_8,0.5460029318579707
11569_1,0.3200188457449849
9353_8,0.9544930470242825
3119_2,0.8176613162751891
382_4,0.25324243967593146
8569_8,0.5263316927112824
2312_10,0.9990110133184229
7531_1,0.0013283428082560822
7150_4,0.8979445109208769
5496_8,0.9804590099930963
1979_1,0.08417930395774381
4158_2,0.2497523450758623
4790_7,0.9348925654283504
11971_1,0.021205613292505244
197_10,0.9305379055421417
3453_8,0.9695266593733296
915_4,0.06675052368939713
6991_2,0.48089162578812317
7524_9,0.8737629085875698
7474_4,0.4652407635789421
284_2,0.0021013728166469044
12483_7,0.7495147684659969
1141_10,0.97228536769622
7739_1,0.08772174730164332
6488_3,0.449720022887145
3117_1,0.19859515109078332
6224_8,0.8136460566707651
9737_4,0.6514874878587307
2399_10,0.9947803183749825
1044_8,0.9952097761914799
1153_8,0.6863151920366563
11664_9,0.9742901642412765
10015_4,0.8625119247040044
7622_1,0.07345970174639772
8743_10,0.9965418758153837
356_3,0.25558938803262704
838_7,0.7725918851597066
4922_10,0.9992000734669776
3623_10,0.9625579971784338
9424_1,0.07779484300181759
8473_4,0.9392615502612321
9996_10,0.9981895682535055
11242_2,0.479100262971892
11889_10,0.9904737541463206
11131_10,0.9372954425358438
386_10,0.9310167625417195
6534_8,0.9949331709245397
11420_7,0.09587716126586915
3119_9,0.9833746849078462
2708_2,0.07941906534957695
2817_10,0.8040500907446441
9425_7,0.9934701507521652
11019_2,0.6357304823971353
1747_1,0.18915337047397718
4493_9,0.6851382763414634
4728_1,0.07782663488529354
6856_2,0.0032760862672947598
10273_1,0.24922688381633806
4822_8,0.7587360439243568
10475_10,0.8689753464613895
2678_3,0.09135972953865547
9979_8,0.966094808900695
8090_1,8.057570373685219e-07
10022_4,0.003760867656243367
5137_1,0.0017748604508864272
6787_10,0.9757282492234065
4027_9,0.9998968722491486
208_10,0.8379449171880596
569_7,0.9605607077196571
761_10,0.934104541288577
2603_9,0.9229336097145283
11692_9,0.9020330100261111
4374_2,0.24416854696298346
5581_10,0.6734386808392475
10601_1,0.5078011203145647
637_3,0.05064646281485907
10238_2,0.8012268564201123
6717_1,0.0060458486454062
9145_10,0.7718237152575901
1047_4,0.8673408428519103
6173_1,0.00027986036958377243
985_10,0.930764028583562
4964_1,0.0059751899011586335
7104_1,0.0010306132252580762
6293_3,0.9836704403425598
9060_3,0.009546352313424275
1894_4,0.8621007764222594
4650_10,0.9876267764403018
12475_8,0.9390972071023462
7563_9,0.9999781282897862
10996_9,0.9500250259290624
8315_4,0.043402020121447164
710_3,0.0407445882668231
3856_7,0.9341730086568164
10613_8,0.8049738623651349
12141_9,0.9536455376708023
4666_1,2.0195670384680977e-05
292_3,0.029793333579837936
3316_7,0.860798210240428
10482_4,0.08227266868623523
9703_1,0.3928756274634074
6905_9,0.9961247758290038
9138_10,0.9856345842057743
10417_2,0.023752280514334527
7977_1,0.0015318406118557187
9350_8,0.8617667533944424
4514_10,0.9985391731666833
3964_4,0.7469797947509937
6014_4,0.46813542568349825
10198_2,0.21770910554776027
9059_1,0.004749791678965876
11254_10,0.8742478700558022
2032_7,0.3883473583027752
6895_7,0.21301828268034032
6921_2,0.2425062549994386
9174_8,0.9897140727250818
367_8,0.40706695445303853
11410_7,0.05883328790649142
9387_7,0.7207006092167801
2227_10,0.9655128132687061
334_2,0.019986854074740282
334_9,0.7487997959838026
10893_8,0.9943211440890225
9414_10,0.9404184226222514
9725_1,0.005691488336961144
10779_9,0.5490335965726543
8654_8,0.7278054403583561
9032_7,0.9939639676816896
9775_4,0.14168147372759288
7687_1,0.008078790339209121
12206_4,0.3798332368405031
7720_8,0.9645019706418725
6774_9,0.9252556000351205
12469_1,0.016106807613127692
7249_2,0.008901979935852018
5146_3,0.6663651248931824
8629_7,0.03793821477747283
5292_3,0.9969955956911325
8937_7,0.9914911290580034
9221_4,0.8095129580302695
3203_8,0.8444647372168862
6964_2,0.0650596585166514
6120_8,0.9798220234313293
6962_9,0.727234156278416
4139_1,0.0009070384727154373
3957_4,0.04431572393044679
9305_3,0.05827653961037913
6863_1,0.050897808282802756
2164_4,0.5646787584653287
12378_7,0.0187756974478263
10834_10,0.9976717237297591
633_10,0.799026026962333
10071_8,0.9135485212255219
8167_1,0.005128598658795217
4232_9,0.9469297088657308
6710_8,0.8973810444092924
6055_1,0.022141839298198608
8169_8,0.9850749137329512
10291_9,0.9208932496051769
8149_10,0.923207117950732
2499_10,0.9953128182267258
4370_2,0.02985363540719178
4031_1,0.00022225559494838725
11372_3,0.10932534724624085
9619_1,0.1811378575582061
8822_4,0.45182924996799123
7096_10,0.9929418926159849
7009_10,0.8251327269642038
2442_10,0.9949635606265119
442_10,0.9700350954048802
4783_1,0.022050314082029347
11837_9,0.9088256181295187
5214_8,0.9352763548720456
134_8,0.9700745039668406
10948_1,2.9615101470961327e-06
3011_7,0.9998201459856
4339_4,0.33436758571550523
9638_3,0.7591830791782641
7186_7,0.8297146546078454
7702_2,0.08997903731694662
6586_8,0.9668777282187666
2420_8,0.9750687647523651
1911_8,0.3585548785431894
4707_4,0.4663319856089977
3954_10,0.8914746812653063
12071_3,0.7575657044130514
10010_9,0.9853117866959648
8844_2,0.1270409517495481
12312_1,0.04956282566868384
4874_1,0.11631780911887282
7270_7,0.872124490436839
3497_1,0.010215417463443632
9928_3,0.9412102175013205
11109_1,0.006344852216051982
9016_8,0.12394972077558146
1125_10,0.9773435070476444
9695_8,0.9342402559512142
5756_9,0.28598635303864856
11452_2,0.03872392026905071
8488_4,0.02731309589627063
9825_2,0.041217200940917735
7054_7,0.928197371753224
4359_10,0.9045893499347682
11411_8,0.899190667824156
9618_8,0.8033979468608877
12226_4,0.914223292647495
7752_10,0.9647913867794964
9274_3,0.3185487667693824
12069_10,0.9807094227293018
4591_2,0.10836568873473135
6065_8,0.9538928072707475
2344_10,0.450866329464794
10299_10,0.9920079064256331
8934_9,0.9320826571447299
5041_8,0.9511311012544043
3885_7,0.48544952969926247
3994_8,0.9543176200989626
11907_9,0.9995266103800592
10181_10,0.9198784473397921
2714_9,0.6898314680269393
1571_8,0.7634510532132175
6621_4,0.013463741640114638
1062_2,0.1142229681252875
379_10,0.9893167692366952
62_8,0.9425029760462543
1926_8,0.9605320677854206
3428_7,0.3127968123485313
2175_8,0.8498450650614302
2006_10,0.9968408914660595
8633_7,0.3896009842842971
12158_2,0.0003003394551838647
11572_8,0.9960115132017617
8859_10,0.9709817093176253
10919_2,0.00878567334191572
4131_3,0.2707658671601378
6893_1,0.0071914407100904815
9217_1,2.050500762919526e-05
1893_2,0.05583132585508232
1719_2,0.0024277795401260504
5107_4,0.5197631550779542
2284_3,0.27309739321966886
1430_10,0.9734302690460389
5207_10,0.628477892617586
2800_8,0.9307085815500594
7550_1,0.5912873278899332
9035_9,0.6949201437099878
11548_10,0.9993505816623467
6037_4,0.009125886468058793
518_4,0.047016584167862474
12237_2,0.4131911861823505
10266_7,0.9012438518924559
12032_1,0.00047265986926872856
2494_4,0.0031328559453953652
8062_3,0.2510227212182561
4665_1,0.0015028648115211008
6082_8,0.9737323767935979
7225_4,0.0013172974094722775
9080_1,0.15592797697189326
9606_4,0.4041323144983293
494_2,0.05473239584983929
6274_10,0.9824304893740772
4170_9,0.8589492529668449
9218_10,0.5801770821318133
10377_8,0.6765402795732378
10597_10,0.9668578520297222
958_4,0.16264010204247997
9958_4,0.23927829739368875
129_9,0.9986180200917741
2804_9,0.9780819227056842
8935_1,0.015865264352463077
12229_3,0.0662887024227004
5048_4,0.04436425146365893
6509_4,0.10068430530932122
1812_8,0.4810673206270998
5695_1,0.17775782602493323
2021_10,0.9062191119781133
9892_2,0.21994742706630138
9239_10,0.7927495306444315
5398_2,0.2391341152041972
4458_7,0.7953545464872925
11730_8,0.9513826178164054
9853_1,0.0009286011613725075
2258_10,0.9896464111327967
9345_10,0.994024113556494
64_3,0.3002428736266158
10423_9,0.9900686622149657
2220_9,0.7072794171898221
192_10,0.9819504886782978
12143_9,0.896016588123426
2113_7,0.9927044529192975
5294_10,0.9948913168731068
7025_9,0.9878015874617652
6300_3,0.4939749714023775
8043_2,0.013733113058070838
6628_1,0.04434621125249796
12138_3,0.24955131753183357
1333_7,0.2168946250146184
10515_3,0.003728118397823791
11949_9,0.97482357539496
2854_1,0.0011189018540286432
142_8,0.9493646137867742
3706_1,0.0002943860541447376
6149_10,0.19595348106480778
8429_3,0.658770865269101
6151_10,0.9997772295928069
4861_8,0.860885381910735
8764_9,0.31273700594488385
540_1,0.061643966026288834
10693_1,0.15813244275739727
2346_4,0.03852347256896523
1532_4,0.7537730380962834
1099_2,0.0614657824048151
3818_10,0.8306640461762164
2617_10,0.8109187567106625
1709_1,0.00337543738252754
4649_10,0.9385202109085762
4085_10,0.8579977716152293
4478_9,0.9917239042265059
1032_10,0.8910040396676597
3642_7,0.5950172960750899
5656_8,0.911033044815015
11916_3,0.14717771382270767
6672_10,0.9610873586985659
4225_7,0.6745723361495533
996_3,0.04268202869068155
7421_10,0.9921946469533558
9431_7,0.5606092748277239
11121_9,0.9950722565459424
5054_8,0.9168874084413524
9187_8,0.8304174294611724
9096_7,0.8004154537699629
10318_8,0.7143338099440502
5348_2,0.30842796101644326
6666_8,0.8785049633587932
6648_9,0.1461220857318309
1405_10,0.936646339698382
8981_4,0.9571918988387811
10248_9,0.9644117131226354
4101_8,0.9943091708973434
3076_4,0.1422565150028954
1598_1,0.007681259739387439
8430_10,0.28784733393060097
9999_1,0.4385861345599724
805_1,0.00042991652198258733
7821_7,0.9922880238944438
10849_10,0.8822010892372851
8400_7,0.13999869227460693
4807_4,0.08299154138791193
8353_4,0.07995601578203364
10445_10,0.8640436481947336
7058_2,0.0029393295581393503
9715_2,0.4122959869266835
10934_3,0.036868230821928694
8215_10,0.6620919146743105
7268_10,0.7944978576793882
5521_8,0.6875439512408452
8565_1,0.021904456802414558
8197_3,0.0006021264602383554
12004_9,0.9856663012510971
10257_3,0.06575978976547688
6260_2,0.004972537831813281
10481_9,0.9991764783654288
7598_2,0.004331676630144252
8106_10,0.3692962254592837
8049_3,0.17120211640360006
7124_2,0.2765871758901379
3858_1,0.0037308150046280308
1445_9,0.7173869081698198
6346_1,0.0006801367251799179
678_7,0.4890747096933064
10247_1,0.08707751061632081
1287_8,0.7899996579848207
11873_1,0.07260376253223629
7198_1,0.011110432477509757
3237_7,0.24388104690020965
2029_8,0.835080238706348
26_10,0.9992883403093197
9153_1,0.23351994022014558
12004_2,0.24091587229099662
4105_10,0.9717189414041957
1168_10,0.9518526832115728
5312_4,0.30141321382781366
2907_1,0.004544333271263256
7247_9,0.8589289722707616
107_10,0.8057029069391777
412_2,0.5551128456696865
2078_4,0.26577147343157986
7997_9,0.7416675506554558
12397_10,0.8489973169593955
10052_7,0.9688287791345788
6559_7,0.37451577783501167
12143_4,0.5055891940884186
3496_7,0.7155768697703428
3569_10,0.8643468057227319
9270_10,0.13284733696696233
2811_3,0.9173972610051153
9673_7,0.2949355718830923
325_1,0.037284240627371804
11741_3,0.012192426032010402
10562_7,0.8218022887970635
5687_9,0.7041807991503196
4601_4,0.052013619785083814
5698_8,0.5767417796204185
11257_4,0.2307927505833242
4391_1,0.030946809227551594
4703_10,0.9992670916856569
12191_3,0.00290351767683257
113_8,0.7302316728558752
9831_1,0.16760811946192994
7388_7,0.997897190807563
1661_10,0.9184656484152787
3703_2,0.008837978151786365
6077_2,0.544904114691926
935_4,0.636816847056433
7617_7,0.9998408185669128
7387_3,0.3259374239766703
7889_7,0.4725605763601969
803_3,0.0762084044583688
9557_9,0.9973824747037736
4299_10,0.9087180981285242
6785_3,0.17189647574539715
5185_7,0.9851358009039243
9590_1,0.5577389841182234
10811_9,0.9991364704331567
34_1,0.012296644099712475
12221_2,0.0028771342268272735
6436_10,0.9988226731548602
8299_2,0.04968861348481598
7242_9,0.9925249708999961
3247_10,0.8561534987149171
8466_3,0.013744688668178958
5784_9,0.8157430036598217
794_7,0.9974532374401649
4986_3,0.008828340962697787
7786_7,0.950341031876877
9324_10,0.9085567945710475
2095_9,0.9709127418736102
10798_1,7.245179729910272e-05
4193_1,0.08418043375311746
12063_10,0.9671141794313
3976_7,0.8059969392044017
8657_1,0.001514473182571798
2850_4,0.024734008368910834
4522_7,0.9481057825581454
6028_1,0.2034352230420014
6000_4,0.006564306093913348
8712_1,0.11087453909257387
3969_8,0.5273698128742886
4245_4,0.1274245796491833
3873_7,0.10447876907871001
68_9,0.9993791101969196
890_9,0.7825454219650091
5922_1,0.00065511508228165
2582_2,0.00025885697539031915
5704_4,0.09143943215609586
9307_8,0.9314299001520917
4114_8,0.952125456181119
5540_7,0.939672454343225
157_10,0.9568079344634134
748_1,0.03192928195871134
7045_1,0.0022606185898473878
9526_3,0.011086284468526598
6519_2,0.06068118199756924
11254_4,0.3861662088714905
9498_1,0.0008085572006336323
7192_8,0.9473898090431505
2388_1,0.05503633890325589
12002_8,0.8726411654736277
8394_1,0.032853109643884854
10656_8,0.8810234568483607
7261_9,0.9905178315001933
10434_8,0.997391316931921
139_9,0.5572969871844454
4538_1,0.000936864860085741
4038_2,0.0005637143821878187
12228_4,0.11885798210318005
3619_8,0.9879594152798987
10411_3,0.02725061249445534
7278_1,0.014408310629363003
2304_3,0.043877641848749725
5636_3,0.5428833055681429
8833_9,0.9478437300249778
504_1,0.04805593018003758
12313_1,0.0040354884059846715
11161_1,0.014850441556104321
72_4,0.16912408275537275
4976_1,0.21352416629174772
10018_8,0.608890755801553
12142_8,0.8982318657636434
4821_8,0.511954406368902
9058_2,0.15484810824479192
6347_1,0.0028182042943671213
3346_8,0.7526146369900188
1481_10,0.8636513978546969
10178_1,0.005478604845358051
2851_8,0.8835739985824089
12095_3,0.0001416496051309774
11978_3,0.45628933286453266
7172_9,0.9967955914896665
8450_1,0.0010629602677001686
7464_1,0.7805748323828894
12327_1,0.5078155488970022
5622_4,0.39744948639993855
9170_3,0.11622251582184327
10955_10,0.86243950602853
6161_2,0.14080721391641488
11222_10,0.9803760678338495
3844_7,0.98221452964172
11443_3,0.1950051302901396
4004_7,0.7050973135897265
11015_10,0.998194654946044
3860_1,0.13018582878870577
11600_2,0.3746574158195456
6849_8,0.18735075396403897
1966_1,0.005888354427838345
4828_8,0.44035748328407553
675_8,0.676530106104563
9068_7,0.3687397233193649
5924_8,0.9716514678347319
10733_10,0.9569701324158849
8369_7,0.9772604300440971
5213_4,0.4271160450783587
2558_4,0.06506374971820295
47_10,0.9973857038286397
2601_10,0.22203962036521546
7360_9,0.8226225637988994
1289_1,0.023951243125939752
9875_4,0.22399365366544788
2449_1,0.015526608220300763
10020_8,0.9993118433670146
6761_3,0.7664349677120079
7544_10,0.9357612884438181
4380_3,0.023031895164576356
3946_10,0.8248300445506792
6968_10,0.5824448748288223
3006_2,0.2227386357257095
11942_1,0.0012250312665362405
2715_9,0.9937437270213675
6065_4,0.9293047772673363
6866_1,0.38996142681814605
6620_10,0.9900816083008903
3177_1,0.013349080247681864
4051_10,0.6002603927795116
880_3,0.010610753261942364
6504_1,0.08880001865566138
12193_3,0.010595730974455628
8570_3,0.003941899675613505
8025_1,0.0004167264406919844
12316_1,0.023771269506618772
10842_10,0.9988398289285148
2066_10,0.9807810494682946
4416_10,0.6187989664759962
5327_1,0.0028782179733691238
3500_1,0.12491628978931163
4072_7,0.9545618929207845
5833_7,0.9189083339353421
2989_8,0.8824871861102097
1905_8,0.6558757676115428
5421_1,0.003426904380605553
1479_8,0.8425894848236701
5092_1,0.0012311400496144644
4840_1,0.595106370762719
54_10,0.9882467771148257
9203_9,0.11247188822960931
3949_2,0.00280892495059366
3615_1,0.00022158153924919143
8748_10,0.9815691982913174
108_2,0.052769506891942465
2280_4,0.4081817817923683
6454_3,0.532487966988137
4071_1,0.0023145596811698825
2022_9,0.9955301467320269
2600_1,0.00017521948707724898
2482_10,0.9648199217846029
7347_9,0.9993005150550576
7190_4,0.6935002810690766
7174_7,0.9004238102429712
5823_3,0.021165259605881368
8051_10,0.8638581844097029
7503_2,0.02955527115001565
2341_1,0.0291416557420131
516_9,0.7125451053217075
8309_4,0.04533561211466391
10789_4,0.8254947007036311
11286_1,0.09164248655794197
4770_1,0.09299661500497088
7262_4,0.21287055825331988
11636_9,0.14056422893426554
2340_1,0.002559583961398256
3407_3,0.00018864061669895648
2922_9,0.9184582586447401
9708_2,0.04834773383556051
2362_3,0.11393292089821229
3729_8,0.977965098989928
2265_9,0.9902371795037767
1439_1,0.002302326149291716
8020_2,0.09930986639435832
5581_2,0.30475262261787095
6503_1,0.11381127400216622
10101_9,0.8811561621201579
7853_8,0.9751752600441783
6229_1,0.0016388746824440865
1351_7,0.8828487078587631
2764_10,0.9661449624554628
4617_10,0.3700684161743653
1265_2,0.22912591152116804
11424_4,0.626094086853424
219_8,0.6211602439774757
2241_10,0.9511106171628269
8400_2,0.2210799446363427
4399_1,0.02420387033466564
9110_4,0.07456959612884571
294_1,0.09597829944016997
4646_4,0.0490024309857227
8267_3,0.33769027078385616
8829_4,0.7149286604780901
3174_7,0.9854368681356741
6557_4,0.10091781249559455
8286_4,0.5103367743660993
2611_8,0.8252150032397216
3422_4,0.2683507013080373
4632_4,0.4704394255098257
6448_4,0.07371048607876875
11485_3,0.46110894567000416
8526_7,0.7624800263075523
10172_9,0.912017280172748
5043_2,0.06844317040886833
7865_1,0.19246242208006062
6343_8,0.9515108315992074
9225_9,0.9990988740161227
2764_4,0.1325102504034781
8446_10,0.05082923155606271
3329_9,0.9929801047445815
9142_8,0.8886270937501423
9567_1,0.010176997869728473
7933_8,0.9815201544328428
5655_10,0.633791826218047
12076_10,0.9948317793618291
6455_7,0.9317391354097584
7202_10,0.8727428531649492
7747_10,0.9951289655425962
9072_10,0.4684708364842339
11374_10,0.9774589045334083
3032_9,0.7836492950472339
3065_10,0.9002463913068172
1216_10,0.7377756969271375
732_8,0.8414486570695828
7586_4,0.04570895459626717
12012_10,0.8263696449095099
5280_4,0.016829077167087834
2687_4,0.5106999732204135
7659_3,0.02892058871328474
2813_4,0.09695427036545505
6992_9,0.6825518673401187
5468_10,0.9814103235747469
10035_1,0.020435569728236624
10283_10,0.7366499594255741
5439_8,0.6706521019133977
8930_2,0.036394041926513
8681_7,0.4628746748940041
8521_1,5.2339068772318e-06
4213_1,0.5113724099648086
9751_1,8.957287333861748e-05
935_10,0.9853780996346868
5082_1,0.008270618478720215
1802_1,0.0012346063918420712
11455_10,0.9782278825040217
1794_9,0.8353945391016805
3708_10,0.9837730489387898
6174_8,0.8736486769904632
2210_8,0.8284130647535344
6259_7,0.8066082389041836
12471_8,0.9663740974523298
3260_10,0.9924633322789763
4717_1,0.0030462299317745296
8673_2,0.11299551134373562
6362_3,0.161581816525937
7986_1,0.01271480726701963
10555_3,0.23495825112423752
10468_2,0.2820065037925986
5354_10,0.6707816174065595
5760_2,0.07598692706085441
1380_2,0.035814285214426166
12054_9,0.9917130881756036
3794_10,0.4955314777669717
7842_1,0.23589291249812938
2236_7,0.9880561785388796
8449_1,0.0001672986917294736
9993_2,0.04590373466656609
6947_1,0.003263379800406905
11369_10,0.8271130286919401
8186_4,0.4540579132872503
7017_2,0.8847104611217157
725_8,0.7192902319771853
9298_8,0.5999217872465974
1695_7,0.9881224062365803
7762_1,0.08141744442816062
3466_10,0.8943828389678611
1794_4,0.045681835522262126
3804_10,0.7206999199657294
7642_3,0.21487144498696034
9538_10,0.23878292177534077
10107_2,0.000951777507875854
4755_8,0.9796506450858735
9679_1,0.00013351242669689745
11300_1,0.0051465168463534884
8747_3,0.26677614863440346
4145_1,0.01067095456745842
8066_7,0.881170632094343
6306_10,0.8848271155562353
6021_10,0.9990758285630729
4860_10,0.9693242316829337
4608_2,0.027949413005698052
2380_1,0.025913190594067374
9709_8,0.9527620025907346
8057_4,0.18647219335756074
8624_1,0.0002850069442217201
6117_10,0.9999404818126301
3641_9,0.8343925939692527
8710_3,0.2909316936436551
9158_10,0.9606073519127449
1129_2,0.16717926060830648
8320_4,0.1643528135920266
10219_4,0.05251269520863186
6625_1,0.008241275727137575
1988_1,0.19357853962702692
5032_1,0.004826909316653332
1042_7,0.7604455385037473
1895_4,0.0223103345187187
10057_1,0.1298404745890885
9898_10,0.999933403945042
3809_2,0.007745938925390355
7994_2,0.015051367366451188
2751_4,0.514995359278737
3102_1,0.32124144099618074
12393_7,0.8300122376529228
4521_7,0.4630424343955241
11169_8,0.998962163398952
7227_4,0.9834917520714664
4956_9,0.027368355379979382
7592_9,0.7722837731288085
656_7,0.8710317091602943
11534_3,0.03304213197385486
774_8,0.999253516289557
7756_1,0.012102858421068926
2720_8,0.9933986154602992
11227_10,0.9394496139228161
10462_3,0.19670252230465118
4041_10,0.8809228594363405
7327_1,5.008176508789243e-05
4056_8,0.9970319946498118
11684_10,0.9964003306926811
5544_8,0.9632585958187478
3799_8,0.8922171392690441
3593_10,0.9903841790775233
4602_4,0.5828233136099112
2123_2,0.0020661290239869343
9773_10,0.9987095706441779
10956_4,0.01056105425952942
5139_3,0.17571566624373272
8804_10,0.9994339087294761
1784_2,0.12875281563966148
11022_1,0.039254126397297195
9366_1,7.064462083471617e-06
12113_7,0.694028120953544
2375_7,0.5765192296118073
3911_10,0.9991193843986741
10834_2,6.0333098864433485e-05
9319_1,0.02147081765363994
3923_3,0.14157072053840955
4630_10,0.9756351583745362
2625_10,0.9891632895806096
10159_7,0.9795319346253668
2339_1,0.06748694518027468
8577_3,0.40623250119697407
4062_7,0.9966999446250735
6677_2,0.01653614212053617
7818_8,0.8891122365258266
4939_2,0.5075910773171872
6937_4,0.1320502573907775
1286_1,0.008378815623920814
878_2,0.035239125286918055
2357_7,0.9519101551084076
3397_3,0.9726757597993246
11214_10,0.9819277259245223
8045_1,0.02980837138888435
2943_1,0.11166518261878419
1518_10,0.33560869212710737
2792_9,0.9835361863874131
6437_7,0.8527712793399502
8734_7,0.944404377992336
6165_2,0.06803274625481426
11956_2,0.020377838004036853
7021_1,0.5046182514199865
3369_1,0.899548646898337
5829_2,0.038945767850374194
11742_9,0.9991831566533738
11370_1,0.014302503862772391
1502_1,0.03351628422140626
9933_1,0.12244707434018717
4619_10,0.9799340801521955
6842_1,0.856775168996324
2770_10,0.473033994190294
2343_4,0.020274849460998647
3071_8,0.9849656791596485
3046_8,0.6359572368223081
8354_4,0.17585504549963507
5632_10,0.9883082285556335
3901_4,0.48516124168256125
6950_10,0.9995891048794333
2431_9,0.7767113345485407
10614_9,0.9990929955679932
41_4,0.05234972217824811
5039_3,0.0854299457463942
2827_1,0.1088731407795669
2860_8,0.37370674750941185
6868_9,0.9394199009549782
4597_3,0.2395103998280223
8795_10,0.9937737595686622
11941_7,0.8458602582581641
12442_1,0.017443050925931892
9736_7,0.886505412878517
1102_9,0.9189937582511635
4291_7,0.971941886301414
4523_1,0.00038217549378348394
5349_1,0.1732452589189346
3363_7,0.9187656993718565
11393_3,0.26077622032990483
1647_1,0.3018872747884886
6143_4,0.25975681530922023
1863_1,0.002619894797220164
10099_9,0.5188311684568514
4163_8,0.8147750944451596
9357_8,0.9977214326571613
10941_10,0.7549780731018969
6883_10,0.991621120517967
11090_4,0.8468253069839048
3480_1,0.0021350249716383567
10795_1,0.6247627312482485
5865_1,0.0017299770125059038
2484_8,0.5927792932454622
3023_4,0.046361561468182294
2818_2,0.0014355519840396258
719_7,0.9025687405363841
5297_4,0.41248683955064225
12194_10,0.972931790820412
2929_8,0.7498266108523665
7911_2,0.0007344379869668202
10619_9,0.8388224623534698
5192_9,0.8134586819478259
2170_1,0.34274499048756907
4659_10,0.16891113183272624
8536_7,0.9888985384866327
11119_1,0.0364438185647149
7887_3,0.7334734805554374
11742_1,0.6238178573394335
5867_7,0.48076622433775223
7538_7,0.5082955174884088
1834_9,0.9825386607321194
6499_8,0.0030198979820648467
2073_10,0.8354554316422372
3881_10,0.9984262172700887
802_7,0.5445254472870045
1733_1,0.0074703552967965246
11527_1,0.07838042124099574
4316_2,0.0054302953952268
9812_1,0.16774245818169442
8911_10,0.6780886164900284
7687_10,0.9774269734894334
4240_10,0.9845542028070434
1778_1,0.0007237344364094114
11822_1,0.007151268966518064
7820_1,1.1737154034914569e-05
235_4,0.010467348813352578
8373_7,0.7365641567037782
92_1,0.0018111234825376268
716_10,0.44946677046170663
4028_7,0.9879292450107451
5533_7,0.9892469832687367
2605_9,0.9722286204285631
6665_1,0.008864969163953244
178_10,0.9991827681708325
9886_2,0.32270256570162525
11779_10,0.4632800410056455
5124_4,0.22142542818936145
1956_2,0.6143823396451047
2933_1,0.03893408102191671
8737_1,0.023579944404994998
8755_9,0.9848086966555596
5032_8,0.9987658058419293
9246_10,0.9960439502474583
9610_1,0.05588246133135836
7011_2,0.1102177158394835
1602_1,0.01862664417718002
3367_1,1.3377957877508466e-06
2756_8,0.7909112203120349
12042_9,0.9993191212911747
2641_3,0.003216583413309538
9202_10,0.9941249575784087
1953_2,0.41808955909628365
5303_1,0.0002759594113567741
975_7,0.944850283552951
2447_4,0.1259218062909861
294_8,0.7187492396660173
11643_7,0.8409936264004517
8743_1,0.00040568440583741577
2661_4,0.21378448917073092
8638_10,0.8770074360590694
4793_10,0.6829759438642538
7461_8,0.6450308616338545
830_4,0.07878312410526594
5770_7,0.2895677929710873
1989_1,0.08048214326407731
5514_3,3.5228758848517636e-05
5842_3,0.0019359457730391018
11813_1,0.09079690626466153
7811_10,0.7735919240602466
7707_4,0.10496253136058767
1205_10,0.9949734510359511
10326_10,0.7110901659220974
4881_9,0.8532890427502526
8244_10,0.999004999321758
7647_1,0.016291995429217148
4376_10,0.9462359492643312
6744_2,0.39857646872601926
6769_7,0.9763681387349715
494_10,0.8745754238185409
6188_4,0.03082342509482667
5859_1,0.001038226162739973
6801_3,0.3134052321197697
10990_8,0.9973064512531468
6057_8,0.7158926994068013
3017_1,0.24126834899504723
7617_1,0.2228771366077526
8340_7,0.9037191937317709
746_7,0.2350497355030037
9290_10,0.23206790822604798
1525_10,0.7676785498280011
11044_7,0.8192020423556317
9367_10,0.8744493759844224
5705_10,0.9061724391764926
11375_10,0.9451630477177686
11320_1,0.015617135197001012
754_9,0.3913684893635564
7040_10,0.9464452576582824
10740_4,0.010207540256333646
8839_10,0.8190442299290773
11614_4,0.03747399360297609
10867_9,0.9981762672280765
12406_10,0.8468384954029415
12081_10,0.9953410049294785
8763_10,0.8914101924698982
4103_1,0.02385377825497633
5600_1,0.07043553841031741
5345_2,2.0202190645222272e-07
10679_8,0.8589762985856355
11709_1,0.052656764427191895
6872_4,0.010609519991135675
9096_3,0.9574684548793342
3417_9,0.7800419696969139
5154_3,0.5120144410691531
6071_10,0.9185529148461673
5685_9,0.8864539563865526
7937_10,0.99904215389894
3628_1,4.580760429847934e-06
7374_2,0.03988637376802989
1862_8,0.6683114214917806
6602_1,0.005216280228754804
1401_10,0.91093287523957
12157_3,0.617539762970545
5636_8,0.9780904115129105
2049_10,0.9978370408231972
9402_8,0.7546858716473749
12455_10,0.998874508250741
11062_2,0.0005857247530470075
9163_10,0.8664590882602096
2879_7,0.6658901191076734
2840_9,0.86124612278729
9893_8,0.9639080899322321
11857_1,0.07217942856355121
7776_10,0.9971284246062547
10365_7,0.8391522492930883
6186_7,0.9298294765282117
7071_1,0.001272519879778065
5132_1,0.001805501852846949
8971_4,0.6815147259873611
3415_1,0.07929104004490173
3622_1,0.0009630710563044745
7446_10,0.8611938027257815
4644_9,0.7356506953516538
3923_10,0.6695060590395245
3503_8,0.7327235073316192
8685_7,0.4838911702918813
1683_2,0.004696251995952799
3417_4,0.9580230664446795
10443_3,0.04318012471366698
4620_3,0.9674199197625369
5658_1,0.30740923712954665
4185_1,0.019294120569478178
3727_10,0.9242330838331924
5334_1,0.006435188908232346
7113_7,0.02829594562329934
8713_1,0.0025405832846102415
2865_7,0.5046147534272526
2956_4,0.016365433770100263
2455_8,0.9850056993937102
97_7,0.7163695528181123
6789_10,0.9985064444815657
8639_8,0.925558027910908
1563_8,0.9766529377123733
3169_9,0.927249487526094
7627_10,0.6758683924227444
1649_10,0.9918128739741261
2287_10,0.9976513482381768
9479_1,0.064321944178531
7705_1,0.030487108451072227
10803_2,0.3466703209972925
6076_9,0.9741297478309316
4263_3,0.1906971843949964
4726_10,0.9186908526523834
11738_9,0.9903019705502744
9250_9,0.9973694872960153
2638_1,9.222539211301669e-05
11357_7,0.14042250794663363
12135_3,0.007225292344213137
7296_10,0.7885976496659629
10674_7,0.9379644916867783
7674_9,0.9910863565189911
5575_1,0.0006462685695297975
8120_7,0.9996832263847184
1617_1,0.05318006631992504
7090_3,0.06378022060295369
3793_4,0.4191084742405334
2658_10,0.7339703914888306
9942_3,0.5802623018450821
9520_9,0.7756406463470225
10638_1,0.02201421249100899
9066_10,0.9976233048864356
3408_4,0.0012195016129540447
7526_1,0.18813076612988655
10821_3,0.06436500200362855
5887_10,0.9298505718636192
12470_3,0.18837828669579895
4033_8,0.9359715558497604
1949_10,0.9209460400301728
9859_4,0.5697734058241414
11183_9,0.9997558405221761
8533_4,0.27178561771746934
10236_10,0.4685073394139693
6111_3,0.36773362829348266
5475_8,0.9969172735648593
3342_3,0.023433077265654863
8335_1,0.8450748782774636
4812_9,0.9723597421833051
2306_4,0.05334214959613493
4596_7,0.25120332636604886
10431_2,0.018082963350973053
5077_9,0.8621881500164114
1301_9,0.8821252703309607
8979_9,0.5398926153554533
4226_9,0.9999425769892714
5544_3,0.014156975128436564
7954_2,0.008458081718471296
3935_4,0.9071055890016997
7076_4,0.041601094807674384
10208_10,0.9922501284865244
3737_3,0.07812804930583006
1689_8,0.7173122457896081
6585_9,0.9354082846234096
6096_3,0.3218381256797793
11052_4,0.803670192191946
7783_10,0.9214049765993609
5157_10,0.7234534661294417
5465_10,0.4846261353671079
11361_10,0.9741886998046133
7560_3,0.8079529573811628
9781_4,0.008156763615582395
11681_10,0.9734627643353199
6127_7,0.5009252955104926
1799_9,0.8942229678256551
10849_2,0.003067873621432687
4274_7,0.8855881574674513
15_10,0.9310085005458405
11338_1,0.0037439380535940966
5750_2,0.20517746029789868
9335_8,0.9546349659213706
8359_7,0.21989819946951306
9527_7,0.9899167097241969
1336_1,0.023377572202058536
9893_3,0.3914144217487953
11229_9,0.9955755113910926
5948_9,0.6552823515834897
9733_4,0.02951501931958053
6377_8,0.9752544545335198
1427_10,0.9942925214536585
9023_3,0.0029100641661569623
2151_2,0.012388470410328251
1744_1,0.0029336156008042302
6367_10,0.9924719297875909
9143_8,0.8698910845554965
6176_8,0.9904368488384104
11388_10,0.9722353633404377
1493_10,0.7781973309867746
6615_1,0.00012545570764812219
4654_2,0.006855950568348804
599_9,0.9888266000524882
7256_10,0.9924944028947873
11993_1,0.6566170021822874
992_7,0.9947632275350267
8871_2,0.005667502787292134
11483_1,0.012699395061824844
3322_1,0.16428591347561874
9827_4,0.3699153763333032
8063_3,0.03833284717531972
7397_3,0.1448991727799561
3040_4,0.06834005720152918
11682_2,0.01533587897403362
8738_10,0.9405007938984182
9905_4,0.04949567903073022
6437_1,0.45488961372469255
4319_9,0.9651507463480932
5353_4,0.25722552259466386
12207_9,0.746610531166628
6166_7,0.9886252215728026
12243_4,0.6826573309455305
1219_1,0.0018804437287425326
10292_10,0.9709523924263421
10132_10,0.938985888601818
6898_10,0.89826398901724
8469_8,0.4505033964329602
10393_1,0.17573800310160909
7509_1,0.05808299872216112
9468_9,0.9758246173499007
9002_1,0.006564310314901782
891_9,0.6680771306355427
5156_4,0.736722458481322
2321_1,0.001124293611632017
11859_8,0.5561394985671684
12262_7,0.7527659185537419
6198_4,0.8931049194786767
5699_1,0.10033676867304919
4252_10,0.54927846714449
10618_10,0.9450635834139828
3226_10,0.9998533279695715
7227_7,0.9926734819724784
11047_7,0.9453788835039878
9569_7,0.8364898936505151
8933_4,0.5328657892411638
4513_8,0.8308233227302949
1271_9,0.9767173830977892
6327_2,0.1757772372456845
10012_9,0.3145077104803373
10090_3,0.0679281263363504
8564_1,0.0012991620012809922
10905_8,0.9985003589020266
6828_2,0.07303481151404054
1730_1,0.030239456331793344
3404_3,0.36018893155847953
12428_1,0.011629866853777628
5180_1,0.2818231691510496
10554_9,0.7780823718023762
527_2,0.905866817249041
10296_8,0.9895485413281127
543_4,0.14157464827719907
10235_3,0.4688370003174502
3743_4,0.3887916916123159
8792_3,0.11028844202877357
3597_1,0.14371654626758062
12320_1,0.2681960786862819
11672_8,0.989255261679945
7237_4,0.2178562838454499
3726_7,0.2147426683200875
6643_2,0.00873786315249732
2743_10,0.9893785982059751
10184_9,0.9869801618278534
1929_1,0.14194351523952087
666_7,0.5446601969713463
4548_4,0.026934111911629095
4153_4,0.22188799007199025
7356_4,0.6144723136241689
8843_10,0.9581241920967979
7552_8,0.9979026335101692
6494_8,0.99273478335786
3547_7,0.797141119938291
810_1,0.4391484410185952
7672_9,0.8352014273978376
4945_3,0.003979434375965854
12427_8,0.9537112694061568
749_7,0.9754295666180176
10706_10,0.9755100700052023
10969_1,0.013587699585024973
340_9,0.9657820612463908
2154_8,0.9995629004772739
3715_1,0.0103379019780884
2388_10,0.9959527677612741
5905_2,0.07509110266955925
3774_10,0.9716765386601066
3070_1,0.14889713423673406
4789_10,0.9670707136265752
1509_2,0.00020889651667152485
2350_8,0.9392246168825255
11137_1,4.465536553772973e-06
10987_1,5.118077296356376e-06
5815_1,0.30404775775116233
7272_10,0.9983081648535653
4651_10,0.9876267764403018
4184_1,0.007552409752223159
9636_10,0.34377763412974244
8592_10,0.9036781108728232
3068_3,0.2527070137885668
8899_4,0.006155254275590479
10018_1,0.04055662557858325
5821_10,0.9855013307517647
3232_4,0.0659081164014873
10795_10,0.07677985769761815
7461_3,0.01906514835221354
10874_7,0.34616961862974366
9672_10,0.997798675443223
1908_10,0.8367630810744617
4014_9,0.9381481490023489
10488_3,0.020439522034754416
2501_7,0.9995716438479885
12339_3,0.42698694880182597
2698_10,0.9660947732840296
1674_1,0.5564300482443143
10366_8,0.22919958993994427
12059_10,0.984850107795797
8285_4,0.09651734727267237
4120_8,0.8621021640676605
4238_7,0.8911560870500281
10516_1,0.03458851837520651
2478_9,0.39820892591397355
7807_2,0.008221729195222344
10704_1,0.00519076805084144
791_4,0.12036371880585985
2514_4,0.9155312834211061
3095_10,0.9134618755304914
1770_10,0.9996897947886493
11115_2,0.07214532027319329
10797_1,0.6595819707758641
11347_1,0.003365794758118044
7077_10,0.9989402001776838
403_1,0.16878120850563738
5852_7,0.4577349402399022
8451_8,0.8505121815451102
7013_1,0.0017522442389343764
10346_9,0.9999015795383148
3055_7,0.8657198145674473
4687_1,0.047316399285787826
8467_10,0.9913388744665004
11363_10,0.9891214453494043
277_9,0.9997384898754378
1715_2,0.4797848810360491
9249_1,0.00029111395598730843
1895_10,0.8530515695021732
5505_3,0.020066557394490276
1323_9,0.9972221149870435
4200_10,0.7776305106399846
682_4,0.7355556554721688
12020_4,0.08703378052599896
5824_10,0.7091961561224991
4475_10,0.999378344970633
891_1,0.2582907758897924
2713_8,0.9907336331214075
2084_9,0.4651661486677766
1535_3,0.40631454370547954
7862_8,0.9886008113657909
8055_9,0.8781425176895299
6604_7,0.9251054634812489
7714_1,0.05428507679760908
5606_7,0.8396802618522743
7277_10,0.9988470904239592
3197_1,6.457158383388838e-05
406_7,0.4525020264676531
6948_9,0.9803841749147459
4196_8,0.3187428926472955
1723_10,0.9993864618527446
11625_4,0.8111220556832548
1259_1,0.024656395705839374
5283_10,0.9824856992843088
8407_4,0.0672832178620772
5561_8,0.9222274320801079
7653_3,0.23592005525545548
8646_1,0.10882413919871535
8053_8,0.7119491141637709
1879_7,0.3256254144338885
1645_2,0.07914842999125894
12222_7,0.21070077619011998
3966_1,0.08651689398301042
4754_1,0.01075782803885285
8920_9,0.7301365038025717
11920_9,0.9980825697089704
4747_2,0.06490478744196553
2108_8,0.2817016079964423
9017_7,0.7959169196274154
994_7,0.7305158636211451
11155_10,0.8963473087128111
6249_9,0.9160169304187875
5926_9,0.9351034380273291
12486_1,0.8210184951300563
4918_8,0.3824500944834151
1357_9,0.851981903369967
6051_2,0.016186798692837814
4589_10,0.15904465117434527
12401_4,0.058465067897748677
4083_8,0.9532418309427706
10373_10,0.9751396790359129
7467_8,0.8328316341562167
2220_1,0.0001660053923739461
6882_7,0.9404549682195972
10551_10,0.9590251993437013
4043_10,0.9798206036527289
11078_8,0.7638483733757521
4280_9,0.988944287495913
8594_10,0.9996305104656789
10652_9,0.6699758527420789
2206_10,0.9997070734033883
9014_2,0.006919390663289342
10215_4,0.10102891376887005
3549_2,0.005251131739730611
10445_1,0.00035273867020130185
10819_9,0.7676523008276684
10691_1,0.01605826914659276
3855_10,0.9917853875237822
7809_2,0.14304164657702229
3022_7,0.3287308578781882
694_8,0.6664347451862308
13_9,0.9896732873994348
10972_10,0.9488974294840931
9187_1,0.2814870108763072
12354_3,0.8139306809073972
4793_1,0.034804391041964075
10696_1,0.09829056263110506
12446_1,0.000516884628168957
1488_10,0.7313224688110219
904_10,0.22001606973357418
11057_1,0.14466329433382058
2132_8,0.24598435882385733
1406_10,0.9987604253186254
11366_3,0.5036054831251715
9957_4,0.2494893069741905
12096_1,0.00022731491434285523
3827_3,0.018328829471598303
11686_2,0.0017398152539374841
4387_9,0.9999956665506343
9955_9,0.6030363659382914
12103_10,0.9943964121140328
11506_10,0.9972614819987409
793_1,0.35344028468680194
8001_1,2.014775490935244e-05
8823_4,0.629084334332033
1787_7,0.8559624595567642
5484_10,0.9472526500113368
3557_9,0.9837063575145566
615_8,0.7583695603745125
410_2,0.4366184034213796
5800_2,0.036656954022468505
3143_4,0.009595222053745243
11359_2,0.286619266003814
7016_10,0.9942676158115219
3711_2,0.009855698230200046
8580_10,0.38650981718375765
5615_9,0.9863709822008463
9202_2,6.638234064643588e-05
4776_2,0.08989057104803488
8436_10,0.9991294278829256
2097_8,0.8296011148379496
6935_4,0.5503619784091105
2656_1,0.00020529453189804133
11446_7,0.9177809923751875
5392_4,0.22048461057411792
6451_9,0.901041437408758
11054_8,0.8461722034369608
8677_8,0.8806605178283172
8761_3,0.30425359556348897
9297_1,0.001046048005693778
12480_2,0.019682255676359974
11736_9,0.9820471371664626
4156_8,0.9530675039908083
1955_10,0.997159007512013
12350_1,0.66058598526896
5439_1,0.005725376893467871
1342_10,0.9549474681674777
7271_1,0.013364086615670208
1868_4,0.19975444330400813
4497_9,0.5745893075438347
1729_10,0.7197873622790074
4593_8,0.8045180502616095
11296_7,0.7273068021633852
9573_4,0.6093502966247892
11678_2,0.023836193063781617
6790_9,0.9342202279545284
12298_2,2.5745294997794343e-06
9839_3,0.5708140801805341
1348_1,0.23067376324323882
7004_8,0.27481875674381107
10414_10,0.9840965590693511
3826_3,0.04318692747277836
9313_4,0.21186578936056452
10543_3,0.023761003456710263
6909_9,0.9168188370767265
11377_10,0.9990598021211616
2591_9,0.9983214488437281
11355_2,0.006401404473471502
9274_8,0.9757774102587836
4521_4,0.42099348058657543
12208_9,0.8782738234453881
4948_2,0.01161573254574808
3732_1,0.5547026305634217
12096_10,0.9687757381154632
7135_3,0.3216033786176455
10310_8,0.9082801730619398
1959_1,1.3377957877508466e-06
10383_1,0.011980441786479694
106_9,0.935441656003005
7085_7,0.9325028431779263
11070_8,0.9997221456742309
6850_10,0.9776126043271004
12476_4,0.30497792796130785
1917_10,0.9881746323620922
1341_3,0.18717695956023486
4062_1,0.07647985669099693
5594_4,0.3573767795603529
11963_1,0.12436712473216964
2777_9,0.7659165900146202
9871_7,0.4847586614737985
949_8,0.4239798584989541
7436_10,0.9404117231956587
738_10,0.4542588210466347
4893_1,0.02381707851829526
6100_10,0.693983265249049
10219_9,0.08422668402260744
4004_2,0.05368122028898733
5945_10,0.9982191975229092
10183_9,0.9474542093366115
3465_10,0.9637421532100571
4408_1,2.11356833495848e-05
5810_7,0.902704253056363
188_3,0.18208688335631987
7835_1,0.3215862695769692
1648_9,0.6681201752110291
7971_8,0.8950455878716225
11809_1,0.19793946429614864
5352_10,0.18335785162285834
1476_8,0.9997637126233232
602_10,0.9952269519662595
9669_2,0.12292631057762358
93_9,0.9465018379135428
10787_10,0.9542451659817867
10958_8,0.9205128034695872
6608_1,0.005031219700645354
7058_10,0.9909954751935032
4401_10,0.8431239539804468
9315_8,0.6216534670107963
9670_3,0.8378277030031938
10537_3,0.013400398916212326
1033_2,0.06782680568572307
12085_10,0.5660283577725671
9373_7,0.8379113336963663
8302_2,0.0012499097909363633
10138_2,0.007239556136582077
6814_10,0.9924176125831348
9778_1,0.0015185987025869419
5149_7,0.9590474877783364
6191_3,0.8794388369740396
7466_3,0.1774774046584135
10051_2,1.781001521104787e-05
5262_2,0.6051149391316919
2906_1,0.004548086491111478
8625_9,0.06026867984144968
2118_4,0.2155047085567211
11547_3,0.2146498026156802
11384_7,0.9270370921112532
123_10,0.8553424608962014
11115_7,0.6591292237331399
9348_10,0.7851050868172152
568_9,0.8163413694208437
7731_9,0.9859407522580841
6548_8,0.8156610088290395
9235_4,0.7572884911610721
430_10,0.9943206834216725
10790_1,0.006226176445837642
10691_10,0.9480691338386799
2324_9,0.995353729624714
11031_1,0.4240020821525031
5465_4,0.2882691614028483
5545_4,0.6122777167794595
5546_10,0.8592693860532469
9010_2,0.544748156725336
7205_10,0.9954564827540038
7580_10,0.9752161219444636
2052_3,0.06874972723188316
6284_7,0.9718243535394051
12001_3,0.0007871943653526098
3458_9,0.9994402904702915
9013_2,0.21935921772409347
5839_4,0.1715375819039055
10809_10,0.9908962220728799
3077_2,0.04278776773533693
11373_3,0.04055515800795641
7083_9,0.999323777443972
10846_10,0.9223079098181737
11815_10,0.9991745085407914
4730_1,0.5713604557629492
3320_7,0.586620912418997
4782_10,0.8545709312129858
3410_3,0.020788065386406103
5142_10,0.9402482622389233
3947_1,0.27555036195046184
3016_8,0.24985408609221194
12114_4,0.18800835399483035
11039_8,0.9557643534264986
5902_7,0.9814585501457024
5351_8,0.9549456329054116
1654_10,0.9854417217634138
5731_4,0.002799721225036377
10985_9,0.9866139617229683
8724_1,0.005466160418518515
9854_3,0.3190721476954108
2054_1,1.9615541227402323e-05
11385_4,0.13733731096962368
5919_4,0.11597625719427776
9898_1,0.08421441918525731
11874_8,0.3435493590882214
4496_3,0.7517227799534341
5231_1,0.006334049161450264
10070_3,0.6822947336167426
2345_8,0.9696275504446208
9311_10,0.911194713496708
1036_10,0.8409384855514012
6603_4,0.11399015147414002
2138_9,0.9293802963341048
10546_10,0.9744619038966731
3217_10,0.42070663184022505
12188_10,0.9689128803732328
5986_2,0.735128124054068
352_10,0.9938133718103513
8557_3,0.42594837723265033
10453_10,0.9867813162169018
4397_4,0.1724160807782898
673_2,0.32578715439627176
10305_10,0.9991124724463452
11985_1,0.0026836871770983947
3457_1,0.01906280308777321
500_1,0.0016489375933837118
10637_9,0.9278637374054594
8144_10,0.9976159017437786
8485_1,0.0003676739220055126
1632_7,0.2978514842831416
2404_8,0.9943421284881094
11489_10,0.9999107641358405
7590_1,0.03426534705397314
12460_2,0.5234945522402853
11729_10,0.8125545164118761
2796_7,0.8086900806074055
8015_2,0.008023495167009507
8258_4,0.0010914127324092534
2272_3,0.021801498678929727
7178_10,0.9185371226622887
8476_8,0.9775628075169279
3411_4,0.15836885632809877
8319_10,0.9850600470185926
11799_10,0.9875229979798051
8585_4,0.9896806400023958
4640_10,0.992515859635169
12199_1,0.009180678038611587
8380_7,0.804284687437244
8712_10,0.8635568001184906
12482_9,0.972804157388741
4813_1,0.004191578244973118
119_9,0.7972994602313916
7850_10,0.9367179093119689
5536_1,0.02806893273472563
10576_1,0.001792412948380318
2803_1,0.044157119065501196
11788_4,0.0368260322154681
6681_3,0.5672826526241437
2503_10,0.9898814027131652
88_3,0.596499159105524
7389_4,0.4331388441361068
8793_9,0.9602139901042649
4911_7,0.9096374073845859
6495_4,0.11684198836126775
10670_1,0.3065224065028589
2203_10,0.9810342846669616
7588_10,0.6972732576886885
7095_7,0.9826592440494761
6748_8,0.857266827540939
10348_1,0.020770322840996985
2568_8,0.6220381472850001
10292_2,0.28584575957535635
1112_3,0.11233255994750342
5322_7,0.5792299277689443
4291_4,0.03604504282137567
1212_7,0.7021929762666682
7963_10,0.9714747722414109
6156_1,0.27085482471375666
713_1,0.028665854427407714
11606_8,0.9680286707320276
10975_10,0.9894654256447379
4638_10,0.9992018600021706
800_8,0.8856582072361333
1389_3,0.240490240593154
10045_1,0.00048388729198558817
3529_1,0.7458601024908794
1921_2,0.002357306028070304
4824_8,0.4099588684143582
10688_10,0.9560936362896019
84_10,0.9918082506443808
225_3,0.6366618739082122
9756_10,0.94965810748901
7601_8,0.573798075080564
6342_3,0.7785907824752465
7711_1,0.03193353696587457
12133_7,0.9412498349719828
8026_3,0.2733768809375842
4551_10,0.9927326197497702
545_4,0.046504118684485306
343_1,0.24957440932005506
10788_4,0.909886459942582
8711_2,0.1062699290240905
5493_10,0.9986838776084177
9358_1,0.7416975860148934
2185_3,0.007655425733541655
9720_2,0.007332329920628863
4481_8,0.8971971261358288
6528_2,0.05488143446242238
11928_8,0.9177771118520154
6591_7,0.9814627935490455
10876_1,0.1630128619661485
11253_10,0.9370162781080421
2190_3,0.30387542069687506
4281_3,0.004551613242091442
7971_3,0.12656547250239739
11649_2,0.026366793214315353
5199_3,0.12704622633775797
12258_3,0.6871350044028723
5922_8,0.9987397808983609
11136_1,0.0032954373181434704
7941_10,0.5583420154883407
1412_7,0.9989301069046531
11053_3,0.26525101072871765
5586_10,0.9989820632993572
5762_9,0.44807256404397255
8328_3,0.3496346658864075
10354_4,0.39423435688519193
3563_8,0.9532645070779759
8246_2,0.4235215452244066
7740_10,0.8121265818082032
4972_1,0.3092031920749669
832_4,0.931240364980067
11386_10,0.9631804616077433
1273_3,0.09847427787037377
5085_2,0.3868602099160279
11414_4,0.14347035679758302
885_8,0.9457262877789886
3943_10,0.7489521683534974
898_9,0.8462612901908054
8168_10,0.984363545356924
9779_10,0.11620015552770968
830_7,0.906681322970805
77_10,0.9979898681488006
648_8,0.9758475095318273
10629_10,0.8013566867924827
89_10,0.9713993300446523
11955_9,0.8127962535275964
7883_9,0.9511653786915194
243_4,0.15928401127343608
5148_2,0.025356137199591466
1056_3,0.9167601033494481
5206_10,0.9721653564588076
8777_10,0.47425556991965406
2969_2,0.005692728095748808
6729_8,0.9897213840067103
11860_1,0.16323662066219682
6307_4,0.6464405701560154
11589_1,0.04774183462104222
8016_1,0.0008206816383812273
3461_8,0.9910240338619378
8767_1,0.002881216755656256
7692_10,0.5151188965163428
12281_8,0.33820110233882195
7763_1,0.32127571787144543
5301_9,0.9857505347899148
5112_10,0.9589143124815567
10757_10,0.9308100714423782
1066_8,0.9644621359228013
5413_10,0.9866765049830437
2733_3,0.18412343033334216
8534_10,0.9419830023155451
5915_8,0.9051188233920688
10566_3,0.06206241372890329
10900_7,0.9668146373240867
3120_10,0.5480213233556984
4394_1,0.007709266525882882
3090_1,0.0003646386623733905
4379_10,0.9993006981352283
5259_7,0.23722594802437746
10792_8,0.993169571352532
2599_1,0.011618065141465576
1912_2,0.04432345590200098
2517_1,0.8056453654802395
2946_8,0.9933471273911233
3020_8,0.5799670510522646
1850_4,0.22807308925052333
9463_2,0.01903837129526383
1721_10,0.9650169827960302
7952_7,0.9433748231669705
1806_9,0.8975082539319178
11403_9,0.4016726436371662
2013_7,0.8901757336570113
5556_10,0.997891972353735
1746_3,0.031415814789228114
11125_7,0.8760730470534343
9270_4,0.21941020019835994
7343_10,0.9954098729595661
12465_10,0.7954179390331721
8550_9,0.7021126686144691
6213_8,0.5620181181620721
10861_10,0.9813601698396566
4109_7,0.8580024607454776
8652_1,7.92331120161177e-05
11546_1,0.003499879916315482
9133_7,0.5681350876073591
5964_3,0.0012519012476591362
1575_1,0.3989744148922683
1337_4,0.9430951128498136
7610_1,0.004497673610221291
49_10,0.9994750664007558
6505_2,0.003821937462154664
7177_10,0.5813291197221379
5947_7,0.8016844519944227
1723_3,0.003253447069765364
9055_7,0.5570575430640002
7972_1,0.017213002499011143
5340_8,0.24485842364746693
6938_8,0.012795454257700036
12400_8,0.8809407645291103
552_9,0.510779328446759
11844_9,0.9795010314426288
1080_1,0.040440612236213765
3078_10,0.999661122910728
8713_9,0.5262741339241427
7300_1,0.015629908075953547
12464_1,7.620747548462298e-07
3812_10,0.3795163499821835
3313_4,0.7972748111470453
6880_4,0.11550109318319941
5478_9,0.9432545368493053
10951_7,0.6964390930813247
3327_8,0.9809965683341515
6332_10,0.9841032227040186
4385_8,0.9127676295424916
2387_10,0.9942091969655973
5756_3,0.2789338633105405
4020_7,0.8646110376747426
6190_8,0.9906047871880374
517_8,0.8450913378253656
9018_3,0.5421493328448586
9449_10,0.9920137124183847
10715_3,0.010621162546637928
8195_8,0.7265674673668032
9605_10,0.9480280293923765
4309_9,0.9580868719642958
1783_4,0.4818607098632483
1658_10,0.9146480673825897
1403_7,0.9205521157365049
4268_1,0.004020882298418451
4822_1,0.0341393534013925
717_4,0.017017488821701475
7768_10,0.970798953461392
7803_2,0.004653729292288004
7190_8,0.49357257675391714
11035_1,0.0004914617857222024
6288_10,0.6809785513234569
10690_1,0.0024832632856242208
714_10,0.9984628198335824
9210_10,0.39924481851362165
12462_1,0.00013940776219093122
9325_1,0.0063316822351321194
8370_8,0.9993362521462902
10583_1,0.20209154711799873
4016_10,0.9992368579710212
6465_4,0.8161584363806291
1512_9,0.865959446573341
4769_8,0.9995298393537041
11160_7,0.6872981270834589
2175_1,5.556406167954755e-06
12261_7,0.9695967890959185
685_8,0.788330096559259
9208_10,0.4014857942390521
6296_1,0.024403580667544254
8210_4,0.09366278809070933
11237_4,0.031231544127633456
8139_10,0.9959528069853782
6996_3,0.3985099756002383
5168_1,0.08375816171754466
5528_3,0.10175551750592969
6635_1,0.2534328047030337
1670_8,0.9535650902531193
7099_4,0.8528389000725325
2239_1,0.91762883909378
7313_4,0.1756617803984671
3304_2,0.17522540959569752
10505_1,0.0021284358725240085
9681_10,0.9964281051434782
7569_4,0.44644939722722604
9926_4,0.04200070515457542
8339_8,0.9988863889572022
8553_10,0.9688414551092762
387_1,0.33620626510827656
4715_9,0.3133378453754073
11447_1,0.22155753790508825
7425_1,0.3140525111451362
10514_1,0.038313961510183285
6979_10,0.7093637149053232
3104_1,0.0003440741598740169
6833_4,0.7372779008402714
5931_3,0.02837799115236693
12103_2,0.0009868568601906333
9413_1,0.009167774067976952
2730_7,0.4378422906561957
7293_10,0.9690318706598392
8479_9,0.9936806942166386
9099_7,0.8992431991928101
2061_4,0.506776885019305
4680_7,0.5389310484240694
4067_1,0.09728399735797366
4663_2,0.021444121685457045
3069_1,0.008206299963199649
8739_7,0.9839049037830959
8279_2,0.6517536863948667
11078_1,0.04242627533639935
7917_1,0.12948229549752632
7636_8,0.9386460849764794
5071_8,0.44579786370585106
1720_10,0.9720406497529692
885_3,0.33803598685784453
734_1,0.005203602719811508
6309_9,0.9914202141888372
4346_3,0.11531723162050829
4087_10,0.9982696995522323
678_1,0.0013067908572113077
8348_8,0.8516673514811386
3572_2,0.054388066451220345
10285_1,0.7150838117412391
11126_4,0.21287068973599974
8071_2,0.617781329265708
8150_10,0.998012073940589
4652_4,0.17933136911074277
3674_8,0.9861267542543322
1046_9,0.9676067573033966
1986_8,0.9245689888786284
2516_1,0.9298323651724205
11758_1,6.720836036928716e-05
4747_8,0.9552933816420875
10426_4,0.03636462537207868
4331_1,0.0030472453644101237
9146_3,0.3305815833817965
312_10,0.9408696113107343
4160_9,0.9970920052232786
5277_3,0.0045478017105953
4896_7,0.7750998634296037
4327_9,0.6706127073988412
4136_3,0.3218381256797793
2324_2,0.5046348612341456
10407_10,0.8989831539286947
5081_10,0.9895549205737917
2892_2,0.21618958271314445
367_3,0.10443703764903971
6523_3,0.0038581816412666106
9037_7,0.41770389050151696
8790_1,0.00026788352359836904
1839_8,0.8525227719220717
4149_3,0.034104620888114084
7950_3,0.0004569443739079308
1686_2,0.05780202414788377
7855_1,0.0009893970935761214
2844_10,0.9927747393060847
4006_1,0.18547911260437816
1077_10,0.9541699409638092
9294_3,0.7186768785528079
8866_1,0.024834214667451893
8414_3,0.49039358528099175
11736_3,0.04962377281735611
11683_9,0.7652050965801256
6399_10,0.9197516247958432
4876_2,0.013428955854423861
8818_10,0.9834458428178541
8874_3,0.4761810280364951
2595_7,0.9763199542781951
9287_1,0.49109442283098553
11446_3,0.1448250585388205
10016_3,0.3316073584818811
10381_8,0.9024155057713906
2222_1,0.8077750980677694
10875_7,0.3514834139924956
5708_8,0.9305454451556356
2727_9,0.5393267969536059
823_1,0.03366184867345947
3616_2,0.06725147467132485
10522_1,0.003109975018445463
5340_3,0.2841205047339132
4218_9,0.9950985295027908
6551_4,0.4160522654261929
4506_7,0.4671360056451691
487_3,0.018406391484788533
3215_2,0.02393714149313656
3884_10,0.9997310388116476
8163_1,0.10074827494264997
4878_9,0.6258976721249844
10428_10,0.9169554156716339
6394_10,0.9961889623647856
5318_2,0.07367105873063041
4829_3,0.5797354518342677
9175_8,0.9691711447422336
10213_7,0.10295342578537013
1484_10,0.9980591777007272
9646_10,0.9603711055529676
755_1,0.818725284663353
4988_1,0.0038554862946444364
10640_3,0.2699849785674151
2780_4,0.00367887215194672
5867_2,0.08429167114192383
9212_10,0.9964862804250195
8554_4,0.17310896076165572
4703_3,0.41722903058998606
8779_8,0.9777630156182818
953_10,0.34004870873501963
10349_8,0.995449145826442
3280_10,0.9375804579580252
3646_8,0.999945862116543
6054_1,0.002723443818771013
4894_3,0.40819690201064734
11235_10,0.8165334345307426
513_8,0.9986363780662831
4166_1,0.029702969026334597
742_8,0.0561862253621456
7671_10,0.9689710571752305
2835_4,0.2805388480298367
8556_10,0.9752379220678626
4764_7,0.7160559298775581
1626_3,0.003050260595387345
6883_4,0.06842120623550439
1014_4,0.12673304832840465
9419_10,0.8123440819256614
7918_8,0.346058730089453
8912_2,0.12446197573637573
7996_3,0.4191525302277138
5045_2,0.06810405895698292
9612_2,0.27339589571668177
1658_2,0.09630737938646167
4373_2,0.004296634369122437
11771_7,0.18675272580845073
5458_4,0.2826934342970167
10492_1,0.00012940641096716025
5551_8,0.45889409060817354
811_1,0.07632372322346419
12209_9,0.6604962547800604
1514_1,0.003955475884236525
6684_9,0.9966441280910797
4604_7,0.8847172274926567
3350_1,0.008144296716250077
3336_7,0.9724749595328823
9645_4,0.12532630342426154
1664_9,0.9403345940328972
5109_8,0.9155280752014668
9294_8,0.9349941749004562
7439_3,0.0015576512624590514
9098_10,0.840129189941389
10353_2,0.017227769618048127
2356_4,0.739372929422729
884_1,0.22528598672373043
704_2,0.00016656529362210108
9429_4,0.5121181753331758
11563_1,1.6870950542136226e-05
10345_7,0.9897855197320159
12301_4,0.7806847972585677
1021_7,0.1595292138731191
6353_1,0.02307089082286426
2608_7,0.992573700992469
10508_1,0.16973766500142357
263_1,0.0026357905893151976
10127_10,0.9090323988633288
11517_4,0.3634196361978493
4758_4,0.39026776219102155
2210_4,0.15702993938079976
12396_1,0.0005120949488622358
9405_7,0.8676857382076067
5945_2,0.36974015047411973
1931_3,0.11771707245431903
3972_9,0.8555605601734194
7949_3,0.3695636713246592
1958_10,0.9945500023296001
5834_7,0.9068813575040233
11040_1,0.007223326374667353
9453_1,0.04984225937339545
5841_10,0.9294059283266024
1144_10,0.9963689629261625
5678_2,0.45463826673438296
11361_3,0.0013408512684363277
5999_1,0.00021209518733946475
11810_4,0.8303024853522817
10502_1,0.025883096843624432
11821_10,0.9337800745724582
8270_10,0.8680084823821147
4627_4,0.7941141789157915
5588_2,0.06918800948433093
4877_1,0.011079603137963015
2289_8,0.9628797597851612
2582_10,0.919337425072417
8749_1,0.5195703145829365
1653_1,0.011093237206201333
7060_3,0.6361331971619054
4299_1,0.016272298241147166
7198_10,0.8563473066362592
5597_9,0.6871657260009074
11592_10,0.9971794862440754
1516_1,0.055386327980041054
1428_10,0.9364055086727573
9349_7,0.21913364494701698
4182_10,0.9460850491772959
522_10,0.9334430403203975
1942_9,0.9993860081037594
2570_8,0.9260297315883971
1188_2,0.16619638641699425
7454_10,0.9998060332776512
6859_8,0.892190165466174
4278_9,0.992848225156422
3538_8,0.13630774649668748
6499_1,0.048490840221415345
7715_1,0.010174146772915895
5847_1,0.07653614027214867
2109_10,0.987790842813424
7570_2,0.3645313781094976
3725_1,0.0015350311911442927
8736_2,0.567423328887846
2007_10,0.9977488266379959
9738_10,0.8742953707726295
2763_7,0.8765658366773448
9081_2,0.6294735764152156
6647_10,0.985025016254378
11207_1,0.07278432968855363
5182_3,0.0013435981340260443
2171_10,0.8762014407030793
9091_1,0.9484640955608064
3970_3,0.0007629864687238045
7432_9,0.9039530430000374
2169_2,0.0005882289278035727
720_1,0.028176402052148535
866_2,4.966516988714932e-06
567_3,0.9056521693983008
11812_8,0.9436613833044767
11195_9,0.8271705883421386
5877_10,0.9994098128651603
5526_9,0.8695390221543184
792_8,0.811710151422382
8673_9,0.9924347264280258
5163_1,0.06317876212673572
4722_8,0.9837242110607887
11423_8,0.8280155040035899
3239_8,0.8112681984453897
2235_4,0.9212811063305876
5799_3,0.011985223174948852
8592_2,0.10508940850274638
5229_10,0.3849967583778782
9285_10,0.997602039266343
6092_1,0.5014449583482782
8940_10,0.6492725290890818
12220_8,0.1086267969995034
4417_10,0.99868839492086
10462_10,0.7785729683110612
3241_9,0.6976066166754011
8744_10,0.999479474608286
1016_3,0.12612180988156324
7382_10,0.9679018197544854
8458_8,0.1667020642646351
629_4,0.5655866233226021
1971_3,0.2657936057081902
4471_4,0.3939214754039474
7890_2,0.008555536805692397
10164_4,0.437721868104246
2176_8,0.6671789596355319
2500_2,0.30700435925757613
1155_2,0.02853997511192697
7102_8,0.465551105518711
3618_10,0.987944062806561
4940_3,0.012547471243264139
10263_3,0.08228723401532395
12495_10,0.5896539457083673
7170_9,0.9544930165228479
7322_3,0.9863176986458765
2938_10,0.3582625435986521
8128_8,0.9744299729586127
4900_1,0.3090236701522671
5672_7,0.31159203365518917
3387_10,0.9943985919543867
806_1,0.3861946733658445
7385_2,3.7155053221750153e-05
3043_4,0.0008911234914481236
6845_10,0.9677390992363374
979_3,0.24896397322736522
6853_3,0.17109631530915712
4871_4,0.24076128713408204
12172_8,0.527674988332031
4105_2,0.0372776478291389
3171_4,0.5269717556251265
8686_10,0.9226244694099579
10187_1,0.003534822829418763
5305_7,0.93134556248106
1728_10,0.8695404019248071
11284_4,0.44632721813401993
443_2,0.21240380082118243
8542_9,0.9847127797598495
7634_2,0.4236800101388064
2598_1,0.4068469137292572
124_2,0.19329554699680404
10145_8,0.9596562679815486
63_1,1.282378269283914e-06
5522_3,0.8023357887617854
1264_9,0.9491653432612156
12181_10,0.9438716025464314
6508_1,0.06937820121417983
2146_3,0.17129988271340785
5449_4,0.05448804287216205
2660_9,0.9726748389389184
6594_4,0.04383141983100638
6285_8,0.8870138334864256
12200_10,0.5132601432617802
6710_1,0.7127450954628559
10399_10,0.7820068802040666
6703_1,0.0045226009028191206
5795_8,0.9395002655674819
3427_4,0.004000968440596734
11306_10,0.9868726740227226
6641_3,0.00799917148624794
9364_9,0.795459628793772
6963_8,0.039840645242617385
6896_10,0.8729696933493613
10154_10,0.923777729132278
4690_10,0.9893662944683507
8125_8,0.9638655734847295
4978_1,0.2399829362737689
4999_3,0.0008124917376835038
8921_8,0.49259627831118336
6089_3,0.16841879707636626
12279_9,0.9165497525063224
1209_7,0.9959606006192572
2083_7,0.9478357964047366
10162_10,0.9480474677652503
1266_4,0.361770373997888
10892_8,0.9378122306913533
4864_4,0.13284217005054022
10743_7,0.9321233708743972
6427_1,0.0005072173629050956
8633_1,0.03543394542523712
6158_10,0.8748780387450231
4952_3,0.0011432752017486298
7508_10,0.8828261656724316
637_9,0.8068403164474973
6734_2,0.866547867436251
10685_1,0.04065540076868093
6269_4,0.25062222725717503
9073_8,0.5548977746292365
9551_2,0.00021792963945664568
5499_2,0.0274424170750458
3573_4,0.07546957631180833
12089_1,0.06291649884662265
3962_1,0.16852547036693633
2169_7,0.7667578615902004
959_8,0.4678377605378599
10514_9,0.17043131601724823
4430_7,0.7962891060183932
10802_1,0.7762480455170411
280_10,0.8763741448933007
8041_3,0.4075913368899603
9040_9,0.9750534788541401
10653_1,0.3036367524088487
10783_7,0.9449856930391652
4711_1,3.556879918856111e-05
1523_4,0.6783002436590319
3903_1,0.0006426400887527833
4216_8,0.7448369721592778
10108_1,0.11769644378886444
4098_4,0.02476802600196551
9433_7,0.705685117636787
11013_10,0.983104371136535
3968_10,0.4624122202640083
7916_3,0.04867839981204287
5859_9,0.7698960257662972
11194_7,0.7836662929189371
9376_3,0.019807586789846607
1808_4,0.05909531777435238
12029_3,0.3138952302444021
5854_4,0.06707151463540446
6573_9,0.977777409651335
6747_8,0.9608054606535192
4366_1,0.17652087367077907
5868_7,0.7999271569754867
7712_3,0.07169031400208532
11617_1,0.00014354065932670345
5362_10,0.7716705859106104
1950_1,0.012946022179624853
9724_1,0.06128944096239417
7537_8,0.93977935793288
6950_1,0.012574018073250209
6035_8,0.9960326493227356
11191_4,0.6769532001133404
4759_9,0.9994634494303845
1228_7,0.3683837114291851
10380_1,0.25116314370933246
271_7,0.8120577916640975
7826_9,0.8381891584422952
4336_2,0.5896019210388989
4209_2,0.2836187297942014
4898_7,0.46708496443026293
2987_1,1.527155110069402e-05
9976_4,0.2210992163691551
7521_10,0.9120712333019508
5680_2,0.05086858001423091
4310_10,0.9796473402872456
4484_10,0.6290434065000224
5748_9,0.9855631962654345
6798_3,0.1473244256701511
9598_10,0.9936292197594347
4834_2,0.042702447672334165
2505_10,0.9992183634402707
1984_8,0.6829439651199769
476_1,0.6373640391944205
11578_1,0.06879064118704813
2223_3,0.36931161456672496
8215_3,0.4082357511726313
3108_1,0.026051596284903476
4371_1,0.0006154857536310313
12399_4,0.10889400831445119
4913_1,0.0006150888222405734
8431_8,0.6514792302999457
3445_10,0.9814378395584884
8268_10,0.9252219684936289
4271_10,0.9736547840791446
2136_3,0.030176291117384426
2479_1,0.1346714857953856
11798_2,0.04462310850584778
2893_10,0.9979202856718131
7754_3,0.18216665808975363
7568_10,0.9242090215224082
6221_8,0.9987187884524882
1687_10,0.9743221842072624
4744_1,0.0001972638036073121
3730_10,0.9692527562840997
7543_10,0.9755047980475599
4449_1,0.002007689278614311
2802_8,0.8858844251411109
2834_2,0.0009740865982566396
11243_2,0.39933275725676504
6638_10,0.8576899988974691
3299_1,0.030426703416054524
1378_10,0.5980924512749253
1867_9,0.9503857806593007
3371_1,0.0037964958191451267
1340_10,0.8890499074275101
1810_10,0.8428731035402821
11773_10,0.23346120843942703
2111_1,0.10156252607844682
2234_4,0.7602878240720868
4958_7,0.949906833190121
3514_1,0.02191029040942054
8488_9,0.9666010649515352
1650_4,0.011489568536589037
6538_3,0.14504681098244887
9930_9,0.9976337846656619
10594_1,0.0055879291404301295
6248_8,0.6556827562590385
1384_9,0.9182001272765626
11526_3,0.2054125114572308
9847_10,0.9983715994695719
8994_1,0.0060085070708363175
11595_1,0.049831352768405175
9840_7,0.8468473675429464
1027_9,0.9758781562439683
11691_2,0.004620891487108124
1154_10,0.6764009455255623
4599_4,0.017061170370231093
2126_1,0.0008960207449967167
10719_3,0.03400210342179589
11925_2,0.07315482189972056
1938_2,0.009253595817238093
7233_7,0.7812438731991201
1747_8,0.9808085570707126
4994_8,0.928212990397276
10696_10,0.736767246391883
7348_10,0.997647761377212
9121_8,0.7682818782791617
902_10,0.7297688942624724
8046_1,4.400816003212049e-05
3604_7,0.19286087926549653
4886_8,0.9307429271428966
2821_10,0.9997705036923467
10180_8,0.6053672240289842
11376_10,0.9950828925346544
11195_2,0.011309629595859162
5625_9,0.999705539457883
9284_9,0.997629889661381
6747_1,0.141192989394013
3910_9,0.1738866535496115
11412_7,0.9853894741048602
2456_10,0.980405581886472
6105_10,0.9995142834186981
5732_10,0.4120489742645818
1960_9,0.6742334530014831
6363_7,0.9218855619141548
9596_10,0.9748655786682617
8605_3,0.03304074317237126
174_2,0.004089974013967212
8251_1,0.04969261816769273
8567_10,0.6701646798300019
7007_3,0.005483879905120696
2418_8,0.9936381188824359
12030_8,0.8467171264778156
7626_7,0.9441880473205334
6070_3,0.07780013664412168
802_1,9.740277314674053e-05
10801_10,0.8488505161922673
8559_1,0.031590970706414215
2495_2,0.19397288666115184
10777_9,0.9975691828565285
2958_7,0.774952855290393
3701_10,0.7687223303377604
2754_9,0.6591624892955377
1210_1,0.1412054382858772
7830_10,0.9935088763806886
4523_9,0.9645182230599336
12408_4,0.27056450946756416
5748_1,0.006284047875250348
3982_2,0.011384369466206917
9658_8,0.9977444140381192
73_10,0.9526468000319006
3952_1,0.16740722424342394
4064_8,0.9170150897729126
9835_4,0.3497642825132574
12463_1,0.0025676463862388515
905_10,0.9986950983555484
5634_8,0.9978827644995363
800_3,0.0758753708757297
11576_10,0.9978213133924875
8546_4,0.1356078413548946
8456_1,0.04271478242799859
163_1,0.1144730344905978
7616_3,0.006332712278045251
17_3,0.42775858170469017
620_2,0.02285271724242292
4250_4,0.1723338622780577
4403_1,0.0002192387002806783
7107_3,0.1580350595227476
9691_9,0.9726771763554375
4069_8,0.9829242238570093
3747_7,0.9758171214613554
7930_10,0.9968289544870238
1088_3,0.2645348202446015
3683_1,0.18518432064353377
11138_1,0.046771320454715326
1825_10,0.9141391622125924
9888_3,0.0026100628870948978
8079_10,0.5932614923938163
1508_2,0.0015883598503594106
2471_4,0.05217213618545299
5238_7,0.610572752889918
4947_9,0.9571049509751179
1791_10,0.39673004767284004
5824_4,0.02305875025210956
10408_2,0.08815063587930794
6053_8,0.9156445077677557
6811_4,0.007563719954493465
6398_4,0.12363849401990089
137_7,0.371186709890242
3920_9,0.4759848262927109
8179_2,0.7704563403168257
10602_8,0.19948851618863292
10509_8,0.9103340132078857
7346_3,0.12291536430932071
2663_1,0.04976629084936299
1342_2,0.21715489743005253
5714_4,5.266419216446534e-06
9669_10,0.9352713981580875
6038_3,0.11459082708956328
11957_10,0.9099026414161528
750_2,0.019818932604598334
12386_10,0.1149257816294041
7178_1,0.026899281843831637
8070_8,0.948452160296558
8993_1,0.006494609124275697
1178_4,0.11134334502601849
10457_8,0.9960209775581791
5287_1,0.013007145439959476
3098_8,0.8167546209592812
3505_8,0.988138130964115
10271_1,0.8723582674995733
4354_3,0.019704918835382276
4817_1,0.003944482322390484
11313_1,0.16363018433412246
9023_10,0.715861346247436
8404_1,7.524691136282306e-05
11847_1,0.004183636203738353
5374_9,0.996433291202541
1009_8,0.9976505749433253
4197_1,0.0031479476934570512
10803_9,0.41691376709063915
6609_9,0.9034492761533501
519_1,0.004195722845066531
7675_3,0.18475590755873594
10204_10,0.901564675707394
10565_1,0.002481031375827553
1641_1,0.017506688459455293
11170_10,0.9988198782398139
451_2,0.03505582505578993
4526_7,0.7814471941433452
5639_9,0.8788785729562654
5642_1,0.06620917128192454
9159_3,0.9635182599080572
11173_10,0.9358186182378393
10772_10,0.9197679094500267
11172_10,0.9103992037155513
10213_4,0.17477892727928465
11256_9,0.9835874591983327
5863_1,0.0037153328605573723
5125_1,0.6587093625038484
5624_10,0.7407318711108678
10355_10,0.5006954671340611
6623_1,0.0008480400167323583
3674_1,0.06932176026224265
540_8,0.6110489865236787
5202_10,0.7437800128290922
9644_10,0.9727901344017222
4780_1,0.17310597506118405
2002_9,0.17542076949315136
7228_10,0.9851092933057957
4036_2,0.00028277966960368677
9925_9,0.9025568846218156
1137_10,0.989962334425353
5679_1,0.017439955100681696
9162_2,0.00432307603354161
2849_3,4.4002214162195895e-05
3546_4,0.0006034393635147703
7164_1,0.02048325437136851
1749_10,0.5685338226363178
11988_2,0.03501041841906215
365_10,0.9996301739931306
7340_10,0.8968713926965522
1543_3,0.03811401947936843
6008_2,0.20302080585143267
2230_4,0.1499080545695828
10105_3,0.03952482115611375
5443_1,0.06437063308193505
5024_1,0.05668049529924769
5630_8,0.9728927041021088
7603_10,0.9727785078885297
12205_10,0.43781434295855126
5910_7,0.9936286571558264
7006_8,0.9212671611814884
3287_10,0.4111557140912792
3136_1,0.09744681888545731
6547_4,0.7680900269759793
9329_1,0.02003370110018061
1679_10,0.9972902506876946
1659_7,0.9397375876762168
2015_1,0.0034366406468202978
5236_1,0.002815967968271041
2201_2,0.0451378097402498
6026_3,0.7558103540096822
12093_8,0.9578064564934282
11394_10,0.7829818480706805
9512_1,0.132476060489646
8401_3,0.23587735014135214
5239_8,0.9211023982740731
5018_10,0.7946086269697801
38_8,0.9916367815116569
2968_7,0.1511887873622105
5359_3,0.08774587200577247
10419_4,0.9405078277022173
1551_4,0.8441649410805443
11346_1,0.2219984603414332
809_1,0.008267973097540666
9823_4,0.19455039892483775
10125_8,0.9981373474716937
8819_10,0.9646737807689608
9038_4,0.13504507410403235
1968_1,0.053784106604411054
6642_2,0.009218522777202205
9015_10,0.9840270420740906
12198_2,0.024153831957451473
2758_9,0.9367139347477896
9206_3,0.014276451010655935
4370_7,0.5258915462907899
1985_2,0.40005991321624806
3031_7,0.9175955835377002
10172_1,0.01594583918564536
4527_1,0.0011222757837772322
5458_9,0.9867286116841935
6534_1,0.004470410909822243
4347_1,0.009445566767715406
11152_10,0.7489018321273612
9238_3,0.14627329412028736
6161_8,0.9967526921279777
2299_1,0.2969320315622169
1133_1,0.9469897389904997
11774_3,0.15008377227381162
1095_2,0.043056539297074765
11311_10,0.5103899043585429
1126_1,0.00027518033404284024
2385_9,0.9960836981535159
10710_10,0.914420213830862
10106_1,0.0014254616828968157
3363_1,0.02159109904821158
11480_10,0.9954105058875884
5183_1,3.6605017860465e-06
7100_7,0.4059796804966117
752_10,0.9991808106097866
11958_8,0.35648967256834496
2518_1,0.010859514573452387
4744_9,0.8645168310383847
53_7,0.6542584851629711
12289_1,0.34278976260883415
9239_4,0.46902496535047145
8758_10,0.586543531298058
9050_9,0.4902464906077024
10390_7,0.910747957248022
11780_8,0.10865025096771415
9518_1,0.04766637238109789
3442_1,0.006284374783230876
6316_9,0.9786560401187181
2826_9,0.99471441859206
5908_10,0.9940647858397684
3720_7,0.9866569886290963
8481_1,1.0836499296729281e-05
1188_10,0.9991963830802127
2784_10,0.23300698829618682
12352_3,0.6434377866906407
1771_10,0.9361533082818372
5255_1,0.13701904361222025
328_4,0.4259735027913288
313_10,0.755190268026725
10530_1,0.0009224863787505575
4866_7,0.8993458957314375
8936_1,0.0020339191931986337
10029_10,0.7753336447856266
12383_10,0.5824138253949135
1922_1,0.22511811439564128
3012_7,0.9021685140643391
11593_3,0.08864835282667295
8661_1,0.11716529288808054
10457_1,0.0033074599728741974
8074_4,0.9508635882013601
11993_10,0.5296507943330608
6_7,0.9889838984739919
2542_9,0.9523877486853479
11454_3,0.15089696419526327
6776_4,0.8733797993312294
9466_1,0.8313779502889816
11100_4,0.0063627278135693415
6429_10,0.8941195548350584
11218_3,0.6283215372822599
8310_1,0.18086368890357235
7432_4,0.11248408603842475
10115_1,0.07127667845557907
11127_7,0.9884049374718323
3306_2,0.12762449298980005
6998_7,0.3272215834663364
12166_2,0.0029501106202778353
7792_10,0.36125629005365395
9250_1,0.005407270835704106
3351_7,0.7853279044568586
3350_8,0.6965849561589099
2393_3,0.1982857245531931
5473_3,0.16874112403330235
73_4,0.13274885431568714
1504_1,9.938295047465842e-05
10317_10,0.9893265228284321
5795_1,0.049858517493049245
1511_9,0.31089265381841674
2537_2,0.10931312796743577
8010_4,0.11261877745093346
1616_3,0.3557522693559128
4332_2,2.764642951834884e-06
8499_1,0.08438060085332033
1636_8,0.31204333133888335
7752_3,0.05024343417045367
5848_7,0.9564080734755641
5370_2,0.06983013427380928
10600_10,0.6317815219355496
5501_3,0.19437426008722003
9948_7,0.23074588058900655
10683_4,0.06372239104908685
10013_4,0.19351076380861845
11704_2,2.082422799088573e-06
431_9,0.8627268827685948
11855_10,0.8571737340921445
2671_7,0.7146411136576265
5831_2,0.05676703812091843
7920_10,0.940028735314116
276_1,0.38222157864679784
6245_2,0.034068216012019543
89_3,0.04172153377750142
7871_1,0.010225745307768173
1707_1,0.06851136942310072
6640_1,0.002788807405154361
723_10,0.9690262467684515
11391_1,0.1457364448418124
3534_3,1.4390307488446617e-06
10449_10,0.7799737306992993
180_10,0.9998704938983735
5128_1,0.02488025910946974
471_10,0.9866599220716402
2341_10,0.9982756629650599
3204_7,0.8969087784530495
1818_10,0.9926302740865725
4489_10,0.9217293583329477
12034_10,0.315130465970271
11264_10,0.9935913681249627
8077_7,0.3233744298225773
12206_10,0.7914717192473812
11549_3,0.08300058456842548
8993_10,0.8632706193286451
1937_4,0.1554445768509774
7778_3,0.0031186207909033705
9714_9,0.6450984678702583
7219_4,0.02431776268750049
6518_4,0.019529040777447566
8421_10,0.9583038588539248
10563_2,0.03181796879202424
2527_9,0.4236611370303636
11147_10,0.9940390641201573
832_7,0.6238454250870933
8972_7,0.4626404914772323
2311_9,0.9881075963955203
6794_1,0.033098114924886804
1769_10,0.9998543549804181
11130_1,1.5012663545342491e-05
8331_3,0.06895863792183249
5564_10,0.5669323715371619
2594_10,0.9968543644275158
11037_1,0.5376572906951353
6679_9,0.5958678246860941
419_4,0.834021135130713
2635_10,0.05143095579569738
4436_4,0.43006453875990047
10972_1,0.0376652776898014
708_3,0.5882803709348743
9113_1,0.02253324472944034
1438_9,0.9977110700852068
2048_4,0.0015796262032507558
4488_10,0.8157233752980071
7889_3,0.40215920292218865
11498_9,0.9834208971761806
8780_1,0.05872641715036771
2036_7,0.5630505996686438
1861_1,0.007746763409849288
581_4,0.07073769828116701
9253_10,0.9924508514834355
977_4,0.06146254164185726
5693_7,0.8133655978623031
6515_9,0.8075754144980702
9378_1,0.006252345924332829
6695_2,0.4554335515885009
8507_1,0.006575173814442785
829_2,0.048751484666823865
11023_8,0.9971985360052306
70_1,0.09189764713634806
3669_8,0.5623088410250664
10033_8,0.9529881259530745
9158_4,0.5541867425886212
817_1,0.01654078499089047
4679_1,0.03400312174055788
8133_4,0.35632048393605137
3531_1,0.002313473496104735
10742_1,0.03326321271119207
5579_3,0.044377301810417526
9041_1,0.08819079993062821
4938_1,0.0202074975349931
4246_9,0.08411995093298268
4275_9,0.22093505820765091
6819_3,0.12256492283778728
6327_7,0.4227430677539
6101_10,0.6976569675371919
11852_2,0.008341649041600036
10252_10,0.8403746545921064
4348_8,0.8687057081252084
5328_4,0.04043962360119738
11964_9,0.8847966851954701
8634_1,0.31241656905032783
3702_8,0.9954747896143551
1677_2,0.017723019853621198
5907_1,0.0347823212662845
8432_10,0.6160030102869283
3570_3,0.6199803540596932
9624_10,0.5137666801256695
11466_4,0.3023305977219417
9062_10,0.9953774851170353
12336_1,0.0007160918060176496
3476_1,0.03141167843233427
7033_2,0.0001338873522924706
2660_3,0.2740832847326468
741_1,0.005790411341594378
11490_1,0.17455684649751904
6580_7,0.9291496193853753
1807_3,0.34936315525543665
4785_1,0.0024651457686367096
6319_10,0.3093027104270908
4437_8,0.9285054113014884
3533_10,0.9915108166560976
12119_3,0.5595108148429031
151_8,0.9366956732139532
7829_7,0.3767672552493194
5497_1,0.16124140425464092
7477_10,0.8354583375129314
5879_10,0.984945865499878
8068_10,0.8948397730923313
7989_3,0.5886079447192855
8480_10,0.9729489147355889
10352_10,0.9367856783436046
120_2,0.007218849938430581
10135_3,0.17850872537568194
8091_1,9.798018827311301e-05
8505_8,0.5705839682319869
3282_1,0.5005242306545511
11570_10,0.9965322650417515
11052_8,0.952089262236357
5549_10,0.9964052646010185
3891_8,0.9984739789254218
3537_9,0.9904202184749639
8503_3,0.1974074279460426
3995_4,0.24483299885400195
10979_3,0.007655425733541655
11681_1,0.28944899439870675
536_7,0.31467681348723553
11739_8,0.9754986725363233
6951_10,0.9480358467523229
6210_2,0.30928641067882995
1449_4,0.2284403789753262
11860_10,0.9608655098801493
11149_8,0.9964147221235954
4021_7,0.9251545121534683
5104_3,0.6388839986022614
2989_3,0.014675782250804485
10112_10,0.9996041598164845
6718_1,0.004346344753453372
7654_4,0.6148352254039329
9481_10,0.9805892300953476
7984_2,0.0007862408786239208
1348_8,0.9740800645186448
11079_8,0.6231595739255246
9554_10,0.7694161050802314
8617_8,0.9868131735125827
315_8,0.9466262210814799
6085_8,0.9893679515221179
1823_9,0.9999918808992883
3208_10,0.9966300154660613
924_4,0.641214224633279
6479_10,0.960425495619549
7017_10,0.6888030625968853
8595_4,0.4499947784512187
4532_10,0.996574405988722
5145_4,0.6664310517268811
2358_7,0.9434210194789363
11151_4,0.2604294446262579
10238_7,0.9762874956630679
564_9,0.1603992012980836
4054_10,0.9896997097012804
8852_9,0.976320214471366
10137_10,0.9982352775869036
7014_3,0.017846753513747485
1533_4,1.2826160403770046e-06
8257_2,0.17719095684957367
8719_8,0.6307887790278175
5041_1,0.00035771087428318785
1469_9,0.8545637086093429
11726_3,0.09063421935703864
2002_1,0.0012813777064950146
12293_3,0.06392156121760907
3672_1,6.492930865864115e-05
11110_10,0.9376616890723307
3931_1,0.8193810881429227
6972_1,0.23000799766067415
10186_1,0.00648555111857839
9265_3,0.4244009077469671
7412_3,0.05470561367688219
5427_2,0.016665119741807125
5006_4,0.20966584981889186
3199_1,0.0009097785366076782
6256_8,0.24383730216318053
418_9,0.946920967429414
8834_9,0.9655786502470481
5093_10,0.9961884192533047
3190_2,0.007859838254417374
12360_4,0.0005998243059653174
9477_1,0.047664582353686036
6085_1,0.004920464843439314
7773_10,0.8934883381425035
255_4,0.30906415386335745
1661_1,0.0004526451404369614
1627_10,0.987863462319505
9204_2,0.12253643892106446
3704_8,0.21135983695844593
11898_9,0.9958679845379214
1137_1,0.0009618374272159469
101_9,0.3553237179929377
1142_1,1.6091130683284145e-06
5314_8,0.9912063903370212
10932_4,0.03137037888404989
9639_2,0.16361950825574456
12125_7,0.9981506631301307
10998_1,0.00034209967746377237
5186_7,0.15868027863977002
10340_1,0.9860881103162942
7419_8,0.9377393534990572
6929_3,0.06970636438960594
7238_4,0.02795973752300669
10869_7,0.6770111014708678
4106_1,0.00036792926921298255
6589_2,0.5075259020219803
9619_7,0.24082520910332747
7116_4,0.5002244058004378
8889_1,0.00023770771768335044
3901_9,0.9944464638741913
7052_7,0.5006135503329475
6439_1,0.0006999099603527157
5309_1,0.7355057182548449
4515_3,0.4488197620190539
3029_4,0.41360490171202957
10310_1,0.0003497889202189345
12350_10,0.9897919728940084
532_8,0.08258847240805177
11145_8,0.9655963441176498
75_10,0.9309228452009632
6137_3,0.0019199568282639659
1637_2,0.056389278297139855
12327_10,0.966491674134213
2177_7,0.684197263967112
1879_1,0.08385032102241054
8745_2,0.0001799922708597144
3099_8,0.7493825201547819
7354_4,0.005717171061416831
10103_1,7.858667808138563e-05
3296_10,0.9301451242702539
8494_9,0.9986944980344654
3423_4,0.4039741960910595
7609_8,0.41778210503302443
4265_10,0.9623637532594104
1872_7,0.9730803599297516
10987_10,0.808121887659845
2849_7,0.8277712056973971
628_1,0.11205944518675304
1391_1,0.0054047350142859924
7456_1,0.022291522483978955
12150_1,0.030088708488621767
7718_9,0.9941369355342172
5787_3,0.16750167087744444
12162_8,0.9063869447708062
11670_7,0.27572246021180635
1784_8,0.3449363160999901
7483_8,0.7598734732216499
9564_9,0.5552234005955455
10832_9,0.6682097340710929
12230_1,0.008555683165637786
2291_8,0.9997211675018898
8416_3,0.7135542463879905
9486_10,0.9984744890327177
8153_10,0.9875055838124775
5164_10,0.8556434414072733
6347_8,0.9968843343168317
7773_2,0.06954730920220172
12215_1,0.0021455692558522777
10039_8,0.9043921168314977
9803_9,0.9093117099946575
1589_1,0.28319831795381656
1615_9,0.9834692018941916
119_3,0.010260228094753925
623_8,0.9964300501034916
10427_1,0.08033390975139984
11697_4,0.08945656449796748
6168_2,0.0032033440526641776
2658_3,0.007478877243451714
1841_4,0.0037492080433070463
10572_1,0.23300916382907919
6964_8,0.15783769702033096
5172_1,0.07645407148659648
989_7,0.8710710226548408
159_10,0.9850166696230654
5240_1,0.00012043872032937658
11777_1,0.016957101697502
8350_3,0.10498259707856286
2565_1,0.14777776438985146
7694_10,0.9555471174415356
7759_1,0.0007000025331125573
3003_4,0.49503179826939414
7128_2,0.002047342054149567
8147_4,0.016114799088821356
6595_9,0.9467284617151216
8949_3,0.6336853654757068
9848_4,0.0005930319992986111
7496_8,0.9316397927073696
11857_10,0.9001135744078416
3237_1,0.02908202982839246
5404_1,0.07766059797567468
10699_8,0.5764719448780793
6138_4,0.11115902308885543
909_4,0.6080918035095776
11833_10,0.9987905642936087
11817_10,0.9999650353952897
171_2,0.05216767391345239
2517_7,0.2421113907997769
10307_7,0.5799196090242643
370_2,0.039434183728669366
5995_8,0.9176431373040781
4612_1,0.0006447206410207387
6561_8,0.9810975220801329
7454_1,0.0010650020261935283
2951_2,0.01676741599701831
8860_1,0.00816127990488311
411_3,0.02397221171662267
664_3,9.943464135223251e-05
4345_10,0.8506698556334701
4452_1,0.5031945290229816
2833_2,0.0009197972536050289
10374_3,0.07369112232159636
9322_1,0.16419199155957018
9923_3,8.567689812164853e-05
8687_3,0.05614089568015194
7567_9,0.8611529851393587
137_3,0.004939935879136101
7872_1,0.00020523926890210655
6968_4,0.023808850224632822
1540_10,0.9630681848445614
9157_10,0.9813352159295103
4102_10,0.9988839981828891
6645_1,0.8190593188256785
7630_10,0.4181824906567653
3958_9,0.9134372755268652
11437_9,0.9766392173691709
6982_1,0.12757245443259616
4870_2,0.4063908734410144
3545_7,0.976210509249312
204_1,0.0006705569528167178
6844_10,0.77468440154656
4736_1,0.05639492460833957
9120_9,0.9625986453807555
1608_1,0.04151743759847691
1251_10,0.9982562502362969
12315_10,0.9822979940816041
11754_10,0.999594614857706
2399_3,0.7966586839791269
11499_8,0.9292431126302877
3870_10,0.8908622804618417
5503_10,0.9936351011512029
4045_10,0.5161133965018552
3063_1,0.03292692798763554
10914_7,0.3399802033488324
8509_10,0.7054186493047364
5872_1,0.023559323504411606
5729_4,0.00782387900831349
10865_2,0.009786925403725753
10218_4,0.372984201709328
2096_4,0.3549176747262924
11344_1,0.19759572890053298
10623_2,0.0381231789885002
11241_10,0.9340769435247247
7254_2,0.19869396581390997
7892_1,0.0006977533218706544
3472_8,0.7178728609386603
11637_4,0.7028502523658576
11853_9,0.9705626407360605
1096_7,0.9290919169616408
8508_3,0.6189066660253296
9400_10,0.9953349124269312
1128_10,0.6909934768616255
5989_10,0.9556919174336466
8021_1,0.00055338588834303
7860_10,0.9754634144671587
1131_10,0.5093657777887474
5589_1,0.003983436323440629
5662_8,0.9988283466278537
2161_7,0.9420671265192151
323_10,0.9077672610211581
2431_1,0.4818118719363137
10147_7,0.9974316269733982
2956_7,0.5153818686786117
12005_3,0.3921172467022083
477_2,0.7618233316356424
202_9,0.9963846447732969
5710_10,0.9988759874087704
2262_7,0.9658796750281887
7103_8,0.3630728594565535
10237_3,0.19966885834077838
12151_1,0.08333443062194265
7485_2,0.053558130513841326
2438_10,0.9954915604927852
4069_2,0.004254582151018505
5593_2,0.02136783055099355
11163_1,0.05231365620996423
6754_10,0.9998875556862619
9147_2,0.0813423500913605
9614_10,0.9787895260042796
4427_7,0.6376048248345975
1382_1,0.009921836990844644
11132_7,0.7769929220411156
6371_3,0.1301283670836677
11221_4,0.052913106758166274
10071_2,0.5085024984013493
4936_2,0.06271716974201251
1797_3,0.30738944232106136
6692_4,0.5872056345924825
5816_1,0.22072330265899245
6163_2,0.015132426940922419
2042_8,0.97449507393785
856_3,0.04551766427801471
1233_10,0.9994728532872709
9537_10,0.992980516903245
9504_9,0.8117439905427429
788_10,0.9420599581041655
3399_8,0.9884502387084732
7142_4,0.018156136334133027
10371_4,0.6352834877439407
760_7,0.8120800964041769
3614_10,0.9829011320035221
3314_1,0.1588293751267199
3447_10,0.7728063571308926
12240_10,0.0984761061611497
10083_10,0.986688632873462
9936_10,0.8267367338799352
7651_10,0.9117330796389131
1470_1,0.0018479955164533608
2703_7,0.7946302463490553
5637_10,0.9908290520173098
6102_1,0.12155267805981418
8991_8,0.9355585241120593
9606_10,0.9659115796145347
10568_4,0.0039810270105268206
7126_10,0.7402684521707354
4203_10,0.9904613695725217
4486_2,0.02491628202856535
3408_9,0.9247609695871672
2867_8,0.9920003308978539
7338_8,0.9677018821012373
8065_4,0.014111541079134015
2510_3,0.0010329275484722298
2110_7,0.658850979943586
4097_4,0.16039059986853363
7484_8,0.12210167640110503
5789_10,0.9747970025245932
8070_2,0.0002755215603239758
867_2,0.028126500070425026
1364_3,0.26052735126112636
10654_2,0.0007566851154693497
12417_4,0.5793037872541305
10470_10,0.7308598610458492
6544_10,0.2905502488369575
8904_8,0.4302354464015259
10282_2,0.010803079860989892
497_9,0.9698636041895349
2659_10,0.5884695684783058
9609_7,0.9768134750640237
3010_3,0.8676627916749039
9134_1,0.007455578561286316
8990_1,0.11947566039535018
6960_4,0.4350379773885743
9566_9,0.6458552203650727
7923_4,0.01399634244441519
4542_10,0.9975551344449511
7185_3,0.0018085753719951521
1918_10,0.9990626569084217
2316_8,0.06340455826823045
5846_10,0.6298855523020164
1023_10,0.898408987458051
7141_7,0.6705605620530589
3724_10,0.9999447507423572
3617_2,0.002971114135294824
7095_1,0.002926655985916708
12201_10,0.9782324094189742
10309_2,0.05243523144467876
5584_8,0.9887612433513512
2063_10,0.9683465583774963
10874_1,0.009328725336389605
4084_2,0.02015031599182868
2765_1,0.042741553900168434
11390_3,0.3034806896933177
4676_1,0.11299561832125593
2130_7,0.09643889865758765
12032_7,0.07769590901783889
9671_3,0.004384787881644131
816_7,0.9066281446779734
11320_8,0.6424710637804215
1458_8,0.9928212437397923
1938_7,0.8057619881476765
2861_8,0.5835538275093919
5768_9,0.9955481630232808
5049_9,0.9553798298279852
8083_1,0.0849513970603837
4825_1,0.0006999099603527157
1740_9,0.9800636798217683
3034_10,0.5440421081460147
9977_7,0.08812592759680286
8459_10,0.8659586503288943
1103_10,0.5930612737396628
3783_10,0.9920308730827166
754_2,0.16783073784068833
5580_10,0.9490279069801143
3472_2,0.2738692341392725
2640_3,0.2858671322280156
5400_2,0.10829344071540228
5881_10,0.9987910317375254
10970_4,0.958957886957375
8842_1,0.025127603512276307
5336_8,0.42532448906325604
1398_1,0.21306240772238708
12310_10,0.9786271350567357
6012_8,0.7114011594615605
1508_7,0.04873038323784401
2981_8,0.9900068113093273
576_8,0.9731460626159283
9683_7,0.14235992900621408
10336_1,0.14406411981061676
3345_3,0.1441138304623636
7683_7,0.8263281121770767
6366_9,0.9621192331885499
6741_9,0.9993086681904242
11396_2,0.5384460602349137
4964_10,0.7712799635791937
12285_10,0.9708337396079308
11018_9,0.5336609819340038
3902_9,0.8908326672963546
4147_8,0.5730596134585033
1748_10,0.7502136579171839
10084_3,0.033141133857129065
3265_7,0.6974382486082756
6160_1,0.10378627782418215
2984_10,0.9878851883662009
1305_1,0.0001813616392050583
9075_4,0.8955988081520392
11710_7,0.9812033736312474
2443_10,0.9980647269427961
938_10,0.7351101405477123
1392_7,0.34578818379930715
10406_8,0.26401191384680767
4302_7,0.9759280786061029
2836_8,0.8999933643881696
2365_3,0.2419196457678517
98_1,0.2994366954912641
8325_10,0.999428672948129
300_9,0.8498183510561431
7667_1,0.7805777171900958
4313_10,0.9215898449810402
12450_3,0.18290938745900193
8582_1,0.4254569242719669
11325_9,0.35751608350225883
8482_1,0.1968087031108819
7304_8,0.9841882768734621
9439_1,0.0002183393785593552
2656_10,0.8920448383507054
4306_3,0.10448582083826581
10079_1,2.042396693266316e-06
11172_1,0.00448155426455349
6095_9,0.9977726494185584
5698_1,0.09367428788491852
35_1,0.940552125860954
6043_3,0.05257838684715189
2261_1,0.0021604224162516347
4784_10,0.9419273897037523
10936_7,0.5364647000907395
5316_10,0.9729168869567797
8361_8,0.681036512327741
10373_2,0.4332607498772995
500_10,0.6818935554268007
371_4,0.024144260721624424
3434_4,0.01917994237973884
3654_2,0.004902015269934968
11280_2,0.36386356796728764
6542_9,0.9590367472825951
10313_10,0.9990144429154628
7267_1,0.07154751931956116
11897_3,0.48831404024422104
7321_2,0.010961829303317744
1516_7,0.19177479332033961
1640_1,0.0248888257947145
9456_10,0.5309465524242645
2769_10,0.8696311474666402
6280_7,0.9773613702499523
12399_10,0.9877621587334746
6206_7,0.7569368117199858
8836_4,0.22281129945493905
5254_9,0.9445604356780989
10903_1,0.009658211992847256
3966_10,0.828545930686537
4048_10,0.9938056978248024
1528_9,0.9559179346454475
6219_10,0.9302509321473507
8280_4,0.12186125682548216
7974_10,0.9002175934649279
6956_8,0.9345095729997992
5975_10,0.9988845847954434
6759_10,0.8454060094738399
963_2,0.22250618413160603
12158_10,0.7579631925112965
148_1,0.2169778466925669
8831_1,0.3474536008290156
11556_9,0.30928644491304275
9038_10,0.7872362814927444
4421_10,0.9979078697767239
5236_8,0.7778644357478819
3753_10,0.7211809980356233
9334_3,0.15004577835539537
2444_4,0.00220569738364553
2890_3,0.08668753291836193
9132_9,0.8562780220484811
11413_10,0.9694195998520948
3424_4,0.30284098016230626
1258_3,0.16545815231121053
5277_10,0.8702085577739946
706_10,0.9998153815508775
3527_10,0.9931005733607465
4081_9,0.728252031649453
3895_2,0.46377824597299205
11528_2,0.0007443659270152489
7285_9,0.9777005264718656
12339_7,0.6140648484046142
729_1,0.09033694141300444
6291_1,0.17374019904264892
12296_9,0.30928644491304275
5913_10,0.9999580375539499
7770_10,0.9970167090567353
9546_2,0.05350564870804236
2383_4,0.8537848722861545
6802_7,0.9972205276988038
5445_2,0.011892739088423808
687_3,0.012330767065006347
9982_8,0.9691970211889818
11830_10,0.42394793399117686
4271_1,0.006142284682698032
7279_10,0.974661899991533
1599_7,0.3575132009943071
10880_10,0.9968789299706254
2838_10,0.84624507361608
4234_9,0.9720993980970303
7674_2,0.04467644280666837
6156_8,0.9999972919732791
11657_4,0.1481356295516631
11738_2,0.14783098818554585
11962_8,0.9556385206673108
10966_8,0.6184189194238799
6421_1,0.0010835824911091972
1476_3,0.1929192460236982
7022_8,0.9993144361387482
11500_8,0.8280832483228879
6263_2,1.2912217101326824e-06
8989_9,0.8512537786752241
2395_9,0.961440895194305
9311_1,0.30425664613833087
6386_4,0.019205790760954394
91_4,0.4608237432599553
3759_3,0.06951724972912135
11766_2,0.6836261259652269
11290_7,0.7273413383064792
5627_3,0.00156911212021989
3278_1,0.044186456849408515
9682_9,0.6616680593361361
11894_1,0.007392585742882902
10387_9,0.9946247491863736
884_8,0.9976034402283256
8408_2,0.09574821277854151
5772_2,0.2279472556793758
11422_1,0.18079755108878523
9709_1,0.07767009637044976
701_8,0.6675628490772798
2721_8,0.8434497956226735
4875_3,0.4829791769528641
6356_1,0.0006017596167990628
7446_3,0.2567758607818991
2440_4,0.7920540709740944
9732_1,0.06638642034047942
9109_10,0.9635107897356163
7578_2,0.9770029250704837
11017_8,0.34820318120764987
12498_1,0.002657612664137233
4942_2,0.4549575925631002
4939_10,0.9771855536131646
8451_4,0.7189843309551434
6274_1,0.03342876955268372
11635_4,0.10285048417034111
8931_1,0.009597967199324044
109_4,0.47439128804863223
11744_7,0.9368428613302143
5351_4,0.6122473413686955
1120_9,0.9881245604809771
10494_2,0.012768825881147366
5317_10,0.8538414514049714
6139_2,0.2848666738246567
12322_8,0.9114982887077756
11239_3,0.05897717879524971
4815_7,0.4031600926175777
11979_10,0.08847416461730827
254_10,0.9003742663448451
10286_3,0.12879322955426392
6457_10,0.9972729536750752
4662_8,0.9602351826508116
6298_4,0.013965853706794863
2704_4,0.9495228663731127
11313_10,0.9107736073312029
187_10,0.9979439830571705
1166_1,0.010849192470445097
12126_3,0.011330138295855333
1813_9,0.48326524331155035
6282_10,0.9936901517381337
10525_7,0.9840117246422473
8887_1,0.0472201575961944
11605_7,0.3153654979935094
6533_1,9.46108970774711e-05
1210_8,0.9541899426389873
11904_8,0.953127850486006
10659_10,0.9850874335756588
7004_4,0.0013873877456480564
10260_10,0.8940600040442607
11997_7,0.7777636178026248
7850_4,0.825915104239095
2085_3,0.20614670112212094
11839_1,0.005184444345122669
419_9,0.9935523670461086
4157_10,0.9189535438804584
8253_8,0.9018080526175477
11268_2,0.007354179443042819
12119_10,0.6445417999443502
10259_10,0.30636922162829666
978_1,0.19637820487083316
6848_4,0.46732762439114667
9368_4,0.01920199176173161
7863_9,0.7593967835256731
4157_3,0.06764462939614319
4184_10,0.8172986881434542
2888_1,0.0004127374744581489
8073_4,0.07345765075012563
1755_1,0.32866712439629425
7688_2,0.40541789466337647
5966_7,0.8785437937872917
10673_9,0.9844676352380584
4110_7,0.6710495354834599
699_9,0.9576863721667718
9240_2,0.1364705320441932
3651_10,0.9965760832919215
3933_7,0.7443199633890544
2960_7,0.9882995142208606
10664_1,0.002336054489179737
358_9,0.9450347789846368
11200_10,0.9484122297242079
4471_8,0.9999623798152958
11661_2,0.07025415462658632
12304_1,0.00847039013927108
2442_4,0.7592758817813554
7134_9,0.9848638946005225
4214_2,0.1508177247452061
4869_8,0.5901631588203342
6372_1,0.49320076621916487
10236_4,0.5287863543081349
12189_1,0.7848893371800322
9715_8,0.9488415146483943
5751_10,0.8710738391166081
166_7,0.7078278830485619
11889_2,0.39948445520530057
5098_1,0.4943883848822793
8126_7,0.9941539881459203
9302_7,0.6374487714511252
10430_10,0.999207660086976
445_9,0.9973356776867374
4550_10,0.8967380461487954
10995_10,0.9917330167836576
7154_1,0.0017890802356551887
3983_3,0.014101732204273038
1446_9,0.9009098201278141
865_10,0.7899589878551763
3012_1,0.015582842889174862
3562_3,0.07051818412498226
2551_1,0.002734699083721335
6440_1,0.03359162754864598
10241_10,0.9958786182736649
1542_7,0.4462831543152465
1405_2,0.018103253464294155
11835_10,0.9550365410402075
4023_3,0.02697770753957193
1287_1,0.001052121641517792
11059_2,0.16325120010609456
2583_8,0.7399576693612056
1550_2,0.22631333555657565
11382_3,0.2851328903890184
5567_10,0.9449899518652146
11033_1,0.0030699435663979523
5543_1,0.00428036523605635
8631_10,0.7140938653191624
10871_1,0.00024096033717517843
6955_9,0.9979918281360837
6254_4,0.567724872837936
2179_4,0.0901332956295139
7559_8,0.9417176479997437
12431_8,0.9426040826823512
279_10,0.775187764009736
2127_8,0.9547813369112591
3803_10,0.9048634385506366
12200_1,0.0013636074891626145
3480_9,0.6001875473116582
5156_8,0.5322323815235593
1718_2,0.0019708881527859697
12145_9,0.988614326846543
1560_4,0.2614220268774022
11646_1,0.00013616952290802109
10378_4,0.054006827794295255
8281_3,0.00017192707311401492
10393_9,0.17288202226584984
1402_4,0.5272129021110346
3958_4,0.0015130219724895065
3676_1,0.0005919566403257313
3709_1,0.0026800523871063054
10668_7,0.7068066707435992
11972_1,0.01756637785533319
4842_1,0.000688196804822856
1889_8,0.6129850668977251
3990_1,0.032262182435865525
6467_7,0.9633752352730757
5928_4,0.2662594376857285
4639_10,0.9187436017575269
4748_8,0.9970579860719065
5417_10,0.9986577383017743
2351_4,0.16364150987616843
4365_1,0.017056807069401294
3591_2,0.016349118182499674
5914_10,0.9764385287315274
8099_2,0.031291813539038565
5510_1,5.121725369810648e-06
314_10,0.9947354065314109
8544_10,0.4139242039453386
3799_1,0.10372256025170434
5650_2,0.04188976648887973
1646_7,0.0980361381609681
11586_9,0.8358400214628473
2389_9,0.9991939661389142
908_3,0.010297133298288694
654_9,0.9860976513660976
6323_9,0.9566080314868096
3014_7,0.730795948392415
11312_9,0.7586918096780592
5457_3,0.8709394205784516
6071_3,0.8786457812899385
12459_1,0.00042511143018808637
8639_4,0.14944166158420938
3600_8,0.7916152998490208
9052_3,0.16593170433927598
528_1,0.007225494492573667
7692_1,0.14350416638153832
6885_3,0.20675621152291548
11395_4,0.978963483566882
11763_1,0.6653987253896154
3631_1,0.33214575583280687
4296_3,0.25716558079056784
4810_3,0.08426034900082588
6660_2,0.001388240673350216
850_7,0.9350508946714813
6731_10,0.6838315978873435
12129_1,0.0039008255065085917
11525_7,0.8215363364275604
5782_10,0.582818650931242
4613_2,0.042980500550675385
4460_8,0.6245345908555282
2992_10,0.8654286516562233
570_9,0.7764252274715766
5908_4,0.8679536885844449
4677_4,0.08989622137303582
5791_10,0.976115573602275
5718_10,0.9763306449897712
12453_10,0.18992053549217802
8364_8,0.8864008531985264
7761_10,0.977861985211329
3459_1,0.015368532173813954
9169_1,0.04211574290115521
12022_2,0.27152315165086593
10869_1,0.03264366645520761
4997_1,7.364358065111986e-05
2430_8,0.7072062175246439
5011_4,0.04792529701040497
3011_1,0.006687990934920493
8425_3,0.25343047690354364
6517_8,0.9462683595904662
9300_9,0.9988326622768315
840_8,0.5342695097488049
2662_10,0.9574693328940357
2724_1,0.04395856903116533
5654_10,0.4697518358444174
5574_10,0.9578483805342414
5606_3,0.010166560313383933
7717_8,0.7993509752048991
11202_10,0.11564868123900647
6889_10,0.9983437940004422
3712_10,0.9988030441392621
3042_3,0.023380193346575942
7858_8,0.7578910008360025
4902_8,0.9921018021168028
11885_1,0.011414746679561872
7582_1,0.1857334341773872
8450_7,0.3805872030708375
9368_9,0.7602559847176235
7616_8,0.9984338434767931
4443_3,0.17148879253401966
2344_1,0.0018385954689888043
11861_9,0.48992354879923045
7738_8,0.9969730869314932
327_10,0.991221481099861
8175_4,0.00536667875090153
10189_10,0.9980096456790153
8691_1,0.06735109726758519
12236_2,0.00018941280118728833
7341_3,0.9676651487070047
3261_1,1.0283464571425856e-07
8809_4,0.004386229404754295
3735_3,0.08016570305964481
9339_8,0.8378774064445318
8242_4,0.4435461416533416
6787_4,0.09171611111090625
4379_4,0.12312649449541829
5967_4,0.679392807785197
5568_8,0.3710986130113848
4579_4,0.058695379461669334
7066_1,0.013409244008025569
12323_1,0.11402662216166147
2673_9,0.00109975371760863
2639_7,0.9256900209140085
8323_10,0.8724484438793109
246_10,0.9467023459035387
653_1,0.24700666304640537
2407_1,0.036320851155384776
2795_1,0.0005471191175307653
11793_4,0.042031378429701706
2848_4,0.09050562074229562
6040_4,0.04165722121153874
9388_2,0.04225089009367883
909_10,0.9902849813247233
2567_2,0.2903292505321468
4473_8,0.7324304611176393
4451_3,0.06788507874661552
10296_1,0.03199541164818799
5111_7,0.14094210098589688
8281_9,0.9937073103003761
4957_8,0.46613800464789795
8249_1,0.3790793869363822
1572_3,0.6964760106777678
5718_2,0.31600120671857107
5959_3,0.21256911416174037
3013_9,0.7562187386735408
3544_1,0.010160814561420772
11250_10,0.9986901368677612
5162_9,0.9130107112669508
8872_9,0.7283290519818343
11122_8,0.9950844603166611
991_4,0.5231038947233756
6322_9,0.3817150042589135
7065_8,0.7499446685448956
9704_7,0.10347995421491192
4317_9,0.9317191673285815
11622_10,0.9997324576617704
10725_7,0.9838485724294851
6549_1,9.518881058086878e-05
9062_3,0.5257043462577543
10253_7,0.8140503811132641
4035_9,0.9534679368590784
5437_1,0.07107302872826478
1779_1,0.0016734988807090114
8740_2,0.0038272621038826673
10175_7,0.9719414045995476
5331_4,0.09520155189808194
9506_3,0.11180416945352015
11199_4,0.05266581689120193
9948_2,0.09694617643332805
252_9,0.8223424572997643
1094_3,0.5571425195892773
9145_3,0.46582024923854465
506_8,0.700233943310732
7126_1,0.03464586799340757
3317_1,0.2004512905147636
11439_4,0.18464265658696424
6583_1,0.17987690254634425
2805_8,0.9947492846749788
1841_10,0.9880315385376592
2698_3,0.05484422802556965
6956_4,0.6596520412387621
7664_8,0.9127833586021155
97_1,0.12866218991436118
4588_9,0.24851329107609002
5220_1,0.002468914791943366
45_2,0.13250464963637446
5812_4,0.22769543407945572
6625_8,0.9194980119698207
2816_9,0.8421191513615987
11463_1,0.0037655365566318074
158_9,0.9916268192462488
6633_1,0.012682349714120685
1184_10,0.6523682458590591
3967_1,0.10469705440514153
6653_7,0.8200214702786027
6093_1,0.00831431087002144
2932_7,0.742502154174907
1522_1,0.00307770487301592
2529_1,0.042498936448499135
1475_1,0.022765317673276834
2027_8,0.9710245552394138
1854_1,0.025758938741857213
6269_10,0.9222225086416596
2184_7,0.5165627814835775
4923_3,0.19490881456971598
10827_9,0.9909608037794463
10885_10,0.9984404686653194
3281_1,0.023024213152876723
1468_7,0.8648604269837606
104_1,0.03335648534537957
3898_3,0.21110546817222497
10973_7,0.9560647868164595
8900_7,0.9533371963021829
10735_1,0.010748836632959302
4992_1,0.00011697743864607969
368_8,0.9999761467721447
6709_4,0.008570241565375485
10453_1,0.18970274730927852
139_4,0.5944720846939215
12079_1,0.001701262286729637
7001_4,0.07533826548963675
10533_3,0.2955631104597896
2307_8,0.9999283879903876
7241_9,0.650787725078826
7717_3,0.004501691060739065
6223_2,0.15305404692065017
9500_2,7.776272215757878e-06
669_10,0.2379525888533825
1596_3,0.19599284987283186
3576_7,0.6858214953667751
8263_8,0.9438512177385345
6832_4,0.4777848053743684
5158_9,0.9745208381415209
5899_10,0.8866022848649233
5794_4,0.9535618499794024
8854_10,0.9188329192969759
11036_7,0.6811283868936383
8803_3,0.23746491481500792
5733_4,0.01782434618270792
5268_10,0.9407831313709987
12297_2,6.400307839805891e-05
6862_1,0.42183859318433814
5515_3,0.015807824478901843
3382_10,0.9764140576407351
6738_2,0.014054780963525198
3832_1,0.13428314498095434
10210_7,0.940256630740426
12080_3,0.3063193647567789
7748_2,0.0006007651581077312
4788_1,0.9486651891360484
182_10,0.8037494709152091
4478_4,0.015824955462543238
6544_1,0.008390046074599498
2705_7,0.5426059555504443
10334_1,0.0015329458484852367
10374_10,0.9775568679545213
2031_1,0.0011422109336355227
4671_7,0.9997668115975713
6231_9,0.01454344934990379
9077_3,0.029069362391900586
6381_1,0.024469939643860922
216_2,0.039134921266545386
9956_4,0.21033821346776865
10882_9,0.9523013131332206
6192_10,0.8380429671210466
10442_8,0.9933177661185112
3199_10,0.951244128282407
7649_3,0.020774685653207472
1793_9,0.8459253456575592
7987_1,0.34885711906560135
1678_1,0.10691472005549778
8176_4,0.1692294702884583
4674_2,0.03990918001077862
5751_3,0.5642374444745654
6904_9,0.8364677020037419
8869_1,0.015844822649048178
6844_2,0.0002991561006437227
8744_2,0.0028836881490197303
5430_3,0.4672995891801351
1556_9,0.7753865028389656
10830_9,0.9863758383963569
5642_8,0.7108432137364182
3337_1,0.0075101374980127665
5339_1,0.0012579048806839214
9198_1,0.003399632414106658
5759_10,0.9483492060262637
10632_9,0.9113208876371356
2067_9,0.8788715232388205
3442_10,0.9080905566362708
3341_4,0.5519046214976387
9055_4,0.29679791321210974
5793_8,0.8654013251194829
896_8,0.6340510669015537
1804_2,0.010031088086028692
1134_8,0.5897026343538982
5532_8,0.9963628892721714
2453_9,0.9772839756446206
8113_2,0.0504973342726082
12046_10,0.9999163888376132
11873_8,0.9583054048872383
4525_8,0.9917734930335319
10377_2,0.9568769807216252
2008_1,0.27735079466142964
10288_1,0.18777197769136547
1083_7,0.4882230768118463
2415_2,0.3884366441269751
6688_9,0.9995428125553216
4448_9,0.9398749104470288
9407_10,0.9833237610949447
3976_4,0.2942218901655199
3930_8,0.6457207831708238
3950_10,0.882275810059552
5645_3,0.16333035399621035
6064_9,0.9903002447656973
8064_1,0.019885582758668138
3643_1,0.004150470852939597
10321_1,0.011548991886299598
5858_1,0.061571489380146664
8535_9,0.5764614767328797
3643_7,0.3982022964512894
10041_1,0.056198011097405576
11014_10,0.8389899445220417
11776_4,0.010441503212930053
8227_7,0.9887731968989298
11445_8,0.7282305768925852
8756_10,0.8947511109180063
9328_10,0.9977023001439939
11734_10,0.8960056793924623
10118_1,0.028300810390931023
9690_2,0.04479320111547738
7713_8,0.994865431498063
545_7,0.6848765354356495
10603_8,0.9583358166938244
5925_9,0.8163066129245212
3105_1,0.0013059232833539463
10134_4,0.4651969785074799
6354_2,0.41621827401965783
9866_2,0.14392038720866668
7553_10,0.9876894983331792
11324_2,0.27613549822892036
10532_1,0.0063921507989719364
439_1,0.0021329531135396013
11265_10,0.9960598559874272
6568_8,0.9917312489155646
9218_3,0.35755803732188984
1939_2,0.009952995718238357
4215_7,0.8663044954038904
9968_10,0.9443709382218949
12022_10,0.5200448758768793
897_8,0.20580114040831998
7129_8,0.9038835945076764
7414_4,0.009405678251174441
8118_9,0.9900315913753552
6179_4,0.01670379656296499
10124_8,0.9952613871179676
7379_7,0.9431654182160265
1075_9,0.9914790390372727
2594_3,0.03473861836870473
11482_4,0.2363138296837726
7675_10,0.9779252524918106
3127_8,0.9708372853971157
7440_10,0.9998035569300976
10215_10,0.6323268145421884
5098_10,0.9946416324337138
10534_2,0.0003871409338070454
12364_7,0.46649163446438335
5191_1,0.16177012142827862
4179_9,0.6904732065047764
1433_3,0.4542233109152223
12177_8,0.9858226115419176
9519_8,0.9984659252201692
5781_7,0.778448000255224
10031_8,0.8308729017650692
2631_4,0.04530960006008585
195_4,0.30276760376824846
11432_7,0.9366814374542378
3952_10,0.9877719275575128
5805_2,0.23289225568353536
5555_10,0.9950923247413078
7161_4,0.3727249952641529
1399_1,0.17739272004071294
8332_3,0.36862888727723636
2132_2,0.023558741697591486
12031_1,0.11728219063132078
8480_1,0.044037843877785345
11103_4,0.6848676881143057
12124_3,0.19873373885950618
12072_9,0.9144220445195276
9371_9,0.6678564351591122
2144_4,0.35549361374572463
5668_10,0.9999795285417536
11790_10,0.992721224672529
6933_7,0.19810174066747482
4932_10,0.9967314906419694
216_10,0.5192163063301681
5862_7,0.9016114275233325
11669_3,0.4307413851994011
7488_4,0.014083339903623416
6402_10,0.9779003958146504
3244_9,0.6103726716084578
5108_7,0.7892321580315852
10854_1,0.0091496669180652
3404_10,0.9922952574007663
4282_7,0.11537922474808764
483_10,0.7540414202386596
2110_4,0.007279892117267153
6199_8,0.7679702570066733
7942_10,0.8937582438060533
314_2,0.005589826490402006
6395_3,0.006855997158450129
274_1,0.007358736570996498
3421_2,0.03432001136573781
4100_1,0.0038115692297463386
9232_1,0.0004665158385490109
7152_10,0.9997156647108932
10721_7,0.9936530643520378
3565_3,0.08576696513637926
4223_1,0.2239716686672766
3543_10,0.867463716799884
1256_7,0.8481410447372714
6567_2,0.004404352001311305
10658_9,0.7208604015284649
1381_1,0.0679586527290416
2591_1,0.0019090962405060663
4775_2,0.4210639132474463
1743_8,0.9438533097783695
3004_1,0.5493387748085987
11712_7,0.8430377754345499
2966_2,0.016074721461990817
3139_1,0.006374602312535785
989_4,0.13493217889859008
2141_1,0.013978921866862786
8224_1,0.36639148039926506
10222_8,0.811690234807925
6540_1,0.06126872543587009
7427_10,0.9990004148692909
5519_1,0.6436355832225532
945_2,0.041892579787910784
3996_3,0.052768515562391496
10202_9,0.9983350952246998
1328_9,0.81150839758245
11425_2,0.040649713957017095
1252_4,0.16516282546663305
10086_1,0.6473973085171573
3946_3,0.05595783724147195
11834_8,0.9098009942225534
10710_1,0.45626903769682353
1858_8,0.2459648479641189
1532_10,0.9887590610698118
7082_10,0.9017113766642664
9813_10,0.9969574148407694
38_1,0.003939675459193838
271_4,0.22960557959009553
7184_1,0.01006599080555993
11866_10,0.9546417835595431
5983_1,0.02102522512794623
5026_10,0.9899966009756084
9030_1,1.2705624670228648e-05
11133_1,0.018888949582798412
10130_2,0.054533853273837994
8357_2,0.08265702682925015
9824_1,0.13140640633011666
7264_4,0.49534730678473143
12449_2,0.007475806701588377
1735_1,0.05630194736146968
618_7,0.9815879482035761
6421_7,0.6448099500998301
6294_4,0.06712099220757725
2174_2,0.0002860319045433814
5985_2,0.19099046392057503
7121_10,0.5263213955653074
7912_7,0.994312602558735
5015_1,0.6151556489908546
6476_2,0.09672813748670743
9954_8,0.12406154910815444
10122_10,0.9476424141346611
9334_9,0.927366188624953
11751_3,0.041498818048184866
11607_7,0.9480830460655034
11310_10,0.9998377398354624
300_1,0.04863243560841294
6520_4,0.002290816981944617
6735_10,0.9997763207628285
10008_8,0.7923739625006138
7817_7,0.5856155279848347
3634_10,0.9835304407470724
5927_2,0.0435726049220622
3414_3,0.00013279258953196365
12266_1,0.31885298689923997
11276_7,0.5948730174417027
5478_3,0.049931109614837224
6992_1,0.007296757725075181
8039_8,0.873885266987855
11491_4,0.657293109929827
7823_7,0.9621373179247356
8662_9,0.8571935786860077
9921_2,0.1927849490719338
2058_9,0.9034517748370298
3321_9,0.9523623509751806
8634_7,0.37611994549811295
2161_4,0.915275336869395
3441_9,0.9565395511307417
10096_1,0.00017447733926764298
774_4,0.011808560894987085
12086_9,0.9270138454323628
1968_8,0.8018959642236367
3269_1,0.0021428557275412897
2988_10,0.9779952515416149
853_1,0.002587048453400146
5303_10,0.9776112837569004
11628_10,0.9587105243517277
7772_2,0.0007406928818263152
2712_1,0.0012705326848634715
7362_4,0.13919066821828935
3681_2,0.027016117649010452
2066_1,0.00035718147742224413
7089_3,0.7715279007007289
7393_10,0.2928776684807854
7284_1,0.11300950455769086
12199_7,0.7090492095449441
3512_1,0.4154071870100939
4349_2,0.32118987865366533
11825_1,0.28913499428204437
8351_3,0.11896913596594838
467_3,0.31709466909991346
2523_10,0.9862378671197468
12078_8,0.9943757428800157
1418_10,0.9638155560356053
6552_10,0.9889319214313989
10070_10,0.9997347067045094
10031_2,0.10774841318048546
7179_2,0.006506790008482728
4533_1,0.0014988136442237252
11788_10,0.9999346798678103
833_3,0.23394993658686764
9777_1,0.035130892464596296
6930_7,0.015348892520159732
2310_10,0.9999652295610867
2924_8,0.8764073193214132
7252_10,0.9964451705485967
10216_10,0.9980930474145508
104_10,0.9994625684528063
4283_4,0.0731145560712392
6351_4,0.29180023480752165
1272_4,0.4874864053797813
11226_9,0.936723833772271
3342_10,0.9714105870375711
3326_9,0.7878748430374108
3541_8,0.9999856516221155
8142_10,0.9387960372522441
6491_10,0.9591534794282448
2125_10,0.9779892337364363
7008_10,0.9617826415487515
5347_9,0.9970008342796998
8420_9,0.7547538980740058
10767_3,0.43131470302307584
12094_1,0.004325587046143095
11904_1,3.10443249696829e-05
2635_1,7.075284466370543e-07
4074_10,0.5887934774222682
2470_1,0.2664015281051582
5888_3,0.4652460124976354
9164_4,0.6265699989953059
11312_1,6.445176631539864e-05
2588_3,0.006628448920673124
9177_1,0.006388029106414636
10361_9,0.9584521342745954
9216_10,0.7889838937836271
5754_3,0.40668827905728505
12314_10,0.999902232482178
9044_3,0.16070435977740435
5677_2,0.18446374666617987
6664_4,0.08091703368563545
2308_3,0.13584093547041692
7377_3,0.2049524934594661
9149_8,0.893271012556562
5244_3,0.005001124566501336
10656_3,0.19781604717511359
10885_1,0.0025587755776725007
4296_9,0.6507200808400073
1770_2,0.14554781978906536
4940_10,0.5207705860649045
3984_10,0.8722619997507166
2976_10,0.9529232751673844
2767_1,0.0032456880149923637
11848_2,0.013390291171459737
3096_10,0.7100073151016442
9792_3,0.5138114473791401
9785_10,0.23218007689998935
10264_8,0.8427909350579793
12277_7,0.7538449767589885
8110_8,0.7352025824012016
10396_8,0.8566180475594659
3233_2,0.10896579976183846
1903_1,0.3072959605316992
4743_10,0.8241221618135103
1417_9,0.9835640910021948
2662_1,0.0036122374702304604
11231_4,0.7806179441632493
9747_10,0.2489225789044989
27_4,0.01617687803616275
3310_2,0.7956245711635102
3212_10,0.8398593676638204
5608_3,0.0012151891708452073
1241_4,0.6367533238138762
5543_7,0.7675975567312708
7945_9,0.9083946253316412
3705_7,0.8355733060500098
1598_10,0.4496898178148432
4273_10,0.922819400914092
5985_9,0.9761114989253996
531_2,0.2757244289491431
6744_7,0.6407506860998334
10270_1,0.0031711577981626735
11199_9,0.961950928205578
9755_4,0.635352394539884
12080_10,0.9980046025904035
5600_10,0.9938269286674033
12216_10,0.35327484934852327
10783_4,0.8338521331909403
3307_1,0.014829058841424313
10954_7,0.8308056701316154
9959_4,0.005958180847410819
10223_10,0.9480257081185086
12130_1,0.9990230695668074
11939_7,0.2850110211859462
12318_10,0.9880466818814152
6204_10,0.8877821010589902
2927_9,0.4450179492389469
2779_10,0.9612010560976351
3661_1,0.050400593865276316
9068_3,0.03928605928410466
1970_2,0.16530327779222168
7539_10,0.9929355631616564
9241_3,0.010858384203703688
9350_3,0.03339131683361931
7885_8,0.9849911068778542
1078_9,0.8502103254452471
6062_2,0.04620909293224036
1215_10,0.9748287589453972
1561_3,0.2039902081298181
2159_1,0.20069267318227468
8637_10,0.9995569608526673
8375_4,0.6712210286659266
2864_1,0.16058813454696902
186_9,0.9618469434502791
1669_9,0.9006820697503398
6936_9,0.6487088931992454
7541_3,0.19461546729655294
1515_7,0.10681033490318137
5039_7,0.630607254420881
9269_1,0.014016052318328273
4965_10,0.9828711681505317
10028_3,0.04433176058960083
3547_4,0.9265946654873537
6070_10,0.9999878745245284
11334_7,0.9999002490608506
4980_7,0.9818058320236175
5063_2,0.24406546045798252
11637_8,0.7224262427688468
310_1,0.18234771158365282
9847_1,0.013937917185230153
4433_9,0.9855366550694585
4535_1,0.6485532996047546
11209_10,0.2648705020806838
242_3,0.03611582786710351
6150_7,0.37919564404493394
7499_2,0.24572969785703278
10073_7,0.08281011748578387
7352_3,0.0030129164137005357
6616_2,0.06403788329560257
2148_1,0.12696259871868293
322_1,0.002465784115655484
638_1,0.01300519466084989
3236_10,0.811123264133217
11913_7,0.16773619036346984
7188_4,0.016290769895331337
3999_2,0.0013629960556599348
1397_1,0.0799987440374342
11768_8,0.9165599977095095
10301_2,0.46968192814148557
7486_10,0.9518435220420597
7915_2,0.19426345690711233
103_10,0.9945848731199831
2249_1,0.3821144341025542
11559_9,0.8359013166514326
11374_4,0.2847329167301968
7639_3,0.008267721083496719
11922_3,0.08005246845737743
6068_10,0.9995655356538741
7681_3,0.10743964984516619
3097_1,0.012760298293981995
10233_3,0.2139590460908058
9111_1,0.016796068073818945
7240_2,0.016098865685393128
10394_9,0.7647203433234712
792_2,0.48651153518379486
440_1,0.013797943060561202
11141_1,0.0003956606729296353
7488_7,0.7008960418915032
2731_4,0.021434300798216403
11632_10,0.07498954571650086
7577_3,0.06606909309396772
12047_8,0.6852447890998206
7055_8,0.9491682271141904
394_9,0.8913232904089257
777_2,0.07599207198194578
6460_8,0.9014108596780795
10412_2,3.6669123297480316e-05
9910_8,0.460446056629269
826_8,0.9749813250567968
7381_1,0.1310502790908145
1700_8,0.5183386459666374
1131_2,0.48415851190845444
6796_10,0.8297921696788665
7084_8,0.9227426295996047
5735_1,0.001372615529767229
6290_7,0.8947701421371395
10506_8,0.9559890253782511
2276_8,0.6076622479512268
6221_1,0.9254667050094247
1404_4,0.014210152244729877
1440_1,0.03618255416800498
8199_9,0.9804628289862835
1145_2,0.26411567669921104
5546_4,0.21919383738046763
816_3,0.7697439319599224
10535_10,0.9905668115894575
2_3,0.03968036297878353
6735_1,0.003403986054716498
2684_4,0.000733912448865661
1765_10,0.9378824512506659
4346_7,0.9388487331539993
1157_9,0.10028726417441605
4216_1,0.0021604224162516347
3937_8,0.9879249312410143
11140_10,0.8931650106950315
1635_1,0.022612977479449455
4457_10,0.889368558373381
7250_8,0.9607194037810763
3801_7,0.2712010654266035
7892_10,0.6644254932644383
11022_8,0.5966396155934812
5856_7,0.9006185512347343
345_7,0.7878825091619891
10809_3,0.10480369671840832
9474_4,0.005771304540577492
5775_10,0.9317472975407309
2845_3,0.014800155828801674
1383_10,0.46198556376686456
9171_7,0.9531938869772977
10866_9,0.928524755256874
12161_8,0.4833642783455784
9118_1,0.22146110710685363
9122_8,0.9790875604361624
5142_1,0.0025201931131544494
2798_9,0.9785120731856388
2260_8,0.9655657657810128
11677_10,0.9315591095711551
2788_1,0.010125123956667795
8896_8,0.951337326016579
7685_10,0.9205739465266087
760_1,2.0905424273852962e-05
7811_4,0.07097150415466329
1964_8,0.9381815598189459
5059_10,0.8568134282365015
4568_1,2.6550381536176287e-06
7475_1,0.1386115212511891
11400_3,0.23403165828190675
6082_3,0.0027733512454064277
7961_4,0.3380627737200835
7502_8,0.9773904903517484
11351_10,0.8931684964798066
9851_8,0.9141064970360043
1172_1,0.022469613479228098
1815_10,0.9792733122280672
6218_8,0.5809939641204932
9628_9,0.854151558337372
2312_3,0.08913848374881378
5014_10,0.9187139086954561
7845_8,0.9687184668621776
4468_9,0.9468669004932155
2247_10,0.6901054488133547
4408_10,0.9943719151024808
2957_2,0.22071733391213774
4716_1,0.024359212846467887
9909_1,0.07504680093593226
8611_1,0.02939071430747216
5055_10,0.9559143763466212
5828_10,0.8671537658502915
1147_1,0.0919979123655347
11716_10,0.2824625612716056
5289_8,0.9911397769314755
5566_10,0.9170716307109972
3389_2,0.040347942450434944
6169_4,0.0028482660747291767
12019_10,0.8496755898973409
4136_7,0.9710023239059228
2421_3,0.04471474371426341
607_10,0.9589195180128156
4084_8,0.9330493124439255
7333_1,0.009116128587993603
8208_7,0.34098775210210963
2971_10,0.9955268928484469
7508_1,0.03589340869683738
988_8,0.9967747461068869
1124_8,0.9604069074469908
3658_10,0.9829774557033358
5155_7,0.9678565281871626
11362_2,0.444555189004416
8776_10,0.878100362645467
7294_10,0.8521817023738083
10853_8,0.9607513062073376
871_10,0.996596614759443
11513_1,0.054721073606949076
5605_10,0.5964666516957468
1235_8,0.6297910143309824
623_2,0.5009411464235183
1271_2,0.7694692647351984
7590_7,0.8498396683966244
5075_4,0.04841673933011934
6175_4,0.1514419740290484
10629_1,0.028678538024672368
1474_7,0.9284258632330679
9077_9,0.17839489489281266
11630_7,0.4102592145965316
11060_2,0.0003186607387265758
664_9,0.9346756812218736
4778_10,0.9976003128661851
3535_1,0.00032743364102211925
1130_1,0.00019364986324312927
10718_1,0.0050198835191453154
3334_1,0.007861226082363554
7133_2,0.04924723129942385
12073_1,0.004647452320042696
7877_10,0.9587243549289638
12286_10,0.7120222139493468
8675_4,0.45978695131140745
8968_7,0.7021561730048429
8118_1,0.0012161666223431445
12109_10,0.9946112153626865
6476_8,0.9702607892551915
12248_2,0.00018003459439016063
9444_1,0.012026117147659061
9932_10,0.8737738554174267
6863_9,0.995069112678703
7810_1,0.07870647658605458
5463_1,0.00013898691926710844
8385_10,0.8667527908057423
5560_3,0.043179832503975
12391_2,0.21020661951732678
3644_9,0.8277062545581696
1225_1,0.025184777509641657
375_1,0.0027242753061449184
11515_7,0.9465349339000743
3812_1,0.10943504203411583
10747_1,0.15432401536293458
8059_8,0.5432522048965075
633_1,4.2971605455163706e-05
9189_10,0.7223150607113289
11404_8,0.5858197121210146
11871_8,0.8471751810468725
2883_8,0.9989772789659366
9048_4,0.15968899259141897
1066_1,0.6279809564356882
630_3,0.1205673917111654
61_9,0.9837057665669147
9264_10,0.9960389497659987
5132_9,0.990856893964223
5796_9,0.926618364107691
11232_2,2.1804247466117807e-06
327_1,0.05489361755517992
9787_8,0.9999790660956155
7780_2,0.0009247712970193055
2533_2,0.007186394534497492
7349_10,0.9760640006634113
2593_1,0.8540867932388572
4672_8,0.9796492077703225
11191_10,0.762760871481462
1301_1,0.021201114090882902
10632_4,0.09964049433600383
10750_1,0.04363720354102479
2621_2,0.0993947332892777
12045_4,0.8715184820153423
4276_10,0.9997591945599731
9960_2,0.14211103953161544
3307_8,0.660009732663547
3007_10,0.9041647428707804
7204_9,0.4990912167998812
3988_7,0.979949282181869
4129_8,0.946112210990903
2071_1,1.354817521532874e-05
7310_3,0.6066217957421628
855_9,0.976306147006091
5380_1,0.012619146602379182
5067_2,0.002611932513664684
6320_2,0.23037006480066777
1019_3,0.03454823510249932
8216_2,0.0166440573207837
3814_7,0.6812532959236445
7888_4,0.879387855368785
3419_2,0.02993243585087758
3039_8,0.980753354438956
12039_4,0.6532882962773902
1191_7,0.9957210564720207
2361_1,0.01998431882299614
8291_10,0.9998013169941805
4954_3,0.24345077850822627
12430_1,0.2830203958848023
7634_7,0.5606538845911908
11902_10,0.9939279433159546
1603_10,0.2903623771499272
9395_8,0.43041989256132285
9384_2,0.29279512179406214
11687_1,0.00029143636053242526
4148_3,0.20630102705665204
171_7,0.9533336245858222
11814_4,0.0013029621302258587
8124_3,0.17177102372874137
11387_1,0.005496202105901809
3249_9,0.9968383712761542
3591_10,0.9775513347108985
10171_8,0.9462021867042373
1100_9,0.8380013078821755
7144_4,0.9892131494914022
8060_9,0.864151304582286
11063_10,0.9902722223120755
3481_2,0.019620918280728664
7413_4,0.11447646063761721
11121_2,0.021561469345174937
4700_2,0.2531770810262299
1566_4,0.2602888221959106
11731_3,0.39115077324613257
7346_10,0.9963948294668753
7890_10,0.4859561259909733
11704_10,0.9448818413016339
4635_10,0.11226653148272174
2369_8,0.8505710104822138
9655_10,0.9994972722944565
2115_2,0.06686418703261389
6408_7,0.4353904916732482
10470_1,0.016499668470779896
11512_8,0.9541463769287845
11523_7,0.24337485735320669
10379_3,0.00991726777445219
9164_9,0.8922833754322643
3150_1,0.20718173753797434
2880_3,0.11343349193448514
1608_7,0.9747903621825279
2406_9,0.9928969630983919
260_10,0.9972531559752219
10658_3,0.001388849549100827
10609_1,0.17789286555367875
6861_7,0.1473515504856959
10058_2,0.3981870216849481
11618_10,0.6483691853948489
3727_4,0.02176715172420712
1924_10,0.9252899085367311
7471_1,0.053357018174007405
1856_7,0.8192291547498297
10132_3,0.06409303809333619
4010_2,0.0005320120714637579
11752_2,0.10104402029002015
11122_2,0.019482751802672064
11065_1,0.08893231867440088
1211_1,0.012045710289443469
8973_7,0.32388962306342384
1888_9,0.9811847708454151
8521_8,0.6806841767931149
6671_4,0.1438395839236704
4241_3,0.11238136903115975
10925_4,0.010695452290093577
4030_2,0.0002536569321099612
9410_1,0.0006023339184502454
10004_2,0.0010356513553909353
599_1,0.0017751913387357278
8656_1,0.0020122296813819404
10087_7,0.87728890240462
5118_10,0.923256508849933
9780_4,0.007467102049556462
586_2,0.1862815639043507
6464_4,0.011831409110525827
7482_1,0.000889098537020178
11075_8,0.9776074416303278
11984_1,0.5415773225330677
6808_9,0.9645459304538644
6178_10,0.9404093429004269
12196_7,0.345909060162238
7771_10,0.9987454495230046
10801_1,0.018905476808596125
1243_2,0.01223731001817123
4028_2,0.0058321374597505955
700_4,0.6309760394202348
758_10,0.9835949637097768
5393_8,0.9127399342836252
3552_4,0.23655427284696076
3440_10,0.9711853423851474
12357_7,0.7292341896206815
10850_2,0.5046200071415881
5083_10,0.4700037955748576
790_10,0.7290228123483824
302_3,0.00112380872585815
11160_3,0.0862773403273595
1170_1,0.1736185092193483
6341_3,7.511628557514107e-05
289_1,0.18515317679673637
3075_7,0.0943653592146678
12016_7,0.7202274476502393
5998_3,0.08592876753468784
5295_1,0.0003313993329999027
9712_2,0.0559704709186293
9689_10,0.9452914968999604
9441_1,7.2259847450531996e-06
7426_10,0.9993499403256368
612_9,0.8452441359358704
4331_8,0.7141725202020512
1016_7,0.12088832929402073
4463_7,0.7250002517426208
9520_1,0.02864551135965387
1557_10,0.29523825242496815
6277_1,0.01459148311172558
2279_3,0.13048579984047573
11591_10,0.9530023974280006
3503_1,0.014161693014084976
9814_1,0.13755838017383343
11342_4,0.2804010800843652
5133_1,0.018283352841224426
11189_10,0.9836025068797872
2343_8,0.9882146263918028
2234_7,0.9989343900790806
926_4,0.10727732347211626
9829_2,0.8033661451058208
3338_7,0.85995693317689
4272_9,0.9691905679637726
4826_1,0.03359162754864598
10529_3,0.512577146458134
12398_1,0.0017874575912811325
6965_10,0.7577030132882254
10737_9,0.996997178099338
9356_1,0.008456678401608382
2087_3,0.02203408581512445
5802_4,0.8437019207526463
6514_8,0.9740553405264982
11607_4,0.5199933532670494
9117_4,0.9274310239195346
2011_10,0.8489287200946798
11952_4,0.5276127285665658
8753_4,0.8207657018239891
5338_8,0.9638206109330177
10799_3,0.07148158237272124
6388_3,0.24189789174595686
4667_1,0.034805989182140507
11302_9,0.9909040150274937
6587_4,0.15895270207568918
6822_8,0.9049350732711553
9725_10,0.999953148792398
7237_10,0.4119531853839264
7710_1,0.004823775348748151
6090_1,0.0023170273807635007
9864_4,0.6658174902742803
9759_1,3.791424600438859e-05
8926_10,0.7494977244438443
2454_1,0.016910192760675038
4364_1,0.023842107828736477
10672_1,0.1582449011809017
7703_4,0.010832588324761023
7289_1,0.002645783960906574
6370_2,0.5883749411000142
8898_7,0.42749064164640543
245_8,0.9350387411631715
7786_2,0.46661989999892756
12092_8,0.5266678410623209
12495_3,0.09145583447217026
2762_2,0.004370896156965316
11009_1,0.0027882276079825327
7735_1,0.6865167700649795
5377_8,0.5298305869749254
6074_3,0.01012899777293594
2133_1,0.0017930654402029918
2291_1,0.005654583523635699
767_1,0.24465687984401363
2677_3,0.017070210971038054
5801_2,0.03606404388363113
11416_7,0.9350781196724794
7083_3,0.11991113574594153
7268_1,0.013983360379034518
8613_1,0.6041559470404687
446_10,0.7338539549984041
6513_7,0.31763806385475235
11229_4,0.40209170248892734
11155_4,0.27117772908442067
10298_9,0.9741288390930924
1521_8,0.763763665784419
5682_1,0.9881744004002009
11575_3,0.0005154499713422223
10144_1,0.002843639804545276
5819_10,0.9782343948653943
7287_4,0.09193925849818538
11507_10,0.9893367776471309
10458_7,0.9698425337866778
5935_1,0.11844684665377145
4126_1,0.0049987091076670554
3777_10,0.7441603849523811
1720_3,0.018271527996462724
11112_2,0.010387316856322269
6222_9,0.9940137126434392
8019_1,0.18045909347936803
10067_4,0.2902894572160121
5991_9,0.9810490902611294
10203_10,0.9895832411684718
2485_1,0.005593131821630564
5910_2,0.16373711368820965
3940_9,0.9967884793987182
9140_10,0.5022334200418833
9558_10,0.9971992425285576
4582_7,0.6967126154164983
3323_1,0.007205509228227377
5038_4,0.2852306360321409
12405_10,0.8830986956338105
11620_4,0.3422038935835871
8774_7,0.8669042699795206
10164_9,0.17644074767616313
4112_3,0.01049873399382276
629_7,0.012468761449448909
2732_7,0.6729344776470398
4356_3,0.4875299725923037
514_9,0.981675540280274
168_1,0.0022686399123300004
7157_1,0.015239928471772135
11193_7,0.037231763067557565
12163_1,0.03761452174657873
259_2,0.0012843658612338657
9977_1,0.0022911888136331947
5169_10,0.9979534108787014
7439_10,0.9984006055963618
10261_1,0.016641940116629693
6623_7,0.8324600748847178
2834_9,0.7349100496453997
2930_10,0.6027297501779986
3232_10,0.9064943142988313
533_10,0.9542286423717443
6006_4,0.024020201475458868
9029_4,0.11433310152874168
7738_4,0.14232686848914736
52_4,0.7215413813947038
374_4,0.9928168399489383
4502_1,0.3573241672006161
10309_8,0.9355871352399056
7541_8,0.6803760103695683
1874_1,0.6739716934141399
6884_1,0.01540269818705545
7285_1,0.015166371851955844
3385_2,0.10861619224177033
7078_2,0.23829393239043667
10788_10,0.9133535229250236
6361_7,0.9504660868889918
5761_10,0.972883398919628
8946_1,0.027623307064037407
393_1,0.11063583257296504
458_4,0.23027167551100242
7435_10,0.9993641179753076
10816_2,0.00311568144018374
1606_10,0.9982365296287293
1742_3,0.026874643301382485
7167_8,0.7017629910964727
1249_9,0.9456142338239136
473_9,0.7961728856729329
3475_9,0.8740155929965946
2316_3,0.09877567315653873
3739_2,0.7633919833332804
4746_9,0.8118857694968175
9924_8,0.5231279809774982
2202_8,0.9999804678018652
11531_1,0.09767449580018712
11138_7,0.9987410176190352
3402_1,0.0013493921213121555
4547_10,0.9830841522264788
2786_2,0.5804165746713565
1570_8,0.18029225888784134
3095_3,9.157777166908574e-08
4745_1,0.028011771734886136
165_4,0.06859767667498988
1578_4,0.2436627532200255
495_10,0.6293008607066285
12414_1,0.4708850131514653
1383_1,0.33733048096290286
10438_3,0.09621738453434332
812_3,0.16347624710936526
9588_9,0.9506369195309966
7785_10,0.9753002255713739
11169_4,0.04801665553948989
7476_10,0.6397487828609518
8196_1,1.643260085026945e-05
6526_7,0.7318815806993901
1695_3,0.14214454905363047
11077_10,0.9186535861350282
7642_7,0.961197225329294
7618_3,0.7155177262449017
353_10,0.9993580341221225
210_9,0.24826295302805734
9455_10,0.9160720053258254
520_2,0.0003946246027560992
7615_10,0.9977607105006953
7475_9,0.2668939572663289
6894_7,0.9407418710228814
8622_2,0.003719429673984294
11149_3,0.0013861826501698823
6154_3,0.313873875411274
2514_7,0.6372828723932719
4359_1,0.6957804710969271
8797_4,0.24678223033182306
10023_8,0.6196183435163192
1212_4,0.20319906198019383
9985_1,0.04036141122153474
4182_1,0.002976150484545569
10662_10,0.9840661088938871
3907_7,0.9742115882715321
11342_10,0.9964203061232549
1483_3,0.13991764582258207
10510_7,0.7561758210366827
8522_2,0.0004539791272313097
6049_4,0.04358398688342752
2687_9,0.9759757598903102
9766_7,0.6767053286799469
6792_1,0.0014347436881115465
5990_10,0.9971737975087756
11699_2,0.3523668701129225
3446_4,0.00576532843823921
10448_7,0.6231389562493299
5629_1,0.16327748424370858
2831_1,0.09878678506631801
4351_10,0.994121330482
2547_1,0.013623896871919288
2778_2,0.02306456874438063
7307_10,0.7369678557332772
11148_3,6.761407775095317e-06
907_3,0.3104102014457525
2184_1,0.005856468194192253
2030_8,0.9729096828387792
11051_4,0.07982470539447091
9150_4,0.5534909114691681
12418_7,0.8826021857025755
10724_10,0.9787104611219652
8876_8,0.9996353755123617
1620_7,0.44291406240670406
12423_9,0.989480705602153
3642_1,0.5987631652026628
10214_10,0.7322013284599799
4575_3,0.26885414913492595
2692_7,0.9758399118236901
3919_1,0.019949214902876156
11971_8,0.2365790092470531
11676_10,0.9660250762282078
8047_1,0.01659402833798046
4009_8,0.8360488392805203
7929_9,0.2636139567145455
2432_10,0.9800686556483041
8933_8,0.9903534249856939
1375_1,0.1660999678913142
1861_7,0.9197586376711699
10897_10,0.9818964980167081
2828_10,0.45195260345016697
4568_10,0.9999514823435995
1535_7,0.9964623940963157
7282_8,0.6386027928469455
12365_10,0.8878843674994351
6682_3,0.6309488105102309
1393_8,0.2629900869882964
7270_1,0.0038922477358125465
1680_10,0.9466656939089709
8207_8,0.9998803327668704
8612_2,0.30761784957523786
5640_9,0.8101659485266662
96_10,0.9987993983361221
12093_2,0.9684251286971468
2068_9,0.9907355815879554
9799_10,0.8749233858738356
8730_1,0.00022016770724650093
1000_3,0.39008759124101394
742_2,0.5155831793203407
10432_10,0.9528196384367963
9425_2,0.06902502700872838
11636_3,0.16449849768606328
6564_2,0.012372600594646952
5706_9,0.9663376895965808
8594_3,0.002781783084794195
9488_9,0.8855571193960654
12283_8,0.756025119466623
6579_3,0.11193929653557576
6738_10,0.9990297432173122
9007_2,0.0074984254858962264
2723_8,0.9885536876554472
5115_3,0.09600634529961229
9469_10,0.6342839362425121
1444_1,0.0007127758625853426
5688_1,0.0027436041977970567
12390_4,0.49130162543612493
1681_1,0.07636445904729186
9048_7,0.9618412702694872
10207_3,0.16137453916754574
3817_9,0.7851400738502532
2200_10,0.9727058074322489
4250_8,0.34338413851460475
12213_10,0.9976353324634522
11602_4,0.8765827581291561
4507_4,0.061390716453105
3817_1,0.04052319303902452
9394_1,0.28646742821153737
9129_1,0.3790677371266362
3675_7,0.9639821758355757
1670_4,0.3867858325552398
1151_1,0.22185120213408105
8818_4,0.04540090451177648
4810_7,0.6872928647102975
4979_1,0.04252708637096489
80_4,0.5338531184801787
5506_9,0.6013766900092137
7451_10,0.7894948477449749
4539_10,0.7719613622553273
6914_10,0.9473285374696976
2807_10,0.8361473088571265
10229_10,0.9638739664787875
10908_8,0.7276488502211571
7709_9,0.998831083849725
10872_9,0.9896999396652147
8487_1,0.04803920066715124
1140_9,0.9610539620379076
558_10,0.8994856415849505
9935_8,0.6039954951360738
1084_8,0.9870473787279941
6185_9,0.9619749370953962
9278_7,0.9358743506069821
3756_7,0.9288197654165811
4308_1,6.28125302814397e-05
121_8,0.8257784084107046
11072_8,0.8617041595636321
9420_7,0.4606648173839605
3955_1,0.02663884656625901
9591_10,0.005263850203051983
11176_1,0.5351643460720986
11882_2,0.1296549126261725
12458_10,0.7487644359046391
303_10,0.9927374435652989
3779_8,0.9550145379408294
1805_4,0.19587071755976443
12054_2,0.008746831784680774
1990_4,0.002821234698878971
7331_1,0.0627217617798934
6243_8,0.8270642537527398
7201_1,1.3365107309976848e-05
6230_7,0.6375147730509944
11252_3,0.0015369158544211003
8379_8,0.9088391489712642
11890_1,0.8679999685526008
6977_1,0.045557440857318006
5481_1,0.029104763817629383
6013_7,0.37714284540244913
11638_4,0.24516626343698308
3302_1,0.19272124429425003
4837_4,0.9660691423726407
737_1,0.07050923817896836
6128_3,0.7770758641209299
3749_4,0.12417443266436728
580_3,0.042789942415378535
11031_10,0.9761994971641842
6644_1,0.004560734436853037
8517_1,0.06129902755929196
4883_3,0.0005701640971666756
4273_4,0.0010073659151801702
404_1,0.007468980029882323
12108_10,0.8766151298202549
10005_8,0.8617951297342873
7140_4,0.3175132783820963
258_8,0.9456521797163264
6746_7,0.8740400261863965
7189_2,0.6240562541061222
11626_4,0.053667595700896256
10785_10,0.8592976324071452
11007_1,0.10118950798852093
8987_7,0.7656619210015524
275_1,0.000914759648637395
2554_10,0.9730019776262734
2682_1,0.003610855785702389
3797_1,0.0057654477670123485
7383_1,0.8230647624326973
9816_9,0.9421529630933343
11057_8,0.9470134615758609
11901_3,0.4186774241462501
11501_3,0.606113201476528
11999_2,0.018576583486640645
740_3,0.027626925656668508
3109_8,0.9798033275298195
2773_8,0.9875310722111474
5725_4,0.005625655279664953
4423_3,0.007936230658070934
4035_2,2.114945838120118e-07
6550_7,0.5048495194678287
711_4,0.44678525597497404
10773_4,0.11809123019984362
11202_1,0.007078358835727074
1054_2,0.000195219349363229
2207_10,0.855440661932003
9809_4,0.25739237161945766
11349_10,0.9365456634145494
5195_4,0.3535094232199796
6881_4,0.09160688443318463
7537_3,0.17409963927007505
99_3,0.7141555231166452
6589_9,0.9991859683286676
11781_10,0.8022911391939479
4337_3,0.001647151583559501
4928_10,0.980966288168868
6310_1,0.18149107319653837
11867_8,0.9288499650577948
9462_2,0.3014760067140588
12224_9,0.6730949628135294
1195_3,0.001188484898856473
11324_10,0.9978952273085326
11272_4,0.4014169361464089
2461_7,0.9923607188260082
4034_7,0.9906786450952694
2340_10,0.9999339912623564
9827_9,0.9610831731963806
4660_4,0.4981280795319845
2448_1,0.0015839005402986776
7485_7,0.44284670512781393
7003_10,0.4398910177746367
6204_1,0.006033009454022318
1920_10,0.8744120443345802
6824_1,0.03910435786408544
6668_10,0.6674097619937519
7359_1,0.1468705198561339
2753_4,0.2979519637526911
7320_10,0.6938510968048077
3661_10,0.9992426132628272
1059_1,0.28596325130104666
5067_10,0.9305618732958568
5724_3,0.006001308875687586
11265_2,0.02078497719171829
11331_1,0.0005068663746007643
5398_10,0.7840516123477604
9328_2,0.006460376599438202
100_4,0.2453690085723575
6118_10,0.9652225471922597
320_3,0.01569122485466047
4395_10,0.9972454415429708
7256_4,0.013034063928288432
3949_10,0.9332492885261305
7097_1,0.8760694164409835
6971_2,0.1359509025429325
9855_2,0.05729906102717779
457_8,0.9704517024750354
9929_7,0.9895693648102264
9574_10,0.8765130609630272
12261_4,0.05498724888412928
5228_9,0.9528593164067558
11684_2,0.015042878860583723
7913_9,0.960395532053951
9595_3,0.18394761323435874
10501_10,0.6766383062671318
10610_7,0.6816178631415158
8573_7,0.24896928423503853
1823_2,0.28432264511233935
12070_4,0.8254809547178109
6995_8,0.7042809232773886
4929_1,0.0030517105881237073
2555_4,0.06403494711746181
6583_7,0.7509759647696723
2490_1,0.0008222342482999088
8203_7,0.9118814823124162
7861_3,0.001600172022326605
2548_2,0.7399649990034892
12291_7,0.7882804339641745
756_1,0.058725263206527024
9275_7,0.9185826362506029
9234_9,0.7775853967376177
10598_10,0.9292563090757375
8252_8,0.9036718097676939
3585_2,0.0009407836353370118
11561_1,0.0034395429289000995
690_10,0.5397431909385703
7203_10,0.9979933995212487
11141_10,0.9151863408137291
5583_10,0.9841538827573968
7341_10,0.9918663784354418
10623_8,0.9914595043355329
868_4,0.03470850361509863
778_9,0.9911671961131368
4653_10,0.9390716991094125
7450_4,0.9950287590754924
8836_8,0.42412419828395903
226_9,0.7766758747842065
464_10,0.9991675434908864
2850_9,0.8985231450068762
10242_8,0.8761820309084759
2403_10,0.9992297929453532
3397_10,0.951144909071643
1003_4,0.6570655886888929
10940_10,0.32166946282967357
3349_10,0.9997544408618956
5909_1,0.0427673177463793
12021_8,0.7976402546235539
5019_1,0.26215854980187303
1809_7,0.983850388687805
4435_10,0.9221513413649989
10029_1,0.003035042572372377
8234_2,0.3096254933801401
3760_1,0.06722376763920372
10952_10,0.9974793825184144
1487_9,0.9782953319117752
46_10,0.9926781357059493
4917_4,0.009120492039506455
2000_9,0.8075831470104315
10974_2,0.07072680245142686
11275_8,0.27226714282522596
1816_10,0.9929463049685008
4848_3,0.8528286780968009
11730_3,0.08365548325099907
1903_10,0.9882176053305569
12331_9,0.7359844701298376
10360_9,0.9324790015093155
9243_10,0.440036834580588
10115_8,0.992103960912578
11417_3,0.015248093951093644
6259_4,0.08122814409153997
316_10,0.8200441965721587
1100_4,0.12171892352518823
7919_2,0.01563874280186526
1871_2,4.072322960123804e-07
12488_8,0.9951196749221584
10239_9,0.5264904237103145
7832_2,0.00036518376695315847
8808_1,0.000652784097520233
7241_2,4.60435053213068e-05
4412_2,0.2197601531195778
807_10,0.8650099856959155
9728_8,0.7703094772785694
5665_2,0.3072615584161532
491_2,0.04546747511765278
7938_1,0.010936307704734914
3513_8,0.9865796803495117
8942_1,0.002048461437617838
11520_7,0.992453455461374
11478_3,0.9335546358693669
5627_10,0.7559077938490368
3462_2,0.7284745182999698
5161_10,0.9945501467432529
6545_2,0.028815871753353917
6513_4,0.7648111484130142
3032_1,0.00036896759218107034
7403_2,0.19296226367222666
11878_3,0.05939901005360389
11348_8,0.9330330525200303
4979_7,0.8972971695517095
7131_1,0.00010233736487931401
3972_3,0.15506983880114084
2925_2,0.31979691948922057
5346_3,0.0021378933972593557
10709_3,0.025107126700285875
10999_2,0.06372638965732141
5974_10,0.9927016507903417
9008_10,0.9512715428302787
1324_10,0.9993090291862955
10454_8,0.05146822659146259
8336_8,0.49993289006968505
5869_10,0.9075704731081542
9922_3,0.004816212543318772
2081_2,0.11085294845233103
5811_7,0.9942590277334357
1619_10,0.5047467389736011
5461_7,0.9147160063307587
9152_2,0.06767071955542849
9071_8,0.9863389078809836
4688_10,0.9941550427132396
8956_10,0.9974408065026531
1883_4,0.00045659170513829065
5707_1,0.0003999220467054142
7529_3,0.39937247562840816
83_1,0.09670167849330305
10440_1,0.0003155857789835912
3673_1,0.0018816265161387324
6983_4,0.10486835585926362
2546_4,0.14465894177573066
6698_3,0.8858386071799152
10689_3,0.23475235499213112
9986_10,0.8464138855912238
5614_10,0.7920532448397026
10094_4,0.1456396261985635
12468_10,0.8551838744929088
3828_10,0.6315289782612091
10524_2,0.0009689071772135602
2016_2,0.02239331115625491
7583_4,0.7528832720967922
4795_8,0.6551565030138489
7564_3,0.11089995984959006
1366_3,0.1276294607707676
508_4,0.20884654739743813
9509_3,0.3294624972979548
1587_3,0.00508047514069244
12376_4,0.25995983850536647
2525_8,0.8300418265884958
2877_2,0.039833959267541984
9485_9,0.9936580799587553
12023_8,0.9222158159977085
11544_10,0.9553115611137313
198_3,0.034408228180062735
4390_1,0.008182548953660424
993_8,0.5918922430781914
7965_9,0.9421479611789929
8865_1,0.0007599827655835495
6638_1,0.015240069555091135
141_8,0.8467317855259657
136_2,0.006997906053383292
3004_10,0.8334143796726069
3457_9,0.8140219934595546
11488_1,0.4514258044915668
644_2,0.010450294924257529
8387_9,0.9638636175554451
5026_3,0.43720078362302056
8936_7,0.638374668929601
453_4,0.9859960770452114
8547_3,0.0460869257741618
10542_4,0.09566541561843207
5231_9,0.658136917705012
9592_10,0.9726946519545902
8591_7,0.9314427673756537
6686_10,0.9744069047093594
7246_10,0.9822863813087456
2194_4,0.10010784460845568
11533_9,0.9897979202262039
6109_10,0.9799791217057686
9092_3,0.07902900971101261
11223_8,0.860500009907199
10829_9,0.981955551767794
9857_3,0.057556443802834645
2223_10,0.5519450347173435
8052_10,0.6206097905833129
11604_3,0.764676331659243
4448_1,0.06408142309632364
5394_8,0.9794552232504234
10168_9,0.9083138565273109
11943_4,0.2051573595157375
7311_8,0.5342478133994016
1362_9,0.49922742105003565
9165_8,0.9773948176400988
12294_10,0.9089750904204515
6086_9,0.9566935996784498
608_8,0.987222008236574
4592_10,0.8468376277918331
708_10,0.9367535511242141
6548_4,0.04423879875120888
7552_4,0.6783002436590319
9263_8,0.8136831417250925
5393_1,0.08245332539541984
220_10,0.9170635901059333
10640_7,0.9994615349750018
4086_10,0.8925156732039613
11026_3,0.08830943172472272
12466_10,0.9990585923504274
905_3,0.3104102014457525
92_8,0.8433001034651755
11362_10,0.9360312528108897
5030_8,0.9276620783294529
2909_7,0.507992674162911
8402_7,0.9007283307633754
4046_10,0.7633694602437738
4065_9,0.8284889823729813
6460_4,0.7365026087495581
11108_1,0.1431984491831037
1139_1,0.004935000960953036
2457_3,0.047645520209437145
2675_7,0.6930126997785999
9360_1,0.003106952596490751
5750_8,0.8187331649425141
7125_2,0.05090731274877607
6637_8,0.8472073753176715
3290_7,0.9636080230690691
3979_8,0.16020652740172883
2100_1,0.005816485947844262
10836_1,0.04974928604476649
10904_3,0.01636957455399475
5226_7,0.8010191681923992
22_8,0.7873712362302171
2726_10,0.8540512383135316
11405_8,0.9966729794451736
11204_2,0.010561855302189905
6201_9,0.8887557714705702
1653_10,0.9989280113204284
9500_7,0.7180858761466371
12104_7,0.9407624270039336
1499_3,0.0010642499297808228
1415_1,0.009374791863107487
11285_2,0.7608708018446879
4481_1,0.43541113024785366
10249_8,0.9408804875804267
2391_9,0.9984536972100057
2186_3,0.11427766826488787
56_10,0.999736421206837
127_10,0.9987335395473922
5509_9,0.47608676566111185
9855_9,0.0029593186967745997
7522_10,0.9663612841463705
11751_9,0.9406257489706371
3330_3,0.27770584824594174
4055_8,0.9993773850085319
3694_3,0.5090510569645401
6911_4,0.01908763552628643
9677_10,0.968344326136162
9706_1,0.0037651461661190877
426_4,0.026124460055252548
2995_2,0.0830677959552543
7914_8,0.8980068384824463
11344_9,0.9743679888780233
680_8,0.9523571191908516
2094_3,0.4613319726174243
2009_9,0.9963675733954589
7309_7,0.9630637346162685
138_1,0.019615064678337152
2689_9,0.9977453385942625
6050_2,0.0018761507962446198
8987_2,0.1220813463118354
2053_8,0.9993164344663674
12245_4,0.4245095566687254
12020_10,0.05477776072138451
10364_10,0.868155152515548
11581_1,0.003963592977745564
12079_10,0.7503940662320832
6537_1,0.00884066453763353
2739_10,0.980103238206838
8719_1,0.6411057442675857
9436_1,0.005776546382229906
5029_3,0.0538239326027427
8321_10,0.48247683658759627
7135_9,0.7616167444676918
9512_10,0.7027482724583977
6397_7,0.25658900150725816
9457_9,0.8066815060871053
7740_2,0.002513578659104898
10591_2,0.06094768465250012
9856_4,0.030293052035228092
2456_1,0.5397261392087372
10543_7,0.3787763530157372
544_4,0.9837359760216032
3679_10,0.9949823818454893
9042_1,0.003560349448265834
5368_8,0.9033627957875797
8276_3,0.04525391000323779
1984_2,0.011602135746969545
4205_7,0.7089091204812586
5765_7,0.7159004922442186
5202_1,0.024026828247657134
4127_4,0.5143710895940878
12316_9,0.9824085047171177
657_1,0.010882338509639386
12205_2,0.03897337712507186
3426_10,0.9981341739051823
5616_10,0.9307593982020386
11644_3,0.357541648805757
795_10,0.9791538261960884
12416_2,0.020319245846681964
115_3,0.009673394380857899
55_10,0.9549292691741602
11187_10,0.22431289627762926
9072_4,0.7160878659055568
875_4,0.8503217694941064
4196_1,0.008316424755656263
293_10,0.5024618423119812
5564_1,0.013883505788754897
6811_8,0.2543615950702438
9135_3,0.2884617154228031
9964_8,0.7001646498787765
981_9,0.3174076889944948
8506_10,0.29293364567593966
4459_9,0.76679848918944
7609_1,6.888354877835706e-05
6246_10,0.9084940655720881
5989_4,0.10237633082768288
11839_10,0.6764923976141116
9186_2,0.3156049816652635
3411_10,0.8995928073051648
8677_1,0.561290038761217
9125_4,0.7986286433394653
2166_8,0.7688509879817207
11827_4,0.6118479645973033
2574_2,0.5358745801328053
4789_4,0.4710002600740973
1093_4,0.003780056089188795
8195_1,0.07363103913778872
11011_10,0.9549573383187064
3944_9,0.8308511620515274
10606_10,0.48716559922619046
5029_7,0.17178827171894362
9496_8,0.13299120238677029
9256_8,0.991355820865894
5640_3,0.00995017872443262
8164_8,0.9755270793821698
10413_3,0.02613837142059791
4838_2,0.003085042144286835
12265_9,0.9572932275162133
6222_1,0.0015726275801589572
883_8,0.9905813063104915
395_8,0.31570743974670146
1182_7,0.8496298721292203
8701_7,0.6634194341156998
8863_4,0.0010011761812203695
10943_3,0.008530458376263102
10692_10,0.547953369978071
11872_7,0.992579319360368
4729_9,0.9936762942594598
920_10,0.8648650294119452
9352_4,0.031482385654537134
10095_9,0.9498293934923373
8986_2,0.11952457240010324
7061_2,0.11589053871894629
2746_1,0.005223389918015683
10359_8,0.7567233359908716
6826_7,0.06562432723485952
7075_3,0.4675959335127542
8237_10,0.88971953436885
9103_10,0.8620604562837815
6538_9,0.41524798805904845
3085_4,0.1451560911056864
10759_9,0.5945891851024421
12249_2,0.013404732464884973
6774_4,0.12922570096217434
3564_2,0.6128862151456682
144_2,0.0018402146040379396
12112_3,0.0010597780433738958
8166_10,0.9342535423269102
10817_8,0.9039020078193732
7462_10,0.902360241688126
7626_2,3.2301087053771036e-06
8221_2,0.2611828536509542
2528_10,0.8758702272021873
6765_3,0.09195855118208618
1267_8,0.9980683170465936
8257_10,0.5389954599230512
11501_8,0.9509837541739137
11196_10,0.9743946209674684
10006_7,0.7716524260071463
2104_2,0.0006506254427017253
9067_8,0.8598484302580883
4760_4,0.13551591995664342
4372_7,0.3331378861946666
3441_2,0.03035972697845544
10439_3,0.9326725446957109
6604_1,0.029163400821589726
10689_10,0.9681735327202177
11289_4,0.045668441615530644
2051_7,0.6480690685276351
42_10,0.9980164603312294
1567_7,0.2673370639230193
4890_9,0.8263341955944731
2583_1,0.00714223030340738
5376_2,0.019329548021443533
2539_10,0.933031280879449
390_4,0.1604378288563462
11509_1,1.3394209731249755e-06
7481_8,0.5959465310052098
10840_2,0.010079699153887806
9433_1,0.7081292992844984
7774_10,0.9992677664136517
2654_7,0.10218202048368351
9582_7,0.41123949954764893
1780_3,0.03334105841305325
4032_8,0.31909640159690433
3130_9,0.9745097294347931
1920_3,0.041305899820519104
5056_7,0.9541654891745013
4537_10,0.9015636296510012
2505_1,0.3242718661785556
3942_2,0.002953477743568002
483_2,0.059342669883461124
2771_3,0.009643170027603825
4872_8,0.9909445142690005
7897_1,0.001493341958504339
12039_8,0.8077763203704262
11008_4,0.677475058172594
4090_7,0.8931797280346536
3051_4,0.15903286636870384
5700_1,0.00694568790762447
3498_10,0.9071808935974095
5676_7,0.3089040281894829
5565_1,0.0012959635753977473
9347_10,0.9116272750764736
4178_1,0.12338560564005807
6303_4,0.19224673219637983
1579_7,0.4956725935412449
5783_9,0.42096620037417676
4001_8,0.9677353017318748
11698_2,0.021582159113401254
7029_3,0.008407097795468346
268_3,0.00010505122205746128
7098_1,0.994024980546445
6608_9,0.9996720288964284
1123_1,0.0517477328929587
7523_10,0.8285761038459925
10647_3,0.08763083053938632
12232_8,0.9871921932236549
8103_4,0.29532034278164165
7336_7,0.9589324456178857
7049_8,0.98945185265795
9694_3,0.035156918802008934
5894_3,0.08487024604253625
10981_4,0.9453758155184924
10104_10,0.9778676635407172
5752_7,0.9822502087196263
2622_2,0.05430919612994521
11529_2,0.03979037803035911
5040_1,0.0052862252544566505
1870_8,0.9841771216312086
7368_3,0.0398996373289906
843_1,0.010448635854535631
4972_8,0.8375630782505036
4615_9,0.936319717525233
8191_10,0.9298259609164978
6940_10,0.1882672702392621
4924_4,0.45944750686264624
10392_2,0.002394694903275517
3339_7,0.9408664288408508
3594_10,0.9861187665873957
10354_7,0.4466110511155712
6594_10,0.9803962675497461
11311_1,0.0011780101650194594
4409_10,0.8671743382788509
1669_4,0.6079513733932416
7819_1,0.0016389556939120893
6704_1,0.006410291234299161
667_10,0.3204377754900058
6444_1,0.08087518135203618
1223_3,0.002591248884094079
10089_9,0.967013436733813
6699_1,0.0010231283837231367
814_7,0.8615445148053078
2363_10,0.7561412511729346
1697_2,0.24484260212501252
6345_4,0.00016158423522783747
10109_1,0.04487553192096603
4563_7,0.8537519230132027
1924_1,0.10096775463487509
11416_2,0.03824742398956638
539_7,0.16375653619332586
5937_9,0.9996504528851775
1912_8,0.348357050232325
4135_3,0.11651900319228813
4141_7,0.8996597187776939
7217_2,0.20121901218512678
5538_3,0.06377389787541662
2657_10,0.9274594085841781
6279_4,0.34141301714034894
7706_1,0.026552485576156828
10409_10,0.4664278024771609
6780_1,0.01844830463936338
6251_10,0.9995870201088528
12227_1,0.24052766139629536
1146_10,0.999040750621834
10977_9,0.9100236487526129
3857_1,0.0033292974380056124
7622_8,0.11483229820623386
2548_7,0.9013575314799525
8602_9,0.9413847951426884
8885_8,0.9193393053789533
472_4,0.4341553275970293
11700_9,0.8475903073509341
10268_3,0.024362250714334652
7569_10,0.9999424495979576
475_1,0.307765834006203
4719_1,0.0023400207619921265
8851_3,0.10972118583356771
6320_10,0.9324736527482246
4290_7,0.19347362170401222
7936_10,0.9749327211059792
4616_1,0.045270168674315804
3616_7,0.9103908355387472
4849_3,0.39277494696578047
3689_7,0.7618257739659575
11224_7,0.8688749036963251
8893_7,0.5733679479811261
11126_7,0.9899313832405269
4816_8,0.9316934401309784
5895_3,0.10053292088449908
9373_1,0.05987678194005949
2445_3,0.5697814885332276
556_1,0.0018784730662120919
11855_1,0.0683271815450249
11346_8,0.9513640482967387
8621_8,0.8270705033516625
10259_3,0.011193011239200803
2354_3,0.2653849407684007
8477_10,0.9667488117336636
11408_7,0.5011852422882147
8490_1,0.2533869282062078
175_8,0.6012325026274918
3376_1,0.053784106604411054
3888_7,0.9578181796279571
11655_2,0.48475915464488945
9630_10,0.3554629306343103
8121_1,0.29692408987189034
10758_4,0.26024642343581234
1979_10,0.9981204754658402
9702_8,0.819990244165457
1064_1,0.11790181466117243
850_4,0.0971494512208663
1624_1,0.6631506006304366
5885_10,0.9559688634532493
8246_8,0.9644103856049168
4073_7,0.9893523284632384
5116_2,0.5455218246486804
5379_2,0.05415934368232941
75_1,0.046415140283557046
5895_10,0.8300606501276514
10651_9,0.9225369266063729
1776_7,0.91810390061967
8500_1,0.002094111681558134
11026_9,0.9949812485779355
12195_1,0.12553717458201602
1832_7,0.9999287624715099
11424_8,0.70710907475869
1744_8,0.9949777532864357
9699_1,0.00016190869279704423
11840_10,0.5124021975746036
8955_1,0.21829916808733488
1571_4,0.3182392405878063
6434_9,0.9777031241604064
7214_10,0.9519874378961017
153_4,0.3381856674821611
3914_1,0.08225187167997457
5005_8,0.953280697530654
8283_4,0.12482361049911413
8846_1,0.011767802161122104
3708_1,0.27299138788812033
5123_10,0.9984509260449818
2868_7,0.6243134307419286
6395_10,0.9973443552599409
5788_4,0.3980082375481941
2380_8,0.6693217991673077
462_7,0.9846393576403608
11697_7,0.9838428243133478
3577_3,0.025270906768349498
5569_4,0.4194421492339481
348_1,0.005977825903969715
9194_10,0.9950415721766427
1001_4,0.40010104944226926
6869_4,0.1428210701177113
7182_1,0.4926013490957974
2089_4,0.005412728899622407
3496_1,0.42747060620436184
938_1,0.1344205144148827
10325_9,0.8325996701114163
786_10,0.9803594165965216
4562_9,0.8558572868285068
2566_9,0.9664826635110543
10732_3,0.45231391599180637
7621_1,0.10300051538426797
11747_10,0.9989311789230776
11271_4,0.7542499104581786
9057_10,0.9983847026097933
12374_3,0.01413787207016246
9130_9,0.8942767052759854
9735_3,0.11160269565994306
4305_7,0.9984265317779399
10477_9,0.994531180678002
5498_9,0.9992952285278272
4452_8,0.9841501268209142
7993_1,0.015345097096162165
3245_9,0.9969998890705676
11289_10,0.09157740179588846
2678_10,0.9899427826603685
6836_1,0.005326463710889365
10936_3,0.0010920419910948381
6870_4,0.15043145950102613
10109_10,0.968911602628002
9907_7,0.1180311984517684
4801_2,0.03361543482854025
3684_10,0.9997062666667501
12305_9,0.9918958979386714
530_10,0.9507174113828415
10977_2,0.724853923720754
9819_10,0.7768372135250867
5057_1,0.033310661981961795
8703_10,0.9565193712562116
8997_2,0.003189211108918918
5766_7,0.8411205532152947
9436_8,0.762343326649112
39_9,0.9901218355067546
6052_4,0.043473798356525616
9748_9,0.9123619270051998
8395_1,0.015019804973458357
688_7,0.3776675163868932
4688_3,0.6507483729648793
6287_3,0.0027628346922318713
1945_8,0.7077822484499514
11830_2,0.08323886014143024
4042_2,0.0010047014535142223
10160_3,0.008033354604822254
2069_4,0.34566659904935404
11039_1,0.1304618351122805
6675_3,0.6910146429121906
9189_2,0.23472259416032776
3683_10,0.9892004787488456
5536_10,0.9569337067143656
11089_1,0.013926982347967227
9064_7,0.40666853292806476
2079_1,0.020310136304521074
648_3,0.03853839659717863
12300_10,0.9767230224097045
5755_8,0.9195122459728984
3460_1,0.0008537426381366246
151_2,0.012750380932754449
6990_4,0.04993567195157289
11356_10,0.9862898627817954
3062_2,0.0026353527059225254
4310_1,0.07838042124099574
9393_9,0.570317088823567
5886_1,0.006222970665770184
7359_10,0.998811899218821
3210_1,0.014434605085971374
4689_10,0.8258827299229977
11111_10,0.9999992059209095
1413_3,0.28092357114032457
2502_8,0.9979646922858804
10737_2,0.19252931675613055
6525_10,0.8670286885742601
4416_4,0.0011488592482998986
1705_4,0.39371203282932177
1485_10,0.8694405732488178
4406_9,0.8374324925080465
3365_8,0.9772814951281994
6825_9,0.4179977117626048
9214_1,0.652254349173738
8171_1,0.893214301121329
12138_7,0.17845421814233978
2421_8,0.9766302251215714
7727_4,0.0007473833866391583
8236_8,0.7882576514030597
4802_8,0.9745189773765446
5429_2,0.3171053421862251
6584_1,0.10889911507332804
5429_8,0.9236709130891313
2124_8,0.9980830523446271
11670_3,0.0888813414414893
7527_1,0.07738258567504293
11193_3,0.13526627163861055
3647_10,0.629480468354927
2084_3,0.020023144575323996
8481_10,0.9941705833662978
2458_8,0.9564033693075431
8705_1,0.29267244813858817
4919_4,0.13502848598749062
1621_1,0.007519801759647133
6059_1,0.0019065015212584148
4132_1,0.5014449583482782
10953_9,0.7427018909899539
6692_8,0.9799283094905472
3604_3,0.1394741589272875
6432_1,0.07480020770323616
10932_8,0.9859679514662677
7248_3,0.7162970063705887
3837_4,0.07463181194515156
8770_8,0.9978481045807772
12067_7,0.7426512056806926
7351_1,0.026244509826228554
11556_1,0.16621840073597255
8220_1,0.1498541935619568
8008_4,0.03403600036226084
6500_1,0.49127067558185017
8303_4,0.017101726865026187
6765_10,0.9641002190844363
4701_3,0.9082542461615123
8956_1,0.05043271751534011
11443_8,0.9217744137300335
7119_7,0.7390823601373573
11761_2,0.26176933454792856
9921_9,0.08386751005015343
2275_9,0.9971776859477298
8849_2,0.02366426243745323
2791_3,0.23427552516585715
9105_10,0.7653718517129374
1991_7,0.8509896673747744
41_9,0.9999926074341273
9259_1,0.09551928958875465
3785_3,0.8842364141152165
12335_3,0.0030610412454573454
7020_1,0.002694087820791146
9490_4,0.17424705242324096
11296_1,0.03760227262949009
7641_2,0.2290494287202857
8163_7,0.9471647139737965
7342_10,0.7812872209809023
766_8,0.9996279990793142
5399_1,0.011988585068912086
1565_7,0.8369676387939382
12_9,0.9897809271351746
11574_10,0.9844768512681624
8194_8,0.6439709287687031
6110_10,0.13094005775826528
8108_1,0.011163860603511221
3852_4,0.08895365508767224
11474_2,6.836818066456798e-06
11554_10,0.9089750904204515
1798_3,0.3986950448990436
11814_10,0.9539263407573719
5072_9,0.4801783837899002
4389_10,0.9653071794244552
8148_10,0.982389331320197
5840_2,0.037766803801202474
1972_7,0.28934629455647576
10169_3,0.05399442043214509
8651_1,0.0003849352735315055
6399_3,0.016165496365037998
8965_1,0.048796036399563314
8853_1,0.013614921723743864
2841_9,0.9939940348435149
6658_1,0.21891634413222538
11515_1,0.021709714435856835
4474_1,0.026115314260166063
8221_10,0.9825747997551785
12204_10,0.8015873513335434
10671_1,0.0013767342200879007
7335_3,0.8692679232423159
4050_3,0.537493706085085
9465_8,0.9671996363752708
11620_8,0.9683477977647651
11998_8,0.9983135290449614
11188_2,0.39642482885100844
6656_1,9.016015023074403e-06
3416_4,0.4737215310684598
11558_9,0.8227002266935117
2752_4,0.14186040428695282
10330_9,0.943474226638611
9323_7,0.9924791391049492
12232_4,0.03206876981670325
5699_7,0.7019563087178055
1020_2,0.3253889308805447
1161_1,0.0701493073919045
10187_10,0.9571029141931626
4585_10,0.10788436006345446
7570_10,0.7486428048992512
9752_1,0.15563182984835408
4956_1,0.005861007343039048
1355_2,0.0379189543999995
10456_1,0.005816686650547254
8757_10,0.786475143319646
2286_3,0.06259002097686338
1297_7,0.7415793095502622
5326_8,0.9980660318053373
11535_10,0.9949668298176204
4783_10,0.7874295036792059
4292_2,0.008556716649376019
2856_1,0.0009457199228913637
450_10,0.7862101458856795
9611_1,0.6299160065605139
2403_1,0.5766773245339779
2037_7,0.9909212996619967
9580_1,0.5089946093336936
1694_7,0.9429674453946637
11385_10,0.981572682085723
493_1,0.03639976416332297
9013_10,0.9989671359910965
11235_3,0.34927775560449215
10793_3,0.12132763404059643
2197_10,0.9689566421810787
1887_2,0.002334956650193419
6617_7,0.9156612610901573
12028_1,0.03688820409363467
5413_1,0.1134821441703921
1134_1,0.28166212566253707
1290_2,0.03604911421339398
12241_8,0.526221001301549
965_3,0.3401102557205774
2044_10,0.9948632012714014
7782_10,0.4067437695652007
6087_4,0.5143710895940878
3600_2,0.45797819779235593
1588_3,0.04404871887206367
10421_8,0.37162253957741115
3390_10,0.8097828506218202
6531_1,0.2691969003389314
9792_10,0.9028207968822037
3755_9,0.94617983074905
11471_7,0.6535876205237136
10427_10,0.9949252094818386
4011_3,0.30139343590508694
8784_7,0.16286692279996834
10714_9,0.9962996642435311
6031_9,0.8322591514441282
8130_10,0.9983262353400746
4772_9,0.33822387034384466
6599_7,0.2718919478336003
11335_2,0.12394951359833382
6412_1,0.0034718631832528295
998_7,0.9959330397911984
9542_10,0.9742481904471805
1490_3,0.14759554890946464
4142_10,0.8915372183023019
8371_10,0.999578936189257
5457_8,0.9999074575912991
5001_8,0.9672009204059244
150_9,0.9491459289197982
8487_10,0.9110658737829403
10024_3,0.04587643561949615
3687_8,0.8953917125620027
6171_10,0.9774350643155831
5462_8,0.9278305480458289
1372_4,0.06000164038884052
7361_8,0.5286464078156698
1030_9,0.9817448587196638
3341_8,0.1282825226218401
7677_2,0.013536889153425042
6584_7,0.9200368650451246
2372_10,0.7121957736989695
5898_9,0.9877927904541774
7370_7,0.6335307115324286
3018_9,0.9998580512517171
4899_9,0.8584095412641706
2385_4,0.6987477728621846
8433_9,0.9991056351114332
1989_8,0.64297905712615
10401_7,0.948135207061561
5668_1,0.04123054873968853
11516_3,0.05773832953728445
12419_1,0.08436095209253415
5402_7,0.35318254992061515
10537_9,0.9397990461166457
117_10,0.9980630042145893
6756_4,0.24721054081587243
4051_3,0.09648360415494274
9687_10,0.7417739603587733
11011_2,4.5529904693731294e-08
8460_8,0.9338767580876871
5155_3,0.015600297596687213
2473_2,0.05556410580305165
4074_1,0.0011773323726494808
4730_10,0.9763759765721417
5310_2,0.03234749084224295
6630_10,0.9704302317549393
4363_1,8.801388286227367e-06
1022_3,0.44536757815326483
8247_10,0.9371737271208781
7437_10,0.9981995400331327
3846_7,0.9340097099451632
7298_1,0.00041618676503537736
11955_4,0.29990201933677
9448_10,0.29603563688266815
142_1,8.991480715835755e-05
2260_3,0.00045000450370383537
9012_4,0.17916587952074436
5321_9,0.7646897811092892
527_10,0.9945774473081078
2898_3,0.0010773604464582936
12302_9,0.9932054060679816
1463_4,0.4443193487628573
5278_1,0.003867312558062514
6450_1,0.05444730463938391
9704_1,0.06979468265401702
2673_2,0.0027638023865525544
10175_2,0.0026627299539282736
8006_2,0.8608327565139283
9492_4,0.5117548904535548
4595_3,0.6659047929587429
9499_2,0.009419545300534815
7869_1,0.000600199953053402
4047_10,0.9943930191134238
4962_7,0.89544548634917
4052_2,0.013053507206737135
1423_10,0.37371626465984387
7376_2,0.026627494716940713
1067_9,0.9927299721374602
3289_1,0.1658080232267148
5780_9,0.41495919106185136
2965_2,0.09910176669955714
4127_10,0.9897373724223453
10156_3,0.02208248719010738
11164_1,0.07878695127915562
1422_10,0.37371626465984387
9470_4,0.34892281316564533
7733_3,0.2612857023993089
3814_3,0.1966653922932609
9900_1,0.014453173564986039
5363_3,0.014329618672969457
2878_7,0.6391036020199037
11647_2,0.02654318682659202
1729_1,0.005667841149910201
2263_1,0.8356987215793592
11707_2,0.038268574754853873
10722_7,0.982765002307542
6321_9,0.6778898509129856
7339_10,0.974096355470408
8003_9,0.7995598079877405
11009_10,0.4536039120573974
9458_1,0.16051618503349196
10359_1,0.001128011160644779
5530_3,0.2869511439434132
3377_9,0.9926029717578904
2256_9,0.8283318218201938
9036_1,0.005030260775564996
7621_7,0.1893152709210808
9992_4,0.30509276842906674
1004_10,0.9457467570922994
6339_3,0.06717688036086339
5554_10,0.7823576999895901
10128_10,0.9990741551004285
4540_10,0.9955836940283909
1410_7,0.8294026950813664
7072_1,0.06855542917655397
4324_4,0.03739926809287529
9611_7,0.19384648587995393
7571_10,0.9997785185404635
11337_1,0.03830113554352503
1169_1,0.07733373362389519
10881_4,0.05812092126122369
8782_4,0.021894753791536232
5357_10,0.9919781290877197
9318_7,0.7579609083763397
9071_3,0.9756486006029135
485_4,0.4449439544187016
3164_2,0.313289299343563
1343_10,0.9957599666494125
571_10,0.9918338956542013
6749_10,0.9192804752695108
1945_4,0.004823827470445143
8132_3,0.041249560886286
12380_4,0.0014181409214932175
11183_4,0.8603424239296324
10526_10,0.8517641754822394
7234_10,0.9789958177567317
3054_7,0.5914128873370756
5217_1,0.00047547549709137424
7106_8,0.4898125342821702
11043_10,0.9994009811636636
8447_2,0.17790017783993853
9744_10,0.9086661352392947
10638_9,0.789353670203903
8778_10,0.9682963938270736
3666_9,0.9978433311545597
4223_10,0.9802521497825109
1642_2,0.2620541593450695
10541_8,0.16361324836319183
8067_1,0.12129457400411689
11116_10,0.9648218399030232
8701_1,0.013169237450860634
6422_8,0.987107285195625
9168_1,0.10525127392891707
4130_1,0.0023170273807635007
8492_1,0.03414809929399078
6430_3,0.013988131207492753
9306_8,0.7039426145242687
10487_7,0.5349775587712867
6687_1,0.08190267614327557
11869_1,0.002165850822888845
9224_10,0.9698392136319921
1625_9,0.9394199089923588
8651_7,0.9791622982897401
3702_4,0.4208845613933297
4470_7,0.6467020186899262
31_4,0.040523325180127495
11316_10,0.977562131388353
5961_8,0.9826128346723106
4428_2,0.29649841273018107
2540_4,0.14590030229369474
4855_2,0.9419419860246888
9997_2,0.0003719868885462303
12214_2,0.014385674284755932
12383_2,0.025057722635520047
12344_4,0.8295628326110647
8147_10,0.9889232658678617
2019_10,0.980534925778802
8161_3,0.069897748298855
7312_10,0.4710893689228869
9310_8,0.17867365870363508
11966_1,0.0074012740139255415
8962_1,0.0027932663034696058
5661_4,0.10831083628496521
5765_4,0.10350729127114855
10934_8,0.9487352176104632
5801_9,0.6940262597037188
190_2,0.7355294515403034
880_8,0.8522698642272751
10677_10,0.5468618183861851
10520_10,0.9733498209284573
6697_7,0.3598804082730342
11582_1,0.0017273408102010245
1986_1,0.02385838990643482
6021_4,0.6560277575688104
7220_8,0.6842147311117933
5870_1,0.017957823536050275
1459_7,0.7988377984056108
1733_8,0.9738009649631887
7060_9,0.8877403488355226
5249_9,0.9403648392632208
8845_9,0.9977256778887931
10133_8,0.788425367932451
3041_9,0.7096097574345739
11504_1,0.23303786984371797
6261_8,0.9797450490850336
2942_10,0.9991498469113477
5522_10,0.8438100140597642
4260_8,0.21728478851759506
1600_2,0.013479424430784558
1698_10,0.8436158139245639
5823_10,0.7587149531566464
2413_9,0.9627511343225886
7316_9,0.4447104985882219
5963_2,0.0011920999516217706
9960_10,0.9865818947686167
6014_9,0.9506708733562566
2357_4,0.055436126757375075
9788_10,0.11168501999995106
8100_2,0.004566694954241346
4099_9,0.3245188463769093
10894_2,0.014211650285697408
7940_1,0.07682954865866523
3605_4,0.5409675832268773
11270_3,0.19828236807203697
2306_8,0.9912122574692833
3825_10,0.9573587975610264
161_7,0.06671445756154928
12121_9,0.4905082220694803
7916_10,0.9588377118951648
10598_4,0.159260995729443
3484_10,0.9712114451155627
8967_1,0.05506438005911569
4005_2,0.1784321125640445
10355_4,0.4194615618562187
5215_10,0.41824599523181033
943_3,0.005245266281446112
11786_10,0.9840588244749578
5938_2,0.03502176115314118
998_2,0.03228203761443946
4333_4,0.003796454216672897
6606_9,0.5007254853409422
5251_2,0.05931812714859606
4152_4,0.47792780113688016
3148_2,0.5954392342149725
3344_7,0.8558136629800307
9832_3,0.48919744680228067
2689_3,0.3867881347028401
3400_10,0.9825052074136289
4000_4,0.3237405858896492
3934_3,0.36880244713003135
9014_9,0.6414011865779412
2339_9,0.9425939868126016
8833_1,0.034292108390135995
10197_8,0.9944215920959716
8811_1,0.1708914928924102
1805_7,0.9924418647639442
2238_7,0.9513480872573434
2487_9,0.22384960441543808
1737_1,0.0023212525291315847
4085_2,0.01806977879612437
5665_10,0.9688918856238864
9721_4,0.09278252777711092
10577_9,0.8800910364123021
8892_7,0.7226392067953042
4503_10,0.9999297963560078
9348_3,0.007317160649371668
10382_10,0.9880188239740966
8339_3,0.005161932526839148
5199_10,0.9802355694423237
1897_1,0.0015314934486622563
3578_9,0.9994446778841847
9192_7,0.7990675251247656
12154_2,0.018786168928989426
5089_2,0.0015185145093326408
8988_7,0.12303088349981828
10170_8,0.7355332354849472
6690_8,0.9769795835523273
2549_2,0.0037548796680861043
6546_3,0.026186623578648933
5283_2,0.0122122536169451
8131_9,0.986477381439321
4745_8,0.9934932845884359
7251_1,0.10659683551448078
1829_8,0.9975305117769299
11922_9,0.9830612016510452
10322_1,0.031131893689645463
3163_4,0.0637789833473363
11849_9,0.990507859141743
11809_10,0.7968946218177575
1275_3,0.43269394785806353
11694_4,0.23245805167133995
12112_8,0.37609720601784963
11212_4,0.6882472816180458
5124_10,0.8950129066965351
5362_2,0.002337119340178721
2680_9,0.9971086205785638
11181_4,0.8614801482779395
4345_1,0.029179217111303793
8916_7,0.9317453288657114
10042_8,0.9223482041227478
10324_8,0.6693583761418329
4425_3,0.970068585902596
9133_3,0.9419011565328984
11028_10,0.9833770449336926
1941_7,0.06403600192230247
10142_3,0.5486051774873827
4572_1,0.004086503600826879
10512_1,1.986748032882492e-05
7180_7,0.3227970528684818
3948_1,0.0781398175514602
1238_4,0.12785278589495816
5269_9,0.6211715489561651
12346_8,0.5862846314121952
11481_4,0.5882346842952564
1943_3,8.232797523378182e-05
4742_1,0.022570941700579453
2433_1,0.008015099823645675
4422_3,0.19927551072845923
342_1,0.06315551399188576
736_8,0.5955261003253463
3036_10,0.1564974092116011
9336_7,0.7323674790676781
9205_1,0.00020028170844215096
9923_8,0.8719818866338247
8875_2,0.033945132419722183
2023_7,0.9758789107745401
4102_1,0.35044453142226206
11345_1,1.8692980801642414e-05
6736_9,0.9996529236411351
7839_8,0.9871339249422484
8572_10,0.8372955560757223
7211_1,0.05514499408839572
6666_2,0.008968745996756986
1978_7,0.9624138604416963
3156_1,0.010103535330708032
3333_7,0.9527460920261195
3720_4,0.6496011840240419
1450_3,0.8204627068086645
8563_10,0.221735125723394
9087_9,0.9877420058532498
6843_10,0.958753391634816
3485_7,0.3067558903746893
4259_10,0.9992519553617094
10186_10,0.8538993402386919
3312_3,0.10133189484670574
7624_4,0.013548162316013879
7930_3,0.013149053476548413
8407_10,0.7831334678134949
1771_4,0.7384620564361557
11919_4,0.008640764407843286
425_2,0.3595954749170336
11795_2,0.037870811339397015
6767_1,0.010039694906647278
2996_9,0.943093286983617
990_1,0.06381238953459345
3757_3,0.24671811348963132
2981_2,0.1979430388540802
10277_2,0.09358600257771435
662_9,0.3594928417328999
5311_3,0.41985949882019363
3796_10,0.9356136524046664
3846_1,3.091619161415703e-08
5651_2,0.0034901548421950863
6649_3,0.1210875800689583
10779_2,0.002117191826123166
4548_10,0.9148080276185812
7275_10,0.9662265174951259
1605_9,0.941131256179849
3580_4,0.10030677700465643
5712_2,0.006050086182195762
5287_10,0.9210356421438415
3230_9,0.8134333993372919
7936_1,0.029667461638053432
9983_3,0.0004873271473706861
9959_7,0.7809161071577823
5739_4,0.15163803203992307
4308_10,0.9093470362937965
4854_8,0.5226063992184973
8620_7,0.8127949574654347
7923_9,0.6206082085170259
11686_10,0.9170998267120684
8253_1,0.6125080394543769
11030_4,0.6442994857025938
3995_9,0.9237472941980509
10763_9,0.9664735953135339
6780_8,0.9905006329235235
10895_1,0.06620035521735237
11778_1,0.33961053900963134
8512_10,0.433545570680725
1061_1,0.000295559945454322
10584_3,0.0032915147302921407
212_4,0.0923677518973088
1908_2,0.03145599489162901
10958_1,0.029321434151588596
980_7,0.8606775225179321
2686_10,0.7676525913722165
2088_1,0.032324153309999736
6075_1,0.0821932390536019
9782_10,0.9816796462867382
9180_3,0.2852520662164803
2478_3,0.010371498201787576
1634_2,0.0007699866784011416
6810_8,0.5073700313787705
2562_10,0.8205881409377171
3841_7,0.8592529646957635
5387_1,0.0049313700876845515
9047_7,0.9867398841335474
4962_4,0.19099301869750462
8597_8,0.97887460285694
1515_1,0.001892179837053805
1974_1,0.737351003573226
9935_3,0.7868826301020968
2404_4,0.3325898726237566
8638_1,0.0016276833700871632
8720_1,0.31688559525564636
11411_2,0.13687473129145103
7676_3,0.4706095738476693
11756_9,0.8658505231974768
4195_1,0.0011004628622082301
11787_10,0.4612284556939506
11838_1,0.18606923025224378
11748_1,0.03731666279637063
7309_3,0.7254823811022658
502_4,0.7889736872218186
1239_10,0.8803805586695748
8925_4,0.053958780472047385
4242_1,0.16950452507634173
2112_2,0.00023655292512662218
6359_8,0.9999975702666958
8034_9,0.9999598851710645
807_3,0.38963994656387513
7852_4,0.2333262464013665
8014_10,0.8572633211219075
4823_8,0.8904414426423003
8448_10,0.511064707394172
3564_8,0.539977075646614
858_4,0.8910917651999926
8529_7,0.49535879351770035
6515_3,0.0675760041447541
2646_10,0.3958140526461612
4278_1,0.34337649475299836
5641_7,0.7370223501937413
5382_4,0.0009821763833058903
3300_8,0.9925973162796806
4849_9,0.9029442971648354
12013_1,0.0012020015888919372
107_4,0.5237739595612501
10046_10,0.9032584813567734
9141_10,0.9328558494092589
10297_10,0.9887225484953807
634_10,0.980320864174607
438_2,0.1168578445836568
11794_8,0.9635850320203472
3937_4,0.21710195180824274
3602_4,0.24432656590061985
11851_1,0.0028225812267735043
8690_7,0.772607464230879
2697_2,0.04321827030184346
805_10,0.974465823749727
7572_1,0.007923561122995863
10553_1,0.32048932896176907
5246_2,0.009050325511754135
2064_8,0.671822402565154
11856_1,0.22887785226146792
9026_7,0.9088608074278712
4449_7,0.7939025846081045
8579_10,0.9572617163866752
8503_7,0.7212819459603087
5734_1,0.41764034744269585
11507_1,0.002610621895771067
7956_10,0.222417721124621
11245_2,0.0002612418551832509
6142_2,0.5679638753932252
10657_1,0.02033900209824083
7992_1,0.23478425170363026
11347_9,0.8944009724131786
5278_8,0.9752152846618873
6362_10,0.6536880799419897
10214_2,0.016443181974150862
9184_7,0.9586678255725587
2666_10,0.8452448063854662
7527_7,0.5870318923531879
2001_1,0.007967009058688353
12000_4,0.020650706969037595
10302_3,0.4975157060793595
7160_10,0.9719804533425536
2757_10,0.9994740854621226
3792_3,0.03530652920480639
6199_1,0.003733322962098061
10467_3,0.04938475763262762
531_10,0.992621060718426
8193_9,0.988405143226298
248_7,0.9824278095122946
187_1,0.058495872810609466
5193_8,0.8444856703718582
5138_8,0.9840491876056756
8467_1,0.3190802995569343
11029_8,0.9082534440440473
667_4,0.10436577108551677
3714_1,0.046983818070595755
8102_4,0.49616183744416825
9195_4,0.015068016020667211
1432_3,0.022252875753449718
9095_10,0.811466010158682
11510_2,0.24294732402865452
5644_1,0.45283927356624193
2556_8,0.7093764331966742
11887_2,0.0787344332097363
5374_1,0.07546444328626904
5356_3,0.43055856172081763
10209_1,0.3753411378629704
2001_8,0.19287700491556056
6088_1,0.30814691075612194
6140_4,0.3924883107022466
11494_4,0.051034540709109386
11631_7,0.6690037692427727
4818_1,0.3479062792428945
10914_1,0.0006203042055889718
4472_8,0.9705774669535588
8735_9,0.9886771556925736
11190_1,0.19814135424765833
462_4,0.0029596599651940036
6566_4,0.04807579573930772
4598_4,0.6690474839116965
11566_1,0.008462091718078166
2560_3,0.43388913621244707
11969_4,0.013815864754277703
8765_1,0.00400166766291138
9957_10,0.36594108677850234
5210_10,0.7409612734491051
5007_10,0.9558109792595761
10290_10,0.9128883771531668
10319_1,0.047072624913775465
1848_2,1.0268351170459497e-07
1319_3,0.04236582730744377
11248_10,0.9915367470815073
379_1,0.005579379932718197
3469_10,0.992625387991546
437_2,0.0004082231683240033
3648_1,0.3678830879102696
8834_1,0.010213569047760123
3316_1,0.024571575148022655
9563_2,0.1411475797375923
4500_9,0.9962807390059876
6226_3,0.3288170515219789
5653_3,0.06292506899963177
5415_2,0.0032823941414741563
6725_4,8.602680215611949e-06
9462_10,0.9908928048698346
3471_3,0.4586585526954906
7259_2,0.011208831776724038
8181_3,0.1165616467906157
10749_1,0.35762413243393487
12283_1,0.0011137130041898313
402_1,0.0006477159181000456
8024_10,0.9068449821556659
11114_1,0.017948700972576098
461_1,3.5057235308033123e-06
10025_2,0.026201488522644863
3358_4,0.8941495542895108
2022_1,0.0030156399251090654
12493_7,0.9789365230729529
4131_9,0.9985443928271658
9852_4,0.003268262492218409
7122_1,0.0005081911053177912
1994_10,0.9260619464455491
10723_9,0.9636634610812026
3900_8,0.9992484908344161
7741_10,0.9886904539860145
4287_9,0.8158555742958978
10195_10,0.9612796922228536
10941_3,0.08531197620638598
1615_1,0.039453794236723905
12337_3,0.07209830820217432
2259_2,0.1508177247452061
6179_10,0.9953140130900044
138_8,0.9809721372502995
6482_3,0.058232753995543764
10362_4,5.729710143183084e-05
1341_10,0.9818098141510551
8299_8,0.6636709602708131
7839_2,0.011622444777942909
6659_7,0.799394206913199
7143_10,0.9999796254263256
12445_1,0.0001612865868574285
3796_3,0.42750372119823854
4180_10,0.9725607728496273
7775_10,0.9942718068929409
8946_9,0.9838196645479275
1936_7,0.9079309780160667
8387_1,0.0049130051167440665
10092_8,0.4498902897345086
5729_10,0.9243561171054753
1399_7,0.9777487817771985
4011_8,0.9977765956801204
7868_8,0.9998675374726007
3546_8,0.6999827095826082
8643_9,0.9661367876938962
6033_1,0.019332061294069447
428_10,0.9540992523516886
3385_10,0.9998821190747956
3073_2,9.248147135188836e-05
4169_8,0.86768415963327
8191_3,0.10991604732536547
211_3,0.004215005078261872
297_2,0.3663169541111314
4286_8,0.9773831216739776
535_10,0.9997521065073054
4851_4,0.9419530407944473
9707_1,0.005611651696098796
9740_10,0.8159563160456297
5410_1,0.0007338408492609587
1436_1,0.04495868955392703
3766_10,0.8420575931356572
2483_9,0.941745652565252
1937_10,0.9948886959633153
2939_3,0.319532619822269
3372_1,0.0006646807534089908
7825_10,0.7635301471953229
7780_10,0.9998347758221602
7656_10,0.9973642124466697
4850_7,0.9997496096409029
5083_4,0.10889034449451465
10429_1,0.009480090190907602
8009_2,0.0033967433387521407
10879_4,0.10417110204989873
7328_1,0.0042157775965265
10055_1,0.07470496066449328
11715_7,0.9971947469212317
1547_1,0.0022990502227359486
7665_9,0.5780792412136331
6061_10,0.8567615340231434
10800_1,0.012183905590694913
10234_3,0.1137715460847163
11334_2,0.06410405554537245
3106_1,0.04482906501245168
12173_3,0.009134727694463168
2076_10,0.9983078343620744
4414_7,0.08782737775775006
7679_9,0.558664127874702
2010_1,0.0004025255640518715
9460_9,0.9779082539127124
11261_4,0.38911091366051037
7500_10,0.4783232499817995
9503_4,0.04986001562357428
5937_4,0.28305027659614757
87_10,0.6461817239873073
2968_1,0.0006528896426869912
6728_9,0.8674353719047088
9954_4,0.000287125514378527
5875_8,0.9621489066153157
12429_10,0.10081027864717611
11247_10,0.8551347363609144
8879_4,0.6630397562959796
2999_1,0.007097450287979942
11448_8,0.5662212144359071
3629_1,0.0001755652389732938
1302_1,0.7664290385569937
10851_1,0.19037434565792888
9533_4,4.3089002517611235e-05
4078_2,0.12933064266136812
7813_3,0.1513054834151035
11284_10,0.9066891949785799
3509_8,0.9993288423161416
11198_3,0.08124367993108902
9197_9,0.9960945541316262
3603_3,0.9818900625170273
6472_7,0.9927564351669083
2410_2,0.0200847994301971
10240_10,0.7045328841388887
6507_4,0.16683743051688665
1511_2,0.5876517627808829
5475_2,0.04769697117018084
5728_1,0.0003898481188981707
5294_1,0.029368219925986407
12024_10,0.9897892689123108
2355_1,0.6281363229952744
4088_9,0.9913803879642583
2580_10,0.8458133865588777
9423_1,0.1817691554638079
6836_7,0.9722316458993657
11806_1,0.00015167014487784962
8412_1,0.01812254046881221
770_10,0.839303220358453
1029_10,0.7756502879926753
11288_4,0.012277001165373579
690_3,0.33803404574544876
1925_9,0.801883050949497
2116_10,0.877309506130458
8597_2,0.3407958439162582
8734_4,0.18316976556856587
5549_3,0.009322171475939429
5447_7,0.7567995460523004
2519_4,0.07825562701479136
11323_7,0.4680840779912295
9338_1,0.00011378742910291
3299_10,0.995288771982158
10585_8,0.1915003175248016
3945_7,0.7763228467590181
813_1,0.08121474241359378
1300_9,0.856894539984214
5849_7,0.9662476770150795
5535_8,0.7105828533824184
3612_2,0.0004214809034912159
11064_2,0.0028997497999889315
376_10,0.8472841525751562
8504_2,0.00019292590074667632
8198_1,0.03290025043841596
6485_1,0.0010641504867556317
9011_3,0.046170888262965476
6766_1,0.6725002306300246
7282_3,0.733472756620479
1450_10,0.7848203218809232
10644_8,0.39382211613552814
5424_2,0.7809228767942379
86_3,0.05492750326133715
1221_1,0.006432039121076562
2309_3,0.016279359821218822
5190_4,0.34406464425560107
11498_1,0.17414028845800955
11959_10,0.9417343635376858
10465_10,0.9591912729897009
3922_4,0.6015606423798777
9710_9,0.8148097163011152
2014_1,0.01198274694617841
3791_9,0.9215788917830867
3548_4,0.38288604193281883
6001_3,0.03783779926689583
11920_4,0.4782570995890144
10152_9,0.998877258740259
10305_1,0.7671769961647742
10626_1,0.3095758246329009
3057_3,0.6367221944343788
5387_8,0.02141432504921517
8138_2,0.019428924503572413
11134_1,0.014924937126943377
8341_2,0.0005828382562640941
6687_9,0.9406616074732527
671_3,0.4363138226439934
1156_2,0.0018966567271562224
11841_9,0.9408235809257198
7193_9,0.9994502912246429
2257_10,0.9997852638121867
5261_3,0.23440403138765104
10475_2,0.039562854466940134
11175_2,0.4649548005092649
8122_9,0.9105439441130581
6266_7,0.9526685905235328
4340_9,0.3347169124877675
331_4,0.021781635718553446
854_7,0.6789072647763517
6800_10,0.9877372988031611
982_8,0.9742914867683212
5916_7,0.9863383674914986
5871_2,0.012016632350374493
4106_9,0.9942782012685744
8506_1,0.04469093211232121
4610_9,0.9214785200693819
5086_4,0.2758056024309543
453_9,0.5337314483466554
4611_3,0.2625353910621636
3764_4,0.019671489126912644
7644_4,0.06047720592417088
4037_2,7.499701198282847e-05
1595_10,0.5057546841681704
7792_3,0.023769302074351257
10068_3,0.015619287755493667
7199_10,0.6932986310624181
2050_3,0.0012913431338235908
2460_7,0.992226874257971
9299_1,0.006579059325215987
6297_4,0.45521526174338506
7797_10,0.9716135677190667
11272_8,0.9946633482619602
7808_9,0.630931082796595
5806_3,0.11753743385341828
4573_10,0.21373755679706238
3935_7,0.9333680743577555
3502_1,0.01581237963838324
5744_10,0.0016393029575546996
10548_10,0.9942637123762001
3746_7,0.7346102215767354
3851_10,0.9988444463044847
2648_2,0.0966409634454911
11397_3,0.029661122493046067
1024_4,0.24693632039311866
4034_2,0.0005949818312964178
7010_10,0.9500752823638017
10429_9,0.9644721425474165
8086_1,0.00017816185453199996
6463_4,0.46887796297675377
3540_3,0.8660840450450211
7608_8,0.9544498895088738
5123_4,0.9752178473200136
8139_4,0.3162012798058532
2535_10,0.8961974588482855
4187_1,0.021941786115054117
1711_4,0.06801842012335842
6197_4,0.08119528901888522
4953_7,0.8202083025706878
578_9,0.6958007705898159
4244_10,0.8309587620613326
3893_8,0.9974394644565135
4903_7,0.9274029024778471
9850_8,0.9911276639776778
11450_3,0.05841823915267518
4926_8,0.9495290522678361
804_1,0.10215730129208371
5933_7,0.8406595207047178
4407_1,0.014432308679693502
7951_7,0.993446183518036
9759_10,0.9760548140971065
3936_8,0.9802526906406135
6998_1,0.20232036894617478
8967_7,0.9356959885519565
5061_4,0.9343705904504153
7787_3,0.26069647696367215
8320_10,0.9922470711763954
967_7,0.01698822615149099
11996_7,0.31529022482331065
4233_8,0.24764697404946884
2494_8,0.8463241768095203
6804_8,0.8673694246315962
1452_3,0.7147586321566473
10327_7,0.9873212274300803
1510_1,0.10602014110867783
7223_4,0.3312803275792197
2280_10,0.946031037067549
4092_9,0.9954406805692683
11305_1,0.017036531748061655
10599_1,0.019269126857909775
9545_4,0.8423929002811411
6423_8,0.7796623050521266
12314_1,0.14243742920824712
8470_1,0.022604392596268508
8957_8,0.9676453277125692
1725_9,0.9732232430173603
11127_1,0.01614298719934384
6570_8,0.6946346305883873
10477_1,0.0723241026723142
5503_4,0.2119453872526617
12251_8,0.7527167269061236
3474_10,0.9988796359174671
7269_1,0.005198628801287865
997_3,0.11694663774024867
10781_10,0.9673018647104765
6598_10,0.9710025461957944
9225_1,0.00552051558189745
20_9,0.9645944904090792
9671_9,0.9104732285488257
8627_3,0.03542468827928421
12404_4,0.710021893202037
1110_7,0.9997730716300526
6979_1,0.17971181081980805
9082_1,0.6589511306749056
3626_7,0.9174788608841966
4856_4,0.6991086674467252
11510_9,0.6929307016353168
7024_10,0.9977448830108069
1501_9,0.9136758252423013
4185_9,0.7497593545668122
8671_9,0.9980579323020505
2225_10,0.9008931524891675
199_4,0.9504568065368475
6027_9,0.9372258919765272
359_4,0.3917897805440529
4065_3,0.11462908997906107
12333_7,0.4295920134645549
1963_10,0.9082110963358251
9106_1,0.012313376296096546
10478_1,0.10229736162170965
10859_9,0.9696789517977534
357_1,0.011927545501853482
6982_10,0.8337748803521393
460_8,0.9263454500419055
9266_2,0.2975362888479228
351_10,0.9939608539861009
9562_10,0.8733461730181281
9784_3,0.1000554464711541
5949_7,0.9942408282699038
6489_1,0.5847670126374244
1607_9,0.6099542410461153
4482_10,0.8762534198217101
8816_8,0.11930098812315645
2427_1,0.42548048051736465
4838_9,0.9999892417035926
10961_9,0.9464747584657198
6708_10,0.9926102919256473
1045_9,0.9523658866764099
3607_3,0.08211684079552527
4325_9,0.9258124977311677
4779_1,0.023971515153410096
4624_9,0.845158208189722
4564_10,0.989533764324709
7132_9,0.4873346892412322
506_2,0.01648977959917092
5939_1,0.004974005007457182
3219_10,0.9922434607966943
8620_4,0.03851745195212787
2049_1,0.005620404871872236
3367_9,0.8525036598674187
7408_9,0.8656920356079112
8850_2,0.009887912934078471
870_4,0.2907481836984657
8056_8,0.4560428627503755
11367_10,0.7782722137332451
6160_10,0.9772093672595673
6712_8,0.16518687371338198
5267_8,0.8883021275632277
1191_1,0.2658338284166215
1513_3,0.0014805458052366588
4741_10,0.6342703271967086
9807_2,0.00034113602905854726
6926_10,0.9953430660833176
6382_10,0.9986561088991263
6636_8,0.9594251734828572
6592_10,0.9971119237196823
11308_10,0.9095024514519711
10853_3,0.14218203762948886
1774_7,0.9451965913174986
8259_10,0.9016135648408552
8649_8,0.9539026736175499
10739_2,0.20689029030153794
9843_7,0.8234319447448998
5984_10,0.997809999321967
8658_1,0.2975509065627473
10386_1,0.014453816471322621
3271_4,0.6967311821713369
6167_1,0.0013084142247980662
529_1,0.027745944836656294
5696_2,0.03531993670325283
1601_10,0.8425915800592602
10744_8,0.891953675514243
6121_9,0.7051993288865629
2598_10,0.999686409799655
9209_10,0.9960988299009482
3831_1,0.0003804293618123588
7171_9,0.9184644266212535
1850_10,0.9758094695728111
8728_7,0.9436982488487381
7698_7,0.9339545346312271
5954_10,0.9954527737326819
7104_7,0.18838576063871296
5617_2,0.12441942152518141
3896_1,0.06466492763575353
4355_1,0.06644397252977853
4212_7,0.5619809613758991
622_1,0.005974436426294228
3368_8,0.8709668279109626
2870_1,0.04160503426676926
12107_9,0.9648846193966174
8016_8,0.9996344764372002
8752_4,0.04381985411886131
10653_10,0.9548851216042877
7245_10,0.9960749836741825
9742_9,0.9906969150716196
7637_4,0.5717366170912749
11903_10,0.981693788854242
9818_3,0.1272867117334141
373_2,0.02413245264777331
110_10,0.8447692208302481
2450_10,0.9999089295674328
9009_3,0.004038995308795161
9132_2,0.06865460369527976
11076_1,0.0690006860235268
4285_4,0.19068440720360902
109_8,0.0008757125335570477
2585_8,0.29296067394655767
7781_1,0.032295935135295495
1359_10,0.6918469257089372
9773_3,0.0827762322896067
10328_10,0.997385562466341
12063_1,0.09344003447766318
12061_1,0.00014244244960571174
555_7,0.46669954654738516
2288_4,0.004041146073952435
1259_10,0.034501222193184355
12098_1,0.027799865824312684
6493_9,0.6197886954023093
324_3,0.08231858124115299
7834_8,0.0856282010311729
8918_7,0.01872931598236512
10736_9,0.9879174396434014
5272_3,0.48946909273862776
4302_1,0.02019937131060648
646_1,0.23687181538781163
10868_9,0.7784920238880513
9654_8,0.5655424361276615
10790_10,0.9575002620120742
10589_3,0.08173744706520729
6364_10,0.4351610928509239
8477_1,0.0006664206647581884
6938_2,0.06308000185486014
9420_3,0.184244524942211
1527_10,0.999271504714315
5769_1,0.14751553679103824
1655_9,0.9981096377051877
3917_10,0.9815043762623791
8666_4,0.06463952940390297
11820_2,0.27329380403941766
11633_8,0.5133314030967272
6136_4,0.009208501777632749
10293_1,0.059921145132590184
1084_1,0.0005380725539236487
12287_9,0.9898420300765142
11297_1,0.13244399789897
6913_1,0.06809163538537497
11371_10,0.9881584823030541
9937_4,0.025011998154381185
11341_10,0.980562961335668
5233_9,0.9389402485417431
4358_10,0.9959346227794731
10735_10,0.9891948046614483
5234_1,0.007607344305303543
7523_1,0.017341825628243927
5758_3,0.04182757774243572
11916_10,0.9990808657576353
10276_8,0.5144084084599709
5950_4,0.009433790187727989
10329_10,0.8960323590063287
8419_1,0.011580098703181104
3343_4,0.06826610378502358
3640_3,0.2575230661986089
10160_7,0.834643449539885
1181_10,0.9878490834617261
9181_1,0.4684857966716673
5778_7,0.6890766671927733
3659_9,0.79784404759428
4695_10,0.9570823348348392
25_10,0.9542686777538237
6127_2,0.006031925347330422
1343_2,0.1646162152938395
1110_4,0.26780201253135366
12166_10,0.763254997440337
1853_8,0.9852405522587742
6651_1,0.06336281596329371
4927_1,0.0009207651337183445
10933_3,0.437956655224383
6911_9,0.9968655294618188
467_9,0.6452337174798509
2267_4,0.21328295094506053
9005_3,0.07315169030397382
10493_1,0.0017924192215069963
8159_7,0.9877662153990947
10039_1,0.0636354378101635
5147_1,0.7871327337605352
12176_10,0.11296048890081437
9299_9,0.6584432740814036
2824_10,0.548697295409642
7695_1,0.050887599331403285
8870_9,0.9855010733899889
4063_8,0.34974849286468584
396_2,0.03739988059175689
9016_3,0.03907698209648161
10148_10,0.975377094930564
2028_8,0.9158965590655452
3738_7,0.9272198797855753
11365_1,0.3552909017007095
9987_9,0.9829614465832935
4050_10,0.9988081798319652
8028_9,0.4940259922539527
10161_7,0.8903336796677869
5997_3,0.40320312452143947
7771_1,0.41143634042743554
765_9,0.9814999465213261
6558_1,0.025344911468909128
9148_9,0.9997309721256267
10100_10,0.9579324120036935
11870_3,0.1681418785537499
143_4,0.16348538862044948
5865_10,0.8279932825159098
2364_10,0.9218024678724963
4695_2,0.06788209012487705
3150_10,0.9881706900859812
4181_10,0.8525307763610686
8121_8,0.8393261309307011
3263_10,0.9815815567411903
9178_8,0.9980089740201962
11323_2,0.44831617443245647
8922_10,0.9755010106416249
7884_3,0.34728654863849306
6474_1,0.3004076251860128
9697_8,0.8438163087905853
9184_1,0.01574726888599657
9483_9,0.9974788069028118
5353_10,0.8188227041497057
5978_2,0.0074700303423437114
7162_4,0.8056796754756073
12175_3,0.016594311745168733
8229_8,0.7620360471591349
8618_2,0.002106356095049149
854_1,0.02179136998462233
1379_10,0.5909266045484723
10833_9,0.7988080377183837
2244_4,0.35850709163612327
8145_3,0.04583948255436078
9069_3,0.11191395149928746
691_7,0.7909985080037155
421_1,0.15644141138639178
951_1,0.6045469568054316
4966_4,0.058169524584317456
9116_10,0.907647095308571
7903_10,0.9637426240276735
3684_3,0.29589517235476703
9435_1,0.2519195485684929
4998_1,0.012393718171919145
9698_1,0.05872364625876269
209_10,0.8295682810946959
10314_9,0.8767661687576431
6677_8,0.9492958047399677
3044_7,0.8888992902925181
1322_1,0.01948542286058656
3185_1,0.05151451631939722
6619_1,0.0014597388007013719
3765_7,0.20756530370557574
3348_9,0.2827147778198433
11833_4,0.5370696860984423
2250_1,0.003913059858868587
7760_10,0.6592972746595905
8619_8,0.8464456307658641
5790_9,0.7944663127512083
9197_1,0.019361186631352167
4350_2,0.00028349945593034636
11545_10,0.9983525490197407
12448_10,0.7959772082455138
7160_2,0.06465759790575115
5966_4,0.17880161263086072
5284_10,0.894111043565254
5276_8,0.1444291837683939
7498_1,0.07247964923083118
10729_9,0.8648607578988816
1827_3,0.004766509053993612
3111_1,0.0139035460483773
8298_8,0.5135336861341466
12447_7,0.7968339306131179
8035_3,0.030822851155970152
1203_7,0.9400563923431461
7620_1,0.21599325432433214
2375_4,0.10406639436442613
4026_2,0.0012887517089335528
1925_1,0.005102999310903303
3658_1,0.0040751320551413815
114_10,0.912356516424929
3386_2,0.37378117268467026
377_9,0.861604446126971
8855_10,0.8878332710939834
10476_10,0.9913797221992436
9073_4,0.7181722415701458
3255_2,0.02209230206303244
2918_9,0.8843869708858619
5221_7,0.7600539516669064
7546_1,0.006664394221035347
8080_7,0.5532158863377719
7434_10,0.7066078307342566
1772_1,0.0053569845362718945
2690_9,0.8710804569666281
7133_9,0.8864332905496763
9947_9,0.1059606973229474
11865_1,0.14967743096394473
6346_10,0.859595093229966
2945_3,0.03752667437533529
3625_8,0.7383524727146038
694_4,0.30276432941051895
6795_10,0.8748232608439851
9353_4,0.9719090074007432
12345_10,0.3328244015675532
5316_2,0.1033711565040677
12204_2,0.0018429498936444427
2186_10,0.9950480456584302
5568_1,0.028085326271328787
11080_1,0.09167495134320928
228_1,0.435772946942842
7795_1,0.008770394026827897
4886_3,0.25467809944431746
11547_9,0.9910053689239794
7494_2,0.156053262357792
5466_2,0.19156589183240016
3655_8,0.9785446265064606
4790_1,0.006211734890970423
12370_10,0.9952846286882471
546_3,0.2979199400112999
11818_8,0.9840873311096521
9426_7,0.7171750800515516
1524_3,0.7349320874500959
6486_3,0.0347526859429006
5288_3,0.014181550219812305
6797_3,0.311927621844046
8130_4,0.41408545185543105
4064_1,0.03841245965555629
4832_1,0.0007161636101478853
7232_1,0.21755082769146547
7279_3,0.37621685699691004
8356_3,0.28872739333085784
3556_4,0.39551509451874517
4097_7,0.9652823982244133
7801_1,0.40857063241432595
8393_1,0.009692074361678737
5847_7,0.9989473049885419
4470_4,0.024689558371937658
6922_3,0.006468277563099537
1094_7,0.8915038611102062
10740_10,0.9775655422124536
4933_8,0.9584725430736184
7794_10,0.9988399022049775
7218_1,0.2242060237717656
12470_7,0.6534182697220918
2980_7,0.9792146415532976
10896_4,0.19249656903387272
8652_8,0.5126524401787422
3638_4,0.1024003556745415
9497_3,0.4974979481742311
9266_8,0.9985780442378132
7392_9,0.4767525840024643
10_7,0.8523912207967624
2466_7,0.6248109453776205
1612_2,0.2235446093914674
10262_7,0.6663754010805468
2193_4,0.5764843382737532
179_10,0.9993404872806824
6025_4,0.8100936969492523
7633_7,0.884579672423031
9716_1,0.0005856413519997511
9487_10,0.8259689289084373
9800_9,0.9957865140461848
6424_8,0.6396414967755415
835_4,0.06839096344013851
11351_4,0.7533907234422206
5508_2,0.09628838911941213
12395_1,0.19730239196768323
11986_7,0.7651533413058803
9947_3,0.9318586685749723
11529_8,0.9077536910214354
93_1,0.3521074825157147
9914_8,0.7754763744901114
7953_9,0.7326257887521139
9418_2,0.011043773932473962
9089_8,0.7093823124691198
10337_10,0.99453928024645
4440_1,0.45238566263792285
890_1,0.005311935807543936
6965_3,0.05004641432951475
6540_7,0.9522228743668399
7693_10,0.9193914367771753
6470_2,0.17354192098188959
9262_3,0.20370327683540607
1901_10,0.9215709015427521
5107_10,0.9962735726262993
6013_3,0.4033963803422331
9295_3,0.14286987148246041
3450_9,0.9243144294974796
820_9,0.700861785746657
3207_10,0.9753745608415783
2620_9,0.8099442043001606
9175_1,0.3625186662138745
3058_3,0.00014659930174316496
4648_2,0.13594244975479935
2012_9,0.8502080944607913
8131_1,0.0052548850689988335
4808_4,0.018182781976771444
9182_7,0.9947615173574211
6829_3,0.012144315400527052
10736_3,0.27259396310892586
12347_10,0.9725856081520047
9973_9,0.9943208949795066
5320_4,0.5584096938369026
4462_2,0.07979628537204261
2573_10,0.8346579185864068
5580_1,0.002453282973102107
11771_1,0.01963488928800646
10782_2,0.8690524101069667
7719_3,0.006519260573458766
1897_10,0.9865046519982248
8797_8,0.9563762118418971
5464_10,0.9817999733963721
6480_1,0.0023757894104113704
10346_4,0.01472400092981887
9386_7,0.672889923322207
1027_4,0.37353533249663284
11905_10,0.980372221293605
7804_10,0.7352908841272473
1491_1,0.42449535014862955
6521_1,2.8846469326453075e-05
11835_1,0.002918238245070261
9661_3,0.007657021615631671
9476_7,0.5563976842932822
1398_8,0.40145092721903675
7373_2,0.06464208131792125
10278_7,0.9914444420920713
1422_4,0.13179569801250696
2823_1,0.0009265078193432817
2691_3,0.1969142345468393
5825_4,0.1438826394085877
4113_1,0.34094420544838266
10081_10,0.6880013464462904
6700_1,0.05347801288716584
4482_3,0.0768328963555287
652_8,0.9202109286960941
5364_3,0.09461202298812667
2853_7,0.6162315985903453
4328_10,0.72427827824604
2636_7,0.710910285069064
10850_10,0.9883635742572929
12059_1,0.011470538891096577
4135_8,0.9833101263186801
6311_2,0.007877510304926796
12379_3,0.010391057550964847
7288_4,0.03140417076480578
1463_9,0.9702379326641213
2112_7,0.9676749496333006
3942_8,0.4663148793498366
7693_1,0.26240102584302455
2451_10,0.9979009265464855
11441_10,0.9839644695153446
11331_8,0.8632907386546055
7233_2,0.018138661050102263
649_2,0.3173078780768341
6388_10,0.9293540549648978
3861_10,0.8087407770591187
4188_10,0.9377411598016994
10556_10,0.998074422604023
5855_4,0.25189995886059074
7153_2,0.03762094794511531
9710_2,0.3157819802161113
7607_10,0.9997597917811565
4534_7,0.25464779636120255
11074_1,0.004656924376118133
9650_7,0.7722641147114306
10921_4,0.6777236725397727
6121_1,0.2396425385193196
10458_1,0.15452647490209787
9602_1,8.55645230279485e-06
9693_3,0.7664197676132792
9188_3,0.874775868164502
6333_9,0.6770054493061175
8905_10,0.9917197200321232
1335_7,0.8543008591384852
11513_10,0.8094247187613626
6925_10,0.9952814519418501
10928_10,0.9791229458586589
12454_1,0.19069349288420687
6286_10,0.7204989492774575
5163_10,0.805754138678083
10200_7,0.5237550751482956
3501_10,0.9766959402899305
6574_3,0.21504962007665124
5169_1,0.49232601966291845
2640_8,0.990125669988099
7117_10,0.9810706338709438
3569_3,0.5683706945676638
9810_10,0.049122661307035256
2080_2,0.16498623962442724
3437_2,0.015599438734639271
7503_8,0.9936647757962094
3753_3,0.19012894571982322
10868_1,0.005292452836414578
12385_10,0.11438452845147264
11870_8,0.8356275816903109
6694_9,0.9325026104902338
11824_10,0.9937315634597981
1750_4,0.8054576079811866
572_10,0.8955733311753977
970_4,0.38464811723232506
12211_10,0.378069086050345
6972_7,0.9559553594691588
1554_1,0.29333839574127846
8868_7,0.2140373099211239
501_1,0.019869542525084705
2023_1,0.004322595785553202
4272_3,0.05818383023391132
2536_10,0.8204060112619583
2819_7,0.1159997992895191
1810_1,0.07605451074422538
11364_3,0.12956018085398124
6086_1,0.0049987091076670554
1901_3,0.005305910078205818
2847_3,0.11515401658528213
6224_1,0.026094458900800435
4305_1,0.017479162033060998
3685_3,0.022963837445768243
6292_2,0.09193124254756628
10626_8,0.926491384387137
10721_4,0.6648586140667495
8086_9,0.9999495943973746
7886_8,0.9408663890095269
6601_2,0.5021813747481324
3806_8,0.40613894714906895
2611_1,0.003916257672201513
1696_10,0.4774146022540541
3823_10,0.3312815018961092
6917_4,0.009733069367355688
9469_4,0.34459057796799875
9498_9,0.8898293896588854
11046_1,0.018043366600730835
6519_9,0.9896023693026467
10676_8,0.8699031057371074
3139_9,0.7890738304988407
1098_9,0.9887923793848598
2588_8,0.40026037911772483
9924_1,0.04201963163569745
2131_3,0.03531971440465172
236_3,0.9000733449425172
5390_2,0.2736829222240699
11292_10,0.3080135867244052
4149_8,0.5674568783368974
610_1,0.015833322510804985
10184_1,0.006666028810174015
9123_3,0.24031695305173464
3220_3,0.18985859339923952
9124_2,0.07255342882880829
9103_1,0.0015402979852638004
2896_10,0.9340623612887328
8478_1,0.0016093094345181697
11845_2,0.2452085904719936
3646_1,0.58838584470345
12254_7,0.8918656290741666
857_7,0.9867063863041732
592_3,0.13920416689236176
1276_9,0.933554169723076
5096_10,0.9990328661415778
10725_1,0.21279597252999002
8426_4,0.49009807076390094
10244_2,0.06630370468207455
4786_9,0.4377556592138264
8358_7,0.24836059199507138
5266_7,0.8896762554247852
3581_10,0.48573388637015275
12349_1,0.292739979669635
3429_4,0.43970151641113736
9807_9,0.549450092516238
6631_2,1.3981032831346803e-05
4981_1,0.006128721962246782
273_1,0.08387398936498237
733_7,0.5415836374806984
4982_3,0.01945657564089937
2347_10,0.894118181403796
6263_10,0.9213691563583648
3699_9,0.5473248092331859
2270_8,0.9172282479363656
8095_10,0.9985693905993419
3347_8,0.8947202131447
4161_4,0.6360501360698652
3331_3,0.010013160302812931
6845_3,0.0003641775830233389
9272_4,0.3022554164072816
997_7,0.9281855396119169
1798_10,0.9880669042572752
4262_10,0.6156624196668217
4868_7,0.6513177876685379
7487_1,0.14024181104374814
8262_10,0.990681034726253
12397_1,0.002483522027755652
4786_4,0.03952042060208681
3240_9,0.8747915593128737
10992_10,0.9653315579610436
8209_1,0.01805648995132748
6089_10,0.9870178582327247
9735_7,0.5716811294878822
2554_4,0.002100363639837293
8995_10,0.959498955291416
5732_4,0.4714204647104264
1088_8,0.9053801266037306
12345_4,0.3183080291506849
9364_4,0.3443822780447495
12348_1,0.5343132418549785
3311_2,0.0011210750146159988
6707_4,0.18432495846962405
7048_7,0.9336083386200152
9736_4,0.10248717202851117
2975_10,0.9955268928484469
982_4,0.12515715452260417
3227_4,0.030418471681357466
5185_1,0.0006999479478811664
2131_8,0.9651843195694754
6941_8,0.4790398528537506
11936_8,0.39388826021611945
2383_8,0.20732060421008516
3057_9,0.9911710541891475
8058_1,9.015563429956442e-06
4622_8,0.5237110029420172
2208_10,0.7973359105332163
12144_8,0.9411820012772787
2737_10,0.981611285050284
3550_3,0.4893975552573028
2789_8,0.9998960417756203
11757_9,0.9997319563922606
10676_4,0.03113079836919236
2855_2,0.0007831015832168256
2740_3,0.07795735889937586
8609_7,0.8863263792284961
2147_4,0.5317835592915653
8093_2,0.004461820697532341
10335_1,0.2490857000357833
1098_4,0.14087785071465894
6255_10,0.39947531835097927
7276_1,0.08817034648867858
11301_10,0.9899860914428322
1334_3,0.008717235012124387
8983_9,0.919167454664224
1694_1,0.058185068191382944
9658_1,0.004667134150468531
8438_8,0.6893631441915242
536_3,0.0002016565838502181
7074_10,0.9993918417638832
1992_2,0.10159189740276584
5040_8,0.9907771718247887
753_2,0.022356930877474663
7967_4,0.7876031368357738
3763_2,0.4148447112203178
3953_2,0.11407368703204872
3351_4,0.7567994410916432
1704_8,0.9547375555288374
6817_10,0.9928511539361631
11914_4,0.41992652559386695
12071_10,0.8117638102353134
6969_4,0.020350328541203475
11992_1,0.004489746141334684
11532_4,0.125979701420795
5253_9,0.9758933557730354
5596_9,0.9902428438898101
6560_1,0.0007909926616447155
8082_1,0.005415520656857486
864_2,0.006293226412455031
5929_8,0.7600222274337776
10217_4,0.16717861728838435
11277_4,0.15432927614796899
10701_10,0.108960869933091
1245_8,0.9998852897776096
10024_9,0.367470474079167
3344_1,0.18333946159484482
12006_10,0.9869716378680735
1031_1,0.017395684954032486
665_10,0.5805215256630581
10460_1,0.033530652747881896
7038_9,0.8277191343989345
7843_8,0.9286019601176125
5095_9,0.9942108307833925
11426_3,0.016293239622624123
265_9,0.9648037308302498
7163_4,0.012754741869800548
77_2,0.08304271443594073
4709_10,0.9629223196527207
11151_9,0.5630355992273833
2269_1,0.39461477896735075
820_1,0.0245129882402722
1451_7,0.7140842389392991
281_1,0.20651845090453427
6598_1,0.013230892961081073
4341_1,0.1805354885695361
9560_3,0.0010947160108272828
4698_1,0.3586526795144687
7408_3,0.0712337188726117
11729_4,0.10648125206936532
11489_3,0.08439467865296639
9711_1,0.000839623054887625
9994_10,0.9958000083327977
586_8,0.9440119476070287
8047_10,0.9906011349278135
4531_7,0.8097305536001999
1293_1,0.0003713979357160454
7581_3,4.8813628682506954e-05
5129_4,0.5597061693295491
1748_1,0.06886642708031801
8155_1,0.05804354663717548
8827_7,0.16441343667339886
6616_8,0.9862170162718498
1040_9,0.9981779144117958
10942_1,0.5082278146654764
5306_1,0.015030626763118199
8168_1,0.03411430848894072
291_9,0.9361936024315445
383_9,0.9446046821880482
11908_9,0.9658148919421232
7898_10,0.0033652983122099173
4043_2,0.00022091593993536397
3376_8,0.26627966167252226
3067_7,0.48818326225141795
11496_8,0.7285328383615668
9885_2,0.5018025450954751
3554_10,0.8286344058239473
2986_3,0.21780338120755993
1332_7,0.14910680802563164
5585_8,0.9917627639619279
5981_3,0.0004550941317395073
1556_1,0.00017568116522930752
8523_10,0.9227991543244716
11792_1,0.0005121173882432124
7610_10,0.9848085868881424
12114_9,0.5946140809434627
8589_1,0.005124968982352266
3898_8,0.9989204853665716
5101_10,0.9988234910491989
9607_1,0.8345190279301502
6673_8,0.9979342695548237
7662_1,0.05095682653972343
2241_1,0.24490001548976373
6674_2,0.0028096413722611376
7797_1,0.23043930544447774
6400_2,0.032763693308422256
628_8,0.7229964768071635
4898_4,0.7475757487566701
11592_2,0.007868762050460238
1311_2,0.01060964128591364
5494_3,0.21490228582675194
7067_10,0.9558745150972768
11267_10,0.9999697188665192
6797_10,0.9306460523467591
9987_1,0.008021054703869818
9740_3,0.04110381900562008
6743_1,1.155595595788055e-05
5302_1,0.0052893671461115245
8464_8,0.6013578581439755
7846_4,0.3145596660205456
5990_1,0.00028870349202330536
10889_2,0.004614833610860063
11406_8,0.14423890932662312
9093_4,0.01395489260550903
8501_1,0.04946183187633527
8431_4,0.6364721461818885
8076_1,1.1604902184897682e-05
6831_8,0.8263784358460734
984_8,0.9998316590327517
369_1,0.011644676667238306
9668_10,0.9845147762631116
2972_10,0.9997464531221684
5611_1,0.0348577082297093
659_1,0.007468262625515414
6360_7,0.7948448085555009
7628_7,0.37673293657859414
5311_9,0.6400304799442126
2005_10,0.8246764992306169
5396_1,0.3799663134529097
1308_3,0.0005331352996511737
4737_3,0.11356212799655518
8042_1,0.002679819074792801
11585_3,0.04657317981895242
1182_2,0.02196196707275027
2581_9,0.9404930083325354
10496_1,0.006428734883114596
3561_7,0.961981816060095
8272_1,0.034974247150743855
6571_4,0.21647796373833222
3125_7,0.8592162171166365
9120_3,0.020349889728997594
12220_1,0.048179882706577755
5783_3,0.733241505911609
105_8,0.9507738589303566
11885_9,0.8220271326638371
11317_1,0.026327138926811728
7999_7,0.891274215678685
5800_7,0.6947552830053902
2811_8,0.48244601180138885
7381_9,0.42595742006465187
9828_7,0.2391218179875453
7849_4,0.6396661437764878
8174_4,0.3711860425562641
9320_1,0.008070222388680331
5747_7,0.9700977024710532
11097_3,6.517235823752332e-08
6472_2,0.01909360074535594
1200_10,0.9067372114644336
10125_4,0.4636708573669905
5422_10,0.9955772485132445
9889_9,0.9956079982020495
7370_2,0.05581964667824161
696_4,0.24270311833281977
8609_4,0.07823781167812623
11850_7,0.23838212938868408
889_7,0.5958382456862348
8695_2,0.002013217115206504
4944_1,0.032815862017588196
6899_8,0.9827625381388078
3388_10,0.9964396764150018
1051_1,0.02937581473454902
431_2,0.020090144270182075
2353_1,0.5776846360813136
5131_3,0.04045074286964189
482_9,0.8798240656027265
1283_10,0.94156257183973
10884_1,0.0017907392034457092
221_9,0.46144287866556655
8688_3,0.015193798832621428
9891_10,0.9876884670039121
705_10,0.9999962830078155
5604_1,0.0171225610068529
4960_3,0.0328385652297712
12439_1,0.0005130606969601108
8897_1,0.007031364567670586
3549_8,0.9666525737508265
7301_7,0.15190795948359292
8183_3,0.9138728727556448
7751_10,0.9580061438571511
9084_9,0.8992039452674703
3048_1,0.0035334384744398323
8443_1,0.005240713901522013
3373_3,0.0987569581454027
3867_4,0.7664095555401172
604_3,0.00045450343590321607
2162_1,0.026277029619037592
4367_9,0.5953703718057638
10255_10,0.9989120802826176
1909_9,0.11770973665029216
1446_3,0.009096200076975066
1247_1,0.07578685451910865
2703_1,0.05982640209874906
921_1,0.007391849916961128
156_9,0.953105993684617
7516_4,0.27030777182241744
6155_4,0.22187900724685714
8991_3,0.5179367789672333
3813_3,0.08379947545770809
551_4,0.08097383499511397
12326_1,0.005233824642516508
5102_3,0.9374951685407399
10901_3,0.006644645483393228
1517_1,0.006664394221035347
8762_10,0.9764540415108625
1282_10,0.8511451755516581
2531_9,0.618369626018034
7764_8,0.9997219315670689
2906_8,0.9791349171052367
6730_7,0.827437675453216
7749_9,0.9925346272042148
7765_3,0.3339685965946975
12412_7,0.8271344086366481
582_4,0.028251804738359355
5792_1,0.19160156380234042
2174_7,0.31680492945277305
7605_10,0.9942944074946044
2721_1,0.32330722511282906
2151_10,0.9897465847523361
8152_1,0.0008570171098874938
6488_7,0.8810337635091612
9446_8,0.7620573267871168
10617_8,0.9947796741238407
12455_2,0.10158407883890884
7377_10,0.9633573883264809
11891_2,0.1489856859644919
4319_4,0.04339655908126155
1050_9,0.9665469542915953
9109_2,0.008729040130052343
10500_1,0.014206343094472829
11749_7,0.9295296938897424
12250_2,0.007241942500594324
1193_2,0.7695473108084986
8313_8,0.9325105628717806
8918_4,0.02302125292381268
7122_10,0.9661678599894821
6210_8,0.9095347825709804
10050_8,0.9817185259261567
4921_10,0.9999545597925072
1857_7,0.8896634925452668
9718_10,0.9986356032254686
2482_1,0.00020618175374523205
2624_1,0.018390601562902925
3284_2,0.11059281904699311
11435_3,0.4990628498792225
10971_7,0.8853580538325457
2606_4,0.14274421314259056
7540_9,0.922877427227374
10929_4,0.9575789754341586
8566_8,0.2721933492584594
4693_1,0.004462641202056862
1281_2,0.5132734888291466
267_1,3.6251836595766454e-05
2133_10,0.9851446734408009
6762_8,0.7385792911546645
1043_9,0.9983629972984104
2812_4,0.009435742174222207
6981_4,0.001810018841682102
4038_9,0.8877253392534573
4256_10,0.9359619252207585
8206_1,0.1166573512225671
2060_2,0.048872496339806275
7372_1,0.08982457221608088
732_3,0.011554582472927592
5367_7,0.9284461335160313
9765_10,0.9999869361284374
8843_4,0.15451733406780893
9723_10,0.9997612635561032
11966_8,0.7787437137946517
5087_8,0.9523900133043194
9379_9,0.3578956263526083
9615_2,0.0032787865589201898
991_7,0.8801643439476919
4461_4,0.11804779230214946
5857_1,0.0936258351228751
2358_3,0.6221561673059147
5247_10,0.5419437159777755
12430_8,0.4657662645326138
5943_4,0.10943142625006094
11917_10,0.6293241359086589
4144_4,0.19164546562717966
3128_7,0.9345195688232231
5152_10,0.5683274231401665
8028_1,0.009697355045215537
788_1,0.00030893653081930355
9552_2,0.1880612172571913
12051_4,0.08663893592067262
701_4,0.08568159262058002
5738_7,0.5826625898243915
5953_1,7.799915776910372e-06
3694_10,0.996877530760429
12371_10,0.9795501581595324
650_10,0.9869636303703128
3772_8,0.8695769355335851
3919_9,0.9077404286741009
12420_10,0.5377909528516256
6164_1,0.014773087332691993
12202_10,0.9468152284666128
4142_3,0.0855490785411118
285_4,0.40136010594635646
9190_4,0.03830924025673837
9297_10,0.9696284459267878
2857_1,0.04103527130275374
5576_10,0.9549908745577054
7603_1,0.00012324234380949002
1987_10,0.8545029862920254
6978_1,0.0066848009580907156
2390_3,0.3783275882614175
662_4,0.001126001442279311
7957_1,0.35794152537718726
3009_2,0.14248160940954918
9574_1,0.0009175628154772628
703_2,0.0020036116107055367
11871_4,0.013307349231706268
8056_2,0.0718120109381325
11468_2,0.0661421325173721
7549_10,0.9592297306648023
4506_1,0.04352189706831468
160_1,0.07134494130782056
2400_1,0.12212380566913184
146_8,0.6763049025828631
1174_7,0.9658532862993026
1623_2,0.026185187139037967
2909_1,0.0013413882796400251
9284_3,0.0707738627366524
753_7,0.6784034673936625
456_1,0.036681298853281384
329_1,0.10488926144227578
1996_10,0.8616820027238322
7468_10,0.9285245102668368
11219_3,0.5798002055016672
5749_8,0.2794734125265371
1563_2,0.07721223452350602
9713_8,0.6093009686647348
12467_2,0.4132986018306229
5686_2,0.04587084833390948
6424_2,0.36582269873123496
11137_10,0.9997883055779758
5613_7,0.9482228789267967
2113_2,0.043858637390631984
8623_8,0.9547238410598619
2086_10,0.9828981981327249
6846_8,0.7975397351677621
3230_2,0.0006894792183832922
4973_4,0.2404703537338795
2935_2,0.07665591502271964
12176_1,3.351373739014617e-05
6272_9,0.09193026607635514
728_10,0.6879400392221606
9843_2,0.02599768495178833
4897_2,0.10836187062211786
12121_3,0.1447379650329046
11934_4,0.4493366873285233
1453_2,0.0009250016483097507
9676_9,0.9763581682667631
3072_10,0.9969310765174979
6667_2,0.7877461513803289
8932_9,0.99328480451061
9452_10,0.6512592981662856
953_2,0.5232545424052338
3268_3,0.19069611862209065
6276_1,0.023332861133302487
2522_3,0.12600435202188892
2630_10,0.9999397591378902
2031_10,0.9028681000297979
3754_10,0.7534093299829053
10791_1,0.010478818786109038
7755_3,0.11011590375735354
11180_10,0.9990550841188859
8020_9,0.6670767105563783
3767_4,0.9334269338061877
3519_10,0.9079529816356126
8180_9,0.9462914717757163
11639_4,0.43820099472491525
7540_2,0.006937509502074068
4746_1,0.01480877500038908
4027_1,0.00012328331692129288
952_1,0.22436513140206887
4070_1,0.49520475915075696
8346_1,0.10362419370361449
1499_9,0.9910255892310926
1601_4,0.0057189884010136905
1698_1,0.11921336470571021
3055_3,0.1616418628554251
7744_1,0.013446303844927196
3183_8,0.9566669604612267
9482_1,0.14784335901609238
3712_4,0.014494223010574315
9260_4,0.8736335552990966
10042_1,0.03862080236765618
3873_3,0.1377747922494942
11273_10,0.9493354430958614
2918_1,0.6997439210981944
1292_3,0.06631804211206149
1837_2,0.3183022152230463
4650_4,0.012307168432718592
8686_4,0.11296339822684927
11307_8,0.9582905318773317
10044_2,0.004027010223999228
12035_1,0.023319586247201058
2259_9,0.9685185707561439
6582_1,0.9444800273914937
10194_1,0.0065214876172232554
7932_10,0.6765044519269315
8064_8,0.9287961611706608
5017_4,0.677042423791623
6456_9,0.9999530190684429
10768_8,0.8968765846678911
9479_10,0.9776318144395124
9734_4,0.15853248701200232
2245_1,0.11604786862265193
7275_3,0.33749495222074616
1193_10,0.9452262685001928
3883_4,0.14781211995990545
5456_3,0.6484850955672171
10014_2,0.3702235433148806
8045_9,0.9782298419381791
9093_7,0.5509750798026734
9971_1,0.036108464709828834
1052_3,0.20184499686528096
10952_1,0.013755900316230266
3449_7,0.816773927133727
2488_1,0.751631661908513
8422_3,0.07874888011308881
1541_10,0.9783334635744924
11863_1,0.039337056102819346
10102_2,0.6095356320620191
3838_9,0.9947923748637515
8538_3,0.24515575579981322
12432_1,0.0011854323399015428
6339_10,0.9887489498681334
1860_10,0.9731064381880112
11402_1,0.19151378095760868
10770_2,0.00812134237127145
8046_8,0.8552283210565687
2748_3,0.8062940482137815
361_9,0.8008124988583312
8427_10,0.6529119542820933
11792_10,0.9749468610994511
10331_9,0.8154526058750319
3506_1,0.0035282542186394956
7374_7,0.9951189523547779
5658_9,0.7054302349770636
7170_2,0.000460222398292747
6144_1,0.06877785949055028
5035_7,0.9930184965972463
4566_3,0.28229952678070297
9544_1,0.015908177375259708
1959_9,0.6991611963681041
2390_9,0.9926588867859628
4960_9,0.9712852341404675
3425_2,0.0011311762798227615
4000_10,0.9600916550986637
12418_3,0.20760325937910226
9771_10,0.9930168847328937
621_7,0.8888186216983552
3510_1,0.05201883385100434
6893_7,0.11134660415511315
3680_9,0.9956798142763984
3118_9,0.9858999317581089
5433_7,0.9638165992560573
8381_9,0.8752440631018921
10205_10,0.9995003281813558
1437_1,0.0075454490983604405
5675_2,0.21550612579637932
1597_7,0.16719423842444497
1549_1,0.1465949441609143
11391_10,0.9481765654350073
12101_8,0.9175341860699385
9356_8,0.8614994163940469
10128_1,0.0035518322602534724
11249_4,0.0018806241961332611
12441_2,0.004614756801394318
7486_2,0.04411129747929463
4905_9,0.9251396247250128
5441_1,0.16289729415416826
2613_10,0.8640321618799331
10351_3,0.0021925404532121507
10459_10,0.9952121555424744
2565_8,0.9916012728890276
1338_1,0.0003453135405096779
823_7,0.9526729865709369
8924_7,0.977816309914745
1382_10,0.11987294581994554
4150_7,0.41328690096718634
6004_8,0.6448661613685053
2508_10,0.984033233438107
10935_8,0.9639994955865512
692_7,0.7370453133278873
7778_10,0.998882114383747
2016_10,0.9897437250705176
1042_3,0.014496222712728974
7823_1,0.002790075712626197
149_1,0.11693874706893945
5551_3,0.08257873058399985
366_8,0.9602098112046934
3483_10,0.9892278710945822
278_1,0.02178695366408359
9951_4,0.007704009225747652
2731_10,0.9990554255316955
4403_10,0.9586274916395934
5307_1,0.016105164193641917
8185_9,0.9924639910734537
11059_8,0.8310113851433191
10273_10,0.9959374793938593
5336_4,0.10669877170266624
5147_7,0.3212862499715537
1525_1,0.006647960640827928
8507_7,0.3841076320186328
8501_10,0.9813474753512031
2424_2,0.11071954825383573
8959_9,0.9974947245087304
11318_8,0.9709209392447697
1270_8,0.8460968572996277
1655_1,0.2146090162430734
10161_1,0.00011335406860203262
8531_10,0.3796207813011658
9144_4,0.13164028816726847
1201_2,0.08830860546831501
11822_10,0.9879233478216111
11486_3,0.03800004453999348
8038_10,0.9995984228732314
1981_2,0.3444536822748924
11901_10,0.9309567347774588
5441_9,0.9945488746536219
11709_9,0.9710387829592771
9333_8,0.9968451396772696
7881_3,0.43359209096844203
2815_9,0.8250647058145081
3251_3,0.1450793844607609
1792_3,1.8144001949250102e-06
8625_2,0.5701396770876954
4221_3,0.4113391972018158
2742_10,0.9923164705231189
11118_4,0.5094116626930513
11613_3,0.007623222939644748
6104_1,0.09620075260420201
3046_1,0.0022516703903324147
8729_4,0.9800752836340244
1827_10,0.9505007419037709
762_7,0.3220539445452249
8855_2,0.48201185971786714
7573_3,0.10091124283701801
8616_4,0.009471347554675585
4830_7,0.8374587577433641
6646_1,0.28268896480492395
8746_4,0.17851452304418597
1875_7,0.7490653247493848
1221_10,0.995603626709885
11842_2,0.005808832022596419
3002_1,0.10465600089823912
5776_1,0.06459448962649682
5479_10,0.9496604953471497
6034_4,0.28120429880193876
10984_1,0.014793482965719185
12043_2,0.006074256593798302
4961_8,0.9963595353729903
9601_10,0.19992805031702632
2216_4,0.11193069570568817
1189_10,0.9670954728261255
8461_4,0.11368573410694024
2575_10,0.9679918695617851
3782_1,1.4370812671474528e-05
8927_8,0.9411225514318992
7006_4,0.0050658502683227045
6103_7,0.44581356844903597
3218_10,0.9990824191454984
797_10,0.7360535052828141
76_4,0.12623239783344392
9497_7,0.6267357466366368
9637_1,0.22317682397327931
1070_10,0.9882910581208983
9732_10,0.022975295181693403
8144_3,0.03332148175692267
6247_10,0.07430302262169182
10230_7,0.9920273622277531
10731_3,0.4359413641466362
740_8,0.9319240798578652
2145_8,0.7670718582323444
834_8,0.9955777516200075
6621_10,0.9772016380780586
1749_4,0.011833881537696947
5730_10,0.832414748132341
11167_4,0.011550113459742366
1106_9,0.9248579962953083
8152_10,0.9742765941140481
11968_8,0.647346822720215
7728_9,0.8162355378738245
237_1,0.0005313264209460497
10754_1,0.6106991240797641
1055_10,0.9970438162033042
65_7,0.9409712108931697
4092_3,0.09747084562316077
3337_7,0.8543629638662762
3163_8,0.9051324323219928
7645_1,0.0001767399835096031
10883_1,0.026706055712645973
4597_7,0.8085779387669888
11850_1,0.022655296668903355
1025_10,0.9990306927378585
11908_2,0.16763439178340367
7838_4,0.5794059859179075
7725_7,0.9678403785931975
8146_9,0.973092847183297
3741_8,0.9915695527599465
323_2,0.09055908746074742
8244_3,0.033508267384128654
4593_1,0.00020016301528463055
6902_1,0.015058015547713596
1791_1,0.0835767117142376
11490_10,0.9882942599814759
4200_1,0.03553399130468786
1611_2,0.16137661983342938
3215_10,0.9836935420518517
5864_10,0.27928419003204963
3776_1,0.01363743665496942
6356_9,0.959221657509446
9139_10,0.9966722078255753
5115_10,0.9940685689076124
3064_10,0.9998789965754197
149_9,0.9854610174247675
2873_3,0.3515858771324216
3790_1,0.04159984932968462
3136_9,0.8708398929791709
1696_3,0.9733225384119828
4961_2,0.5672711128698661
11918_10,0.9997761157464707
3663_10,0.9999793889456657
8115_3,0.19531689597741475
3690_8,0.27460331654130954
11431_1,0.03913239994623948
3830_10,0.8260919087074517
11896_10,0.6725960479885087
8753_10,0.9999260508055776
10121_1,0.39884339635558297
1142_7,0.8846771734115353
7188_7,0.9223058859945824
7044_1,0.0008138619718488845
11750_4,0.004913951208680359
7688_10,0.97523580032977
12292_10,0.8528066274189784
5533_1,0.22477679444979623
4147_4,0.2344981317505172
8515_2,0.02131159387139004
10756_3,0.016542475579273304
11899_10,0.9902538048665422
11867_2,0.15355317363973214
7814_8,0.981341272917394
1855_10,0.9986070486910922
10357_2,0.10892952004628015
5218_1,0.1982498900278741
6641_9,0.9148578629948586
5777_10,0.9202821066634824
11982_1,0.08482578054041691
10980_10,0.9882408817080123
8585_8,0.6485013933614713
941_2,0.0006715618539492926
1697_7,0.6637958010132919
9872_8,0.9883564594323777
2377_4,0.023980630727426365
2033_8,0.8505061465391568
5864_1,0.2925955829832356
4295_7,0.9969633935974451
2610_1,0.009280500937116659
1730_10,0.7822875757277091
11095_8,0.7321957428868456
1699_8,0.128879210652387
344_9,0.9772903939993697
7136_3,0.009302644727441255
2402_10,0.6694373857427591
472_10,0.8556602662095906
170_7,0.5289720675958867
7019_1,0.8057210354382107
11798_10,0.9983088154736726
7549_2,0.17221365679715478
8414_10,0.7201588485635219
573_3,0.18906256127060078
6678_1,0.042873515998276636
10002_3,0.22320712918418933
3905_3,0.40755319339317836
1849_4,0.0431105327462709
7959_2,0.12636414510200636
597_4,0.16789699515673406
2719_8,0.5979046572851773
10519_1,0.0731975840878602
6112_1,0.0001909851473676379
1322_9,0.988205866273496
12415_8,0.9119509727005926
6727_1,0.030680623908147638
12393_1,0.2619608930913015
8545_9,0.9896600094229545
528_7,0.9964478124880494
12267_8,0.977305392168296
5842_10,0.999942718532752
8471_2,0.07584216188383483
3912_9,0.4440212749165113
4831_8,0.8036526808108633
5767_3,0.01897991689508886
10631_9,0.9838258512090499
8069_8,0.9066454019010686
190_9,0.9711167043524163
12343_7,0.7380429382435095
645_1,0.0008668897455457202
10326_1,0.19636954210817376
11271_9,0.6782150319323719
11808_8,0.9951617145051704
3200_2,0.005560217738374032
4518_2,0.0011103733072159927
8307_2,0.16303893415019408
2057_10,0.993444461318857
3705_1,0.004202679275691667
11581_7,0.812497731087955
11777_9,0.6160839349033845
1367_3,0.5634486114717091
12248_9,0.9977850132111371
2994_8,0.9507576368976062
5170_1,0.09549847422083194
8781_7,0.9111448098228576
9137_1,0.03949221844499096
9970_4,0.09233505172131302
3412_7,0.5253157115501568
9399_1,0.0006910688528128756
7917_8,0.27007447692738035
1157_1,0.13427589344239083
12489_10,0.9966677512096941
5365_8,0.8617542670768588
9295_10,0.10597334635326872
11505_1,0.0002006876884992042
8647_4,0.1960104138837428
6609_2,0.010905671388142376
6859_1,0.35534853179025233
2436_10,0.894802175758965
4255_4,0.22807308925052333
12347_1,0.13357575984032533
4237_4,8.929082439295658e-05
11687_10,0.8203941462205127
2964_7,0.5679149303873865
2836_4,0.003250973979693355
1944_4,0.2107730767697241
3218_1,0.4557197511283548
2752_10,0.9998662468130145
9994_3,0.05221383705105989
11566_8,0.998975660503936
5741_10,0.988802956029019
7127_10,0.930601523558787
11864_2,0.0009355984251312811
5159_9,0.9839322679995848
658_3,0.675775465797758
10177_3,0.04819269549658689
4843_1,0.023520203910533603
1441_1,0.6059320276273228
2741_2,0.002147709161898569
6045_3,0.4238373727850816
7020_8,0.9984093078010756
2120_1,5.158234155081261e-05
2336_1,0.007284599576237573
10167_9,0.8340970867188079
10251_3,0.22154384120241052
9335_4,0.06411346418259667
6670_3,0.20612494667940656
9937_7,0.36365348903681716
3258_7,0.7524982380450824
3234_7,0.9624287378756016
3601_1,0.017266247911397314
5635_9,0.48122050009082995
11427_7,0.7612771310143525
3349_4,0.09062222286988893
1334_10,0.7636180640376442
10474_10,0.8233360833004589
2361_10,0.999798705624604
1471_2,0.014461246395232642
10705_10,0.8497194605915559
10559_7,0.846041785899337
3070_10,0.95372069584284
10087_1,0.04431668021158267
1952_7,0.3660249783700892
682_9,0.5673413310349544
6576_10,0.9974041918002272
956_3,0.1450235041931243
3960_1,0.06304997142758025
62_2,0.00029241709497387686
3200_8,0.9967188714654622
2127_1,0.008654472530769137
6878_9,0.9841028656231334
1600_10,0.9465589438401569
11995_7,0.7128124583122769
5239_2,0.028633191561128025
6018_7,0.6243623857029035
9185_1,0.0445346779546151
4707_7,0.8382638590481625
12407_10,0.9968395019468629
5831_10,0.9661388214524457
2264_7,0.9394381077831416
7226_8,0.9860990157034563
6337_7,0.461242980687999
5047_3,0.37736592541044345
228_10,0.8754825666802003
4230_1,0.09743488009077045
4058_8,0.9996789962443582
5634_4,0.0026666112353021594
11680_1,0.0018376544296806192
1320_9,0.9996815014701607
12461_8,0.9740544902329085
10076_10,0.9853285399519681
9170_8,0.9791171244436285
4519_10,0.9600692504752218
5906_2,0.22290050537236203
2065_8,0.37755627910399037
8453_10,0.5995367831288398
262_1,0.0359992463176853
454_10,0.9789077415698444
11532_8,0.9983285554025794
8169_2,0.3798925321746716
6873_8,0.8713609526041005
10061_4,0.018367567823675907
11565_4,0.06311833858185556
258_1,0.014021159818626623
5896_1,0.00012351187318389002
4395_1,0.013435414138037139
3774_1,0.03513917396525486
12340_8,0.51179920126359
7497_8,0.9271318460352552
4321_2,0.0922769485938628
6258_2,0.0036181068412391966
3950_1,0.0002679099352987067
9998_8,0.9998263592886361
3524_8,0.7112809484759846
2003_10,0.9788172356767246
10366_3,0.05969830530190876
2602_10,0.9903814209918209
8684_8,0.9682076938002072
12268_9,0.9781145639724674
4846_8,0.9197520515206831
5969_1,0.15062399877357127
173_4,0.0029101177532606212
2790_10,0.9750366979552113
2637_1,0.04408362592392081
10239_1,0.012859743102224114
5120_9,0.9886231907722451
3802_10,0.47182823000223323
6897_7,0.4386225505129698
8478_9,0.9954832628514049
2441_4,0.4139130003058663
4827_1,0.08087518135203618
4326_1,0.005656503248922862
252_3,0.011412828474337241
7201_8,0.5574364768712268
801_2,0.1066192289103949
10008_4,0.15451199321149406
6740_10,0.983833544342791
674_3,0.033141133857129065
6341_9,0.9720605337982445
1882_7,0.996813699489827
10843_10,0.9761328602852009
1593_4,0.8873697495746703
3592_1,0.5739333476592392
4658_4,0.3318843406363334
2564_2,0.01285042532706803
7229_9,0.770838973536099
4186_1,0.026322900129014174
10227_3,0.10375499776823242
4580_3,0.0664187372089658
10367_3,0.7378828975183074
10034_9,0.4858333192792692
6834_10,0.999980861092715
11326_9,0.9851380498249153
4683_1,0.026724048683433643
5596_1,0.01922500984792329
4238_3,0.004756157359388422
11881_10,0.615221203314754
11910_2,0.7433240344425678
934_1,1.8725645247271088e-05
3660_8,0.9959680278242258
365_1,0.0917879153902149
3677_9,0.996623752011362
6522_10,0.5632726864127864
3167_10,0.9403476849195334
6104_10,0.5984281285821264
2584_2,0.049820389655203474
4264_8,0.7776240794851041
5648_9,0.7398296822542416
1863_9,0.9554489095362713
7464_10,0.6707844454923085
7643_8,0.946146376163372
7030_10,0.9957759165316528
2768_2,6.643624890769677e-05
3845_1,0.002831349706836041
11590_10,0.9181829482251878
8578_3,0.0477535107879695
8733_9,0.973264244984545
4099_1,0.11632566317308342
5810_1,0.15339394977063966
442_3,0.20558734348878827
1374_9,0.8186672876184115
7704_10,0.19804989613161883
4526_1,0.0012441202617482787
2978_8,0.7903093623807852
3096_1,0.004257184176203347
1589_9,0.9708703539543034
11197_7,0.970905767477572
6751_8,0.9531688539756409
10043_10,0.9986625842375232
4045_2,5.062345387260473e-05
7706_8,0.6149951608025837
1876_10,0.6978735403656627
4224_9,0.9995219083336615
10833_1,0.015094031834746726
11549_10,0.9277335497283279
7081_8,0.9951106282295695
6410_8,0.9870918785313542
10609_9,0.9622067432360433
9910_1,0.11073929690948527
4474_7,0.9545460700773778
9775_9,0.8316819579184059
9245_10,0.994452169909124
11514_8,0.9563036234825955
3182_4,0.18969510131065206
3127_3,0.23472036808583185
7311_1,0.00918531025921938
4266_10,0.9738278984253727
12410_10,0.9873715704310941
7548_1,0.023174167330054115
10446_2,0.21812199250202322
4854_2,0.10410995622276428
1152_8,0.5912554366600553
11660_4,0.10759761210569957
3452_2,0.02166538523970901
2401_7,0.8298071800775143
11703_7,0.9693171764822114
4053_2,0.030911670816960068
4882_9,0.7888354228766249
8050_7,0.5232145028660922
9053_4,0.3731390404715388
12313_10,0.9866384793970642
12085_1,0.004876047797465846
2130_2,0.008566169526581107
8499_10,0.9026915964342329
9230_3,0.7016297371081146
2697_10,0.9928626178093061
7682_3,0.07137612708401918
1473_7,0.6125756252520859
3124_4,0.06826610378502358
10694_10,0.9628574639592525
11541_9,0.9759838985389556
7033_10,0.9534725564599025
305_10,0.7706857616514424
12164_8,0.8619286549022642
7594_2,0.05219198957453002
2101_3,0.004381515823491168
9579_2,0.00015366957162277
1482_4,0.6210181115571609
4362_1,0.009271230744909669
1263_9,0.915135608707101
2543_9,0.9966559063908834
8642_1,0.11003619605448452
229_1,0.0002296852235683072
12045_10,0.9987072026325245
810_9,0.9991450064055325
5188_7,0.959163977604127
2690_1,0.07866755534023355
922_3,0.0019942277316971242
10957_10,0.8176840727834719
9275_3,0.018637244325835547
7289_10,0.9999886307471265
1809_2,0.05181769927909997
11846_1,0.29844409051029946
5888_10,0.9996729150455302
1506_7,0.4686970468241657
6255_1,0.004730697696040316
4995_7,0.9082904753643938
2423_1,0.04082092297130535
4030_8,0.9637928648442838
4839_7,0.9820553613155845
364_1,0.022856657651479487
3510_9,0.8682912913048325
2092_10,0.8723955160201348
600_1,0.015229276963033514
5490_9,0.9994507774715553
9442_8,0.3312242972846404
5330_8,0.9213294260452648
10858_10,0.9341403889509298
2746_8,0.9422061362923693
848_9,0.8978715476247201
6713_1,0.6044031431378714
8274_10,0.9999322120980628
2507_1,0.19919635536005556
4558_1,0.06860480094451217
957_2,0.029993566491678007
11667_8,0.5086737765140976
2374_2,0.04017104198359193
8156_1,0.12123275774863736
1080_8,0.7309073746923388
11274_8,0.6721855049753698
12467_10,0.9541039041193319
5941_1,0.4723671847138378
6205_1,0.028696622496173912
4517_9,0.9597141458966769
102_4,0.24879425306032285
6022_8,0.9888127927168092
10054_3,0.17912838539643847
3907_3,0.009789667957699652
5232_8,0.6565253736573713
10064_2,0.318179477589634
6529_1,0.0021244819620116866
11003_1,0.00026567163118473115
9151_7,0.7183342570713844
6612_8,0.9627442938486771
12189_10,0.9483367946162058
6510_2,0.13160752367607717
3129_7,0.7801268158926921
7864_2,0.0005054552913125217
11603_3,0.3698925254220497
10741_9,0.9999014728400063
2235_7,0.4534394087554403
2125_2,0.32615962264454934
2050_10,0.9854762237640731
8397_1,0.301631281335349
5275_1,0.10362997402280989
7755_10,0.9105249732600948
12065_4,0.01016474029033458
269_8,0.9520587797748763
1933_2,0.6897160378446405
9182_3,0.8133756428025964
3153_10,0.9898920668454431
3922_7,0.7295342298570355
2674_3,0.09015097297911799
7407_4,0.031876027092614924
737_7,0.5412745284470915
5223_1,0.1301441172495784
10937_1,0.0009898922394523716
9026_4,0.16386624816615294
1564_8,0.9632373476288115
1724_10,0.9942898339246993
1224_3,0.4063320749532984
8536_4,0.02430594459427769
11215_8,0.2834366544334993
3063_10,0.9938393471693039
9559_9,0.6197669544319485
5165_2,0.2435068879227902
9396_1,0.08843894936208281
6404_1,0.0007431149461121075
6019_1,0.9533024910729212
7249_8,0.8661461653726181
1765_1,0.012239641179972305
7685_4,0.4921227581616695
8196_10,0.9987427961382442
11749_1,0.31112856125285654
1257_10,0.8235482609869677
3488_8,0.9678003724558233
8605_8,0.44417376511243795
6697_4,0.19861227259150482
11540_1,2.163359534972723e-06
6262_4,0.059633675324254606
1998_8,0.1157745974961874
3019_1,0.14853587695838338
1087_2,0.002108745127890548
8356_8,0.8733711276446767
10036_10,0.9884078832027112
10547_10,0.9605060189484236
2562_1,0.08582812549869274
5096_3,0.233049411947634
12128_1,0.14325332522207307
2574_10,0.9599049404890904
10144_8,0.9950212678505636
3678_1,0.0036414378639457166
2579_2,0.08528170846672814
6695_7,0.5477002523460405
1465_7,0.9335897558438316
11846_9,0.2879185950891397
1219_9,0.999420092862262
4936_9,0.999897612755236
12382_4,0.39526260482252723
8807_1,0.05260885917873838
7700_1,0.2204243202215214
4209_8,0.9481737671296941
10178_10,0.8135202926341757
9835_8,0.8744837664273644
161_3,0.3420860334614446
670_3,0.26397139911857126
7158_10,0.9296595927531693
9502_4,0.036358780369380776
9880_1,0.11133804490730945
39_3,0.12962850389868708
11161_9,0.8468907190784917
12026_9,0.9979358268758446
4439_3,0.028280294017477264
8303_10,0.2579326834631238
408_7,0.9684194243783645
1065_9,0.9779264535300365
5188_2,0.005557577413555876
929_10,0.9833283534828254
4765_7,0.9649115055345092
2117_4,0.7663865249697137
6653_4,0.10106688747694029
2342_1,0.03863048643564278
8445_1,0.0001648581315846985
1708_1,0.016431427789931886
7995_10,0.9453563158927029
1104_4,0.016974229058958103
3847_1,0.001605695180400878
7276_10,0.9988823021337604
11269_7,0.2772340827853312
3158_1,0.49536305355827387
11061_1,0.00031926289284570384
851_7,0.351240291032443
8214_2,0.2494515327836712
9174_1,0.08505855476464887
7040_3,0.28525220733915246
4082_4,0.3761003743266508
3553_8,0.6894255677758213
6733_10,0.9863244101749048
4910_3,0.6232689409474311
10149_1,0.0035250313015781232
5609_4,0.1575144698334177
4174_3,0.0015719350148974797
9213_1,0.6110403322333111
2881_9,0.29199399451400976
1408_3,0.7047625168937064
10832_1,0.0029956061149428812
7216_3,0.13896490970784806
9905_10,0.9999276062407726
9050_3,0.055928993835004666
3789_4,0.032163501147758226
6490_8,0.758752445545973
7649_7,0.9064663759570054
6901_8,0.873635064214558
11597_9,0.9896601226155364
3259_1,0.004020084940533459
5936_3,0.27162589425446637
1214_2,0.39563555307257553
2840_1,0.011014146949506757
1956_10,0.9391499181134353
2392_2,0.06231989250189172
239_9,0.991815800765089
6860_8,0.4340433980637575
1716_9,0.7986040297515565
9595_10,0.60283473385434
1630_1,0.01190009368270601
11293_3,0.16151191848239224
8288_10,0.9834147654679085
6618_7,0.6631724106880342
12378_1,0.005025441152463864
11560_1,0.006171623864092897
12124_8,0.9937161557710683
486_10,0.9658999124976205
6654_3,0.012983138473681032
6915_10,0.7895575091758293
8773_1,0.1532677928369965
10211_4,0.11807065225392027
5769_9,0.9081069688269393
10038_4,0.00995132835838732
3737_9,0.9981040729094043
11512_1,0.3680328322416621
8025_7,0.5323145036829079
397_7,0.6083254593688018
10670_9,0.8893319111370054
11648_4,0.06866422039311086
10361_1,0.0011707698688000175
12439_8,0.9476639080506493
9958_8,0.7327619434529978
8659_1,0.033853835201671845
12400_1,0.00016410026135215103
10680_7,0.3062283481972585
2435_10,0.7180585063385169
5506_4,0.05372957103641989
9025_3,0.10048319896471218
5749_4,0.09353334802080275
5090_1,0.010582619622997476
2688_9,0.9152838145788609
8397_10,0.6556800690528867
8610_8,0.17988342987315079
9398_10,0.9994898207037296
5144_10,0.7904082705256029
10797_10,0.7463438102764272
9623_2,0.7266592935775307
3269_8,0.7597421994763837
5480_7,0.31570567775376357
43_1,0.09040184507244953
4156_1,0.12041236446033038
1629_1,0.0076874657037846105
6536_10,0.9785163520655574
8384_1,0.004649760428494134
2820_10,0.998918320096656
7976_3,0.09343503461004578
3745_10,0.396668656366971
11258_8,0.5583612154867558
7908_7,0.8381329631257857
9166_7,0.9783700684581689
8976_8,0.8184176152481696
3692_1,0.026537769572611426
4937_4,0.11891448015512528
11935_9,0.9454044041620951
7722_7,0.9402506267020188
8757_4,0.05964792958928982
1218_10,0.9928879016422715
3620_8,0.08450106114732489
9017_4,0.08573977726240793
8300_3,0.0019067135543009283
11325_4,0.19895115949671005
1093_8,0.9921640316031699
166_4,0.22848319052522906
6088_10,0.9505830443724589
2149_10,0.9995479698390751
4884_9,0.6800861734063112
9786_1,0.035012866777655915
4258_3,0.18609479026378462
9890_1,0.13401144601859485
8911_1,0.10670704035574953
11618_3,0.20093582949213917
4510_1,0.0005418089877429122
3173_4,0.04726221522540267
10418_1,0.0019796903878807975
8954_1,0.033098114924886804
723_2,0.037822157997245656
1164_1,5.102039444468037e-05
11404_4,0.18150890971132028
5737_3,0.007613155046938434
10073_3,0.032234274458696824
1900_8,0.7663296431979175
9532_10,0.9519525115002416
839_4,0.2166756358768135
4562_1,0.02196643630028956
3963_3,0.15315700106404256
5220_10,0.2593879767963453
663_9,0.9330731507175307
10156_8,0.8114172230066709
3759_7,0.5342492166690809
5153_4,0.36814630980358864
7580_3,0.05794168765529971
12403_10,0.9228191008006411
4893_8,0.9501032707476191
892_8,0.9014778897478507
79_2,0.011284652691537946
10716_8,0.9915596585677161
11452_7,0.5795652300506154
1214_7,0.5046381498695834
8901_10,0.9597675107030058
12221_10,0.861528953270864
2055_9,0.8358849872998019
5911_3,0.1135552404944517
10866_3,0.03468951950525467
10063_1,8.07766260879759e-05
10563_9,0.516749665642517
11931_8,0.9976825942946005
1180_1,0.0007754143835411498
8194_1,0.07443270297951494
7837_4,0.8375187469101527
1876_1,0.1376410190981874
9203_1,0.0027773949646762203
10091_1,0.0009693298604603141
2434_9,0.99799348991448
7908_1,0.01680859533896054
8591_4,0.7762893194434245
4222_7,0.1481594675119489
11430_4,0.9717697169331234
757_1,1.5057542062127054e-05
6442_8,0.4569212396737762
10056_8,0.7951923266331755
3179_2,0.07718165759204813
3130_3,0.25553824699382804
11921_7,0.9999503779910217
4139_9,0.976300342107065
195_10,0.7588582410355903
6286_1,0.49174574852186204
5701_2,0.06197300772118388
7470_8,0.9740298093624308
9205_9,0.2567003619954863
10683_8,0.7439484442149902
672_4,0.8877903152899085
604_10,0.9997384938737032
7757_10,0.9792739085696304
5228_4,0.9415242229578582
3998_10,0.725983889002025
7444_4,0.6195910521796003
9684_10,0.9888905663166868
8455_7,0.9202160081169483
3989_8,0.9939240910057958
1115_3,0.19634866992511316
6469_4,0.019139625166143964
4524_8,0.08715686541747253
3103_7,0.2220983015651199
3108_8,0.7644057352994477
2219_10,0.9521818727489135
10269_8,0.8436883016240944
838_4,0.1796614628520437
5367_1,0.012239377031847458
9110_10,0.9542601475789886
5736_1,0.028294730245284797
5100_4,0.09217036584831877
3399_4,0.07869061221824027
7575_9,0.9717461714563016
7954_9,0.9992645799762401
870_7,0.7136381617470907
3811_9,0.8942273815952845
8011_9,0.9949723522289247
8172_10,0.9794625907462307
3209_4,0.09880911122909371
7380_10,0.5383151051869106
10210_3,0.1937147197259977
8162_9,0.9935270399335334
10784_9,0.7387272039769254
482_1,0.013214526159046705
1452_9,0.982709028977774
2686_4,0.4501162730004208
543_8,0.8983508628260259
495_2,0.12563696988975148
2887_9,0.9814399629946232
11780_1,0.04622806624985097
9742_2,0.0005541640069188248
1762_1,5.8486094255391085e-06
5264_9,0.9089755181411905
7958_4,0.2244871188137183
6010_10,0.9989828804239255
1284_9,0.7572151531712894
10420_3,0.0006373175974428961
7736_7,0.5538366995131675
1178_10,0.999137943559533
529_10,0.9978126417231923
4063_4,0.03994053545016149
10480_8,0.5127963270958777
2412_2,0.004360991935410141
5206_3,0.20752202074599788
11963_9,0.6948023618043233
663_1,0.0249307112071337
352_4,0.6407431795617343
7504_3,0.5625899604029616
8678_1,0.05722511787960829
2330_2,0.9932297300628319
12282_1,6.667930840667443e-07
6485_10,0.31683000632757563
9306_1,4.3498138302588256e-05
7468_4,0.010155809433742523
12207_1,0.00397271299009843
6701_7,0.31113230603357855
9861_7,0.7266921073817931
6318_7,0.7558403350018912
11612_1,0.016863369796221488
4800_10,0.5949992925606502
5360_3,0.0597363066376676
4977_4,0.37176586815850005
1678_9,0.8907570644152573
5017_8,0.8242781086177825
3087_9,0.8504102699942141
1915_8,0.9548171277258088
574_10,0.5724082808462354
6062_8,0.9988933046962988
2860_4,0.27813235401840386
1800_4,0.10680771695089808
1928_9,0.8653061348821586
9890_10,0.951549574270573
12159_8,0.9028276814134514
649_7,0.8336218973021786
8708_1,0.34532687513016785
8181_10,0.8473481880810572
3495_1,0.0319396126906863
11612_10,0.9788101887317208
6919_10,0.9496251636661499
12217_9,0.875913496508434
9276_4,0.14099881094377645
3520_9,0.9715982374543083
6492_4,0.7755350849572725
3900_2,0.2719765365463958
12298_9,0.8227002266935117
12394_1,0.0001985266689704674
4873_8,0.26371292053573914
4797_1,0.6342066631016593
3197_9,0.9309025415927452
2474_10,0.6543119283569885
4042_10,0.9958355681918392
10641_1,0.0006521502470829623
10882_2,0.00604961746715205
4803_4,0.1008371496252053
7459_10,0.8521850273368059
1828_1,0.00012767181874902847
1718_10,0.9911999133825266
9603_1,0.056588904024742814
940_7,0.8352297453168815
3074_4,0.12083573535768563
8802_10,0.9998644816501304
7180_4,0.06730224564650841
5250_1,0.5665624053528898
2734_7,0.9528191832247662
2354_8,0.8520571906064184
6805_1,0.1407742150601017
11156_4,0.41193394499044916
2734_3,0.0091921884558791
12216_1,0.2135571803018705
660_8,0.8856398645955755
8978_10,0.711733817062794
6272_1,0.18300810659390496
8294_4,0.00038752318048797924
11956_8,0.7552613663139821
3265_1,0.007134464470951762
705_2,0.39651329009346864
9058_9,0.9801375151332385
3582_3,0.6519688885573658
6985_1,0.034566459805319596
5611_9,0.9593703500988985
9491_3,0.2922411626569153
9945_3,0.00011023494328661569
1840_10,0.9890240052439228
12280_3,0.05751763887427854
1932_10,0.9713021582789427
8682_10,0.9962418496056263
5418_9,0.9419390853467814
3354_9,0.9252233799219017
8078_3,0.030814122389032923
7747_1,0.03845186429384468
2669_7,0.8768764506599962
9180_7,0.9387253075304371
1320_1,0.00029496519862879636
7742_8,0.6283605183040151
6232_9,0.8278793611593306
3459_9,0.9942322372690025
1008_2,0.12086105012854553
7987_8,0.88218130936144
5078_7,0.8044111873230065
10660_10,0.5693167625422314
10325_2,0.056369552167413246
4951_3,0.05422435138388849
10502_7,0.6616872080654863
7548_9,0.28662098216523096
2870_10,0.6409319692834702
8136_4,0.7317896098488543
9870_8,0.810604239666932
7588_4,0.06095153152644627
7845_2,0.006533594389840314
10334_7,0.8042972332822057
4860_1,0.030668982655344287
4855_9,0.9958355806413455
1337_10,0.9637023515570077
6403_3,0.38392777544480217
9447_10,0.9496018546890606
4724_3,0.003757961478890324
10895_10,0.9986392114196051
2171_4,0.5663900633003707
5361_9,0.9856675757582688
11056_2,0.007439040966910496
9772_10,0.9234435754490065
5719_8,0.9856705955984079
3050_7,0.38782434177509983
4406_1,0.17818874201659207
9833_4,0.47284825012726417
1217_2,0.09452417039277825
2632_1,0.004452212654529749
3250_1,0.6605311353198867
5130_9,0.49905609274222673
3526_7,0.6387720621207817
2793_3,0.013747623954536112
10708_3,0.008094907874764313
6415_8,0.7886533535124438
11258_2,0.07212699995431106
11451_1,0.5357036994295973
7724_2,0.11592451684267437
4276_4,9.335547542648e-05
6058_1,0.06829615676991035
4086_1,0.019750671993102917
3670_8,0.9686217051275017
7125_8,0.5514271298491826
9377_8,0.648929632476677
763_2,0.16270339380123905
7882_8,0.823743654722112
757_9,0.5550064337803179
389_1,0.9279470039188724
9102_10,0.9710804643621016
9384_7,0.43321371482590837
5684_8,0.9760993633755144
12090_4,0.05761991694606134
12002_4,0.004589823571426321
5443_7,0.9616964803542828
8782_9,0.7333777628183901
9878_9,0.9914495319488366
9640_1,0.21671134748633936
999_3,0.3508437098889743
6249_3,0.45467519230000286
1656_7,0.9213828362668155
6649_10,0.739778716211909
4630_1,0.01904586724031673
11300_8,0.6026022211393824
5894_10,0.854206789107072
3198_1,0.03714415371081003
7924_2,0.25331206037510123
6318_1,0.46147506282380785
8075_2,0.633898588808042
10005_2,0.19153995765214127
6431_8,0.940978922611116
635_2,0.4755786865282121
1803_3,0.09172824269678538
5721_4,0.0010136353264017326
1116_7,0.9968770583885396
1456_4,0.9113938101417025
51_10,0.9992108287614354
7155_9,0.9187204163175514
929_2,0.020669265281226527
12269_1,0.0076499443466367285
10597_1,2.9096678842908587e-06
9005_7,0.8426213361423599
10467_9,0.9318484914863658
2251_9,0.9612791202035157
1977_9,0.9569429795045445
8539_8,0.4924738995035543
2416_1,0.06420647636253192
8508_9,0.9702378058877107
10401_1,0.3663421956828841
12217_2,0.6014031260154404
5484_1,0.16368326371527822
3833_10,0.9135948068015007
465_4,0.2943429436805081
7591_7,0.5520276611435224
11485_9,0.4752290083335234
3728_1,0.0004723944089236558
5538_8,0.9754279688878699
10751_4,0.3339614231563401
8883_8,0.8550690030388133
6581_1,0.16208912163555617
5476_1,0.20523221516014967
4338_9,0.9893249862441581
10343_1,0.29436079121622
2914_10,0.9878909970250624
6103_1,0.8362223888903052
7691_1,0.010892087408846568
3444_3,0.014116067625924824
2397_8,0.9729031803308135
8255_8,0.8826439710145929
1660_1,0.016548971970514092
10154_2,0.9142485129418897
2138_3,0.09169145638040163
9614_3,0.00419645493054561
2682_10,0.9955198501025566
1813_3,0.19780450320353793
10581_3,0.050158689338211576
3733_4,0.004485388897961995
5210_4,0.24401996864813252
11961_8,0.7948656352944085
7928_4,0.016653430848934947
12156_4,0.10310687011760243
11025_4,0.5201585293938007
11233_10,0.9933410873110037
473_1,0.004451762607956418
6648_2,0.007836699049552353
2451_1,0.000973612664242185
7679_2,0.03248112300173404
2954_9,0.9789290395520996
9652_10,0.8710624697838105
724_3,0.16245094509841862
7592_4,0.0046015127259856565
7669_9,0.9949233733552535
3816_1,0.0003077370203023887
1401_4,0.1617605517341719
8551_2,0.03823686765111939
7901_8,0.8132058978055149
10552_4,0.5406383891700277
330_10,0.9705066756802162
232_4,0.25574406425511637
12351_8,0.8866629888333886
12451_10,0.994478852169372
5884_9,0.8401778536287411
603_4,0.015171351622592456
3415_7,0.5082760193816894
8727_1,0.018059462073084245
10099_4,0.4227405865102117
7989_10,0.943047665210403
2329_2,0.9811521068459763
5774_1,0.0009960720778473275
8201_3,0.7814308436746978
3491_1,0.060592457338252775
12210_10,0.24899277921510912
7604_8,0.6168882541643387
1676_10,0.9990863104809111
6477_9,0.9557276735460186
2521_10,0.9998539971408326
9140_2,0.049386154372887174
2463_4,0.07048410296018107
587_8,0.9421834330153086
7120_10,0.6935424671995843
7734_10,0.9888211942398661
7322_10,0.8542479967008622
3803_2,0.008883238430030445
2417_4,0.002329649109188164
7757_4,0.01833871209212503
478_9,0.7533171831756883
12269_9,0.9869425651368481
10472_3,0.09943114363926128
2858_9,0.9564097887864015
414_9,0.17187774140171336
2552_4,0.005777271677796604
11615_8,0.8319379995843454
201_2,0.003730605221970481
5624_3,0.21234951042481742
5080_8,0.8043153714269957
4507_10,0.6327223903348757
1527_3,0.2776241373073415
6282_1,0.015347217244938687
3911_1,0.0007126126279789891
4616_9,0.6679569742261728
9562_4,0.9684920854388656
9975_8,0.34554649633464946
7584_10,0.9980870438860404
1121_1,0.08032361338316586
382_10,0.3773871341312247
11309_1,0.008700517470304073
5424_10,0.8081985412987653
8697_8,0.8400059345704233
12420_2,0.024468787808815583
5052_10,0.9987295125813903
1037_1,0.01811366314885145
346_7,0.16615080253660805
2285_8,0.9295803329889483
10867_1,0.0016837889755404202
4335_9,0.7752203210975529
9088_7,0.9050030385577056
11037_8,0.9560031095560697
1993_4,0.07660771427811418
11469_3,0.08645001818040159
1834_2,0.00038303063456166154
10723_4,0.23938026584585162
5377_3,0.31944657762675044
1812_1,0.09766707197263955
2760_8,0.9786157316339217
12062_10,0.15030480252861142
1847_1,7.15699752131058e-05
1280_3,0.3322243383212273
2106_8,0.6570402698674124
5414_1,0.08329891020015535
4930_10,0.9991030143310027
5024_9,0.9402889775536396
5295_9,0.7587391336860227
5427_10,0.8017644447990766
10526_2,0.016457077659819668
5517_2,0.2084805635891534
3971_8,0.4016217190024246
12260_7,0.622048958929908
3676_10,0.9970006538194031
4132_7,0.9440182666300314
6721_8,0.6474237906294837
2381_7,0.6586643373130413
818_1,0.00014286820698302668
6503_7,0.7351463062917715
12068_7,0.9720256943641395
8847_1,0.0003248693882359688
10698_8,0.9308844546602402
2347_3,0.009813864674646844
9337_10,0.8605884320171744
9070_4,0.8109734672746537
7962_10,0.9967339820107203
12183_4,0.09750362709860128
12410_3,0.10480174096382727
7988_9,0.8779645422990305
8980_8,0.9112046317209342
8568_4,0.015569867978287173
8374_7,0.9748689898805362
3561_4,0.7257022457263874
692_4,0.5666180768245384
4259_1,0.0002248726048602356
1627_1,0.06422321758879948
7064_9,0.9819140089616013
5410_7,0.6057297977135017
10003_3,0.6776366352141538
12068_3,0.004803268053228221
8048_7,0.5506481587349797
2590_1,0.014708733315501276
3464_2,0.9287365502179583
8423_10,0.24436602536021776
5036_4,0.3118141610852937
10030_3,0.16995599717947402
5500_9,0.9702755321744434
10129_10,0.6662472390387228
1549_10,0.9385733636011053
6463_10,0.9984976297173751
1026_2,0.022161826244353578
6681_10,0.9871667130565718
11004_1,0.00714700520139379
6191_10,0.9585259580025817
9253_4,0.7128297736287342
3193_10,0.9844129598031066
7563_1,0.002384668020450472
3104_7,0.12440949284222087
6369_9,0.9946302263567688
606_1,0.0008284186557041637
6069_10,0.9829435510327054
6966_7,0.18077390897650916
8945_4,0.3119796293056567
4920_1,0.005649231032676459
7358_10,0.9412777526922579
9665_10,0.999496672381444
5005_1,0.23157760088938234
12324_2,0.020795244160894868
1878_1,7.692172189948564e-05
5917_2,0.12965221076898262
11912_7,0.9919442513754338
11692_1,0.5209852645785235
11505_10,0.9835187303768901
5416_8,0.7862481190653193
12072_1,0.4487654754274389
4436_10,0.9793942427970985
11762_1,0.13371845472410024
5805_10,0.9995797062308028
9464_1,0.006294419215574374
9412_2,0.014944908033361475
11262_4,0.7031574462569156
853_7,0.9365199962006366
7087_4,0.20567746215150767
1896_10,0.9451765419883216
9749_4,0.07239076101394959
7431_2,0.13840298101710238
10253_3,0.042890719514752755
10675_4,0.24164955776126332
4275_4,0.11549661723064678
5399_8,0.9317049518892893
9388_10,0.5185006993021336
7019_10,0.9941556371462655
10223_2,0.04769103883434896
10216_1,0.036390634105974665
2097_3,0.03290140456681981
4243_3,0.06029553925893589
8672_1,0.0075725881408665865
1260_3,0.02160767744514029
1734_10,0.785621429496316
2955_9,0.9988827784347905
12033_1,0.09312921499817058
8243_3,0.16235759030313993
8741_2,0.6985330677396805
6481_7,0.8426635962970298
7053_1,0.045656841746667065
1624_8,0.9571121753598675
2900_1,0.3470278148372162
4328_1,0.006505729534690053
11732_7,0.9213791067209993
746_1,0.26368207340171146
6004_3,0.00028569591489283335
6162_2,0.07816001036514182
9375_4,0.006251716025782249
10924_4,0.1923924521757046
6304_4,0.13306870972385526
10035_10,0.891482148558286
8867_2,0.007030138290399771
9781_10,0.3075269829791498
8902_8,0.7967823608917375
1006_8,0.37730956370829044
7230_1,0.026871625874396142
8788_9,0.8348500882483817
2079_10,0.7577824940616664
11987_3,0.019957064825435543
2724_7,0.6707700835398921
8534_2,0.06701504097414784
7052_1,0.0695638796647858
4390_8,0.9854485967612092
520_10,0.956538424642965
3936_3,0.21608060697058729
5160_3,0.013271513827347071
10519_8,0.26661578217960225
8906_1,0.0053224697878117965
8750_4,0.11513988243990587
8606_3,0.43354510067245156
12038_2,0.4211817768196527
2939_8,0.9663399830465518
5721_10,0.9315338095344569
6798_8,0.825556519882464
11820_10,0.9901717423932849
6435_10,0.02789647176318028
404_8,0.9943778958652206
6066_9,0.9856600450539377
7921_3,0.00814919834647458
5468_3,0.10638297542936233
7034_10,0.9975236353863839
4309_3,0.2054125114572308
8201_7,0.9723909464162185
3656_10,0.9989983205295896
8786_4,0.49217491665157387
10564_3,0.05076670785507228
7401_4,0.07301823961586257
1163_1,0.20714923527031676
9915_10,0.9321395016983692
11080_10,0.06064306752195888
4710_10,0.9994190817234418
131_1,0.2537772014112487
6387_3,0.289695427673219
3906_1,4.365243596397338e-05
2075_1,0.0019124769019041006
11663_10,0.9997077357548254
6149_3,0.07737668732544395
6703_8,0.9994734814368712
2440_8,0.9988582664520302
10500_7,0.6356877136890124
7349_1,0.014328376864902953
10695_1,0.07941918390955127
6905_1,0.007561477122811561
4902_4,0.38611827343054755
5298_9,0.9799260442270292
6701_4,0.40567649215000456
1344_10,0.986158304648172
284_10,0.9508426335560133
9114_10,0.9999423243856876
12102_10,0.9419401072387564
11448_2,0.642169654459024
1053_10,0.9936096411800645
8341_10,0.23739353295988458
433_1,0.00019670667655263867
9534_4,0.4044348471571011
6471_2,0.500919765830162
8971_10,0.9991368707413962
433_8,0.7605578250131836
298_10,0.6882946088053372
5965_1,0.0015540150213408529
10408_10,0.9355265373552777
9112_3,0.47208267945447946
6726_9,0.9934472004822662
1048_8,0.9354886514618882
11046_9,0.8635194090446894
4808_7,0.9859672451886013
7027_9,0.9950850506802876
12435_8,0.9839235730346113
5480_1,0.9804561891977758
8823_8,0.9358009511786722
554_9,0.9997696415889148
7167_2,0.0009678062325063927
10762_3,0.061678768250705306
9036_8,0.8206251979677652
12185_4,0.5297931461880742
7763_10,0.992598998581305
10271_8,0.9669733780314173
1159_8,0.5829385173682392
11063_1,0.03113038267900593
12479_4,0.02703464876620206
11179_4,0.7064240063515185
1736_1,0.014478947260084444
4840_7,0.9968089777220303
8233_2,0.8443146228133475
1082_9,0.9637151516771089
8378_7,0.9820163296230395
7777_9,0.9955094846465908
1883_9,0.8911936762959891
7350_10,0.9880206300469105
704_8,0.7653475408489768
6554_8,0.8731432261887919
1750_10,0.872612383982007
4969_2,0.0017887583912763658
10339_8,0.989361796260412
1902_4,0.36685032277653706
5578_1,0.0007903500395960565
5502_1,0.0038483848607244104
7250_2,0.017408681706318544
8856_4,0.19969867969952285
10840_9,0.9825237213877868
9730_10,0.8368106937494734
11146_2,0.07348466624789356
5988_3,0.0027274705638346206
9734_8,0.8841780196099962
12338_8,0.6672940554928973
9813_1,0.0759498392350995
8928_2,0.4216576804678769
5431_2,0.019205362374223205
9467_9,0.9839932705781715
4933_4,0.02478041911023129
11280_10,0.23932944097825803
10279_9,0.9900689326738523
7024_1,0.00021586836234286196
9115_3,0.06321086518174926
5701_10,0.9905082761689774
9539_1,0.009502343700672548
7655_7,0.9519044562784458
4518_10,0.8783113327421616
3039_4,0.3163948855622145
8654_3,0.4979207982721612
8893_4,0.2986423611091918
3598_9,0.99845659441068
6443_1,0.029248503620116297
3843_1,0.02972461977840942
3848_9,0.9879516500347449
3149_1,0.039285336865581465
2152_1,0.022963905365473877
11564_1,0.0017996912115858786
4391_8,0.6780030201189123
950_10,0.8512935164715391
10531_10,0.9975137922044945
904_3,0.5050824894689191
5293_9,0.9846836725968945
2173_1,0.0002637093210060179
5992_2,0.0037872021187145637
782_3,0.3156032645356341
1295_8,0.9701622531138046
9659_1,0.009163141743398093
2214_3,0.04323012417902162
10772_3,0.004985952779162687
7515_9,0.1219532651589423
7294_2,0.1620742013128275
7761_1,0.07021863961472732
9027_9,0.9635986507275631
6595_1,0.0007071329387787378
11003_8,0.6509258618003365
601_10,0.96865793119031
2991_8,0.5232127911623239
10937_8,0.8046328644794847
7545_1,0.055386327980041054
9747_1,0.00859718362640605
7653_7,0.967135675479667
6886_1,0.006062570978572767
8054_8,0.7737337691078303
7299_9,0.9999882616538186
2289_3,0.1232167350262329
6569_1,0.00046147421529175683
10909_2,0.02760165638560814
4022_7,0.47153985824665384
5407_1,0.059266974683403875
10211_8,0.6848884931905653
9194_1,0.22432569819937975
8113_8,0.9999974909243144
12010_1,0.010882421494175249
7373_7,0.916595504826031
3535_10,0.9695445205460489
5265_10,0.8127592912289513
7032_1,0.2640928913749799
3391_10,0.9995797357487524
969_9,0.9238022835469377
450_2,0.4998330709679485
12296_3,0.581083463756795
10855_10,0.9560324399747103
2741_10,0.9886842796425542
12403_1,0.028696746024578522
6118_4,0.3364346314289189
9001_1,0.020462944725601322
172_4,0.38480270324156524
4405_7,0.20424749407963388
8923_8,0.9118131916348358
5396_10,0.9871402890823133
7183_1,0.0005366893361112857
3261_7,0.9377880406709428
7445_10,0.9868862224679883
11412_2,0.07220676984021392
4765_3,0.37990090971814905
5248_9,0.8983544089238336
3172_2,0.030290646867477
10813_4,0.2465178146168176
8054_1,0.01990904404392904
5535_1,0.05283710419989125
1306_8,0.8575236011487454
135_3,0.1310994586405822
10646_10,0.6477958114163274
9906_1,0.08411673013978281
8156_10,0.9749080263492924
2806_1,0.22650241823947
9501_4,0.0012603529502338263
1882_3,0.5246983650037176
11895_4,0.1039941729404196
5420_10,0.9734443097587171
11791_10,0.9958777858830352
3798_2,2.5217459810832485e-05
3282_8,0.4636427275109366
1278_1,0.015210795302519155
1011_4,0.13755935464274205
5263_9,0.31659245362708227
11301_1,0.0010568008921220012
1946_7,0.9847479671635315
3246_10,0.9710457438214688
4130_8,0.9178036595215399
4172_10,0.9863915080640788
2619_2,0.00020968378910733032
5197_4,0.8461864471351603
6060_9,0.8887337303796513
7430_1,0.0003350988025164734
3511_10,0.5988931148882479
6970_1,0.020554287738534627
931_4,0.040395396939310955
12374_10,0.9354957463193833
10217_7,0.7450802272838355
964_7,0.34333650784967373
4859_1,4.143165526732655e-06
5525_1,0.003775118445921611
11471_1,0.02719531693725708
5030_4,0.02583962455739444
12177_2,0.09752868855995551
8892_2,0.005446122469331082
1073_4,0.1781763259102041
7406_1,0.0014580584338961741
6345_9,0.8596073286458812
7395_7,0.0187756974478263
9952_7,0.7274882245312698
5851_4,0.3969539120918507
6880_7,0.3971728688339775
642_9,0.9639034614841807
6271_9,0.9363818333809115
10983_1,0.0015144138117811445
5602_1,0.07049288391092011
3834_1,0.012689604354311226
6961_3,0.12079637924906285
10102_8,0.9633575792606085
6988_1,0.0037323249966598896
5803_9,0.9535553324128934
6009_1,1.7100928688859714e-06
10294_2,0.1874058233226885
9811_10,0.7812019497767156
11298_8,0.6902004420509407
4625_10,0.9953032927225924
11263_3,0.009795993216702834
11502_3,0.6170059492869131
9690_10,0.7495366659180018
4453_10,0.9984708715915501
9741_10,0.5742177227176706
12191_9,0.5394960770274297
8019_8,0.9880144642133959
2298_4,0.10748625096104315
1489_4,0.6145591245551014
4228_7,0.7633140040028272
10905_1,0.0006315807779354109
5103_10,0.9994874510563713
5641_1,0.01583407090504146
11567_1,0.004717989278265078
4040_10,0.9890722478255946
4777_10,0.9987550866767267
9612_10,0.9993591174661194
3830_1,0.07079982275669292
8781_2,0.030689362468014784
9415_3,0.7780013206777121
9171_3,0.08502115716607649
478_3,0.41716886823973004
10979_8,0.6936499085782911
7073_4,0.13262815519842777
5419_10,0.6607636391963806
8505_3,0.0305178833250071
7559_1,0.524706297941595
3827_9,0.6528726898779972
9242_1,0.06806426745304904
3133_10,0.7119857877252278
9051_4,0.33314576920845596
8604_10,0.9320209051420816
4811_8,0.9863837434128279
10697_10,0.9753177350611701
6142_10,0.8958368345911669
6740_1,0.11197787797064132
7806_8,0.9603888998289984
8326_4,0.9266427173025912
12425_3,0.03050011915111496
11113_1,2.675150704025244e-05
8096_1,0.0454009587327678
512_8,0.9141094663744105
11144_7,0.609413919628562
2073_4,0.02073924615644165
6966_4,0.08766105538907304
12122_3,0.4775661666212047
429_10,0.5646414334702831
10294_9,0.9975843803550483
9955_3,0.14088724396056615
10878_10,0.982311701582553
9365_1,0.00031748431953346255
7317_8,0.9540848126535659
2863_8,0.38817742467568694
11935_3,0.17218978066211588
2180_2,0.9214223029054563
267_10,0.9530168458618491
72_8,0.6614998979783947
936_9,0.9726222096575647
2363_4,0.003323164867353112
11722_9,0.8892906509073555
1353_7,0.25461407132111125
3883_7,0.777325209940405
9475_8,0.989092558235853
2328_2,0.06577459542591263
11982_9,0.9895429198238622
10413_8,0.929280674741898
1277_2,0.31895763301025065
6299_4,0.1485833280180273
7536_9,0.9435355061074421
8368_2,0.3237981039522164
634_1,0.018809066155090377
10095_3,0.46298234547750905
8821_4,0.025171563072639434
5669_10,0.9999536555581378
4600_8,0.49232238951297663
10859_1,0.022783796381172294
140_9,0.49036257863008387
153_8,0.9223168113205105
8013_9,0.5212246831437126
12389_1,0.5904063450613499
8443_7,0.6937403017712607
12290_10,0.6798078845434595
12152_10,0.5617600230575249
6442_3,0.10638308430618404
7557_4,0.6092079740374974
3699_4,0.28808621333626083
6461_2,0.9783241743706445
8641_10,0.9319340614983713
10771_1,0.35725165905857953
10539_2,0.23135327408576067
10406_1,0.012225096747892175
9617_4,0.11154060256997686
9403_10,0.9996958190213687
3015_1,0.24124362576205924
181_10,0.9759624721764081
2879_4,0.11371425169497505
1758_8,0.9083306903283125
9992_10,0.9919993038247656
10769_7,0.7906199683963688
5616_3,0.05808465811756793
721_4,0.231762899511402
3035_1,0.005056012608255572
7877_4,3.539852233529819e-05
5554_4,0.008673740238085868
1475_7,0.9302161126036653
1538_7,0.40288524041852636
3499_10,0.07913264793017752
8815_4,0.5826254804001935
5817_8,0.7087452340795686
4179_1,0.0806432521287924
3719_10,0.9754191871260525
2538_2,0.2270004073722803
4873_3,0.33593644454923965
7283_9,0.9781238208564873
1997_4,0.044129577130606806
11036_4,0.015960770739410934
4123_4,0.4663444112659367
3520_3,3.2746996041710096e-06
10320_1,0.0005045241061615427
10185_10,0.9472524185838135
10193_1,0.043383443756922005
2506_7,0.9864919687918984
9868_10,0.7644908551198765
5603_2,0.010048923375913637
8392_3,0.1999135089200999
5322_4,0.012077689180010535
12117_10,0.9852315409287254
2411_8,0.7147678024597726
9393_4,0.014309897323627715
5968_8,0.8941074046564114
6860_1,0.011337260576776021
12144_4,0.9758328102235743
2706_10,0.9834756130265367
5655_1,0.30740923712954665
2555_8,0.9195466898161972
6091_9,0.7822432351356424
712_9,0.7094747972208905
9445_10,0.9581477139178884
1777_10,0.8295945443929351
490_8,0.2614985408968556
318_10,0.7342362523291491
10143_9,0.8545600297503301
3608_8,0.9548475878248434
686_4,0.4426402087896073
12147_1,0.009145299606239735
6782_10,0.9111660951511994
5560_10,0.9847912930974253
11621_8,0.8998928450874993
11909_10,0.9685328882244288
11938_9,0.9897843516104813
1877_1,0.011219585706286428
1298_1,0.013009201756767922
11154_3,0.004950946374808785
10898_7,0.7824085048700578
9980_8,0.967891250635384
9719_10,0.9849137493766512
516_1,0.002839576242568891
2541_1,0.042787280607996296
23_10,0.9545103092271651
3517_1,0.014638932156606417
10839_9,0.9999914737692612
11461_9,0.4403430248792613
10150_2,0.0008803381233939868
10664_9,0.9921587976070793
6750_10,0.086301098804956
11165_4,0.9235096771926259
3463_4,0.0675476812605502
287_1,0.019751159087538293
5582_1,0.5203205245673074
1136_1,0.0008456148203605516
10316_1,0.015372253732697277
1684_8,0.7295369673581616
3556_9,0.7031884753447039
11680_9,0.99332308841187
10775_10,0.9971582123041532
5558_2,0.07630917000980605
6203_10,0.8989326831897584
4057_4,0.36582268136383755
9010_8,0.9992302730993882
1033_9,0.9760120780858305
12116_9,0.989535822836587
8401_10,0.9997971074611358
9863_4,0.848122631424417
2777_1,0.008931413309888689
5797_3,0.06640558548491117
9929_3,0.004301985063542077
4177_1,0.12426919283691416
2205_8,0.9951043788720072
2839_8,0.9213148283276188
7161_10,0.9854632755364625
11724_4,0.6096834184866435
10369_9,0.9910948690950518
8702_2,0.10350658464296318
1028_10,0.9841144114684818
7226_4,0.7898218208872595
8799_3,0.2452365547673781
1573_8,0.9338470417019478
12041_7,0.9945239528255762
6207_7,0.7277121968344004
399_8,0.8913891820347623
1034_2,4.792111713834396e-05
1610_4,0.5565227993951961
596_10,0.9687442065851865
6474_7,0.9998898613093968
4464_3,0.18242059368883964
10637_2,0.051849037225393704
3272_10,0.9810889699767649
10194_7,0.11563758254700762
11906_3,0.010680695107190684
3666_3,0.5339332217366874
6148_4,0.14022412844202845
4595_8,0.5095252776036769
6146_1,0.03192816371155911
7512_10,0.6906738179696232
12333_1,0.0023206905481981286
3490_4,0.5494461465269179
8495_1,0.005100385625706837
955_4,0.0035860600041752477
10582_10,0.9267031522103919
9477_8,0.9167431554724388
7132_3,0.01712129801341913
5214_1,0.023960242168311007
8258_10,0.4186039298567369
10387_1,0.022100405876720332
268_10,0.7402307492586043
8153_2,0.0017484702000725581
7353_3,0.21714759553943005
7847_10,0.9770509434564959
12028_10,0.5731153334713445
2998_8,0.15540046308043182
2641_8,0.8016404506824127
11923_8,0.8655151864033623
12322_1,0.00798860110788514
11816_3,0.05512062417446583
7111_3,0.008094983182266471
8107_10,0.8936851754841536
8835_8,0.6424203992271423
10142_10,0.9641211007958898
4445_3,0.014904030834907088
976_8,0.3836919197175072
1996_4,0.3279559273798509
11496_3,0.03128735295767706
1644_4,0.1788559342135161
8573_3,0.07654880354441111
10835_9,0.6842820973081231
11531_8,0.9900071412853768
5802_8,0.8409596837556099
2501_3,0.034371528785947285
530_2,0.008371245084760818
1051_10,0.997632037712218
6629_1,4.175690861070899e-05
10350_1,0.11547403181531324
2943_10,0.992162802837496
7661_1,0.042878431051985605
8359_3,0.017058626694257607
10218_7,0.8601476669501119
10548_1,0.0027622043538029733
906_7,0.9852600964445615
2708_9,0.9633080022498162
12478_4,0.16601086092039313
10222_1,0.5019312222759481
3560_2,0.014061266175003202
3371_9,0.07535234946213507
10009_3,0.0916494541309949
3142_3,0.2036732709526032
3876_9,0.8115839016368586
6662_2,0.0763427668444597
4691_1,0.4256904614707978
2491_4,0.3531680085101983
12485_4,0.19953589455512205
1716_3,0.08881018569671018
10767_10,0.8245850588718677
4083_2,0.221573653266038
7656_3,0.02276058590085412
2532_8,0.8835686523977169
11243_8,0.5029022131475138
11878_9,0.960409325923166
3627_8,0.635361648205289
9049_10,0.03756908208831156
2950_4,0.2786258718023897
4553_8,0.9978499736728074
10414_1,0.03661729160062306
4281_7,0.4847997758779573
7905_4,0.9719224084995541
10800_8,0.22248702698578407
1562_4,0.05304947574284795
7604_4,0.46350083042436147
5752_2,0.42229446847226115
9465_1,0.030012626657423477
2701_4,0.16947445156475371
12432_7,0.63703360142004
7583_9,0.9990713317779633
4003_10,0.85750662248086
11082_2,0.018885701455423468
7650_3,0.05590721317585484
2215_7,0.5168588721909114
6597_9,0.882435911024193
12268_1,0.05700661247794518
8650_7,0.5046898339351856
8311_2,0.04205822377764208
10764_10,0.8205632926751418
5462_2,0.0008395528747711202
10303_9,0.9980276893110043
12132_4,0.6165229682677212
11786_2,0.04010873468852736
6248_2,0.14111532124383996
5570_2,0.0046394550930057765
8367_4,0.3009159134810316
2416_7,0.9255672464194535
4073_1,0.3108123014294946
4642_2,0.6574674676389894
580_10,0.920341249974679
3328_4,0.013918049922044689
9524_9,0.9545138291488309
11980_2,0.5154203075589354
7812_9,0.7443916006144639
3567_7,0.8926666090782193
9592_2,0.14185225576795235
8421_1,0.016596682217813467
2618_1,2.079850237873286e-05
2367_3,0.0399077426428695
10613_1,0.007007423583962296
7657_2,0.0519196422390102
10992_4,0.275500124385282
10663_4,0.1903256521061304
9589_4,0.2731193590848954
5184_8,0.29047553678929733
7352_7,0.9848313908345606
6483_4,0.7748447090080026
914_10,0.96220764952103
1239_4,0.6709423651128051
4465_4,0.3876367647220579
82_10,0.9698830478263432
3696_4,0.10975613903324916
1507_8,0.77336880127908
12211_3,0.20371593195783153
4003_3,0.025660993057390502
3738_3,0.48004868000940204
12089_10,0.9776027785608798
593_1,0.0008082678866262825
7555_3,0.34844490823620905
9897_9,0.9945665644201676
299_1,0.13348897263638712
2774_3,0.18067738600654473
4723_8,0.9210192208295737
1636_2,0.0058305005718363705
3383_8,0.9868309436100491
5360_10,0.9963388831693688
11542_10,0.9940527510406171
1964_1,0.0006646807534089908
10323_10,0.7034641227611524
5166_1,0.007344787903903805
12371_1,0.000199484867964531
7426_1,0.003036893859085024
11832_4,0.9206613334172629
684_9,0.792318853507339
519_7,0.05326100743001101
1712_8,0.8870606529442938
5973_9,0.9015197108332146
2820_3,0.0014428696367938519
5023_7,0.9821796028648802
2625_1,0.0015954059692049538
2699_9,0.7827743375821844
7123_1,0.002424678858893769
7327_10,0.9907485367694506
944_8,0.9869952747879085
9757_10,0.8368878337823186
12491_9,0.8984567787746102
12301_10,0.9450776022637782
421_9,0.9982392185520459
6655_2,0.2598470174684203
610_9,0.5112282034071435
3020_1,0.5082817367471365
1797_10,0.9927584353469765
1248_3,0.14950558684878326
2524_10,0.9942941284945003
10596_3,0.4037209644701016
9326_3,0.054894162046848466
9346_2,0.014323326581186404
3890_8,0.9999047120033124
7836_9,0.9094223157819503
12388_7,0.5496746702083528
3205_2,0.08582724422505315
1547_9,0.9698149934177429
2706_1,0.0010044865685514515
391_10,0.8134369278217455
1544_10,0.989375194223625
7861_8,0.9223655337099983
1448_2,0.012223594961911978
6451_3,0.05552943029728765
12187_3,0.726273802790934
11702_4,0.6566847091051444
5947_1,0.11615321096804486
1282_3,0.005781997529596538
7492_2,0.0013651826551991024
7724_7,0.8474925289029746
1564_1,0.5050338295380502
4425_9,0.9975095718818257
9416_9,0.993319738474663
10826_10,0.970761055782666
4402_10,0.9734634049394918
9332_3,0.0003386216414258613
5856_1,0.0008066910366705941
2784_2,0.029734081858208656
3216_1,0.10085719234754889
8057_9,0.8655252622824771
526_10,0.7435103639173978
4376_1,0.002404482337598544
9513_9,0.9664579749713718
9972_9,0.8402923183159775
339_1,0.02773856013390883
11898_1,0.14748200327642047
9282_4,0.5201986878234244
2303_4,0.008125563934430723
10199_1,0.00014131679139972248
11660_10,0.6724020969847411
714_4,0.05347164010034214
9283_9,0.7631572663604091
2972_2,0.508553245543122
9060_7,0.9997785581063033
3562_8,0.6856444808169415
11064_8,0.8895869888829746
4190_10,0.8816199747483213
12472_10,0.9994991463995851
2942_1,0.2090860326413791
9560_9,0.42310716393931713
2692_4,0.008654174141368398
12057_1,0.0018267439614782343
11197_2,0.2056528999146082
5827_4,0.9980953564501754
4752_1,0.04102433851506383
8114_3,0.01842260540104037
5643_7,0.8851788710691976
9127_2,0.27660399788532725
10540_10,0.19050905528500162
7342_2,0.0012036954787448665
4651_4,0.5339130054100695
8798_1,0.029908209655707996
5973_3,0.2541470026122802
8314_2,0.026058398609578905
7856_1,0.022655502707559786
1255_4,0.08683041658523523
9615_8,0.2133410792388627
7261_4,0.09211556143555143
9700_9,0.9802981305355806
5938_10,0.9982969132945162
970_7,0.5850637928577698
7715_8,0.9547681242262505
4643_2,0.6180882315455558
7069_1,0.733696100626212
8600_10,0.896192433070209
10275_3,0.33006221932146385
9519_1,0.008534612267931084
8861_10,0.9715984164575142
8558_4,0.014477437508849198
7495_4,0.23631546029831965
4727_10,0.11528871321043442
9647_8,0.8202680140589701
7192_3,0.3715714397331983
8772_8,0.9973690208958294
1198_4,0.0737988833923114
4249_7,0.8367169075954959
6816_2,0.10167082082423458
10243_9,0.9559767301304475
8365_1,0.07451639426615064
2529_10,0.6511297480674566
2538_10,0.9207216237278627
5946_1,0.01904358078897852
6716_8,0.9113898195641026
2633_7,0.9981556240958637
10513_1,0.18053177158414774
4847_1,0.004649235404032594
2552_10,0.7874936045430562
7166_9,0.5108183367356783
398_8,0.8779099990260252
6925_4,0.14544856505113327
9873_9,0.3186174158308419
3598_4,0.12379130537682116
5996_3,0.005562143176135111
4024_10,0.9886900680285534
3184_10,0.9853231348754898
3801_2,0.0373769617986561
1722_10,0.9999013057942289
9344_1,0.006271184056205335
2874_2,0.03555757486628427
2914_4,0.44822998117234014
9643_3,0.06922773505855788
1756_10,0.9906942274335524
2781_1,0.02500201574703999
3559_1,4.9002382929633684e-05
6250_1,0.0724825410971169
10960_9,0.9949145660109948
565_8,0.250937380080278
8749_9,0.17067905007368997
11273_4,0.42533151400577457
6933_4,0.10773360591549114
7295_1,0.020417572094063276
12267_1,0.021954075899426686
9844_4,0.05740791420043114
1949_3,0.5220531147013787
10048_1,3.1553172032071706e-06
7242_2,0.003663780720995743
1722_2,0.02471898308658513
9869_1,0.22247235284146222
609_1,0.052221105099985905
9383_7,0.10295621710395447
6593_4,0.09870095131370192
3284_10,0.8759300753409667
6190_1,0.9625137989156699
8305_10,0.9747098226044989
20_1,0.024689287250420692
10037_1,0.0647796330285537
1751_10,0.9962611082233613
6821_7,0.9117453434947986
4780_10,0.8583377821536843
1290_10,0.9789515536851685
10777_2,0.06215222782149965
3450_1,0.0006813890425078388
747_3,0.012594152870708093
9262_10,0.9999648600330975
7206_10,0.9826312777960006
3700_4,0.21735733335701804
2953_4,0.033186253089687846
6828_8,0.917994785730525
10831_7,0.8724293007354816
5014_1,0.0003362515361783504
11679_10,0.9619316774995318
3476_9,0.8640962121746846
12052_8,0.3343658416917324
8635_3,0.3417032356976162
6475_10,0.9700873945055875
8531_2,0.27046183676605007
9018_7,0.0247667236394752
1492_9,0.8539291438766927
10993_10,0.9825529654992041
1896_2,0.005835088845328879
8241_1,0.13287668815662165
3568_8,0.5478373598514372
9424_9,0.38675821349189443
3791_1,0.006406009990771823
2117_10,0.998533069631258
4679_8,0.9743591848868068
1217_7,0.993371459790029
7969_3,0.04223787278007437
2271_10,0.919464410221622
5772_9,0.6925652577060207
1347_8,0.9899017992906827
11800_1,3.539851676676589e-05
8820_10,0.985979683451714
10014_7,0.6073014250372972
9864_8,0.10618459473739575
6926_4,0.23384051228638095
1842_10,0.9982471416138636
756_7,0.6777840979753942
7657_10,0.9653602816685175
12416_7,0.8388672278326085
833_7,0.45394850712545565
8746_10,0.9983893130970981
6374_10,0.9849444538840963
24_10,0.825009328448258
5133_10,0.31250796913190143
2937_1,0.2937853055288941
9845_8,0.7774741646842159
6236_7,0.07909097552243737
8525_7,0.6797882407412067
10398_10,0.9432440478283867
6555_7,0.9020702796202826
5873_3,0.8089308927252842
12235_8,0.756292362166345
8972_2,0.02320829822528546
6313_1,0.011132922359561688
3277_1,0.29044499840331867
9661_10,0.33735729894760624
11759_4,0.6464907906677028
7960_2,0.6665830493672286
2710_7,0.9765088251732159
3152_1,0.011878169162845308
3186_8,0.9998657817026805
6180_2,0.05299962922844829
3303_1,0.09348387413465038
250_1,0.03396400167249331
8902_1,0.012453591447248712
7964_9,0.9878926361252599
78_1,0.0017378518550485366
9162_9,0.6825130397604935
11868_8,0.8732922774819822
8522_8,0.6403771679129189
8517_8,0.7586792050730703
12341_4,0.09677727639452917
3300_1,0.045395096320864095
2961_10,0.9891714976044448
11309_10,0.8144362044489016
381_10,0.9746632220658965
6537_10,0.8230135966687986
4623_10,0.40464619119920736
12425_10,0.9753744875089138
817_7,0.8186562160001398
1853_3,0.26146128867676593
3586_10,0.9903268355690416
6148_9,0.9716277136107783
5020_10,0.9962941828228273
6486_10,0.9823102006140769
560_8,0.9971520909546804
11210_3,0.5203370795420269
4714_1,0.000731078830424938
7175_7,0.8039507592847458
10289_9,0.9627704873144822
2497_2,0.13448892114962843
6359_3,0.5465740367533004
4905_3,0.028510471096932166
4701_10,0.9990663440914471
292_10,0.9197716000634656
4010_9,0.85523430834861
1591_2,0.9823380133527754
619_10,0.6279703231228182
8563_1,0.001625213495243936
488_4,0.13270290659505818
3148_10,0.9986487329767247
2046_4,0.021029371063347527
11560_8,0.5823286765354024
8694_7,0.8875538406433046
11041_10,0.98636887286959
6159_8,0.976993736115946
10205_1,0.07289023896756458
7840_9,0.9545351689889955
3298_10,0.8782679556934022
2854_7,0.6395564387769872
3521_8,0.8290291789436185
8317_2,0.02228552471699569
10564_7,0.9513424372587929
7951_3,0.4640166717988434
9834_8,0.8792068709998251
4809_9,0.9990916869090687
4675_1,0.6139753369234917
9493_10,0.6240239757532859
7841_4,0.38168498772199505
8076_10,0.04171165763685893
3242_8,0.9864189817241101
11666_3,0.3454503951898751
9341_2,0.07881775913614279
10384_1,0.05281660815979706
1558_9,0.997752441172235
9790_10,0.42048619224507144
12149_2,0.2505419541770905
11533_4,0.00863873036509686
4438_3,0.2751286111677779
11177_4,0.02350180799262504
8657_7,0.5809109410290805
4485_4,0.8842756623617806
1313_3,0.025929046500962394
7383_10,0.9999554019502986
11875_8,0.9794902948866075
9838_7,0.8519583464528961
33_3,0.002452628450280563
5747_1,0.014714626644080122
1420_8,0.9416797349401297
7292_9,0.8079047288637973
5218_7,0.8286499890656582
3359_9,0.7186973767146871
10947_8,0.9790986458189183
219_1,0.03376381614724311
6374_3,0.00015368348098662206
9686_10,0.8084947850871365
6757_10,0.6694451528379467
1003_8,0.9149949353439623
9313_9,0.950381639895086
6175_10,0.9612205311098777
5391_7,0.8478268477907546
1085_1,0.016588950254469152
9054_1,0.17777391931280553
8543_10,0.9929862505521556
686_8,0.6055063563940711
6959_3,0.026198234680245333
11014_4,0.28704807325632636
9204_8,0.9634458053800663
9029_7,0.7861040575881479
10441_9,0.9911628735455253
5245_10,0.9871844337713768
1480_7,0.17982699584876377
6426_3,0.06307707889000953
1700_1,0.0028703691024717063
2783_10,0.939105121818954
6152_8,0.8695643690230127
12282_10,0.9886794273514149
2948_4,0.22430208483474717
11974_2,0.001189342666945462
5944_7,0.7072136777329678
9370_8,0.9233146732466582
711_10,0.3056531417843975
6169_8,0.9753754053748394
12329_1,0.007100947038531815
4904_1,0.002832107115354654
2070_3,0.032778442907839836
25_3,0.00947702216405667
1819_4,0.0238151436755721
8642_10,0.6211287256877576
11504_10,0.9056167717077381
10193_7,0.993371459790029
8917_4,0.03792233844318052
9380_2,0.9374880724417148
10048_8,0.9947532627318793
7288_9,0.8715558338661353
8128_4,0.18607676105610238
7800_3,0.14626931673935228
5852_1,0.002781468264405802
8027_1,0.04970744052028495
10317_1,0.03874887905515459
10280_8,0.8273050283888829
3959_10,0.9985634402382774
6115_10,0.9995954049559118
6078_8,0.8031923271487393
12273_9,0.989237012035809
1497_10,0.8045808310458565
2969_9,0.9945728647265465
2577_1,0.026236103590476054
4519_1,0.18289226435004713
8596_4,0.6043139952218732
254_3,0.04140559033894627
7005_8,0.6688716110471314
5426_10,0.6855368212784403
965_9,0.4091202546026617
2044_4,0.8449003530494886
9006_3,0.17167923663891843
11462_10,0.9678549563055244
4990_7,0.12409596897455805
163_7,0.29638714950103123
3134_3,0.21778524186672424
2922_4,0.32587464239861796
5777_1,0.004745664763981926
6340_7,0.9943114164355132
7896_1,0.00823616528404296
2321_8,0.7489846550824772
2187_1,0.9432850616379427
1831_9,0.9995883771410934
9321_10,0.9264224258320436
9970_10,0.9267292035251654
2978_4,0.6031880083957424
7491_3,0.004676286918326645
2491_10,0.8419264148162656
749_1,0.039417603215064385
4751_2,0.14345681194423787
3276_1,0.08762967729352365
10889_9,0.9865696365167212
5887_1,0.14862473259662765
8806_9,0.9896256105372229
8569_2,0.0054198198120052905
3209_10,0.9968800257455825
7139_10,0.9783477600102253
5052_3,0.05682800540391887
5773_3,0.06111260220092219
1663_9,0.9903339436975485
3575_7,0.5621362322112696
12017_1,0.01721045556037304
12460_8,0.9981510896898571
7925_2,0.00025549305119613064
1643_10,0.9875542795771909
4537_1,0.0006238819161391128
10651_3,0.018753895296580114
12075_10,0.9539516656503206
4823_1,0.45488961372469255
5392_7,0.6240385859319711
5436_9,0.9211362094258501
3088_8,0.98676911720502
6607_9,0.869493068444334
7648_1,0.01969392583513479
1073_8,0.9600430092458768
4587_8,0.38609328742763377
9463_10,0.9456659777222991
11962_1,0.009901697429526318
8718_4,0.21159276193214388
7781_10,0.9805152342237762
11495_2,0.14764395818152784
2772_4,0.6473532594460701
4029_1,0.000403908439656176
2080_10,0.9366487954164472
6250_9,0.9978939774215583
2985_9,0.22066868897961692
2935_7,0.4051980162509359
7900_1,0.0001001372423578184
2433_8,0.9997941948585625
12366_1,0.004221732393626646
10910_2,0.09286559129626058
5265_3,0.0004670186601323023
9603_10,0.5925749631705046
11989_3,0.010682930639452042
2929_4,0.6439179047127908
1796_1,0.009704968449490828
10659_2,0.8199072886709752
4978_9,0.38867146995592206
11823_8,0.9959162851941549
1732_8,0.7530802734174137
1103_4,0.22144262221673863
8958_1,0.011365101873219553
8607_4,0.6683728186507555
5820_9,0.9995638790778436
8885_3,0.009167000918482125
3718_10,0.8178566507506917
3822_1,0.05862812448611461
9886_10,0.9959701136734654
9806_10,0.8205802746822071
10009_10,0.7849236135380615
5979_2,2.201676208458601e-06
11937_3,0.08052255233604552
4776_8,0.9592637771455571
9009_7,0.5469477096856287
8094_7,0.8189835719019685
828_3,0.6530505109334686
3318_1,0.002452806614833499
3558_4,0.10644438752202486
7967_8,0.9787991625553673
5275_7,0.9762092619771257
5130_1,0.00032855437690899284
1327_9,0.5297791241277843
11526_8,0.644320302151157
32_10,0.9729928664532398
10697_1,6.114886205307411e-05
9966_1,0.01102951644355057
3132_1,0.2322737442280555
967_2,0.027215646744733507
6483_10,0.8495735718387439
698_10,0.7970768067223729
7848_2,0.29199423128809104
9349_1,0.03875749731912
10532_9,0.9917159987995746
11819_2,0.21541177509438028
6812_1,0.0007316785671121742
5401_1,0.0311036975329291
3528_1,1.297411692841755e-05
12239_1,0.004078605015824041
1479_4,0.0010034782601147044
2732_4,0.5639509703235369
6806_10,0.7785307851172678
2119_9,0.989397811253366
8565_9,0.00012152890277341361
1914_8,0.743423683898346
4835_1,0.0028355882876270723
1029_2,0.03143849130570822
9228_4,0.37286436286218183
2391_2,0.014869137674501586
9674_9,0.9964293013966834
9404_9,0.7884217076505368
5987_1,0.021502083578995666
9237_8,0.9802150112459578
9879_2,0.12986531764514278
1370_10,0.16349132646867284
10662_1,0.21025961670647808
6937_7,0.4330634284877658
6355_9,0.8816965212309806
3784_4,0.12915205456791493
9136_10,0.4294556000150562
9557_4,0.09061632656563497
12013_7,0.9961027198932797
1114_4,0.21673653710029736
6890_10,0.9945160553117156
3238_8,0.9714492902284095
1790_10,0.9993343486781202
4277_8,0.966569330672624
2257_4,0.952287105540703
7677_10,0.9898022268839676
1618_4,0.12320915559675413
7314_1,0.5729565380920201
10332_1,0.014555974617778553
7746_2,0.9983104827370883
9303_3,0.039588971921465044
12321_9,0.938858942650884
10341_2,0.06381737978928222
7745_9,0.9345145167790712
11104_7,0.7982302136275303
10855_1,0.03874638663046522
10300_1,0.01623966660786744
2037_2,0.012788908910388969
7754_9,0.8388264720518211
9503_10,0.6115597293640684
396_7,0.8980764648170771
583_2,0.005779193040267114
4469_3,0.24780975045002432
11038_1,0.05718330718681594
2285_4,0.3028030486285645
5069_8,0.0930914722994835
8736_8,0.9677814568870021
9486_3,0.02493847485225724
11669_10,0.08349601515705059
8598_1,0.02354267259734228
1344_3,0.043006893985623455
11789_3,0.019525132285221396
9605_2,0.14077193739413907
10122_2,0.08415822483436175
3752_10,0.9120821757666046
3864_4,0.05924045736882261
10505_7,0.5522459473286951
3822_8,0.9249557005983206
8146_4,0.6228848385884146
11114_8,0.7082294673714238
7847_2,0.0633229165049523
10300_10,0.92216011441263
7021_10,0.9728464845871798
8_9,0.41095857940120456
7199_2,0.11535495527283288
9392_9,0.3462250022699529
8234_7,0.6667752765821687
12328_7,0.9630196608957861
9918_9,0.8134673451913217
10066_7,0.11700012675111174
5482_2,0.26802483193686644
6914_4,0.15323775966761838
4665_7,0.4088811170545223
613_4,0.541063831418975
577_8,0.18344922796043114
12490_4,0.3103811192676756
8637_3,0.5028572622925691
11815_4,0.15954440790894991
9490_10,0.9781655123400486
4388_3,0.0021942002783010305
11778_10,0.99223594059364
4988_10,0.9847263047110395
6590_3,0.8859874374178758
4761_7,0.918888951622405
8828_4,0.3091813754554183
10382_3,0.0032274663315179294
3321_1,0.2522683858752628
2550_10,0.9475428748471917
12104_1,0.6764178574582268
6431_1,0.017868529831430044
8829_8,0.3013069893639736
858_7,0.3424018871487536
197_1,0.33552631227781027
3599_7,0.17278978536780132
10808_2,0.00018880870136782783
12050_4,0.48876747296858963
6348_1,7.451811066724548e-05
11051_8,0.9171805960137989
11216_4,0.15261815822171987
8360_3,0.029470794957709462
9570_2,0.22669212319565263
8040_4,0.5782174942406068
3664_8,0.9942087162092338
10003_8,0.9987126497916682
3763_7,0.36366136702936425
9692_9,0.05398795740708062
4503_1,0.004359496857434642
10985_2,0.31265001065934406
121_4,0.5647133843204715
5651_10,0.9244187672687338
9416_3,0.0017606393834145831
9128_8,0.9073105315888007
8955_8,0.9754197025004262
8787_4,0.6894747954560798
1622_9,0.6116137116914523
762_3,0.003298981282325246
6915_2,0.09140324768803575
8998_4,0.024507708895354932
8200_10,0.6512280847804738
1878_8,0.9388147718621904
5969_10,0.9449760101996441
8000_3,0.11355212969733494
8161_10,0.9985467296430148
9805_4,1.5102672545482173e-05
3815_10,0.9803366740550576
3783_3,0.09144365834823183
4924_10,0.8538571547695832
7952_1,0.0811359589660255
4060_8,0.636707290043804
775_1,0.020597009318544725
696_10,0.9791361573217995
8751_10,0.08504894946228879
6073_10,0.9848220811573093
9982_1,0.05571833854162863
3706_10,0.6797095777119502
5996_8,0.49472410740888656
3107_10,0.9453635737876817
8913_8,0.7251536516979661
8982_9,0.9755936431035924
8938_3,0.8763655798456189
3008_3,0.009853727889474426
3787_2,0.014748087831090084
6146_9,0.9890838810531208
5664_1,0.03149288293550957
2408_3,0.23939453837331257
6153_2,0.10284525778701793
7023_7,0.8025792392522201
2571_3,2.93690235215075e-06
6808_4,0.014649015349014664
6425_9,0.9998360882764407
11139_4,0.0692745867032258
320_7,0.6448506061808598
3098_1,7.21319548986726e-05
5369_10,0.4592720907056056
480_3,0.1475966544772901
7884_9,0.9177632049487486
5247_1,0.0012090648151421163
3192_2,0.024907744933376615
12127_1,0.0007321965466579877
1237_7,0.9581799726636622
612_3,0.7651335356377155
6016_7,0.8862448423167907
10490_1,0.004736192650474915
5180_8,0.7878062450755794
3122_4,0.5519046214976387
2845_8,0.9861547884520508
9000_8,0.9728043054062966
448_2,0.31537281905490905
1207_10,0.9643781901654793
11989_8,0.9921188818954098
11102_9,0.9987760890541264
1761_1,0.01367642004836713
9815_3,0.06249768793327412
12023_1,0.3185057823062797
9901_10,0.9981311888993778
11740_2,0.7336901639082953
4702_10,0.9392019817997528
4885_3,0.05762294128659256
0_2,0.488817850480654
2273_2,0.05359110088839684
11340_8,0.8972538276879463
12012_4,0.5959815754030496
10534_10,0.910939667428301
8424_2,0.06285299526520449
8716_3,0.18165765378197277
7154_10,0.9836513523797974
5001_1,0.008913051303196366
6511_3,0.18699452830276048
3308_7,0.7335135183141419
2720_2,0.052696970747670886
1183_10,0.9637018805183083
12387_2,0.0008882918923736372
6580_2,0.09362276558928061
4431_9,0.9811512251843996
11828_7,0.736709763400787
6737_10,0.9883275488079708
7505_4,0.07480105128187886
4798_2,0.9071762793812386
4773_1,0.1946331729307852
6719_3,0.002883953669561552
6475_3,0.006582854387852118
11733_3,0.09012502945984657
9360_7,0.825581163033493
5571_1,0.0007293782505571245
10316_10,0.5199361195346147
5068_3,0.018286764336709577
11188_8,0.2210496962017047
7291_3,0.6754287982377722
6233_3,0.06816250642184148
11710_1,0.1395005602105488
3780_7,0.7715301037755105
3210_10,0.9986712610044048
2885_3,0.2914109597063465
2912_4,0.33695917851242263
3320_4,0.016519569776512973
11275_4,0.2390394851429777
8406_1,0.0006830478253306082
8275_10,0.7330406994964473
4862_9,0.9442566793668792
11817_2,0.12364347191329914
302_10,0.7469810630625522
11341_1,0.45525010345156647
4626_1,0.00011302404590450091
1030_2,0.01123975502274986
4799_8,0.9470537420853934
4845_1,6.213424991282036e-05
3458_1,4.627007343607123e-05
9535_9,0.9748645379672042
6553_10,0.9470586345612156
486_4,0.07867136304086782
11162_7,0.8636463530039508
7689_7,0.38347130333742624
12058_1,0.00029928215771615155
3740_1,0.07512577278078783
11656_8,0.022695156747923766
9795_1,0.005391649018672497
1947_1,0.0025990156350168187
1468_1,0.06560816344341497
4158_10,0.9448261793264006
5876_1,0.0463281352884191
12084_4,0.2840579725970742
5434_7,0.5557273003843592
7984_9,0.6570099278404438
2217_8,0.4196903919976865
2300_4,0.030465757094922916
8707_7,0.36155669748811103
3345_10,0.9996750705035142
7375_8,0.9386726766906308
1150_2,0.004534567538581813
8557_10,0.9305131154811979
5590_8,0.9781980153158971
5270_1,0.5023127399342968
10339_4,0.6261840566117987
6789_3,0.6336853654757068
4289_1,0.26826276614668054
693_4,0.6130222607643897
326_1,0.9601021992267986
9786_8,0.9087799734489457
6610_10,0.9847423443932425
11350_9,0.9839038252000596
10907_1,0.4888453661809035
3285_8,0.7368581044382493
10964_4,0.0012398323216689618
5411_1,0.028440550281285573
6188_10,0.9502343175004007
7110_3,0.0350456250058228
7355_8,0.5550082313163991
12116_1,0.22062043682625185
1187_1,0.00036400190787511404
12167_7,0.8167910603937039
5530_9,0.9417085987840923
2829_10,0.15016312862353928
9549_4,0.02689177993724046
8805_10,0.9994823785862123
10265_3,0.13845758756247536
5227_3,0.002041745300774259
8693_10,0.5902278702587348
6331_10,0.9965431324595108
9079_4,0.07960124244799527
7200_1,0.0036916424232025023
9322_10,0.9993072730357924
2899_4,0.00017580543768179157
6478_10,0.9935116500171066
4659_1,0.03237224207733684
6755_1,0.02858991068602875
10385_10,0.9852060341161406
11861_1,0.0002582735647658871
5483_10,0.9995570879927449
4012_10,0.9934420815484484
7146_9,0.9951696554729282
3782_9,0.9775214283067241
12181_4,0.06072586517691604
10663_10,0.7655978621167647
4712_1,0.0012733055379997265
11071_10,0.712492900055996
11171_3,0.06655497775624417
9043_10,0.9943963329529939
9912_10,0.07486627852193856
7306_9,0.8939436083647904
12382_9,0.570863032019187
11654_9,0.92270563119482
8848_1,9.521157236913609e-05
4076_3,0.16676915063904574
8248_3,0.3578972550207765
10011_1,0.021324232145849113
11769_1,0.0039053573776621775
4164_9,0.9940834768426541
1831_1,0.00153738452071955
4164_1,0.13568050674004725
318_3,0.13014137958090483
7221_10,0.9479068002493407
10912_8,0.9969799098902562
1321_4,0.3215039959584994
7712_7,0.8553942153045543
2680_4,0.03178291478991003
8374_1,0.005578552770310517
995_7,0.9734625277763279
2009_1,0.03340679769201675
3905_9,0.957970328192406
3348_3,0.041927456424069906
6466_1,0.06634274042808605
11900_10,0.9671758721491728
1634_7,0.2423051310056899
8245_4,0.1262392585102155
8561_1,0.008391988356904792
2072_2,0.017633434884385738
12060_10,0.9815628059368358
8178_3,0.15422984703722664
8778_1,0.10224209722259747
10489_8,0.9885538243916745
10118_8,0.9864792294562006
3470_8,0.9975938326163453
8014_4,0.9480009269272689
582_10,0.861047620823329
8984_8,0.5153646820848896
9085_8,0.6959576564471146
8894_2,0.1958987950069252
3762_2,0.09427979795202243
3815_2,0.000656381576553881
5903_9,0.8379748634219154
8907_10,0.9881866655586521
6140_7,0.8989094917033442
9279_4,0.8023159625374013
2948_9,0.9951330149361389
10588_10,0.9902625694480255
8239_1,0.06163113611185519
6986_2,0.006621390244577375
5308_3,0.03340783124843422
11984_8,0.3101301554652551
9984_4,0.25734987405209553
11803_8,0.9931423058425392
2925_10,0.9103404096050709
11396_10,0.4437812682268588
8998_7,0.8557374119405167
4511_7,0.9960270648646878
5780_2,0.28555563363069975
9838_4,0.22254690787472167
422_10,0.8914026166190897
11389_10,0.8796005594129848
8511_3,0.8571299027162786
2089_10,0.9788603061714556
5818_3,0.04663413569539574
566_9,0.6917859050204916
452_10,0.9939247893832982
4451_9,0.9831767905030842
6105_1,0.18939111945579612
2158_10,0.024098068645058587
10395_2,0.3964388332896991
11291_3,0.0001816849583725638
2408_8,0.9579244096233828
3698_9,0.37709513541159795
6060_2,0.0016172892570825751
9509_10,0.629173581966012
7136_10,0.9901974056599645
5557_10,0.9969443242878864
7155_2,0.001157297154470851
11421_10,0.8708209633085469
3620_4,0.9581569232987409
2176_4,0.7264097428910923
8970_1,0.41041122474112024
11186_10,0.9897891989078871
9604_3,0.03296430476418489
6047_10,0.8529601389906687
4487_9,0.9543067764120229
11880_3,0.014077799201193569
2650_2,0.05728507502944547
5279_1,0.04827558026546934
9289_1,0.023806584255735418
11673_10,0.9798444535220149
6890_2,0.03573870636065862
2668_10,0.9330007794102468
942_1,0.0003588814683821405
264_1,0.12274989388140402
10157_1,0.07777818262898271
791_10,0.9682868156819449
11434_9,0.9619588922410747
5630_2,0.5056897140266953
9392_1,0.0002946096488269141
12471_3,0.3544522551276307
8593_9,0.42144609684417594
10333_10,0.9331649055394493
9146_8,0.8895633101546561
5404_7,0.9741305587438814
7662_9,0.9117256894790353
11068_1,0.1941420931929886
4460_2,0.26390231150301374
5002_10,0.9881307516079346
9269_9,0.9917279915513292
1639_10,0.9856545808633155
9045_1,0.10827456761460638
9944_8,0.6599975024667293
4091_4,0.07200971402041069
6889_4,0.5906068857565974
71_9,0.9998836207315198
10173_8,0.9969264260077224
2513_8,0.7319242656230736
7507_1,0.013436607006758437
1235_2,0.004849439385156844
3325_1,0.28010185495500706
4146_7,0.35000416846966953
7286_8,0.71684606997807
4096_1,0.01335192968298104
3897_7,0.9994141629616272
11240_10,0.9980269392427101
4109_1,0.0043290901949400076
9566_4,0.09143943215609586
2038_8,0.9617724086506948
6985_7,0.8505471296726005
6967_9,0.9465851380285524
11020_10,0.8944977111748316
3291_1,0.025595135992677376
9763_3,0.2335942040532588
1943_7,0.344735055099945
7599_7,0.7601746821712007
8158_8,0.990195642166538
4140_3,0.007431391102169137
11840_2,0.00022577751516419554
9675_1,0.0011307064122267033
10878_1,1.9179629272091236e-05
10760_1,0.008828584440437617
260_1,0.0001478931360528692
8188_10,0.9538615409295332
3260_1,0.13993665299893984
6172_9,0.7980076096980774
10021_3,0.2385460535350496
7784_10,0.9977990364424595
4066_1,0.08599529632952413
12325_10,0.9546014027262814
9894_8,0.9812319619626181
1242_1,0.015046277049548095
2059_1,0.0054981356430562405
10686_7,0.8591310605192527
8110_2,0.009356689851119575
8398_7,0.9288696625645728
6096_9,0.11391957617050658
9422_3,0.0512329808205381
2919_4,0.9479491790646569
10248_1,0.11001416460356409
7480_1,0.026358176227074398
3248_8,0.9990226584200403
10264_2,0.01605528701233833
7401_10,0.2769430919076911
10528_1,0.32409268504721933
7623_8,0.2774375299267184
3968_2,0.009886767212108984
10918_4,0.0811692747736707
5146_7,0.9013952805163001
12466_4,0.03135574061417687
10395_10,0.03444570936521871
3862_8,0.9890867535663227
2247_1,0.22567206408524035
2979_9,0.9993241805885026
3271_9,0.959095976850233
5225_1,0.006458276607625127
5662_1,0.5760677023928812
12087_3,0.236642542764484
10765_10,0.9996088653911154
1256_4,0.12758352995803246
2057_1,0.003423300028379744
2610_7,0.9216365376947644
2065_2,0.0005894851834717055
4410_3,0.26687301250280043
6847_10,0.996527470265036
1927_1,0.2169279322727446
4201_9,0.9043672420078389
2578_8,0.9182217496273649
74_10,0.9705747078639971
8324_10,0.9999898824088552
4762_8,0.470767825710209
10612_3,0.08220668899542168
11353_10,0.8381381713953275
10709_8,0.7582921688146287
3978_7,0.6839647009207357
954_4,0.14956263441409665
2493_10,0.6840673192511314
8293_7,0.9644991068004631
9454_1,0.12183193750434024
8982_1,0.2628722229604683
5201_3,0.18894660831369947
9758_1,0.0009956108650540849
5999_8,0.7102064846163442
11000_1,4.173469874529473e-06
647_1,0.06342006371055472
7345_9,0.9993006872425422
5105_3,0.08057923389310902
9488_4,0.04337084119699315
11810_10,0.76971395824054
5343_8,0.482410311736112
1671_7,0.9539952188119353
6414_2,0.2992202314694553
3749_8,0.9087767141478231
2310_2,0.006011056637251043
8460_2,0.00044453060834399936
12305_1,0.003669065036625158
11672_1,4.843037159599239e-05
11726_10,0.8532617549218746
11659_2,0.7469976721790631
8684_2,0.07896167097520018
6546_10,0.989681827517055
1980_8,0.951207572853994
3113_10,0.8653514038051725
8440_1,0.004766642312028585
7473_7,0.9836979920567893
726_7,0.6407334743307984
11165_10,0.973517166680352
9830_2,0.2739781826718108
6409_10,0.8776995477470555
11455_3,0.19388195132853428
993_3,0.04799959710042519
3186_1,0.05151451631939722
11631_4,0.004906421069700521
3225_1,0.006249077970386297
4442_1,0.0016875703851171697
6775_9,0.9813147412766354
230_7,0.3622372790401164
5971_4,0.30590185998069364
763_10,0.9962810561924023
9943_10,0.9965774573673796
10098_9,0.8174948081722844
7219_10,0.4114860353103732
6348_8,0.43344591183391823
5774_10,0.9030592727092218
1842_4,0.3953964461991821
3544_8,0.9674886574612158
5661_10,0.9760204231646465
8698_1,0.10863562673071443
7576_1,0.014506283687234908
584_3,0.06214689309959887
9963_8,0.9408575638993343
11653_8,0.9898172152971675
4269_1,8.942243092428548e-05
728_1,0.07538464708096249
7118_2,0.0015326675241562142
6305_4,0.7984439025301454
5970_4,0.45138207815107034
4729_1,0.046439169366971934
7638_10,0.7582182296998767
2709_10,0.923867596591316
1461_7,0.37971566247630895
5302_10,0.9636692161692252
3589_10,0.999910700892375
3897_4,0.3987737057774917
9883_1,0.054361723397185646
9903_4,0.0031581519333717827
9789_1,0.04642856614679208
2971_4,0.07993546850138471
5015_7,0.9773438838032625
9215_1,0.15824852482412463
8553_2,0.01492948649577667
5671_3,0.09096288716308812
748_7,0.9529324588427355
8222_10,0.9938628444348849
9336_3,0.35651419708657306
1585_1,0.1816577585204249
10634_8,0.8605121703122217
4549_8,0.9972133144917075
7014_10,0.9608804810437985
2412_10,0.9104343135670708
5779_10,0.6787241046506225
11949_4,0.44058849773916836
6879_8,0.8986173966214475
4432_2,0.4006105405468032
5825_10,0.9200127738437747
10422_9,0.38812154887357053
4575_10,0.9917434118914826
11520_1,0.0032178053837820133
6612_1,0.32177206060578817
4206_7,0.9630118116484297
1611_10,0.8422962800587473
8170_10,0.996800594703534
96_1,0.0010671484788974646
715_10,0.8676024707566988
10032_8,0.8599035478393933
2585_1,0.13988028777644
7477_3,0.627123528305923
2778_10,0.995047450231337
6807_1,0.8289782275138197
6378_1,0.3236844411138009
1752_10,0.9779747661381966
2305_8,0.9910636175962152
7423_3,0.021929927557433032
496_9,0.9999774781742747
10829_1,0.0002901680214889682
7012_9,0.4203247663180115
7701_7,0.9865759191818634
6858_8,0.9984575024524737
2723_4,0.07932272520693413
5720_1,0.04987384138086219
1531_9,0.5393063058067119
3052_8,0.9421752733844907
2728_7,0.6429043211231382
2275_4,0.021881640096835468
11211_1,0.32277309811967736
4603_3,0.811161840317424
2273_9,0.9994211247272747
11662_2,0.09701730946234081
4887_3,0.06987420511442241
8155_9,0.987015394961532
2373_4,0.218467310914596
1754_1,0.009345212233336954
12247_9,0.9745096175725457
10327_1,0.00020177057182041132
8968_3,0.30062919377543534
370_8,0.9801728524702392
559_10,0.9977810508538623
8273_3,0.024692711879996672
8125_2,0.16133291784301285
8666_9,0.8070313974916183
4827_7,0.697033417399303
9737_10,0.9685339684333023
5604_8,0.48563573337692795
8331_10,0.9589370001901317
886_2,0.02773228081852672
4413_7,0.651429240580724
4116_7,0.9367255690583822
3675_1,0.12718685210098254
496_3,0.3893961516133217
8837_4,0.44106139000282335
3099_2,0.0150494745985658
5518_4,0.6244814389369031
6953_9,0.9893223576212755
1240_9,0.19238740458257086
8614_1,0.038112276627094925
1628_8,0.490575771245951
1673_3,0.04959547326766287
10806_8,0.9872808109941121
780_9,0.8819292872697274
6957_8,0.9961498127187502
10903_8,0.9895476686471326
9908_7,0.328618285521754
4696_9,0.9604764596708028
3816_7,0.6505617068467084
489_9,0.9999784101363589
2254_1,0.07606209416302692
122_8,0.5419585643419732
3171_8,0.9381093427545149
54_3,0.3942384658984711
8826_4,0.630166054976383
7686_1,0.004351463423652179
10875_3,0.002850112973682268
4858_10,0.7191977486753256
1268_8,0.8220015443760261
3497_10,0.8818452379735124
6527_1,0.018971592904382165
1345_9,0.7536730373081789
10092_4,0.4520108834315177
11571_9,0.9749391848848087
2899_10,0.9834389294102387
5381_10,0.9979976811262475
8722_1,0.021071129574172735
10521_10,0.8036969119789333
296_9,0.9918531525688509
6184_1,0.17541801395573528
6657_10,0.9766495171567828
5972_9,0.9121713945008654
8599_7,0.1596294053682347
6125_1,0.11536266952855749
5834_2,0.25495287096035946
12479_9,0.6339501777237078
3253_2,0.10351521546107757
4986_9,0.9487879738239674
6439_7,0.8908955538777039
9659_8,0.9696438343406257
3375_3,0.047375176650975966
3155_10,0.9506324148775331
3478_9,0.9233257805048259
6251_1,1.6400670381897189e-07
6281_1,1.4000989041877302e-05
4669_8,0.9420490394827513
2843_2,0.003127712002314803
8137_8,0.8606036479081498
9390_10,0.7903719387790592
11401_3,0.05230504942090878
1455_4,0.08794328627786353
8418_9,0.9906580718439072
7064_4,0.43528137488082436
7467_4,0.29196448521828056
12492_10,0.9874025462813073
1969_4,0.24040270317132262
5388_8,0.3386983210115291
3287_2,0.014543334567935544
3493_1,0.2209461999137976
11682_8,0.7008870315444374
7860_3,0.6335354000111914
5507_4,0.01697911244365494
11741_10,0.9843079027623493
8041_8,0.9967055369593233
3525_7,0.8590777543162191
12256_9,0.9915193382467592
1559_10,0.9978974392493654
5477_9,0.9807628954083125
736_2,0.025301524285421567
29_10,0.99986106883709
12257_7,0.842676741800206
11184_3,0.05850474435791475
5323_4,0.003227035503026031
11315_3,0.8421923291861729
1400_4,0.5049864445659538
7978_3,0.005523641802716384
6543_10,0.7964092812996809
2120_10,0.9015443631201603
3033_10,0.9968430205891893
4096_7,0.9560811889123992
10945_1,0.34903736882737785
10726_7,0.9913234173504906
10568_10,0.9999112840843892
8966_8,0.9934281663915963
12274_4,0.0029307165768538597
10560_4,0.2417177041749759
12352_8,0.6182921118128781
5860_1,0.002592043670351668
11828_1,0.01853628483043267
10752_7,0.8722338471056823
6501_4,0.369610625912871
561_1,0.04683448032952605
6796_1,0.05043271751534011
2626_4,0.6417613102078407
9089_3,0.008580858326049481
10921_10,0.9938999751737165
6969_10,0.9424681951444218
1039_1,0.002055706218573556
9561_2,0.04510380857658424
2651_10,0.9126155520748115
8929_7,0.6636707661126844
6434_2,0.1298349889257501
3954_1,0.004515533203282161
12408_10,0.5071015916376268
9230_8,0.699876411997099
6626_1,0.07270298710619408
1913_2,0.5199315908266959
9277_10,0.9202523150038259
8177_8,0.8083462781942757
7174_2,0.657350490391221
10000_7,0.9843334653692084
849_1,0.03878984980370552
9768_1,0.13932591840512903
2852_7,0.9852578163219752
7872_10,0.9993868229047604
7331_7,0.839108867308681
9716_8,0.9095151128059571
5672_1,0.25890817133275457
11305_7,0.40311890737574607
4750_2,0.1318039312416026
3606_7,0.9763779858217616
10329_1,0.0011445469295177063
4407_8,0.9908851155118538
4298_8,0.9815827589415438
1526_3,0.5783877140464913
1177_8,0.7062929229299248
8366_3,0.002988884687487087
1848_9,0.9952986672454134
9689_1,5.100139330030543e-06
4883_7,0.801970254753503
10485_10,0.985560876503079
10851_9,0.766142118156392
1550_7,0.9353035867797709
5088_7,0.8135078117032652
7420_7,0.9790378599573676
8306_4,0.34354092200629793
7474_9,0.4196169213089102
5297_10,0.9958284307627261
9105_1,8.135166863584465e-05
4806_8,0.9825611502970678
11659_10,0.9515297043225811
5491_4,0.5434470685777582
4175_1,0.002970173677621827
8726_1,0.001808034061842986
9049_4,0.004220402719946135
3266_10,0.9557538126821777
1396_1,0.08137191962538005
8364_4,0.9488467994178793
3945_2,0.0062472338042906745
196_4,0.032961622578382976
279_1,0.019086212210962916
12203_2,0.00017139232204709911
8613_8,0.7997706253883672
3839_10,0.9993323662172571
2780_7,0.3887804359008406
10493_10,0.9892223301554399
6866_9,0.9799247280796631
4044_10,0.9122504142808487
2435_1,0.003290011098193839
1976_4,0.8934447628241707
8649_3,0.001876617772358147
7299_1,0.0058264297973323834
6018_2,0.00205636688129427
9729_8,0.9780184277024685
3154_10,0.7326584693548764
950_1,0.014397884676059026
1409_4,0.10496236872917424
5175_10,0.9999293564767409
9722_4,0.039737752344564975
4077_2,0.04549978724302153
7067_1,0.026526142785044088
10984_10,0.996477689536291
7117_1,0.0007248073484198766
2121_10,0.9840093429600446
1386_10,0.7599625819608318
12236_10,0.8419066658282228
11844_1,0.0053422832223330545
8085_9,0.970520451733262
333_3,0.18788667119557165
6522_3,0.11574453331513337
249_7,0.6867092198501837
1199_1,5.118708316681994e-05
499_8,0.9255550063636707
10033_1,0.002529808600462752
7699_9,0.9770712902477982
4829_7,0.49149259766181314
665_1,0.001552634652891395
6743_8,0.44201619344195814
10153_10,0.6902978733548375
4757_2,0.2004899331002935
6942_10,0.9817569153257525
3895_7,0.6445278632661399
11128_1,0.01630259231054479
4404_3,0.3999601742690745
10811_1,0.002516661040679828
1165_7,0.8608138071443727
10907_8,0.921946795110999
1859_10,0.9664981769644903
5836_10,0.9414057989686552
10158_2,0.10338981732351496
899_3,0.12459104974290887
8631_1,0.8403195811108948
7153_8,0.6466194991237565
847_2,0.02858725220310422
4418_10,0.99868839492086
12320_10,0.9367956008065143
11242_8,0.478745536782539
7046_7,0.9065546382389327
1819_10,0.9972016144640226
1651_10,0.8155312202147988
8280_10,0.9999961855619856
2062_9,0.9951475375899951
4781_8,0.9988228242028445
10314_1,0.3128862211724005
1934_1,0.0013359480999404168
12230_7,0.6587851885205861
6689_9,0.997846156658785
987_4,0.13761680243039448
9881_2,0.19339515679928151
4571_7,0.815222586766041
569_4,0.22724964694337102
11392_3,0.419126476470493
10716_2,0.001329149352798413
7643_3,0.1736598736706629
7429_8,0.9861661469576047
11315_7,0.2608942863911494
3097_9,0.5073356102078256
10398_1,0.006348539984372198
6299_8,0.7492216961089191
5951_2,0.03408202288713402
8930_8,0.8663515619456853
1852_4,0.006692728243134877
2857_7,0.6713650632776949
4544_9,0.4089643132407242
9492_10,0.2803912649230562
1947_8,0.9254619381596754
9178_2,0.19558837009773355
6290_3,0.0012737656072435552
6313_8,0.9581364216926317
6975_8,0.9865190620261242
12258_10,0.963006568206418
3970_10,0.7933336500532955
8096_7,0.9678022723499742
10872_3,0.008384693611372757
3660_1,0.03669506235554226
7958_10,0.9785290373429913
652_1,0.0015924851842518033
10331_1,0.0015235416963887574
2368_4,0.056883623399423246
12367_1,0.008834205540003366
12125_3,0.32936723184992567
5785_8,0.6833888736379781
5213_10,0.5847993461347019
6334_8,0.8889665957998317
8005_4,0.2608753389789578
8405_7,0.9670930147380473
4629_2,0.0006256192802100564
9342_8,0.9658862953983134
11634_3,0.044203336109934224
2878_2,0.47880190201984335
6195_1,0.1125995183836465
6994_8,0.7729946223509573
12170_3,0.10869455125323199
7384_1,0.005204239039702909
1047_8,0.9829135289656687
669_2,0.08208950711141667
2976_1,0.08367167839595467
4718_1,0.012950140737490543
1203_1,0.0005081894335840094
9113_10,0.9508995145132135
2928_1,0.2934855694235745
10734_8,0.9123790483733083
6469_7,0.776046328339575
2896_3,0.08209172017681962
12061_8,0.9795535756382393
240_9,0.9310412553488322
8580_1,0.3582593016082488
1961_1,0.899548646898337
6145_1,0.00034886240739790905
11028_4,0.822417939886377
7664_1,3.744609434305439e-08
3022_1,0.6336642787390749
7893_8,0.6374431765288304
1149_8,0.9384073787564602
8301_8,0.7881212729433348
8210_10,0.9165455656116533
9949_8,0.2974937384340805
2961_4,0.045864033216396226
9796_10,0.9657828420282538
4397_7,0.9362213640913798
2936_3,0.591694237233467
11382_10,0.9770386635202647
11671_1,0.10671614838564401
10864_1,0.00886353865704205
11253_4,0.18387580132520215
4692_3,0.28219386373693633
11905_2,0.5314098123367266
12066_1,0.30969952350534097
789_8,0.5436514873104009
7700_8,0.2686231422900688
7697_7,0.9564198957734218
8628_4,0.1241749565199969
5719_2,0.11727749581519584
4761_2,0.0014692712065122852
8777_1,0.003405634067834734
3525_1,0.06510533094142355
11990_4,0.172636741578217
432_10,0.9660534749414406
4115_3,0.01975900733404763
10888_10,0.9161686963253547
6995_2,0.4575086224240089
11910_10,0.6244293362319908
8895_1,0.034605489207446063
12149_10,0.9774592621214437
11782_8,0.008896709423334929
12139_7,0.6256190298802882
380_2,0.8683746132239517
5242_10,0.5353561688900665
3542_9,0.9778822634845735
6821_1,0.29435619667326673
6931_1,0.10711075040804846
5958_9,0.9327084580484489
5332_2,0.06604115164048388
2630_2,0.018727002105896322
6387_7,0.07566992511684169
7899_8,0.9465390186157577
11017_3,0.010401911403356025
11800_10,0.9742201069149866
10926_10,0.9337762265711677
9866_10,0.8857124074782385
3203_2,0.04812657679402354
11276_4,0.17737299125476752
8342_2,0.7055716781071645
6167_10,0.8065006124911344
36_3,0.011906603887004964
3340_1,0.008186819762582771
3997_9,0.9806723093667398
2627_10,0.9960893418551207
4204_1,0.006456304466649593
1018_4,0.1449379848537614
10951_1,0.0029230476216411303
5315_4,0.3682202151457697
6301_7,0.914595955456856
12038_10,0.9970533190038167
3164_10,0.17570812932206467
10989_8,0.9808294229623196
2449_9,0.8092975456991551
4375_1,0.00040936865082927374
7037_3,0.0758914059638844
33_7,0.806352145185678
7457_10,0.9233386148531635
2082_3,0.035821197095904186
1316_10,0.9638289560419385
9097_3,0.22307079479614794
5804_10,0.9515066571614993
9411_1,0.00982733508278519
118_10,0.9675319616310304
560_3,0.40485369881435995
8914_9,0.4503958407209468
2745_4,0.22715701969513127
2607_1,0.012476203511006864
4405_4,0.9099001709027782
10451_1,0.035238022565215486
1887_7,0.7099253616556411
725_2,0.2594665856870627
5118_4,0.0016486183200389822
9536_1,0.0016457691106296244
127_3,0.01243291071029103
2833_8,0.9960855051371033
131_7,0.9758619243000415
7789_10,0.9671194107879979
6294_7,0.8577495017203983
3872_4,0.11283998700920532
5454_7,0.9279556427651443
11162_1,0.0019160827071953328
1685_1,0.0005160855054715757
8352_2,0.02251516386629226
5003_1,0.01362402742820259
262_9,0.7339797704775566
8233_8,0.7116788266830312
1814_10,0.9969155640492853
1967_10,0.11999386734710571
7545_10,0.6287825054119343
12386_2,0.032632700159494994
9531_9,0.9603588450468963
3013_1,0.011058711231025694
6835_10,0.9987256044778355
1279_3,0.6424473552683587
2411_1,0.01470191276684864
9537_1,5.2037185895455725e-06
3446_10,0.9934642155743066
656_4,0.14931101688200718
7085_1,0.0018306359694487688
8355_1,0.39488892117722396
1869_3,0.49654508071512055
2317_2,0.016211869254893502
11228_4,0.3154908371130189
3987_8,0.9993265104248718
509_3,0.015277347721587807
5168_8,0.9709130869956866
9267_10,0.9996882138948554
912_10,0.9929843428821409
10275_9,0.8663373585163492
2855_10,0.7563965831040922
6079_4,0.19458151471050456
2728_1,0.004506891889244272
9895_4,0.06582639104659523
8230_7,0.9757385385760079
5152_4,0.8629451727694778
4137_8,0.9994065930271049
919_10,0.9130220776902455
1481_1,0.1279643368735798
2468_1,0.00549727801294809
383_1,0.0002250277053121893
11552_4,0.0003344292738474153
856_7,0.4891829284097662
9047_1,0.0017791754441569955
2300_9,0.37872594372732493
1346_7,0.9390984273682964
6316_4,0.9353123584909098
7983_10,0.9480726698445691
9685_10,0.13783466883091652
2745_10,0.7807329747985022
8149_1,0.24297532402759553
9478_1,0.011437809448768125
3126_3,0.1441138304623636
11629_10,0.8617920746042184
5858_8,0.9106090384677957
200_8,0.9567278211842871
7721_4,0.5917668275670436
12334_8,0.9249290118346587
9582_4,0.35997698426896707
5696_9,0.8564262150984823
3823_3,0.3013215819853027
11571_4,0.9193694109594837
1349_9,0.9540969046105022
4306_7,0.9992908465898307
6924_1,0.0747768429503144
10639_10,0.10834896065541162
5674_1,0.14784799428191508
11321_1,0.0009557284436863448
771_4,0.07547413540385194
3519_1,0.006490178411379938
2378_2,0.04001859883640413
5677_10,0.9962512650024141
2807_4,0.5925175249316472
10165_9,0.9272526637209526
6940_1,0.01657638253040644
11015_3,0.03865444101810473
1055_3,0.31727962990138314
11055_9,0.9797286867543731
8173_1,0.8283542002677076
10743_1,0.21442829401032426
11927_3,0.3075452783151603
8785_4,0.9389960371749654
10995_1,4.442690593019642e-05
11899_1,0.0017173201462515912
10078_10,0.9904937717970024
11831_8,0.9438069380391546
8182_1,0.3803531527847416
9664_2,0.01078670103482705
12229_9,0.9998550594296308
6076_2,0.026939254460780597
8529_2,0.038906398888909254
4686_1,0.016394817580074866
8174_9,0.9965601668090215
7395_4,0.2936506251622083
1803_10,0.9996918318070102
2508_1,0.0007173306866893971
452_2,0.010420359696644536
8830_4,0.48571434338526914
3240_4,0.9517458320927051
578_2,0.3644668089952747
3093_2,0.015416311096642828
9543_1,0.00015038735541694136
9065_4,0.06204665775268416
534_4,0.38594619936440866
9762_2,0.1700843100198276
3037_1,0.06796085567801911
4632_7,0.7891175695033398
5064_8,0.837045059231622
9962_10,0.770069531688934
9340_10,0.9561016736912971
5881_1,0.0017524544215066665
4642_10,0.9991770948863549
5293_4,0.35680760479370194
6721_1,0.00038917481450345014
9869_7,0.9712866319725894
7070_10,0.9928256247970697
12486_9,0.9937581741850464
4943_9,0.7399319065335148
7939_10,0.558324550894582
5786_3,0.5078278362955003
10357_7,0.20578183987919393
7147_10,0.9994447737679769
8627_10,0.7738719606319853
3370_1,0.17014395214529113
4117_10,0.9936079262077551
8178_7,0.9898041136780955
968_8,0.9996096221583493
5931_8,0.7872918936102855
6459_2,0.0023518655096756414
2480_3,0.10041893257412236
5511_10,0.5223655847934954
7554_2,0.002331242611314598
9276_8,0.988270526486016
140_2,0.08804944360102716
2776_10,0.9945815494149047
3690_1,0.4943283181240793
6369_2,0.45285699589084366
7438_10,0.9999930727411402
872_9,0.6141389694220069
2389_2,0.42292330641623044
2882_3,0.8603046185077249
10404_9,0.9494483919340374
5790_4,0.6826800419643236
2382_7,0.9826960283869457
7798_1,0.0023687401998843233
272_1,0.004993438277511659
298_1,0.01331815311557781
11414_7,0.7103518881796631
9255_4,0.7504716599578559
5914_4,0.1344100427205458
2974_7,0.8247195204624163
6739_7,0.9159510755370044
1229_7,0.561992605407866
2268_10,0.9856405095264216
2352_7,0.7312697815940724
9329_10,0.9997245639020411
11380_10,0.9501516704044345
215_4,0.013756453842798963
9915_2,0.006593476098811647
541_1,0.013176105093836446
10975_2,0.23451948506200854
6946_9,0.8560684710306253
3286_7,0.7557806702991863
7482_10,0.5753918848135128
48_4,0.7372380962032964
10046_4,0.4829561837166014
6295_1,0.00028048127919186555
6417_4,0.003629144689446586
2401_4,0.032716720819666666
8608_1,0.16365352093931568
3500_8,0.4166258973157111
11903_3,0.009633883754948896
4012_2,0.5944813728461027
11415_4,0.6671049828682539
5835_4,0.03701581682697897
9039_4,0.20758309230437444
6526_1,0.4004612640246944
6379_8,0.9420466104888625
6136_10,0.7175419928250582
6094_4,0.3180377190721156
11608_9,0.41669604717191455
3745_3,0.12824118010168595
10694_1,0.015157942932997484
3222_10,0.9783674070216851
3394_4,0.036520859427702015
7790_10,0.907252408653936
2982_10,0.9853850231001108
12253_3,0.993538033474914
5900_1,0.41121662107509266
3398_4,0.5929154689220343
10038_7,0.3047180514932098
1520_8,0.871187392171059
11756_2,0.18635085524636524
6228_1,0.02337494403802059
6226_7,0.8088419304984423
4377_10,0.4020441038156248
9730_1,0.02628697855211318
11088_4,0.9497621271315475
7867_10,0.9816262113202645
5072_1,0.38661474460429496
7935_3,0.21055956138863768
4536_3,0.48760998576449505
6989_2,0.004867218585271081
8101_8,0.9703632247856688
3364_7,0.7670789019925495
7862_1,0.004722272246391437
8562_2,0.033755562965024896
9783_9,0.9624143025857121
7272_1,0.018191997905379856
1025_3,0.15478794803525428
9432_7,0.8186292231854243
4153_8,0.9986762343336458
8528_1,0.0016252525318802599
8427_4,0.6101933477823115
5417_1,0.007791673827786324
6575_1,0.07801758414952488
10041_8,0.9866113565606499
7589_4,0.50455751347575
10391_9,0.1998434577498556
1400_7,0.6480818359307416
9428_2,0.5625700127567349
7106_3,0.011407598574796934
5695_10,0.9731685212978811
6430_10,0.9199502632593918
11722_4,0.021168032194377392
11328_1,9.012458369554972e-05
9020_3,0.01929847063133105
183_10,0.9857253580361274
6674_10,0.9695385976004465
5495_10,0.8440372213901391
2237_7,0.8275582363635313
11943_7,0.7594485604103095
5872_10,0.8397503731141505
5043_9,0.7230763899135018
3869_1,0.08900971937704708
5113_4,0.5694932898775642
4671_3,0.007069228786092975
9220_4,0.7625071201373418
7330_1,0.00017572757582908372
5344_3,5.683321042075057e-05
11965_1,0.016130099260814802
7620_9,0.9229624746369729
7044_10,0.8921981035444416
6296_10,0.9613692529836781
8204_1,0.006986414774009269
7661_9,0.3758176762309972
11708_2,0.08133525308843949
2415_7,0.9728733318463766
7840_4,0.012093469589025477
2628_10,0.9952854488990047
4633_3,0.053018555495859813
7320_2,0.02294198857907143
11755_1,0.058795881124253324
2589_2,0.03821083104430043
5044_10,0.9998869615753312
5189_1,0.0018291062288956317
7926_7,0.6455453327433547
2454_10,0.9664719953486041
3368_1,0.009676852044059586
12223_7,0.9216484303559227
7348_1,0.0019895976541557062
12007_8,0.506729770417699
5501_7,0.823865346602889
4025_8,0.9992537251221819
6447_10,0.6884086177388309
5438_3,0.030843817644729477
7910_10,0.9468093018928039
377_1,0.0562461198565269
409_8,0.9963989530782827
2150_9,0.9469993234921633
11986_2,0.2240419501503803
2544_2,0.24115102434397673
5141_10,0.9984343246450775
8305_3,0.9298113664502121
8329_10,0.9791967644520468
2333_8,0.7449240015559225
5171_4,0.03974653548556792
5412_10,0.9942430965198922
1081_10,0.967640519015387
10773_7,0.9967869431049802
1969_10,0.8603551814735788
8276_10,0.8928760600341386
1244_1,0.20456686698864843
7113_2,0.6114559561363841
9535_2,0.1030078378820115
4627_7,0.9776583981420184
10757_4,0.19875639907615253
10091_10,0.8929330039710772
5211_10,0.34664350030818203
7510_7,0.17616740219656793
11674_10,0.9964003306926811
5299_8,0.9837345052799912
3515_8,0.4775308371342417
10143_3,0.04386559730694016
2274_10,0.5573335469347576
2372_3,0.6238350712553576
3116_8,0.7304414974700789
7340_3,0.00744649854222564
1394_9,0.9935106052374869
2047_9,0.22456158086434141
8587_2,0.9653109502314754
11579_10,0.877700550807596
942_10,0.9894350008420448
9355_4,0.44051198498437455
8812_10,0.8845830406619798
4732_2,0.0003114985905461765
3180_10,0.9610871390829613
310_9,0.6647276788418439
3980_8,0.8362311007046253
6923_2,0.22396409624198324
2424_9,0.7425825028874042
1092_4,0.13466553605877649
9238_7,0.5744729156261499
2382_2,0.00046823770141484557
3579_1,0.00025093483448350044
6801_8,0.9704506411586514
3768_8,0.9793627047772016
11717_10,0.9656510881448728
10001_9,0.9348242760602419
355_10,0.9595258814851091
8896_1,0.0712568015336783
9772_1,0.022341399642754136
7624_10,0.07090693063366485
1102_3,0.004584779924334862
10949_9,0.8883601704516324
1269_10,0.8973482648557738
11768_4,0.021469891981873268
5555_4,0.20304998982311032
2233_9,0.6682954540169355
6567_8,0.5724076273179558
12130_8,0.9978918325215561
8587_7,0.9843338397164899
10973_1,0.24601526563818762
3863_10,0.9874726191190808
9220_8,0.3520847948877265
7579_10,0.9944809137822115
4411_10,0.783247154225514
2093_8,0.9714768445997766
10883_10,0.9440600653616136
3583_3,0.020039198285272862
1396_8,0.8297804496389821
1930_3,0.1667805727864002
8779_1,0.21675999301047774
12478_9,0.9812132469058341
176_9,0.9291856901042589
11733_10,0.6045856767567312
11368_1,0.0001895112314688773
4077_8,0.9493447736762802
11056_7,0.9447253646160061
5567_3,0.060755968288066065
8549_3,0.45076207192150636
9743_1,0.07840501764702772
6916_9,0.9930084939114996
6147_1,0.9796152213233469
7820_7,0.9748634108769214
1352_7,0.8638965339214545
5337_10,0.9877242731277845
12285_3,0.0017447112826171163
8992_2,0.08898182525978696
4644_2,0.09408137654688106
9793_10,0.5516597266824361
2359_10,0.22235529939428011
2137_9,0.9955696666312613
10559_3,0.23399873956286807
2679_3,0.06627357526549772
10010_2,0.1325842221770328
11987_10,0.4756312503678357
8824_10,0.9937528339762176
11418_7,0.9779876849368846
2423_9,0.9561875529320303
1576_7,0.8056246729540992
7947_4,0.6493795227503202
1714_10,0.3382889933709804
6006_8,0.9896751141029126
939_8,0.8459122956418987
3755_4,0.030245268860301225
3213_3,0.1478919222997001
164_2,0.06108889617725798
1123_10,0.7301534859337249
7397_7,0.09908565063373526
822_1,0.0001659876379240818
5631_2,0.1496380088380564
10464_10,0.9222838806787117
11397_10,0.9069930293616955
10679_3,0.037516994988580604
8205_1,0.015856020384890784
6947_10,0.5381597808585246
2000_1,0.0002878074041943285
4075_7,0.8353102918581288
1388_8,0.5162601717171311
446_1,0.0025159225740482246
1063_2,0.008651934366797093
6030_3,0.22213202006418847
5613_2,0.010388271706209599
8759_3,0.9259960035403731
12169_1,0.015285350184029177
5111_4,0.41639204231765875
2891_4,0.6382279264298251
827_1,0.2819513500678162
6229_8,0.9027601020943429
2212_4,0.32448507353981754
4788_9,0.9827867720588008
8859_1,0.0007085410280552004
9798_10,0.6347043210068601
9763_9,0.5770802646540415
3889_7,0.9048520485949607
3275_8,0.09977448614136764
5106_10,0.9711740693598133
7576_10,0.9421977753224128
9405_3,0.13056057760414377
7108_1,0.06948301276663667
9794_10,0.9859602225130061
2653_10,0.9376228199114397
10545_10,0.707333548907795
12306_10,0.7309064313349671
4696_2,0.0003243707184744097
7982_10,0.9976945731002915
11066_3,0.6093359356855139
10034_1,0.02694526517777876
6035_3,0.024071570936884834
9518_9,0.8841715247267478
1266_8,0.845613698687775
11336_9,0.6123289549793999
4159_10,0.932093254850225
9375_8,0.9715515930417422
5204_1,0.002028090487162605
3360_10,0.8937464860025671
5659_1,0.659899140906596
8839_4,0.286473525943049
4529_7,0.6470370368162222
3283_2,0.546820021754369
5376_7,0.8004786941355325
5379_8,0.999295676105989
5266_4,0.03627137484766344
7463_9,0.7983690181295282
3595_1,0.15801544553113012
3141_10,0.8732694360596869
9986_2,0.4022805360881088
4279_1,0.27365162251152625
1427_4,0.1465756942164414
8357_10,0.8152559579597516
715_4,0.8789179901770666
8482_9,0.9597190702595676
3091_10,0.7674683392404638
5735_7,0.7456500811424674
3100_4,0.06451964390416434
11447_8,0.5559953106841985
4577_1,0.39093042421133756
10287_10,0.8032157149526817
3384_3,0.001822325211982556
3820_9,0.8084466664133416
8883_3,0.015398075269495437
11279_10,0.9269233565333812
3093_8,0.7787804024852321
10465_3,0.07408643349728355
4423_10,0.9924313905417081
601_3,0.01007119574454676
1902_10,0.9935935569036162
1509_8,0.5307048391112172
3019_9,0.8923804954057987
11994_9,0.9528522257733459
4246_2,0.18690354747407006
842_10,0.995414302119628
4917_8,0.9400389250367926
68_1,0.45755537810785896
6613_2,0.05089372052516634
7230_10,0.9150372323106322
6183_4,0.057792336625785624
338_10,0.8353672168655374
6182_8,0.8437542802095882
2409_1,1.0407888492964811e-05
9965_8,0.9211124475014475
1336_10,0.8394045522654918
4456_2,0.00915928914752673
12437_8,0.9266090707559801
8437_10,0.8568821308434379
409_4,0.18476547992269962
2303_10,0.7111104911808763
2144_9,0.7327395197253206
2302_8,0.9596532029366084
385_9,0.5245590380845476
3617_8,0.9191196364972957
5450_7,0.7946500500669434
6882_4,0.0013562180399666827
2980_4,0.6284657026688926
9828_4,0.021790312515675026
10745_8,0.9195834889367154
3478_1,0.001725627120289932
2167_2,0.0658679606857246
5562_2,0.0015910968559007812
8771_7,0.5742461668930915
8372_10,0.9945546224640679
10749_8,0.8043494322038849
7394_10,0.8594635017263321
3711_7,0.9612683390926167
5375_1,0.09304226846649133
7881_7,0.9639464024831915
7023_2,0.027798929855915668
206_10,0.9953613855506143
4760_9,0.987154343760925
12026_1,0.00838210256502815
12182_10,0.8950880793862188
1821_8,0.9978223566595668
10828_1,0.061135927031139285
2446_10,0.8880470623701445
5327_10,0.780157684322721
5727_3,0.0011120107067997139
11460_4,0.2802367321943183
6484_10,0.9303776533246435
3555_4,0.13868686581975373
10641_8,0.9927762237011657
650_3,0.17572593407508583
1467_10,0.9502689770187431
7651_3,0.0486438853400901
11459_4,0.10671293657012089
9255_10,0.812472136361842
7888_10,0.9200743543035275
4118_2,0.09877032613799162
2540_9,0.7061928882890306
2152_7,0.7534412295034038
2614_10,0.19370196795644318
2892_10,0.9966512669795942
3878_1,0.0029460437874549526
273_10,0.9907798934697543
5565_10,0.8230672879315479
444_10,0.9989671812228476
11062_10,0.8805906468327939
5184_1,0.04335961441135457
12140_3,0.043784888984835305
3254_8,0.8309802516085751
11537_7,0.18294982830750406
7606_10,0.8729341972940393
6120_2,0.01873434337915636
7416_10,0.9986741071994016
10759_3,0.8958799184536896
12255_9,0.9991261118248413
1114_10,0.9744167712845729
6827_8,0.7163587276609306
10246_2,0.07779384124886497
204_9,0.9732658299248779
5816_10,0.9992164995755203
2693_9,0.8309197831701223
2578_2,0.18857682324303168
4958_3,0.14129004646874935
7873_10,0.9422657360914845
8795_2,0.15659339557532123
1431_3,0.01036639576322432
11635_7,0.15419893392166137
1327_3,0.003600180621848559
10813_7,0.9832205340890896
9764_4,0.30918573333094335
5861_8,0.7226795831380008
8995_3,0.1923487286515758
2243_1,0.008524655310103603
11708_7,0.8247172716044059
1998_2,0.028247632574235085
11887_8,0.9788521492803808
4836_10,0.7838295721520718
1603_4,0.24552099209180697
9860_4,0.6812225574300711
1728_1,0.4960405565735064
12108_1,0.073827717206355
9756_4,0.732671374615522
1325_3,0.4763461187663755
5174_1,0.16070363526942602
9917_2,0.21878296022345298
6101_1,0.025905083555072202
2010_10,0.9966618847660642
1132_8,0.48517548861792437
8516_1,0.1923718356208766
3563_1,0.10889830724588025
2362_10,0.9412171454666419
10971_1,0.4455115894598659
8672_9,0.98549142037668
2863_2,0.06811633566955745
2750_1,0.09824034915875758
8599_4,0.001058276244010845
12115_7,0.9840714530568111
4921_2,5.8830349792068965e-05
2975_2,0.010879451466135193
4245_8,0.9988558990824058
10778_10,0.9979654480699888
7816_7,0.4798518209478051
9131_1,0.3824622670581191
5541_3,0.03165762681381649
7956_1,0.25016920312175905
780_3,0.48070463219367854
1052_10,0.9619239655875611
6842_8,0.9940020549417803
8279_10,0.9999955450500023
9653_3,0.1290960947837687
3025_1,0.007661549492924058
1174_1,0.11653269187508389
1039_10,0.9276484864733487
4609_10,0.9885704679790829
2150_1,0.3120280974890089
6289_7,0.04836469269613782
2963_2,0.00041489685985732065
8801_1,0.25938298608410076
5196_7,0.9327598436489931
5723_2,0.09657124196444865
10530_10,0.9981332500281056
9473_1,0.07096913225304075
3355_3,1.772571243174711e-05
5388_3,0.7350996651488239
12102_2,0.00025755368200850305
11038_10,0.9349640643968932
9672_1,0.011489113778592228
6875_8,0.8857081009881995
4754_8,0.7368295510444097
6814_3,0.8858382001784331
8937_3,0.08480932575106288
7077_4,0.5452177943252648
1782_1,0.0005901117345291175
631_4,0.4708567887354478
7876_1,0.0039810942757529215
74_4,0.15584749622729052
2846_9,0.4010843430592651
4190_1,0.03393998996227525
7843_4,0.5325432075510865
7528_7,0.09340654659399189
2396_8,0.8988988063780295
790_1,9.635059496463401e-06
2020_7,0.9985436562409741
2526_1,0.004142556711990741
8104_8,0.8742615776171041
12372_2,0.005722000612488705
417_1,0.07501105323352124
1318_2,0.009703468477807151
4530_1,0.0929991283855441
2370_4,0.9452591079485013
1886_10,0.9908782959614597
9386_1,0.018368315851430977
7863_1,0.0026314659264438946
3864_10,0.9984701551895455
6559_2,0.0003319645418029996
7855_7,0.9687729249265862
1672_1,0.09324583979609073
8453_2,0.643332969014685
8373_3,0.35041649125232394
9770_10,0.9962744166747374
12009_1,0.004960218598001394
2770_3,0.01681025444431633
4618_7,0.929882826199413
9797_10,0.9563269733651357
6605_1,0.812543913924785
10176_1,0.14777161422524301
8949_10,0.9493992092943864
5401_7,0.594539618222728
3295_7,0.991457508561207
4791_1,0.004084133192648608
4016_1,0.2609516920142103
4314_10,0.21482950938653667
2903_1,0.008796321287244894
3835_9,0.7140403142867151
7532_1,0.00469359359071155
729_10,0.8032035111620894
5753_1,0.5067550302471231
11976_2,0.0007687251586706413
3027_1,0.10542523725690663
9721_9,0.9789731210946361
11295_3,0.25390572188558863
3241_1,0.038506769209958845
5389_9,0.9759834058580493
9889_1,0.2258172152503097
3522_4,0.0012661581791911349
10865_8,0.9868024697411549
1015_8,0.9795723148735567
5048_10,0.942505658291136
2671_2,0.04263508791937717
2841_4,0.20301438341153247
4928_1,0.0466511861756783
10499_1,0.07377843855905515
9409_10,0.9820030632405048
974_10,0.23628561025745828
11582_7,0.9373426918889036
9988_10,0.9760811612157803
3463_8,0.8524454608964936
5194_1,0.718924951059438
3377_4,0.24040270317132262
4352_1,0.5768833232965858
10862_1,0.027577653548846563
1545_7,0.9402592814319085
9801_10,0.9292962054746454
1905_2,0.0012565951007398148
12276_9,0.9919772001801601
7544_1,0.001892179837053805
10056_1,0.3747384775784097
3623_1,0.019842448377117784
4013_7,0.9468235050280909
1294_4,0.2115331298096443
10285_9,0.9866408719750597
7793_10,0.9989928453295243
3809_9,0.9998169029933912
4586_3,0.019588833916229665
7511_1,0.3603186836744882
10873_4,0.06494108867033498
4888_8,0.8795674075322942
4349_10,0.6278160879779027
1531_3,0.15147003683209329
8884_3,0.008976076928375324
7336_3,0.6406066997485225
9688_10,0.930579636748382
7208_1,0.008476555516742892
4355_8,0.9750307765318525
6098_2,0.002739096998870338
9106_10,0.6580244530101652
6422_1,0.0011336158885478145
2054_9,0.81711586276876
550_8,0.8474433408339256
402_8,0.6939542329956265
11832_10,0.9999779855733681
10256_10,0.9945414584124654
6131_1,0.0023468854800164658
11907_4,0.10617400750373328
4459_4,0.31595283635556787
8555_7,0.8727099503913714
5079_2,0.005583532835005367
10304_2,0.013721189062677877
10489_1,0.0005391238842897643
566_3,0.7622273511371445
1999_1,0.01964612366419846
590_1,0.03596479283176069
11159_1,0.12199072134685311
10612_9,0.804324688131603
10810_2,0.20358255673978934
11658_4,0.1481356295516631
1950_9,0.95050160077867
8977_4,0.17666714828193583
9040_1,0.015795578747158305
2891_10,0.7705651552041255
2966_10,0.9664549770571238
8665_4,0.1834323823764407
6600_1,9.75456668885023e-05
9308_1,0.27360472482561976
7870_10,0.9862456088130471
10511_1,0.03352495178556747
7235_8,0.6704871657802652
132_9,0.9972997962400382
1575_8,0.8887267264799094
3328_8,0.9993497621134657
3273_1,0.028744823461640864
9475_4,0.06731525669788645
10938_7,0.6108441529909118
8143_7,0.8511595717130825
9003_10,0.6686727258653219
9854_10,0.9952992139119711
9932_2,0.0031967500954473895
1017_7,0.43309609190184706
4386_9,0.9724345006027031
1105_3,0.24789782394525425
7315_7,0.42220701552244794
37_9,0.9905355913227367
8409_10,0.5379491855103942
12118_1,0.15704323890701993
1665_8,0.9900701121330826
10284_1,0.003180010782643299
8922_3,0.12446197573637573
2524_2,0.12502987927997466
11205_2,0.000406343044569017
4676_8,0.9971052655335729
10479_4,0.46552453138522476
9849_8,0.6436211707307999
4841_3,0.8948536921153969
9153_9,0.8700831963547914
9279_8,0.9531749193051682
11008_10,0.9945139557882168
614_10,0.999995318526298
167_2,0.017582954758619866
2041_1,0.00016055529019302325
6509_8,0.650445379442864
9832_7,0.3011526178838743
5939_7,0.4674002722988463
3267_3,0.0376029217913945
3555_9,0.8948708181546392
1668_7,0.9367951546995794
11048_1,0.016150202575506263
1856_3,0.07749120598248396
4426_10,0.9975264056182652
8457_3,0.5213703908902962
6603_10,0.8841479992877043
4738_1,0.006913622276328043
11762_8,0.9483951706787261
2078_10,0.9996395428094098
6754_1,0.009543521940911954
11721_2,0.012645904536889468
11558_3,0.75920532593558
973_10,0.2362864709620997
814_4,0.001424473001937115
2102_3,0.004259125342335817
11394_4,0.9784894357590328
312_4,0.010731633267586528
2994_1,0.009830426726676306
5649_7,0.7618886461478404
7281_8,0.8801876182275996
2756_4,0.0017259678039258325
2137_1,0.024216792029434962
8696_2,0.009107942439642802
1158_3,0.49424934566223366
4531_1,0.0029178280541031407
10047_10,0.9998187327459424
683_7,0.6223362548850756
8645_10,0.9690244434303263
889_3,0.10896710073486093
4202_2,0.000129879351858066
3859_10,0.9065021584850512
5038_8,0.9997569599767366
6906_9,0.9491860014180484
4154_8,0.9543801350958105
9548_1,0.0495890181062616
4434_9,0.8769692146446555
9235_9,0.270762430506341
2368_8,0.5609387297253116
8391_2,0.0002746968547761056
1391_7,0.6883573537761458
4317_1,0.0679345368779375
8345_4,0.2286663505531264
8610_1,0.049987455617964686
2888_10,0.9923182134532779
5597_3,0.012649016096567867
4900_7,0.4891136192204465
3016_2,0.3098322145016415
1057_2,0.3843912260304377
5143_8,0.8365982627714239
6932_2,0.5978004571574641
7879_10,0.9955321221980439
9300_3,0.02227559384364073
12142_2,0.1733964731162478
3426_3,0.7139318211956976
7977_7,0.08601801767049005
1573_3,0.22499943392505126
336_10,0.9968941494668548
4248_10,0.9661045410724965
9693_7,0.14452539605254971
7753_4,0.13652626473106597
2290_10,0.9716024313578558
9156_8,0.9541697728207186
5526_4,0.14803701992685944
3896_8,0.6519138800992417
8520_7,0.8792812394742712
3566_4,0.35732843773402134
6386_7,0.9774930981582606
4201_1,0.9995694781262084
372_9,0.9780688788638026
6768_8,0.9705922856524587
9177_8,0.8864372078857736
1079_1,0.10300173495567397
934_10,0.9710715982676494
11918_2,0.03274502877244335
4867_4,0.03313711658045618
12449_8,0.9879721451166561
7907_10,0.9898006588723831
4508_3,0.003690212270689381
1075_2,0.42501440214417774
11466_8,0.38041352674187306
10935_2,0.21681393901847565
4826_9,0.39819144926019795
4814_7,0.8442787505893014
8676_4,0.7931458573327596
1058_1,0.0009106404553600212
7831_2,0.018309606028581987
1150_9,0.9978781234199077
5395_1,0.03931968852998711
5435_7,0.8930156144101259
1745_1,0.02227844679101514
11278_4,0.21502357329063915
8629_1,0.3733449443507405
3145_9,0.9765976012506274
8108_10,0.9794945945814855
6377_1,0.19457751054036898
10298_1,0.013223793934755835
12265_1,0.13458862829583296
11930_8,0.2458871035481673
2511_10,0.993686262203492
7955_1,0.017721485070193395
2335_9,0.8610428789284734
3194_10,0.918141480146305
6724_10,0.7042464630875431
9406_1,0.2978962490147678
11369_1,0.019930254410417163
1972_4,4.722658022354151e-05
6900_8,0.9099101866130809
7813_7,0.781752504718915
785_7,0.8713206629231817
6368_3,0.03468687652088747
2163_1,0.022871784625332497
11487_8,0.9916065654423377
4292_7,0.60481573904571
7451_4,0.059449111652252695
11465_2,0.0037680118155970876
7641_8,0.924422287928416
8250_8,0.2231541028236798
4490_1,0.226005294412673
10452_1,0.25475109165191034
7442_3,0.1252981286429464
3027_9,0.9532719390797458
235_7,0.9978627852042481
3750_7,0.9418381902004979
8700_1,0.00107428865229623
3584_10,0.5062859606782922
7217_7,0.9931994354302668
7769_10,0.9949143890900223
10149_9,0.9435332269880351
7607_2,0.043954196294358566
7749_1,0.017245318709385248
12067_1,0.0007151158202496398
388_10,0.9631427100991785
6596_1,0.022127825759444997
10242_2,0.020903903904530338
3853_1,3.2151786268720275e-05
5726_4,0.040861303736749136
9031_9,0.27660917362125903
1543_7,0.9203111360043111
1442_8,0.9883454621428812
6336_10,0.9587809397662826
5929_4,0.5115502258375626
3378_3,0.5613316840301404
183_4,0.20689958257572277
3518_9,0.9951433940705658
5870_8,0.9611976356401565
5053_4,0.0253682757175868
7330_7,0.6986133349104973
9553_9,0.6964949514924318
9552_10,0.9591269135788437
8515_10,0.6152907636717794
1666_9,0.9834835822055207
6661_3,0.3908805161835023
8721_1,0.009928703733927234
1368_1,0.16239550617784496
5076_9,0.452460884224148
12353_2,0.1562394629707631
1099_7,0.8971240887544788
8669_9,0.855025274902423
2564_8,0.960602678202289
4369_10,0.9641593207033196
11951_4,0.1530778071458072
11384_3,0.48995948435571013
7459_3,0.08384206176289746
6776_9,0.9400274440583
6673_3,0.008172483739423898
2500_8,0.994150782822675
8739_3,0.008519545680995284
3828_1,0.0033413217079529783
7945_2,0.7563867173520598
7934_10,0.9713784817188117
4571_1,0.02988018493648449
11689_7,0.7001435762057986
3681_10,0.9657706482265961
5110_4,0.2324509037285454
5953_8,0.6249828313062367
10906_4,0.012108968017113083
3424_8,0.9246172453649547
6492_7,0.9605606291404464
10450_1,0.038774653493125
4856_8,0.18439893396938623
12019_1,0.0048455062105524456
1390_8,0.9512015922882227
6452_4,0.3742371858475318
4916_4,0.027708947380413004
3979_3,0.00038609884892412975
6023_3,0.04393663531109772
5762_1,0.005687170799873417
4176_9,0.9908368991770382
7194_2,0.007089750765482036
3143_7,0.6826865987177043
954_8,0.9604430778134762
5291_1,0.05682752018679373
2258_1,0.5113724099648086
5412_1,0.0011294023720237816
4088_3,0.035325439735023785
4312_1,0.06912157390904354
517_1,0.00111408422926684
5601_1,0.009910488427579384
288_1,0.6278056060950807
234_3,0.17957781858249186
6665_8,0.9854859549286276
6957_3,0.010086677048552683
4454_2,0.11153576031247839
3270_8,0.9735949714162522
4500_3,0.04355741210837744
7551_1,0.00307770487301592
9033_4,0.12574197334094275
2619_10,0.8413336792758692
10093_10,0.9670404583859461
5483_2,0.09484186434224812
8383_1,0.0016142391377643442
11683_1,0.09677607549366685
10649_1,0.055646185371423476
181_3,0.5108002099067258
3668_2,0.0036019005764912028
3769_1,0.12113136698684106
11519_3,0.7775008791240205
5716_10,0.23885563513755573
10918_8,0.9872105388684613
3103_1,1.0752332555336713e-05
7210_10,0.9855868898347253
2515_8,0.6955425699518258
8424_9,0.4333411528396822
1404_10,0.9999224316672758
3158_10,0.9869040795480246
4996_2,0.036722727514840216
5493_3,0.010895615146029136
8540_9,0.8705744960122406
8960_8,0.9785161103291464
11274_3,0.002438482449137908
11067_10,0.994238226506043
3335_2,0.2329081849049433
6578_4,0.048041559795876744
916_10,0.9819548456836793
3844_1,0.0020357273353847232
7108_8,0.07992667033509374
565_2,0.586450341332027
11622_3,0.004397466230876621
10700_1,9.018699069678919e-05
10483_1,0.05892096030795753
8951_9,0.8072554024858725
6326_8,0.993236143373355
3035_8,0.8158832483084794
2292_10,0.8476253801879513
11013_4,0.12362315345087156
10618_1,0.07177484054671994
11544_1,0.013559727352386114
7550_10,0.899335576494351
289_8,0.9635712332677786
6571_10,0.9632628457779902
6056_10,0.379025209431611
10814_1,0.0010737257792317785
9377_1,0.0024024064439218873
1577_8,0.39050454667845624
9268_9,0.9979660329819708
10116_10,0.9998645531500863
7411_10,0.9815409401082869
12279_4,0.8442148248320783
3575_1,0.06182232889239731
8105_8,0.99630179990545
6092_10,0.9998444168633991
12406_1,0.05430533955361003
1117_2,0.0004112543634143964
12358_7,0.9094778778497472
4469_9,0.9338837140538496
7055_2,0.03172006417497939
10412_8,0.9676618045822756
12155_10,0.807518832735746
11222_3,0.001631425642619357
9622_9,0.712403761413276
8992_8,0.9810806392174721
5305_3,0.14000238172125043
8111_10,0.9999544232121278
3436_1,1.0724129346065972e-05
2748_8,0.9804960362272063
6527_10,0.9392542869733137
672_8,0.9491575761370098
8172_4,0.388730101045158
5513_10,0.8825297910156533
741_7,0.6280537644461599
8886_7,0.6566836293917893
6939_1,0.0030411709391402336
12235_1,0.09457455755598253
10607_1,0.0022410642396144616
4708_10,0.2800143430354313
9034_10,0.9993802810943754
6600_10,0.9807353779710593
2934_1,0.1279655203397591
12168_10,0.9362175908494208
9362_9,0.651001005198297
9627_8,0.9653455198088379
9547_8,0.012776306761990458
4108_2,0.00021676488257444808
10293_9,0.8630542153137161
10105_8,0.732225302674908
11864_7,0.9730663719020031
2843_7,0.1471820447715665
836_9,0.6816097245728138
6201_1,0.0024548627852929482
8192_4,0.9914050904276878
2596_1,0.038947815113633905
6847_3,0.6073023957310489
8794_1,0.025970877024329535
7281_4,0.021926844925996523
9678_2,0.31603440362790236
10950_3,0.625919602786696
5845_4,0.043519639137003775
6187_10,0.9721399577867134
4684_9,0.2405363614529021
10852_1,0.3598999453817731
11542_3,0.07548636192716927
5385_1,0.03514185159569044
9597_3,0.44192639032045417
8975_3,0.118988275925175
10766_3,0.34656767490748985
4236_8,0.8163745334332336
118_1,4.3578188805501075e-05
7278_7,0.7327296730297205
11069_7,0.9913817748985642
1002_3,0.30894875026739316
4210_7,0.9943663245493085
8514_10,0.9412327883283211
9676_1,0.020095145216457666
11826_10,0.9692469174524083
8216_8,0.9230832626209206
575_4,0.14115119039932378
3867_8,0.6831704227947023
321_10,0.9928914986130186
1654_1,0.15465288476177094
973_4,0.9202859790839252
8796_3,0.022564187927230715
145_1,0.0010401544829322597
2649_2,3.6388336516504086e-05
2432_2,0.004899072709504816
5713_10,0.9993885475472799
6851_1,0.9634718396866724
3523_7,0.9132139182597094
9862_9,0.8911571064577377
8888_9,0.5562675931780561
12343_1,0.002439300072980081
2298_9,0.9953674971645207
7129_1,0.0022631526941435344
12163_7,0.7872292242283926
1090_1,0.03083400998047105
8249_7,0.9437060301288794
3716_7,0.9886974247015844
8095_4,0.09842160851452224
9739_8,0.6710756403687256
7041_1,0.15736351603088083
7673_10,0.9964920890027168
210_4,0.014226474293727635
283_8,0.7619261359508394
12361_9,0.9859306133801604
9254_10,0.9975084919465647
5598_1,0.00020311096884083945
128_10,0.9688411486535614
11557_7,0.7114974024333091
10232_10,0.9919625491467239
10747_7,0.996893141922628
9984_9,0.9985717600699108
9618_1,0.0028934834387613515
7976_10,0.8710897312692436
5788_10,0.6618278409494214
7378_4,0.6107961815195525
2047_3,0.42435888443695907
10053_10,0.9942484286777166
8399_4,0.5039037625611972
7925_10,0.892747073478895
6830_9,0.31267213474077393
2530_9,0.9012962749246886
9521_1,0.7048620614362417
784_10,0.9941909150232658
10417_7,0.9247027293389212
2198_9,0.975808991763746
8219_8,0.4909423542937018
6896_4,0.27235684252580306
5341_7,0.9834410099869515
2386_9,0.987134486129601
2323_8,0.37134084041648263
9028_2,0.08774177919603232
6983_7,0.46153477719195435
9885_7,0.99323536566321
11720_1,0.02805840137056486
8409_3,0.5477641481523675
5797_7,0.9568799916435549
7729_9,0.9957659482853406
10591_10,0.9997234721473118
9593_9,0.9972163322110945
6364_4,2.3305672533816787e-07
7215_3,0.026544967959747465
3653_2,0.05248499396583265
4533_8,0.5623125566337783
10899_8,0.8417800501804871
8312_10,0.9454072659058431
9543_10,0.8873992070982643
5608_8,0.5187538814742151
1432_10,0.6551603515588844
5562_9,0.3069251639159303
12171_9,0.8521593062086159
4428_10,0.9999998486977968
2062_2,0.5345526174722721
8468_8,0.6993107778288072
827_8,0.8952894434928678
11539_3,0.058914478512550876
4215_3,0.00045000450370383537
11310_3,0.02832647490563733
4525_1,0.019607386872679558
2093_1,0.007881314334245437
11238_4,0.6777150478401187
5523_8,0.4968101736159052
9848_9,0.9976369986411113
10000_4,0.03550351502720512
10304_7,0.9460578511740728
511_3,0.07020119252820889
1807_7,0.9006687177244367
9080_7,0.8058921077164815
1808_9,0.3950642553416738
6283_8,0.6830635298179005
5913_1,0.007123339025109209
685_1,0.18237606163357512
9505_8,0.8568762969401752
7152_1,0.06115089463550586
11292_1,0.0009641756367764354
8334_10,0.9224066042361884
11476_1,0.009365541204655905
3431_10,0.8633146995410884
4019_1,0.12186124321834418
7292_3,0.24824983647102958
1990_7,0.8388953115488769
1574_1,0.0300892272715307
5516_8,0.9293369329671125
4687_10,0.9662498145978821
11493_2,0.006676618027161977
771_9,0.8150172395216339
8864_1,0.0052081939661488726
3001_7,0.9254936601571988
423_2,0.020013640864905386
5062_7,0.24158963668204814
5198_1,0.023156349953757784
7303_1,0.045904146218367296
7433_2,0.17020774913148676
3085_7,0.8382510106307042
3293_9,0.9820730889839956
12426_7,0.6977537202329294
5775_3,0.35021280302097
7358_1,0.0032235946044618983
3851_2,0.0058794793484648325
4785_10,0.9554991902056283
9650_4,0.08854516821277207
553_9,0.934658129507206
401_10,0.9238104488791571
11522_8,0.9999962007900067
5222_7,0.9517777692365311
5042_7,0.8137484900044591
2638_7,0.22306095805925882
11883_10,0.9756304831443989
11476_10,0.9842890571605916
4999_10,0.9776116122237285
10360_1,0.15574765546041106
3443_9,0.995481674301965
1138_1,0.6874855624731996
1898_10,0.7006657882811151
6069_3,0.009151722538891184
12101_2,0.00010023460757929001
1953_10,0.5725933404159291
8679_10,0.9982562306852503
10348_10,0.43803100168991205
2208_3,0.15474667927890656
3886_8,0.9501343347868777
3734_2,0.40194236863258903
1330_10,0.9648028185073785
4639_3,0.012830763689742846
6837_7,0.2596644488517365
6520_8,0.9755263969196969
653_10,0.9698337970390809
5373_1,0.4128452371556827
8074_10,0.8695396299701403
3906_8,0.9908850754229148
9264_1,0.04610715015242916
2160_2,0.3891429399150841
624_3,0.9132387188998058
3899_1,0.10565751718360628
2181_7,0.3834988257651536
7932_4,0.4188650141840921
8278_1,0.07938888589980363
7162_9,0.9411310218602547
185_4,0.054685818888556094
1997_8,0.9161280855162747
7295_9,0.5792629647216765
1083_3,0.08377767685151713
4678_2,0.062006407082107036
4859_10,0.6297495802155246
9091_8,0.9934479478960657
397_3,0.02623175569154618
11157_9,0.6866131581734185
11261_10,0.23478068415294845
10828_9,0.9105406286358827
2452_7,0.6860204812451117
10268_7,0.9931073578926489
10306_1,0.12907335659677618
18_8,0.9370948778155649
7998_10,0.9781558963071852
8574_10,0.9937816115962912
2953_10,0.9543443238274407
8996_9,0.9438415346169597
7389_9,0.9991612466392696
202_4,0.3998168001962628
5612_4,0.13376491192922726
9916_8,0.4108777858448485
7606_1,0.007571156747388289
1585_8,0.7685963969139571
11803_2,0.07451003227262773
236_10,0.9643336623361537
7827_4,0.3494550976368945
5423_2,0.3207893898233347
3625_1,0.0966905691662287
9887_9,0.9944443388920423
3429_8,0.9395965830905438
372_2,0.01643302467705991
1228_4,0.2734346607888536
7891_10,0.7377861449684967
4387_1,0.0015636909457318459
6067_1,0.1360918751274822
7822_1,0.003338213412349995
10898_2,0.0011135568040383241
512_2,0.1026336408529257
647_9,0.29005505318919284
5361_4,0.029351779116090923
8583_4,0.00011295094500500423
2858_2,0.1139789749768461
4920_10,0.9964115168044548
6857_2,0.003998229043965578
925_2,0.023564414160566913
2959_3,0.6624018670923939
11481_10,0.11681274531447719
10824_1,0.4122030138419972
1577_4,0.6600353381969207
2231_7,0.37160317252395936
11545_3,0.7599213747277519
1539_2,0.034589293526593
9657_4,0.00649273458378771
10362_7,0.7207305983383696
11131_2,0.007949372115617529
9833_7,0.6103231149305862
8495_10,0.9495861070031235
11781_2,0.32992981988534065
1056_8,0.9764789845625779
9402_1,0.002086505900845163
6212_1,0.0007623408413233488
3151_1,0.004148966488944246
5921_3,0.0978441632537198
2198_4,0.07262680549631441
269_2,0.39871743785857533
11464_8,0.9599354244665569
30_4,0.6279179288223019
5300_1,0.00046491353560797427
2277_3,0.0066054528769758465
10410_10,0.7991492011221295
5233_1,0.354563044558693
4336_10,0.8526175797851467
3084_10,0.7311285166168354
2908_8,0.9943184843323868
2814_4,0.3151317937915644
8347_10,0.993494891837231
2319_1,0.01214329211138904
16_1,0.005864485543139115
821_10,0.987042301730563
2793_10,0.7922896665378285
9909_9,0.1910614436914932
6934_3,0.7816863705850773
9138_1,0.014614988233234108
702_1,0.19516477531201532
3886_3,0.411167927721286
8311_8,0.9243683578380544
9199_1,0.6071294119499975
1254_10,0.996915023770026
6590_7,0.33960213954396157
3040_8,0.9948289065193128
849_7,0.905596627078467
7555_10,0.9998049243162674
9668_3,0.21483971177257397
10942_7,0.06315573375396238
11343_2,0.7410100833645467
7906_10,0.8927104244700063
11671_10,0.9841958145134692
126_4,0.16281158116593075
9623_8,0.991872736555563
2872_3,0.010273470310905013
11895_10,0.9820861041729989
3245_1,0.09058380894754206
6145_8,0.9960151445936966
1022_10,0.9690067902254551
6261_1,0.058092326509855866
6888_3,0.6758819809320248
12443_1,0.00943517519015761
7433_10,0.8693194513449095
6512_7,0.08051214117175906
4161_9,0.6976859246377011
6745_7,0.8386984817428957
1993_10,0.801339188752602
6325_3,0.16699750303395958
12484_9,0.8813988232106271
2204_10,0.9966305056162695
8065_7,0.8969443309465269
1705_7,0.7645721565664547
9370_1,0.036220480823824425
6150_1,0.16979303915741487
3587_10,0.9882559719251688
1906_1,0.1881830782943631
5706_4,0.2642931091969777
3854_9,0.8791092315645807
9655_3,0.2231175665517154
6736_2,0.09729245108700948
2096_9,0.8419907952393125
2846_2,0.1675880018371878
11849_1,0.0075468206316049525
5224_1,0.019901608968007155
2987_8,0.40488895739545644
11058_8,0.6599393558292406
2917_3,0.3171696766626388
459_9,0.35325527813768537
9418_7,0.9772067638705925
5803_2,0.062023827830661786
6742_10,0.9647115734066468
2268_4,0.09608885393799332
6832_7,0.3735670687505446
4834_7,0.5939809787057082
9532_1,0.7682373656387688
8197_8,0.791371239820382
7728_1,0.033141255344544915
1958_2,0.021711382191899865
5380_8,0.6187679959745763
4896_2,0.04292657182862677
9529_2,0.09894434277096228
3322_7,0.40362109917107236
7629_4,0.6047816066594458
9962_4,0.2733811527921165
9277_4,0.006719338029520584
1071_2,0.17369767307673342
8266_2,0.13195229396868913
6812_8,0.30734596518205093
3196_7,0.31894536462443684
3430_2,0.00139682259572436
6052_10,0.4014674973262467
221_3,0.002773704719300672
3244_1,0.25690637765208074
4846_1,0.11549364420441187
2876_7,0.15355115806818187
4247_4,0.007384019746108092
11608_1,0.01423834939185988
564_4,0.6626073824648934
1978_2,0.33872812231576266
4089_10,0.742675142620631
1633_8,0.7964234569435463
8983_4,0.8305269778551709
10909_7,0.9695396852950008
8135_8,0.5890129417206907
12238_1,0.010802196610719638
9564_3,0.035316232054958735
10174_9,0.8671710740460833
1690_9,0.997802026910405
4756_8,0.9835535742869802
10718_10,0.9866090780947182
3489_7,0.7049602022464985
2124_1,1.96732347001508e-06
3842_3,0.07772561976503328
2700_4,0.029568116959201356
5960_8,0.9679554151489753
6193_1,0.950160584703978
6719_7,0.4559204440415783
7922_8,0.7771835936779152
12132_8,0.7574696467917795
10169_8,0.9948693835376121
1486_4,0.22508721878743415
8455_1,0.0391843900837274
10019_1,0.0012405553342516823
7028_10,0.9390315029980829
787_9,0.993124750865321
2414_4,0.3348631143021434
7182_7,0.40419948313141957
5548_9,0.6373074364240195
3963_7,0.6150869829673306
1584_7,0.7725962672268938
6825_3,0.6774373812673468
6588_3,0.15684982535347608
10573_3,0.38725029214990037
6693_10,0.993494090053062
5541_7,0.7973399639104495
12053_9,0.9879639538082051
3662_9,0.9656399828953562
6829_10,0.9942783098621173
285_10,0.9894776370362759
1270_4,0.6783616761314731
4320_10,0.2233361446068351
1333_3,0.030830578122438508
6618_1,0.5500978057154151
10119_1,0.3526343590205822
2886_1,0.2947033342395177
8811_7,0.893345992764197
11087_9,0.9982498425926791
3436_8,0.6506700357678095
10479_10,0.959155632754932
8365_9,0.9826790219454877
12140_8,0.9062411436038111
6981_7,0.6537073555168407
10447_2,0.01878376731900984
10352_1,0.018991867357006528
943_8,0.7789177639541528
513_1,0.03873139360209519
11192_1,0.07523244187605087
587_3,0.24351304592320874
3420_10,0.994573328544585
10030_7,0.7712614714344307
3026_10,0.704505611411212
3145_1,0.20809877076480351
2230_9,0.3981909191018101
5193_1,0.02826242164978778
11337_8,0.9569166300900085
3601_9,0.9992260492551569
3628_10,0.9057331573545078
4952_10,0.9521631273779645
1775_10,0.25838580205414574
8141_4,0.12939262925064202
572_3,0.5388406207130519
6732_3,0.00275043931934896
4274_4,0.08236662742347711
5892_3,0.8691278075801088
7035_10,0.9991761650279704
5354_4,0.09378196369323369
4264_4,0.05438156042679781
8151_9,0.9982425183547547
376_2,0.20196092956546638
5352_1,0.0054845463169763235
1365_8,0.7952227098679234
8272_10,0.982895354772621
6942_4,0.11432101366541228
9067_4,0.5791557555382298
11428_1,0.009637806750188117
7308_3,0.08835115743796068
8349_10,0.9561471576674255
11336_4,0.74521092623662
551_9,0.9191352989285635
4721_10,0.9914348497126517
4862_1,0.24153404829319003
5469_4,0.21524941425963512
3834_10,0.9967645180033576
4717_10,0.9980302230072776
4202_9,0.9718424304557434
5335_4,0.9193964760556141
7587_8,0.874475271370261
10827_4,0.17079257791405417
3432_1,0.004531749903460554
6110_4,0.7351094710769202
5618_7,0.845347337730111
11808_1,0.03113242854316232
9293_4,0.5674016756246465
2163_8,0.9892490337038969
4802_1,0.2805114257325535
5476_7,0.9794923524158679
9991_1,0.003974437588679594
2681_10,0.9597170827571697
11728_2,0.8696057556738904
1466_8,0.9842962641703641
4853_7,0.9371274640359655
3668_9,0.7145100895700957
5334_7,0.9162821394573125
12017_8,0.9630846145657335
2046_9,0.9962190738849791
2652_7,0.7985445540675392
2250_8,0.6879530965587429
2253_1,0.014652739040317091
9733_10,0.7449314111174739
3_4,0.9633621447389064
6129_8,0.2658728561958648
6858_3,0.24189789174595686
371_8,0.9209068266400927
1111_3,0.04433108644969061
12330_1,0.05621599206724834
3219_1,0.00041008341584178006
11372_9,0.9517781492538903
1434_4,0.017744210888651975
8232_7,0.76729854467575
7883_1,0.009573062556551102
9151_2,0.6383758525267074
10574_3,0.10780737495608494
9376_8,0.955882063276096
7737_1,0.11939905464242662
7410_8,0.9708890888048026
10488_7,0.9632892506151095
5906_10,0.7595798667519
5308_10,0.9597595940400345
11266_2,0.02078497719171829
7627_1,0.0274563793924015
218_3,0.04265304951164205
9031_2,0.007132181650652479
3427_10,0.9769172029834869
8532_3,0.025253733275874914
6588_9,0.9437930633061423
9744_1,0.0023718832414901993
3061_1,0.028525548941724443
11668_9,0.9624012826749734
9331_1,0.008274955112669735
238_9,0.8472067579575517
10593_8,0.5464999522752675
4441_9,0.8597913210897326
3717_3,0.023396726016824246
5618_4,0.013471391983882
4353_10,0.9126301656154181
1268_2,0.05812897749855479
5178_3,0.16555574489566982
2991_1,0.04525087820642622
9976_9,0.968201653541379
7891_1,0.014818554469117206
445_3,0.0428727930124055
11158_7,0.9305194489908781
10328_1,0.006241788533859916
9137_9,0.9851488698491541
7399_2,0.18261088134993675
1187_7,0.8503561358828684
10642_1,0.0157476876811163
3939_3,0.01262852074926196
5310_9,0.915750059724708
2087_9,0.7285451075794797
57_4,0.008762176426604349
4645_10,0.9904091097336187
1734_4,0.4595098963533361
8924_1,3.61654792936856e-05
4418_3,0.0009141513355662693
9403_1,0.01327140601530753
12065_10,0.9974421777907932
6763_3,0.3737718597058296
3882_8,0.5526674043359117
7286_3,0.02891044896526301
9259_9,0.9879930324476919
5134_3,0.05734745918138392
10166_4,0.8318477388443626
8362_3,0.5648849246148145
9701_4,0.33788690255439746
4227_7,0.9674563717590265
8483_10,0.9901300529438752
6002_3,0.0005129437156168808
5815_9,0.8749434902542795
9385_10,0.3870686662795908
11047_1,0.038708123980498416
6306_1,0.09226023539468609
9141_2,0.05209142038335687
4594_1,0.10096475916025553
10471_4,0.1489209898760023
48_9,0.9903103539551357
8133_8,0.8253671637593623
8493_1,0.036644030189639624
3425_8,0.14544082989607202
5731_9,0.9925046501270014
4373_10,0.8898950256699316
4366_10,0.5967419459605777
6123_10,0.4972523549171061
1430_3,0.020018412004968594
508_7,0.6672678816219854
11600_10,0.986172924665799
11767_8,0.9165599977095095
1597_1,0.003979039414457362
7257_8,0.8158171249446718
244_2,0.0003932614392073291
116_4,0.36979101445598284
7856_10,0.6765274701520871
7640_9,0.9759392203943588
10956_8,0.9885526430488171
11002_3,0.01933467315993519
11666_10,0.9697539798708771
7683_4,0.8513584064705211
10846_4,0.02445280905184897
1317_2,0.2736257771897036
5_7,0.8515177655174171
8526_2,0.025666758601815574
1526_7,0.8948873009616194
3144_9,0.9401704361156078
241_7,0.9789240864701994
8953_1,0.002481284510627398
5919_8,0.990007660191815
7983_4,0.23952657761144353
5222_2,0.0014200145358186371
1662_1,0.07328302030110533
5830_10,0.928062810986741
859_1,0.18342106804078076
10761_8,0.7326758872693685
12037_7,0.6692037588106619
2629_10,0.9970489045548222
1019_10,0.9783189946269232
11270_10,0.3100039739654874
620_8,0.9889098082675891
6718_10,0.545480175256101
1402_8,0.8078863118267493
6804_1,0.006548176034796356
11743_1,0.177614999728278
3117_10,0.8368510828820181
7441_9,0.9183877926855883
4553_2,0.15009052175545873
5182_10,0.9900764609128623
81_9,0.789223962561026
8343_10,0.9038717390727486
2030_1,0.00040847066979968265
7866_7,0.9286019601176125
11132_1,0.28018477835004385
879_3,0.050159798620582265
6547_10,0.9924530975267295
11166_4,0.07795997864087485
7427_1,0.0009993641421737816
5848_4,0.43762916983668204
10734_2,0.14835853144908984
11263_10,0.9998222225200502
9761_7,0.8509811160944698
7582_10,0.9115521396155838
3849_1,8.772730075162792e-05
8242_10,0.9471800998624026
309_10,0.9212801578116463
5492_1,0.024943693055148278
4294_2,0.9715654620477898
7222_7,0.02117857818682205
3365_1,3.494275090333561e-05
11084_7,0.6437241370211764
50_10,0.9939310588360725
3234_1,0.11446262985610912
10155_7,0.4665232266657706
1181_1,0.0002689201223239729
1505_3,0.0112146964305259
11926_1,0.0023157590421903603
12174_3,0.1273236627342105
4589_4,0.005155652785664444
12421_8,0.9971445285586868
1079_8,0.9386851960465993
4852_8,0.8947347332843676
11753_8,0.9836593626707605
11257_10,0.9125249294617447
8270_1,0.002419427044832281
7690_3,0.2537764257473772
12354_8,0.3905981886297012
11419_8,0.9979655980946779
7587_4,0.46510804313619913
818_9,0.8403196530165432
10431_10,0.9832019234167694
12056_4,0.18832335683913357
7595_10,0.9943032919544147
2601_1,0.2212589759148965
10022_10,0.9915186765672801
4124_1,0.1261788521053467
11573_10,0.9920018609340335
9868_1,0.002882415107259381
7093_1,0.010620978490578411
4993_3,0.005154626268271823
3192_8,0.9844890704058493
8269_10,0.9959520739474784
5767_10,0.7930591117236756
8440_7,0.8136763771447579
1038_10,0.9614618521171215
525_9,0.9868033707266451
689_3,0.0018205568987102708
10989_1,0.0071493303301645075
6166_4,0.18575249333928112
6452_10,0.9701892005613909
3217_1,0.0025453787337268805
11629_4,0.37029280681614885
4338_1,0.01258878826362848
2822_1,0.0022637858487821604
11252_7,0.017445862814948452
11097_9,0.9951748448537434
7124_10,0.9976540250298459
261_3,0.04130844184661159
7828_10,0.9702906612339198
9030_7,0.5429411445416082
9723_2,0.08180138634421082
6924_9,0.6368912672093298
11945_4,0.9874742357046848
11811_2,0.006302430597714879
3115_8,0.9249153261697776
4381_9,0.9628487936061139
676_1,0.6473973085171573
8002_9,0.6392589036522796
9209_3,0.7528219378622096
1677_10,0.6898996712476634
7094_7,0.8999849979709112
12193_8,0.9439463470477216
1227_7,0.17689330078041002
9186_10,0.9986113421042389
6117_1,0.054172767537141425
8621_2,0.999997645992085
9729_1,9.39709639590764e-05
12239_7,0.7546244418346834
2465_2,0.08167544967723724
4360_10,0.9272576162861645
10538_1,0.013262838816564862
3439_4,0.5255355480121521
256_10,0.8070638968116465
7114_1,0.008897400207830636
3206_3,0.01668189729386461
229_10,0.2134264343915713
7501_3,0.1038611366233606
3639_1,0.04488697112655486
9751_9,0.9961699393635025
8277_3,0.13605246934828863
5276_4,0.03769656047770079
1804_8,0.9089736790014277
8497_1,0.0003993919634370865
7742_1,0.0002580676022489124
9755_7,0.4797860532644523
8429_8,0.44790639667423615
769_3,0.055659279418663166
7452_10,0.9833662905779318
1004_4,0.5207125029625466
6393_10,0.9984136770642796
7457_1,0.008576057947909124
8182_10,0.9929448759767684
11589_9,0.9696448000837761
4718_8,0.3580070671441827
5315_10,0.9891913830859325
9927_3,0.5268507431606969
6391_1,0.015247169836764577
532_3,0.08831701108700182
10544_10,0.691266854063288
3576_4,0.6569360394789119
5420_4,0.36930561289642344
7140_10,0.9689439834222722
11018_4,4.398929382459198e-05
7443_8,0.9856932903681523
7399_9,0.570863032019187
12129_10,0.9866345537374387
6876_3,0.15200143751169448
9227_1,0.2873383941745074
4983_1,0.03548684933087712
2502_1,0.04542719601131456
2584_9,0.9590477625159898
5637_2,0.020236057229456997
6497_10,0.9993467315051228
8464_2,0.014042929056955733
2070_10,0.33007155313151654
4574_3,0.005565006324963383
1642_10,0.7021455355394842
356_9,0.9254123601453447
8052_4,0.9688096226529005
2457_10,0.9866901115035015
6322_4,0.18137975223880387
2218_10,0.8685945166053027
10669_7,0.6670576063204334
5296_2,0.049744313728464065
1118_1,0.04500273446836333
8588_1,0.005464630580445318
12348_10,0.916002830606987
7990_9,0.8754224883593027
819_7,0.10673156180550553
10552_7,0.10667023160639773
9126_4,0.035195742746865155
11190_9,0.24758812229742094
6696_2,0.020915713206746685
4906_10,0.9912975866824155
6809_4,0.7450780060152273
10032_1,0.16594993008838158
2694_10,0.9740034262441741
6411_8,0.9082888381891797
11967_9,0.7980437385290993
10190_1,0.003758757133021098
316_1,0.0004769767369588497
5644_9,0.9328207049671117
12083_10,0.9963399633275764
9280_3,0.145258168862976
11735_2,0.07219574834223758
5219_1,0.028483901881467134
6810_3,0.08558491404078711
7817_2,0.007690299239490764
6753_9,0.21751102818144094
16_8,0.895197943623079
3908_1,0.0056578877277868485
11502_10,0.9995136315037663
523_1,0.0001554814912343065
11213_10,0.9063764897105091
5058_8,0.824217061226592
3290_1,0.03312614890748195
2954_4,0.38625889349323883
7148_1,0.6673344755640003
4455_7,0.7749437591819478
1873_7,0.5178497104493562
4796_2,0.01473367593886602
6317_3,0.8425560202070225
11153_10,0.9757349019321451
3319_1,0.1284884151961074
1247_9,0.9999753455912295
9119_1,0.0007089647359672108
7904_10,0.9733934105704909
4892_1,0.052866954963116754
4608_8,0.8010159681039686
4756_4,0.01540188912853668
230_1,0.5856590434666444
6730_1,6.636267596522584e-05
6639_8,0.6814554266151764
1726_1,0.005187745437442284
4540_2,0.0017254747007331836
1898_1,7.124426685956527e-05
877_1,0.09612210417057586
10416_9,0.9991989565113466
1359_2,0.05331516342578207
8886_1,3.7907943501728106e-06
553_1,0.030552532524320632
5252_10,0.9898945865491796
8808_9,0.9429106869251718
8792_10,0.9282345616816244
11723_10,0.9999077797416993
6977_9,0.6243744022323657
5050_2,0.012601892112658568
6413_8,0.8387674609153488
9880_8,0.9880564238986878
5827_10,0.9953801469257902
5271_10,0.3829436510211536
12231_2,0.03247872943212942
9913_1,0.00034855652395886824
3058_10,0.9351819803871578
1278_10,0.684858014391075
4923_9,0.5948263001482897
4662_1,0.1293086685444119
10857_2,0.15131576956265622
5033_7,0.5580292451930778
7681_10,0.9965925552042669
8916_3,0.0395065730348943
10603_3,0.41141617254256396
8940_3,0.4517574899110999
2381_1,0.07007008371821541
9188_8,0.7677472031844981
5290_8,0.9201408446222331
6746_1,0.3228036708437857
1001_10,0.9742465333908276
1190_1,0.003685244673873075
1858_1,0.00035805652528749096
5645_10,0.03778088734887489
3021_9,0.799601879389387
9801_2,0.13861681576247734
2498_4,0.0034328355190514147
7972_10,0.9615985952021603
1200_1,0.00024610867148223666
9626_4,0.7261523445237246
11750_10,0.9526300834677613
9571_10,0.9286176677450145
11593_10,0.9992181090817736
4432_10,0.9514935530485459
10324_1,0.043713838552827726
9123_10,0.9980529329464694
10155_1,0.04886267181991496
12237_10,0.9892160930430325
2828_2,0.05368122028898733
6375_4,0.04582466191591986
8264_10,0.9997250233952742
6131_7,0.9957864426751464
2950_10,0.9417851783138763
3584_1,0.0006530882308588797
3077_9,0.9988116000179115
8867_10,0.9991274677904259
4189_9,0.4468912557600157
2297_9,0.15057771443038206
3607_8,0.8938580017458856
339_10,0.8652420330921521
6450_10,0.993742766624682
8537_9,0.934699379840234
5663_10,0.8891970350987974
7179_10,0.9991919843687815
1929_10,0.6439694804699344
7363_10,0.9982247217420049
7073_10,0.9996336739052613
8472_10,0.9712432142840675
2397_4,0.6018698382194744
5710_3,0.13407564070943642
12429_1,0.0005370675782713101
4841_9,0.7464465862259114
5819_2,0.398478067674243
7112_8,0.8475618411459724
1087_10,0.9989661349508145
10766_8,0.8550989543065943
10675_8,0.5327222652996153
11953_3,0.10973960251869826
1927_9,0.6631880788310923
10455_9,0.8588800432852455
451_8,0.9068503731960645
10796_8,0.9031220381010651
5288_7,0.9534173575692475
4368_2,0.002754249460031734
10456_10,0.8223478453831033
9981_1,0.02911156247622088
11403_1,0.11599339520574876
5219_7,0.9533183265061879
11929_4,0.3190945914209301
5481_10,0.9970174431090256
3829_4,0.05964838857724178
11367_4,0.12978821607583857
8154_10,0.9558499601723495
2754_2,0.012569384541472514
2299_10,0.99684399259636
8868_1,0.242309219660257
4566_10,0.9859258250025762
6688_1,0.18316046325756705
2666_4,0.018811285768304185
11892_10,0.9969171323063836
2667_10,0.845289496719532
9244_9,0.7514401821082087
12498_7,0.051069052168195524
3493_9,0.20118327004866454
7565_10,0.9157261046714071
2916_7,0.5791354601937262
12473_8,0.7488818633515297
3142_9,0.9294161485216332
3289_10,0.9997989057883442
11159_10,0.9654788176233772
8428_2,0.15359342480149074
4152_8,0.61512324546642
10754_8,0.9760352344012174
11718_1,0.0010899596129006176
5408_1,0.0018920575443509664
5686_8,0.7655308734914975
7479_8,0.9906849246210669
5160_10,0.7723082476199823
3138_1,0.005228294560310174
10343_9,0.9898220613641852
9524_3,0.6659579867301778
7794_1,0.010275235479155324
5433_1,0.224410674090353
3380_8,0.9719423999220801
7222_3,0.002457684825583456
1751_4,0.7871815203314674
3914_10,0.8594906339435602
8022_3,0.49416599776816034
3975_4,0.275327200464925
8177_1,0.043094258340985465
5670_1,0.07759263625789387
203_10,0.9915473712527227
4315_2,0.017488180925021097
8296_8,0.9356616061493594
971_10,0.8578158096162648
12018_1,0.013448844169336222
3714_9,0.8074706662890537
4342_2,0.7762656278179699
4965_3,0.6391516419577613
5126_8,0.542842997134479
10686_3,0.054914612196027314
7290_10,0.9986230957658404
8474_8,0.9955895764783723
7633_2,0.7138249297764007
2226_10,0.29396410144881574
1436_9,0.8734430953071388
813_10,0.9032256366698461
11865_7,0.7658462867949486
4937_9,0.9755816911852885
4613_9,0.04733420019879258
8129_9,0.9534664666953854
2376_4,0.6574593900379885
6861_1,0.018880297069019048
9104_2,0.5358751040729989
10590_3,0.019301604484160052
11021_4,0.06842932751945574
9480_10,0.9814767598694502
12212_10,0.765558454726356
11766_7,0.99736091215255
5356_7,0.6066683883833617
9572_7,0.9946817392856979
3264_8,0.8737188639568978
11794_1,0.0014669718695391723
11739_2,0.6411875543152522
731_8,0.8929189118797703
6278_9,0.5373776544971898
625_10,0.8787088819841884
7252_2,0.16844957753715556
5171_10,0.9984526551452119
9149_3,0.39166118627339913
10780_3,0.007300478082357316
1568_9,0.8776462407373199
7291_9,0.9920694371464628
2288_8,0.9618142893527821
3126_9,0.9203893080518157
3352_7,0.9586467225461025
9455_1,0.001277993077380339
1709_7,0.5331717873725998
9309_2,2.3192245063248303e-06
994_3,0.27534240533358234
4173_10,0.4605703792402003
113_3,0.015416437402426764
10472_10,0.9279705772031449
7193_1,0.00010988338846678443
9978_3,0.3000020836670859
783_8,0.9340181638518693
7585_10,0.9996763169196728
2135_9,0.6067769868209864
10887_10,0.9933959275631261
4075_2,0.0014555285905461538
10521_2,0.002456363605238763
844_1,0.10463720444487525
6691_3,0.0010976614106174003
3879_4,0.2837177951890758
3511_1,0.39230359688826844
332_1,0.8151805987517734
7398_4,0.3192587143922234
1845_1,0.16259727503915558
3890_3,0.25310938350145984
3781_9,0.8029926705395497
3723_1,0.004125431950759073
2908_1,0.0014766216614631104
7625_3,0.0022891894939970586
6310_10,0.9449096328183667
9432_4,0.7300169034800235
1820_10,0.9989254383668283
6809_8,0.9709226012144491
9911_1,0.02353301851430468
12001_8,0.9275109846372771
7266_7,0.5856668842010063
263_10,0.9994301850327965
2109_3,0.027319069972945514
7293_4,0.1215969815603315
8874_8,0.9451680572940113
2143_4,0.9323150004336246
4307_9,0.9969041659587196
4176_1,0.0004197651957605628
8369_3,0.09227374446611655
12317_1,7.07725876378174e-05
1687_4,0.0001064975098712311
12082_1,0.00872669111750366
3396_10,0.9602157125344246
9129_9,0.7604737534673842
10090_10,0.9760593746138556
11841_1,0.03277770220900631
12447_4,0.04616008748134692
11624_10,0.998949969349865
8624_10,0.13807945468042765
9290_1,0.24991631188358004
1108_8,0.33449343490900424
4300_10,0.8399206873020819
2553_4,0.8936189369661642
10550_8,0.04585033778855811
8884_10,0.5795261649671788
6760_2,0.03382154744931463
1177_3,0.27665272260750295
9939_2,0.24542602458807844
2100_7,0.836939229456959
9677_1,0.10063217455175477
2511_4,0.0019224548198657472
4115_8,0.9993147943278714
437_9,0.6871577593692314
6698_10,0.9968185655144248
11049_9,0.941116123298438
10168_4,0.022998694793907662
8071_8,0.6739106321119663
12474_4,0.6260690442940681
3775_10,0.9055326075263327
7478_10,0.46188181915726517
4312_8,0.9017336391235358
3105_7,0.8874409421410843
640_9,0.9139429827416526
6891_1,6.059576660365362e-06
1849_10,0.9976012900344716
8528_7,0.6302391363287291
9032_4,0.26593209343959495
11743_9,0.9997833203976726
2813_10,0.5563069621282103
846_2,0.04392841417596785
3695_4,0.2058256911565309
5972_3,0.0020786717902136352
4831_1,0.005311070117872496
11826_1,0.05858408492617605
7684_10,0.9055296876401076
7042_8,0.9637138717216219
10247_10,0.8115038969520082
6766_8,0.9168505066457522
2091_2,0.02366864428775266
5108_2,0.002248056424271342
10644_1,0.040115223318955784
5955_2,0.16080129900281873
9451_10,0.7805487512096645
11518_10,0.7209273857210526
3871_1,0.00015217201646511107
5013_1,0.00036477548587565895
5056_4,0.12785313997971717
3688_1,0.02908129752728663
2325_2,0.3080397763209008
6330_4,0.023682602426629652
8783_1,0.09558271954783676
3848_3,0.004303879813432149
5901_10,0.9859474687993531
10947_3,0.12359842265879502
4590_10,0.9850615796790563
4337_10,0.13717610794307875
11029_3,0.7088549113816537
10980_3,0.11427766826488787
165_7,0.7696663525995769
474_8,0.9941244055270451
3175_8,0.9076542503815341
11764_1,0.02753753354141584
2164_7,0.9899500742315658
8891_8,0.8575284446747308
8294_9,0.9855460841307322
6602_7,0.8778575237479667
8187_8,0.47877351503352245
2609_2,0.14759378360397082
6506_8,0.9904842627980034
2207_1,8.368279111429829e-05
2467_9,0.9522481747267052
7440_1,0.014960694170479284
6417_8,0.5741086020350584
12278_7,0.8630321664841831
4495_3,0.6635333242236967
8223_10,0.9936892248490924
3659_4,0.08395395630911234
1120_3,0.044279362689727646
9713_3,0.04053576699711846
808_10,0.9950507360381744
11164_10,0.7282724019696651
3536_10,0.8857555552994633
10930_1,0.011835395172969127
6868_4,0.01721009271391933
2248_1,0.06521867281060129
3624_4,0.419335361592232
1442_1,0.0008200598685796165
10167_4,0.05090368240938027
10645_10,0.8376516475566066
4414_1,0.02674168764101699
6409_2,0.21962861295610586
10486_1,0.06813425498834384
2983_7,0.9778383525014384
4985_4,0.10477486327214669
3566_9,0.7962531008043161
8340_4,0.3565636082116285
10246_9,0.8463885276829156
7380_1,0.9057141093782246
12381_3,0.2632471329129966
11723_4,0.1283143874909782
7478_1,0.04551981146105258
900_9,0.9817474217460377
3364_2,0.6143823396451047
6570_1,0.007645576556342396
9309_8,0.8396765599742796
6044_1,0.015077476994968893
9261_2,0.021918986379726432
5690_8,0.8903502564461038
5326_2,0.0044229441899726425
11179_10,0.9959577435848104
8908_1,0.00027885071532189316
10224_9,0.7200108358965003
7318_10,0.9956524752016157
11098_8,0.8495872498202731
10120_1,0.002495789027449149
4561_2,0.4731917934818401
4409_3,0.04396077387820389
4301_9,0.042741796690803906
9254_3,0.022319613854311884
10717_9,0.9381550319540407
10619_2,0.5557729435177549
5924_1,0.9711904740921949
11657_10,0.8077997135258184
6373_4,0.2745681098317537
10469_10,0.9038830315245029
5531_9,0.7102623737949326
1089_10,0.9742233933531125
5082_10,0.8964085797484859
4267_1,0.033161982101882356
3006_10,0.9457005785114507
9318_3,0.1528900156470492
11877_1,8.09653240131553e-05
7274_1,0.3218344788490756
12450_7,0.8999599429900031
148_9,0.46007950570393374
10353_10,0.054372074296727954
1368_8,0.035768314897301735
9408_7,0.7615150644955214
5739_7,0.11404032211022413
7036_10,0.9729014649403356
11554_2,0.9003383917292346
4601_9,0.538930783013213
10376_3,0.10435436455541404
2486_8,0.9551499720172273
5745_4,0.07344570942778123
873_3,0.1026010908017081
7009_1,0.09597664111801389
542_7,0.5653695394690021
12008_8,0.9453799841284573
8040_8,0.9548719505933393
4048_2,0.0236206295561495
4895_10,0.9792106799474518
11789_9,0.9997460725227956
5084_7,0.9871415999129728
9207_10,0.9552445378107941
923_4,0.6147041131174819
106_3,0.29216887005475706
1125_1,0.00506859916937245
839_10,0.8345558371343306
5285_10,0.9232547330834869
7444_7,0.7744783801676864
1566_8,0.9751077777161697
3285_1,0.0002310076733906164
6203_2,0.03205399196012108
11147_3,0.07169108973904983
11152_3,0.0050499492429970545
3335_9,0.9117076797389772
6689_1,0.00011374036883886968
6557_7,0.9493440194677333
3362_10,0.9852172750158008
101_3,0.3059804542007718
10692_4,0.19567179845232943
4462_7,0.676295468665006
265_1,0.0010299818545551418
1369_3,0.5040698484088195
9112_10,0.9182581251840959
7870_1,8.785066115846999e-06
6102_10,0.9318970115913263
3973_10,0.9751121792614968
8232_1,0.48420955774097146
3177_10,0.8730131615509585
11598_10,0.397143191095826
882_2,0.1784135698042212
5660_10,0.7428544208123021
1685_10,0.9913587849520965
2064_1,0.06570428470954076
2296_9,0.9475843949999735
3648_10,0.3136391308720506
5486_4,0.0073959539039417516
2496_8,0.5489818360425059
9579_10,0.9239230178173664
10776_10,0.943995483288921
5889_10,0.894615876048601
8292_1,0.03696774171553712
10547_3,0.006291946356224521
10415_7,0.5989110459084878
10741_1,0.01975534945841423
10196_1,0.002208025092357987
12155_2,0.06332550058342813
2224_3,0.1467330281876908
10356_7,0.1419718057596503
7202_1,0.0013487114438542204
11973_10,0.5642166550899635
1792_8,0.7240148621104171
7894_9,0.9888902390244662
11413_1,0.20098449619406225
10596_10,0.6656487931350658
2462_2,0.2858535571457952
9451_1,0.011765149153883646
2895_1,0.09084802294478488
2513_4,0.25148469511081933
11950_7,0.20654961898683774
10566_9,0.9501176870585636
2209_4,0.13095469625241118
9292_4,0.2032705144125829
5575_8,0.9773002720766613
1688_4,0.3146107331892688
440_8,0.8398994076365826
6324_10,0.9967872390313689
8296_2,0.020746446225084092
9460_1,0.0027382948925240226
3992_8,0.885851709349499
11425_10,0.9976503759321548
147_4,0.2087314375081118
2897_4,0.23309462616978469
6214_4,0.1682602742732636
11157_4,0.284052158046805
4204_8,0.9788331894613573
7255_2,0.25294947342082447
8435_1,0.4009326323160735
11354_2,0.012053897728135383
2136_9,0.7899266034079463
295_1,0.8331483063531252
335_10,0.9932815327658723
8791_4,0.07179517472219392
2817_1,0.0003371522253888625
1629_8,0.7164781131183173
6826_3,0.03482124512857265
5550_8,0.9548618032150656
3572_10,0.9645701264650353
4543_10,0.9598550057906453
2789_1,0.2537956736687814
12288_7,0.6110392417187185
9769_9,0.8637824210055361
1257_1,0.12097518860567477
6180_10,0.8294331384261686
8881_8,0.7542264887085632
7075_10,0.9999389760438104
10254_1,0.03086120234009373
12214_10,0.8241570974424987
829_10,0.9684681164488457
5633_8,0.45927331544335215
6202_7,0.0033877036357924223
4843_10,0.9999499464876537
7564_8,0.9417176479997437
3539_4,0.0726223498628625
9634_9,0.9466284839367373
7578_9,0.9980664186907636
6642_9,0.9980539290037584
3438_8,0.6195216690018099
11407_4,0.05121236132681259
9891_1,0.0013806855861393384
3875_4,0.0021696834364710498
6447_2,0.027922977417815038
5027_8,0.9999999371271617
11415_7,0.783992675514092
7762_9,0.8259715512266979
7263_10,0.9297911818699056
6556_1,0.4922556864636383
5491_10,0.9957401692504215
3418_8,0.3476287351445544
4137_1,0.17787679040931112
5519_7,0.8034430011931202
3435_9,0.8617358967469744
10199_10,0.8392037001759942
5212_4,0.4266588173953886
11891_10,0.9900354771151252
4989_7,0.8136996476847091
2883_3,0.8044816140344728
9154_2,0.5326537513349693
8384_10,0.8085844850108408
4082_10,0.9495199329780799
4334_2,0.0077256248170765335
5652_10,0.6867485031347098
4544_2,0.24686702244730746
4987_8,0.6735486850612118
9648_3,0.04661028525250628
10755_4,0.7311812757250514
4386_1,0.0028185446440278446
4619_4,0.08859196579392117
5860_7,0.697243692604375
11492_1,0.040746226352295814
2126_9,0.9813909807057267
8355_7,0.9193459657341908
6560_10,0.7764227921676251
4026_9,0.991189985385464
4019_7,0.81098659743351
455_10,0.9979213348793031
6637_1,0.9995234268964464
7490_3,0.16159895637926674
10533_10,0.5915224562313802
7417_7,0.4387905919803821
3392_2,0.018448637057563746
460_1,0.0009168932933297997
5364_10,0.9994674721875774
234_7,0.9843830876448503
709_4,0.3381505460327665
2753_9,0.48699217186291655
9434_10,0.5189135468209717
2835_7,0.855167040934381
6849_1,0.0036187601664540285
11186_3,0.015696928100943027
10902_8,0.9233467607074546
2617_2,0.02897396400196479
7423_9,0.22853564648853392
4699_1,0.03495894888158658
12312_10,0.9715139953986802
6185_4,0.24226099788690403
3742_3,0.030975394909669128
1314_8,0.9697807152572419
7985_1,0.5988311165338993
3669_4,0.8440871606820586
2791_8,0.9132962764463296
2295_8,0.9715959648145399
12111_1,0.04451073567268208
11827_10,0.9166384737143417
10191_1,0.19382496051737913
5264_2,0.0983616025878422
11002_8,0.9795200393317112
12423_2,0.007049317245287723
3551_7,0.9418339722495226
10804_3,0.47552258673171593
3670_4,0.4616146725059751
8408_10,0.9986229798056655
1307_10,0.9860095234457118
10906_10,0.2878199274310935
4039_2,5.083713415169406e-06
1010_9,0.9971769253709516
8764_1,0.004789922791331437
10894_10,0.9952804764269124
1249_1,0.007095059530505725
1844_9,0.9999675761906046
3252_9,0.9530761192165899
12272_1,0.3808566612423079
5599_10,0.9911540016807394
6265_8,0.9943128950346728
4497_4,0.47412596893937525
3925_2,0.03482172938464123
7935_9,0.7305357425877994
12146_1,0.0017573993108144065
2345_3,0.1569864665776842
11171_10,0.9996277110415912
6726_1,0.00011728818011045568
11129_9,0.7014884990324692
616_10,0.9356480457122877
11349_3,0.012484998610685371
2485_10,0.9865454364972709
3212_4,0.036180566615282794
5578_10,0.9901019760970907
2252_9,0.9966448856427977
11643_3,0.035212223824171184
12081_4,0.04362644622571037
4104_10,0.23186521863309345
4504_7,0.8353975385969205
6354_10,0.8429588969760643
12118_8,0.9861434599149391
9680_10,0.19118305748352976
7173_10,0.9361889993368122
1965_3,0.0987569581454027
2674_7,0.49679520594532933
1425_1,0.0183798089799533
4017_8,0.9976559920058753
3835_2,0.6994366595030577
1335_4,0.0853661574160987
627_1,0.031556117586412205
8330_3,0.9670700324378391
8907_1,0.01277558220816233
11801_10,0.605233994749567
3231_1,0.003349362403202497
860_4,0.01574589351979573
2902_8,0.16029117974848103
11550_4,0.3279626657748854
4944_10,0.9562952773341676
10190_10,0.6114950641294518
4090_3,0.0005752946160453923
3863_1,0.005157195587677534
3904_9,0.9983972747911313
917_4,0.5791530891354787
5540_2,0.015479492480898797
9183_7,0.9796116816156268
2570_4,0.013500408458602594
11868_1,0.02563010588287851
7438_3,0.10571894128290875
10484_2,0.006006036019962856
1988_8,0.9930952155978225
46_2,0.07740572924921262
6624_4,0.06213436118541035
4666_7,0.8570302543978491
11479_4,0.8646639532816638
308_1,0.012456783965940044
5400_9,0.9964041994624763
5258_1,0.0004960702471432459
432_3,0.0008875451952141415
7245_1,0.055202470172167666
7082_1,0.08497064928983236
9698_10,0.8860112176558235
1085_9,0.616136187329329
9999_10,0.9915503751256606
4235_7,0.8195345806627611
11603_10,0.9773079185560956
4457_3,0.07644793077454266
5022_8,0.9649162205968052
12278_3,0.2741302709965041
12076_2,0.023186150047172557
7239_4,0.5907991006679831
4691_10,0.9791372903051416
9820_2,0.03542874037366711
5932_1,0.17937091055004603
10265_9,0.8729323291676964
9247_2,0.01012644882001408
4581_3,0.36516933682957947
11060_7,0.7840763776563867
10349_2,0.04073951926549755
9821_3,0.18405851756609395
3375_7,0.8107035924941
5515_10,0.9638978161618094
3921_8,0.5716975497833866
6671_8,0.9920391893965936
7051_7,0.7892541035224723
743_7,0.8762480138627569
8230_3,0.0661565141891002
11203_2,0.02831676642741204
11616_1,0.00013689996482894423
8033_9,0.8949107669835088
1472_10,0.09771639473767456
1932_3,0.012781647373921606
6827_2,0.00018107843589876567
6912_4,0.0008463691106893145
12024_1,0.0001984072082491372
10625_1,0.6203167422307472
9528_10,0.9983654229903095
6663_3,0.39917079857560395
10727_1,0.3002130503626674
6646_10,0.9617207335227095
7632_7,0.892420233984528
8518_2,0.0056854263440414545
6398_9,0.9967080717288297
488_8,0.9453192397906234
4133_1,0.00831431087002144
4128_10,0.8261219308709397
5883_10,0.9985057547277021
10240_1,0.00042214372931592475
8791_8,0.9973964792570447
10917_8,0.996201604782713
9097_10,0.9950803402985368
8438_1,0.00042974868406438135
7536_1,0.600054994700548
7542_3,0.0014805458052366588
3928_7,0.07166475468354891
12477_2,0.01677338460277432
9157_3,0.09900861300031948
2694_2,0.7460968744831941
3632_3,0.00634373295438044
7169_10,0.9330193340662926
6931_7,0.8662985539905476
11474_10,0.9922299659263961
2252_1,0.008809808187419473
1261_7,0.43044889264899533
523_9,0.6556371001354735
12233_2,0.00014207937415589114
4731_9,0.8184654311744443
12376_10,0.2928776684807854
11834_4,0.7338891135846708
7063_9,0.49662243455423
5289_1,0.03392072378290293
9632_3,0.2579869334674327
11086_1,0.003225674511922636
8224_10,0.9992869136871283
8013_3,0.27755268601942945
8003_3,0.002126189566375887
2281_8,0.5486787877750245
4643_7,0.97741490949064
7942_3,0.11477531902979327
11067_2,0.05248191522681851
5577_1,0.12900174655320046
5796_1,0.0002849708066123533
11514_1,0.6876572629624674
1867_1,0.011272703094712127
4804_2,0.00016364183325796625
4547_1,0.08329640379845547
6391_7,0.6899711667125892
6260_9,0.9997229784914942
5355_10,0.8701064556739785
12358_4,0.23012396093722218
860_7,0.9950128991222942
3768_1,0.8055374038065293
8742_3,0.4428816430279921
10786_4,0.031872289653097255
5337_3,0.45205706111923116
11260_10,0.2738470198166188
7364_1,0.12094085948005438
4434_2,0.08545583736131471
10604_8,0.6601858862387809
9587_7,0.2426392022660638
738_1,0.1606624439132737
3757_8,0.9853020120008086
6970_10,0.9991782543044118
6194_1,0.02715881147548544
4559_10,0.28640597536979856
2334_3,0.2464950371192671
10636_3,0.2524231368904353
4192_1,0.00026996287532680193
1579_4,0.5717264130565741
7168_10,0.9927932470058404
3789_9,0.9867986729136234
5617_7,0.9895342156332644
5757_8,0.9368819662568308
1431_7,0.383789870988098
6130_4,0.689493400504349
12092_3,0.05735654443805055
7918_3,0.29870243926695456
5386_10,0.43834425144267325
2794_9,0.8614619192070027
2394_2,0.0013762345455763407
10690_7,0.9975694110542771
6406_4,0.45004684320253946
12288_2,0.5904992676433117
7405_4,0.34884937928668536
6153_10,0.6025070733712232
5577_9,0.970609102057128
1462_1,0.0192247934847918
7732_9,0.7442227823426466
9046_10,0.9536641918573721
11086_8,0.979391232733828
1426_7,0.8929624036955849
12174_10,0.1291842360227009
5537_1,0.005674184600524401
11746_1,0.0307158552316148
12203_10,0.9005507231955059
11585_7,0.9420777649352562
9765_1,0.005038570219860174
6295_8,0.33037948739269324
3991_4,0.6029070495625628
11134_10,0.9981643151234585
12379_7,0.23633430369336805
7316_2,0.43949916154674756
6955_4,0.054526211902544135
8092_7,0.9960095174062974
9788_1,0.0005974494391861293
9494_1,0.0003702510330099105
721_10,0.9866819952915064
1250_9,0.9978436133581431
3204_2,0.587672767950362
6539_9,0.9405480652430506
7944_1,0.00031507552659813283
8632_8,0.6825090174531272
2787_10,0.9967033760643699
11497_1,0.04877711551110503
8577_9,0.9272524420016509
2717_8,0.954705212819535
3251_8,0.8780164963708686
11714_7,0.7626965844509583
3868_7,0.9938303724726352
7394_1,0.26787448806882536
481_7,0.9790669964156777
5237_2,0.0024831491598834585
11148_9,0.9315017707504499
11946_7,0.860615945096764
7301_1,0.040445712918891846
384_9,0.696888122745057
8535_2,0.05319329026468141
8067_8,0.8933917993042719
8452_2,0.019754957761382107
7361_1,2.850711589236963e-05
4017_3,0.8047230649367727
6304_9,0.9946536149431502
7326_10,0.9925981803117334
399_1,0.019845646649837817
9003_1,0.019966238797967717
11314_8,0.5260712214428621
4909_10,0.732117684919582
10463_10,0.9571797862652524
7355_2,0.07447917225680793
3553_2,0.8672417529225434
4404_10,0.989855436495845
9304_1,0.505697457574395
7903_1,0.0030867931882310705
4429_3,0.7204120621742957
6287_7,0.8350392377786255
10461_1,0.0004431898444981893
668_10,0.5008570151173959
7560_10,0.9854898842992581
2785_1,0.000587626351973913
2801_10,0.8373452271583315
4318_9,0.7511440006378636
244_9,0.9924080357885803
12435_2,0.00849888770431315
2788_9,0.9874316722438978
2537_7,0.1986863972671726
928_1,0.0020533049936919175
3312_7,0.9896006595339117
12147_10,0.9999904720970678
5414_9,0.8936650311596417
9871_1,0.011810970597856003
1308_8,0.9471416792836094
7668_1,0.01610754457767438
5571_10,0.994858426970836
2052_10,0.9786693802135631
7089_9,0.9481749780545707
6411_2,0.03385091394377632
8514_1,0.04125499068071501
5921_10,0.8886174483083475
3264_1,0.004963289165076939
319_1,0.06439134770848312
3433_10,0.9666202878724411
1610_8,0.983965784071281
8002_3,0.07809299534187467
8099_9,0.9160548805159608
5418_1,0.012437275437144266
6247_3,0.057411196926599746
5153_8,0.968254078222582
12201_1,0.000336109528933738
8900_1,0.0011330763594778735
10908_2,0.304934328815667
598_1,0.02803495103860156
10590_9,0.737414435207857
6706_10,0.8329273504822824
12299_9,0.9388712425335605
2159_7,0.40092539669315536
186_1,0.00018933909472925519
3008_8,0.9542460240745679
831_7,0.9751902697275598
2717_3,0.13099919415352812
5174_10,0.9990343557040439
3088_3,0.08294773839758442
6262_8,0.9832460533074888
12303_1,0.005924969783124221
9904_8,0.9991910015348213
10097_10,0.956938283427499
6242_8,0.9135398445175031
9653_10,0.9581756263383372
12499_1,0.10150388713284664
894_1,0.8277449631174851
8935_7,0.9113141776466439
3184_2,0.04264527193010172
2226_4,0.5191594443960107
592_10,0.999845278300936
2173_8,0.9931076661066669
10967_2,0.0005091679768988687
3332_3,0.1562074344263901
1074_2,0.1282453617484427
2396_4,0.00033615539456290826
2627_4,0.4120828698560081
5982_9,0.9689135065535718
1386_1,0.37736692479051637
7325_4,0.5381584387058488
112_2,0.0975735747826431
8856_10,0.8558360005230375
1948_1,0.028056926717389505
5791_4,0.07363356100718364
1007_9,0.899803664189085
3758_3,0.03880853853288645
6455_2,0.051080538264139254
6464_9,0.999861884881757
5403_10,0.982133718778666
7076_10,0.9999247712283686
6123_3,0.00038067946548915203
2832_7,0.9887623049110696
9287_10,0.9955426755108422
3665_10,0.9291371742549827
4488_4,0.7367688655974822
5861_1,0.007744180378040823
2222_10,0.9950386584516736
9608_1,0.011253942227652103
6225_4,0.3180032698067154
5643_3,0.06571141927411212
8720_7,0.7213687667192151
4955_7,0.9881651297999338
6839_1,0.06347081520601658
7396_1,0.0011759876204754883
6234_8,0.7360231393512213
10423_1,0.7034418124616727
2158_1,0.0018818464080802575
6929_8,0.5705048970229657
7593_3,0.1379775409020136
636_1,0.05834958965578501
2747_7,0.8426141709705196
7398_10,0.9679073312242225
6852_4,0.3146107331892688
9938_3,0.017745521076549045
3989_3,0.19817390731475276
1104_9,0.8613422130124979
5897_3,0.12977252553274737
5254_3,0.018787754146246886
4824_1,0.3060650927002038
10945_8,0.7154715421638111
11486_8,0.9975811827686647
2542_1,0.05646920777122264
1824_10,0.9886627048763778
10181_2,0.005903800349470023
2492_9,0.8604982036587472
8111_1,0.002357041579305485
5844_9,0.9645805091518053
1369_7,0.18442582107507988
10775_4,0.2817918989929907
9617_9,0.8696285399462836
4709_1,0.004649124530903628
7043_2,0.6545805667746839
5166_10,0.8946277291272967
1604_8,0.9858905486777537
8576_8,0.8588767892124147
1916_7,0.39060595728026754
10286_10,0.9397638443004028
10241_1,0.0173064670444233
12441_9,0.7836811360789334
4529_1,0.01744842407730409
1553_3,0.7532888523026711
3985_4,0.24295744712609937
5542_8,0.9613854674486876
10857_9,0.9126836416547905
7600_1,0.22997787529390165
12095_9,0.9769744940813277
3134_10,0.9828334958335988
9472_3,0.5754769557288277
1058_10,0.9928957686617709
7328_9,0.996032960884812
3865_3,0.07068670563628342
7409_3,0.06025717750739947
4795_1,0.000747368319219838
11596_10,0.6516692734201172
3758_8,0.6926590684395924
5099_4,0.0970558504566245
7707_10,0.9968061298192007
1412_3,0.28861820078450545
4720_10,0.9638387422218682
978_7,0.9966882117246976
6165_8,0.7807691721963446
1307_1,0.003800040430955114
2322_7,0.20057804186873357
5328_10,0.6291811530113617
11934_8,0.8621570925580908
1940_3,0.07589562489392054
6270_10,0.07852083747155988
5262_8,0.975549185912102
4068_9,0.9905026159338748
1208_3,0.2506662234047984
10220_3,0.24470347883777768
5091_1,0.23956974601507203
2738_1,0.005120309376393219
8909_3,0.05959889558291689
932_2,0.41633477767817506
863_10,0.8935201005524931
454_1,0.08329869075323221
10525_4,0.04477647560332953
175_4,0.44994314235943667
4551_1,0.017069227893113707
5666_1,0.03127963213465996
4324_10,0.9224045565710207
8189_1,0.030771679818197818
12064_10,0.5412783122929359
8622_10,0.9177626960686388
1115_9,0.04333798581000299
9593_1,0.012603334751121353
5579_10,0.9304694251690135
3467_1,0.15287077258466666
11409_1,0.003393372221679078
8682_1,0.009307742899938973
7866_1,0.044591659328429394
6111_8,0.383021869244131
524_9,0.9279363217142604
9837_7,0.7030675225625662
2215_1,0.06099342873454336
6840_10,0.8942981466708375
7384_8,0.9587058048954895
6353_7,0.911156937087116
8650_3,0.22592930323227373
1890_10,0.5927753943149874
10402_8,0.8341451112628412
3770_4,0.356459447645451
3086_1,0.0001724216100095157
1487_3,0.6114355586950357
2995_10,0.9976962099282524
2356_7,0.7258870136453129
5320_10,0.5262397598668963
3235_1,0.007617114028026724
6802_1,0.021772445298356525
11329_9,0.49604485555650296
1143_8,0.8923939133131273
5768_3,0.08072394362588299
8004_1,0.08178148868228663
5453_3,0.4386188574155388
11288_10,0.14569634351139057
3278_10,0.9985313942153399
11856_7,0.8319980977377198
12057_10,0.9587485951212471
1825_4,0.003748385441640247
3319_10,0.9063552559450537
5956_7,0.9902534344490465
4875_10,0.8405090549552289
562_1,0.4346431045125486
11359_8,0.7635071717537077
12454_10,0.18992053549217802
10621_2,0.030178709465618694
10407_2,0.22843533870941865
3532_2,0.010974988405796552
10162_4,0.4398572890110181
7084_4,0.353113367034194
167_10,0.9887532834531584
3362_1,0.03220885926035959
6370_10,0.94664709821641
2281_3,0.8210600088788622
10454_1,0.008748714805080764
12387_8,0.19423135183459347
8375_8,0.8866733349319529
9656_3,0.11620419536494835
9387_1,0.02590669180473501
4907_1,0.00040013457203816907
4697_9,0.7578140756555276
4217_1,0.0008949089543660015
8860_10,0.46422427193248794
7312_3,0.005182569680802803
9326_10,0.9930915030603437
3785_8,0.7842518169760935
2255_1,0.07403660731044182
9950_3,0.005079136766508508
558_2,0.01105409237911639
413_8,0.7854375173974316
7837_9,0.9833900757604195
9192_1,0.24259075147217954
7_1,0.003000870648646227
9674_1,0.04136949385295372
9771_4,0.025604514895040332
3331_10,0.9473250604562974
11444_8,0.16678557282839998
3009_7,0.9774826401548573
5584_1,0.009975697005872159
12044_10,0.9995419240377454
5952_9,0.9299721884710682
4989_2,0.017774458133017302
5722_3,0.002860692575278442
6207_4,0.3607105145365174
7646_1,0.0006235355558594648
1811_3,0.37720913941801004
1197_3,0.3429237094434355
709_9,0.9925550145115416
8554_9,0.9678568716482123
1706_9,0.7661059676101244
10060_10,0.9986737658138626
6818_1,0.06521353751388317
7255_9,0.9634250702166707
3790_7,0.940346754428712
7833_9,0.5667968279325569
7448_4,0.1554077596385045
3456_1,0.28320714577682105
3881_3,0.006403341224641212
11049_1,0.05697865079327023
1269_1,0.4502355548704656
7803_10,0.9778020267176725
1413_9,0.3237228266945451
1289_8,0.9812203202442422
3967_9,0.4981276381010852
7533_10,0.966619293475416
5372_8,0.9558952461222513
1518_1,0.039724822358334
10752_3,0.4226388208948498
4863_3,0.20675693939800666
699_1,3.1089145857855484e-05
11537_3,0.039153310315887174
9241_7,0.6766461860243231
876_3,0.34981074403696644
11234_4,0.4610451905287462
5942_4,0.9335818100675403
1778_10,0.020579501607899675
2631_9,0.9775844002502526
7425_9,0.9917908496976803
3410_10,0.9972584857840602
9155_10,0.9445000338209495
4396_10,0.9983288301088442
8894_7,0.48356466561458933
6034_10,0.8518701522564643
12105_1,0.009861711736599452
11645_7,0.9099126339237367
1821_4,0.04389026061122851
9028_7,0.20482359305366662
4670_7,0.8779521118972448
4720_3,0.044505000606866484
10001_1,0.001424872854154951
8363_2,0.00922971097177573
5681_9,0.9850438227313971
8165_10,0.9482441245806258
11961_2,0.0008601368471525221
406_1,0.006361692006078272
8313_1,0.0036034695680695968
11945_7,0.47414387469952646
9454_9,0.4543455977416094
9523_10,0.947202425373168
10516_10,0.7946062980397058
6036_3,0.059587325377513475
5046_1,0.007169562677376314
9019_9,0.9935942500993191
5471_10,0.9996665005319902
11862_7,0.6779868596796722
651_1,0.6103069856360895
3131_9,0.9680797976012759
9912_1,0.0006087582053039948
6231_2,0.520970383645367
5523_2,0.9459086822746013
1817_1,0.21012262991872743
8880_7,0.9869711285348438
6080_4,0.17839791759595136
9940_1,0.9467411441408103
3409_4,0.47441694975047494
3713_4,0.22047740253917564
3447_3,0.2075258099300413
3460_8,0.9984416055217555
9397_10,0.821484950469618
5528_8,0.8775001367026328
7658_10,0.9950013069437345
5893_10,0.9892009903393952
1646_1,0.003265249718094569
9620_7,0.7228288697315485
66_3,0.9757549353784534
1691_10,0.9898821096277303
4311_7,0.2701104593937781
12091_1,0.039797577552845596
5391_1,0.00405641881714904
576_4,0.06657697039950898
4734_9,0.5270055384164095
6008_10,0.9199646675245107
8527_7,0.8447874485376162
6048_10,0.4937073411678066
5102_10,0.9592142606684176
6794_10,0.98318313276076
3473_3,0.04081987550064288
2025_9,0.8556346648074975
9728_2,0.009187075327849709
10704_10,0.7191532734652796
9094_4,0.7358226462633796
7838_9,0.9247622192062765
5779_1,0.0032396508631256527
5342_4,0.15582218400742004
9291_10,0.9906828430280962
7028_2,0.18068392335611716
1331_9,0.4326967211806919
9913_8,0.9481137573593748
10250_10,0.9447687371908281
9227_8,0.3166464062531304
6278_4,0.01965209712192057
2302_1,0.24478836662383519
7000_2,0.1726663846701068
416_2,0.8440514686079243
6846_1,0.03598163070657598
3253_9,0.9544434804522943
1712_1,0.026303633121240507
9720_10,0.9721104885806368
769_9,0.9297432498690977
6635_10,0.5913317250461554
1421_10,0.6032411458738666
6803_1,0.6273988171300642
4290_4,0.7425925799885802
2465_7,0.7603701448381814
70_8,0.9835515504916101
5176_10,0.9717064390862205
305_2,0.006434734894678408
11094_3,7.445908838623308e-06
1109_10,0.9870986520933945
95_3,0.47307474799859506
2378_10,0.9284083449066091
3270_3,0.04507750361192274
6999_4,0.2786541941110166
7594_8,0.29937478385753996
9549_10,0.9023522673591968
8263_4,0.4525460761069443
10379_9,0.9941228804563134
11187_1,0.19474415484318333
2278_3,0.16472806550471192
11180_4,0.48948005459652566
745_10,0.8961793796992091
9794_4,0.3397024474517509
6565_1,0.0018928772673583675
9608_8,0.9588187495656849
12222_1,0.02908389552107432
9330_9,0.6998911279628449
3611_9,0.9942798476009855
1775_4,0.2101270110806864
3635_1,0.22274251342276388
3893_1,0.007393470330162645
2802_1,0.008587860283836428
2481_10,0.7496300460731264
1540_3,0.24405014193260516
2205_4,0.04479578481841558
10970_7,0.9718655633376272
8287_2,0.03795658347394007
484_1,0.05170157703607027
249_2,0.07455342441244847
12073_10,0.9991646895947215
1443_7,0.43699033350712807
4985_7,0.8072487938361675
12247_1,0.29356066785570123
3170_3,0.0007888061098053087
2900_10,0.8724509583675705
1930_9,0.8591709715850232
12309_10,0.9049205891666187
10720_8,0.9933304761245688
5260_4,0.29262180560738754
5212_8,0.5418511914630633
3872_10,0.5198875548775026
9705_1,0.03813453070047291
10367_8,0.9288815223769191
10063_10,0.9999101360200077
9682_1,0.0873857895432958
7356_8,0.39118023542573926
6045_7,0.8354887579129262
3181_10,0.9900519933357268
7212_9,0.17578216578480985
8801_9,0.9996435194793636
2910_3,0.614026389835719
5031_7,0.9942344541286682
1416_1,0.06543816441609795
8903_10,0.9986698464047012
10620_4,0.023607102083499427
8957_1,0.00842949342314902
3374_1,0.005888354427838345
9196_1,0.1260056764038858
5167_10,0.9785735658026596
10900_1,0.05146009214728047
5405_2,0.0983943689869657
1546_1,0.40082851620234716
12331_4,0.1908316305702564
4733_9,0.9988213016005126
6682_10,0.967522520442775
1356_8,0.9891562607351609
2301_2,0.004697144954850403
11565_7,0.1428658204743431
8731_7,0.6732057666388882
1638_10,0.9450795064409939
7280_3,0.07593015712012455
51_4,0.42133389458252024
355_4,0.4756130506941503
485_10,0.9663356193065205
554_4,0.21618786182467983
8059_3,0.008933159982040981
3645_4,0.3605272878009051
7332_7,0.9165172722177289
10877_2,0.06490027163644031
10837_1,7.119493453472472e-05
6273_10,0.9213640576445712
11773_2,0.10883881284010129
744_1,0.07947187609586658
9762_8,0.9983184661268363
831_4,0.1797840276293308
4450_3,0.004549058410984114
5338_4,0.2417624388105496
6741_2,0.15409925938938498
5962_9,0.6496668511611203
10363_3,0.3362682467476928
9063_10,0.9790887202413858
2739_1,0.052036386353664546
5920_2,0.00038210427481982296
5200_9,0.9730234218568515
6498_10,0.9993467315051228
591_1,0.01829891183557422
8010_9,0.9943486238600466
369_8,0.988829148430429
9971_9,0.9973021331956534
11735_8,0.9027285015189702
11278_10,0.8614250131225337
1464_9,0.8472553306870828
3787_8,0.9929326228649142
10097_2,0.18380299627598817
3728_8,0.9954605351789702
9996_2,0.12501300468614768
8676_10,0.7323894048459456
9718_4,0.011002497737737687
9280_7,0.9251209444305235
8343_4,0.1423226903968759
3505_1,0.03279173006094158
8863_10,0.998070875213821
5682_10,0.33748377414799374
4704_2,0.7347357950268276
11106_7,0.6553790163242456
10541_2,0.34178055956922776
6601_9,0.985302384181179
11387_10,0.83909811068078
8864_10,0.8087410064824583
7139_4,0.0972271972448029
10068_8,0.9390154974652999
2572_1,0.0044736776822902
3819_10,0.9235614709655077
11954_1,0.00948530560091476
2525_4,0.15145703177605138
12440_7,0.9135308857346723
1489_10,0.9170807923847918
12422_7,0.17542418074907495
5463_10,0.0655181563435562
5684_1,0.00017058601672529392
30_9,0.9447925821010781
1255_8,0.993116284854604
3993_4,0.4768553141255821
10386_7,0.8342634621041735
10111_10,0.9328540238997571
2915_9,0.7366199164157867
4621_1,0.02562472741603865
3671_9,0.9613127109569348
1069_4,0.22335606881789616
2060_10,0.5440068384521399
3788_2,0.024049343099580196
3_7,0.5471614550606302
7722_1,0.0503946593438118
9601_1,0.029372771411370364
3294_3,0.33181553417716786
4361_1,0.005116284988955575
6626_7,0.26842406254353074
5799_10,0.9333648705381213
332_10,0.9999770739863444
4320_4,0.019641164289179475
4545_9,0.43135848573882163
6029_1,0.007228867622700546
6329_1,0.0007381547814632684
5586_1,0.0062489051975715675
9401_1,0.06363020986200713
7087_10,0.8522881198995736
5200_1,0.037796578712730663
9707_7,0.46522533259691784
5006_10,0.567394153453731
4702_4,0.49829672094628635
11207_10,0.8369814875750472
3593_1,0.01174845025063374
3050_3,0.35343094775485695
6036_7,0.824437652038986
2221_2,0.0014650267157634163
6895_1,0.022261244191621805
5678_10,0.9403636285204642
8395_10,0.9765941002305616
8193_1,0.011810645885642946
11689_4,0.08844964551758003
10207_10,0.5276498916119685
5028_4,0.0011339630626063335
26_3,0.7296356030845836
11774_10,0.8538467213599732
59_3,0.0839613651169734
7339_4,0.4227564114930828
2141_7,0.6997226651909841
10647_10,0.8500401106317244
7703_8,0.32447517621143895
5904_10,0.4892126347719406
11952_7,0.9743613828479991
6355_1,0.05875046487314214
7465_1,0.0044483894238204905
1244_9,0.9988829559890365
5129_9,0.9827578745449289
4015_10,0.9930942313754184
435_1,0.006419797421079212
8974_3,0.7286629938076915
2294_2,0.0006518220765207579
5028_8,0.793468611598285
3850_1,4.2767380912833025e-08
3162_10,0.9573730332200975
7690_10,0.7670222756137488
10957_1,0.03390076954064562
8809_10,0.8300017095322423
8509_2,0.7598882134211198
2314_1,0.0037431659526747786
2587_9,0.9480774583499764
6823_8,0.9961003447483334
9761_2,0.5036653594340398
2699_4,0.43990734573653545
10291_3,0.00782542097139358
3015_7,0.5120981047961226
10059_10,0.8157175224696346
8018_1,0.4358560783739384
9487_1,0.5187976748039578
12074_4,0.02960376016993073
2051_1,0.019638907794868578
3997_1,0.0013312573163298785
9323_2,0.18519755598370483
10231_9,0.9915412549116136
10129_2,0.0022785284068358403
1491_10,0.9729601436362195
5601_10,0.9775837406386012
6980_9,0.7764740444049791
8952_1,0.0014347436881115465
12021_1,0.012588387132276642
11719_1,0.0005092243974724027
4620_8,0.24515690167761856
9819_4,0.9208910229082494
1682_2,0.933098587410068
5635_4,0.1415635869388214
4634_10,0.8938199797313493
8725_8,0.9465750330716828
9919_9,0.6674107614137199
5839_9,0.3326446625346212
10643_1,0.12961556172446875
4447_9,0.944949162419882
7614_7,0.8173392196588352
441_4,0.736641525006856
1713_1,0.0002975710749048028
507_7,0.8168738167272155
6592_1,0.08202978092795156
6378_9,0.988862408982423
10206_4,0.717350379938502
11627_8,0.7787015438661486
11991_4,0.5840456420798392
5759_3,0.007549415208894746
2655_3,0.09185128347397772
8628_7,0.99268086269581
12364_2,0.007061532376812747
11107_7,0.8484342216392619
3166_2,0.33850293169904766
4168_1,0.21858967380957137
10876_7,0.38161282141570446
5609_10,0.9633979591618214
600_8,0.7882712022963402
7243_2,0.0019825865269741372
7300_9,0.766948251087977
9144_10,0.22014684405264484
4539_3,0.12306432185834186
8007_10,0.9401185904903179
8486_1,0.06316089438693379
6213_2,0.8198493390520114
4742_10,0.5820218764120976
1421_1,0.003741311207859008
4061_9,0.6846878270266886
10451_7,0.9410064337174259
1062_8,0.681963428770636
12281_1,0.04603133702108459
5994_3,0.0028488517690165097
10055_10,0.9727247652258022
2602_1,0.798870993916608
11107_4,0.012021124780647565
4007_3,0.20803344470326568
10444_9,0.9923003618672429
1635_7,0.6266424175743619
12049_8,0.9966214691164544
3988_3,0.13013355562684184
12414_8,0.968602227583466
7074_1,0.0028852691074379663
11854_7,0.930121880909082
2445_8,0.9980993279636566
2187_9,0.8664676271973927
11675_10,0.9660250762282078
5648_1,5.353880197640146e-06
1614_4,0.2267646137058151
9395_2,0.027272050532501584
5372_1,0.07136430704652798
12082_10,0.9867437028528332
12029_10,0.7781960245144515
983_4,0.9558323707155642
11356_3,0.03579790204203712
4254_10,0.640058131935176
6017_4,0.06353400739199708
2330_10,0.29927126427169193
1089_1,0.1270384041336313
8017_3,0.05282449323198464
5248_1,0.616366191327771
9041_8,0.7941478302964425
3855_1,0.2428647986079875
10976_1,0.03103094048694281
7926_4,0.5290691546991867
7758_4,0.18632549401409512
8081_7,0.8382607945824041
9267_4,0.42472930832279043
6381_9,0.948511482300945
6172_4,0.4356743204147501
12411_8,0.9946018341990008
5216_10,0.8663830844079867
10999_8,0.2534677086052393
2460_1,0.0650038659106954
7815_7,0.9877485540604859
8586_7,0.9918192319942462
21_1,0.0032947297822003485
2467_1,0.004536378335760625
7979_8,0.9370423007150328
3744_7,0.8654961738308286
7205_1,0.0007268921249427321
6862_7,0.9011175760221518
12031_10,0.9674837023000062
12458_1,0.0007489717302015859
10410_1,0.026493393080296048
2624_10,0.973498878363241
12083_1,0.05918720094854991
47_2,0.4056687832325617
676_7,0.9531436513979876
5425_10,0.9350892162084917
1899_2,0.050361109176699864
9666_1,0.00847141201199711
3151_10,0.9953316260794065
1745_8,0.7989131153754232
7646_8,0.29496564224059246
10011_9,0.9911350830790655
10061_10,0.9916195502837476
6792_9,0.9992070666415199
5150_3,0.010685396914525722
593_10,0.6866849114505421
6170_4,0.9958091666826842
2029_2,0.01872278817012503
3026_4,0.06831404683954283
1086_10,0.4624819866995294
1594_8,0.9399599793431214
227_1,0.004400008502995407
5932_7,0.8465967985187344
2681_1,0.23339074415988872
4270_10,0.9676881663222402
10065_1,0.02132492559186954
6640_9,0.533901119002277
1160_10,0.9193217895985297
3078_1,0.01854218645483437
1546_7,0.9786866402858341
12315_1,0.0014171104678090323
8699_1,0.07019917521732323
11438_4,0.018484793016941593
2034_7,0.4485927840434477
7899_1,0.012049865233297269
1006_3,0.024466530734127717
3732_7,0.9585543551005465
11094_7,0.2672861581180268
1477_4,0.45140791759696236
8912_10,0.57472459336387
8140_4,0.18533661933750656
7542_9,0.9534081512979544
2556_1,0.8578304358991762
10075_10,0.9768090297234772
12212_2,0.20550491335272073
218_10,0.9207075261696477
8385_1,0.18259811265232717
5716_2,0.02354537798596854
11655_10,0.9658243106266802
6235_1,0.001245265942023543
2823_10,0.4413669925381484
7094_2,0.11190757584903253
465_10,0.9815265537617333
4968_4,0.005462235290035222
222_10,0.7996674778118538
464_4,0.050470856704818025
2593_10,0.8036956313455869
11946_3,0.09461385572259172
6083_1,2.8380073611024868e-05
8158_3,0.1726793829283754
2646_3,0.7504771895777308
8282_4,0.0636185711329884
12482_2,0.013504258164167634
1020_7,0.7667512228009735
7554_10,0.7433449758223313
4492_2,0.036142934155540256
4468_4,0.016811771990938053
7365_8,0.9155537119311749
9777_9,0.9356968491456158
9505_3,0.15505626707248146
10546_1,0.00808882365621757
2179_7,0.5551075031859628
9325_9,0.8642031961811113
9042_10,0.7666149248763593
7631_2,0.01647900770937706
1583_2,0.14590689130567255
10449_2,0.018610807282649817
8021_9,0.9951565604003145
9282_9,0.992236500337235
5261_9,0.6819732013244675
9127_8,0.989748517849957
6408_2,0.015617621508429992
7306_1,0.21864480901872463
2955_4,0.40377615959837915
6401_10,0.9981563296288937
278_10,0.9669685768857733
1954_8,0.6487609331142232
2592_8,0.9969342823581379
2040_10,0.9929512210934467
4779_10,0.9917567833649474
7274_8,0.846044086581931
8094_2,0.0012014630528724142
9359_9,0.9682437202546834
10732_10,0.980180744548149
7824_7,0.9223466504763245
493_7,0.6966978687249515
2458_2,0.1353121658123044
67_3,0.04352352484404671
1495_1,0.004881420340610906
2984_1,0.022930103059158453
9979_4,0.6683450526128235
2790_1,0.05341741599754976
8948_1,0.8887890983914628
4249_1,0.10586287088366383
5994_10,0.9873013976190481
5119_2,0.20287858085830016
6539_2,0.04619696880474585
12006_2,0.007502401610941097
555_4,0.15205819909493598
9508_9,0.9422637680051221
2282_2,0.3113311640912123
4119_7,0.9577078647625676
1224_8,0.9937166049069422
492_10,0.9824668071467912
7062_9,0.9950107167282853
6663_10,0.9540296001168163
9410_8,0.8407718565285603
6033_8,0.9838604806678153
4704_9,0.9931371854455225
1347_3,0.022635098124003987
6920_7,0.9395433446860112
7736_1,0.7170688637979492
2884_3,0.022919553275323672
1870_2,0.0956012754111281
4058_3,0.3850119961897452
3089_8,0.6285696454764401
932_9,0.9529563997282777
5666_10,0.9964268025248282
5770_1,0.03097639254519226
10982_10,0.8935288371685166
5977_1,0.3675000526222067
7678_2,0.3577160391630788
7788_10,0.9825124795600572
6328_1,0.040364767052927936
5806_10,0.9974323338732759
595_1,0.003015674963569442
8235_7,0.8589273540466466
10822_2,0.00267120908921698
12353_7,0.5193592390612524
5381_1,0.42903565382631814
504_8,0.8695654427877598
4876_10,0.9776403862467921
5244_10,0.9316702805052762
12010_8,0.5849865274383419
7263_2,0.9917501645716016
10315_10,0.9912260760317563
9967_1,0.011913325310296461
126_10,0.8213058741149923
3861_1,0.01656658208073485
10221_8,0.8412721513829235
7844_3,0.8795329462390319
10976_8,0.8228117982300455
9372_8,0.8915705230265024
5633_2,0.005775057394781419
3833_4,0.006553490153317549
5256_8,0.9877033676922548
8840_1,0.005457745949525053
2122_10,0.9986991563683286
4607_4,0.011897607658000206
12025_9,0.6463151217290423
10884_9,0.9392076725989523
2473_10,0.014338056374693256
12330_8,0.2629379683444526
6997_3,0.049682139070379605
4505_9,0.9715494380452532
1302_8,0.7476682556621423
4382_3,0.050678911292386566
9645_8,0.7951673389796805
4138_2,0.002739096998870338
2419_1,0.03906523536466159
3059_8,0.9544619699425834
8239_9,0.9912556965682385
105_3,0.3333233771298955
1129_9,0.7189665224886908
9065_10,0.9433977216963476
3249_1,0.001801472263493836
4864_8,0.6808060103046226
11748_8,0.9804262208879769
561_10,0.9922974760665136
1261_1,0.04408716666373783
10944_1,0.08252102874818383
11503_1,0.37147917746929077
8089_9,0.5264752711709509
3224_10,0.9421343030112759
4550_3,0.8767316019083679
8097_7,0.9934599076936145
11042_1,0.005512587867345846
4590_3,0.36773413801926047
10838_8,0.7547877901450527
5500_3,0.011226420158812063
6779_10,0.9980280320168549
7489_2,0.00012760229548482762
4145_8,0.9827585992012127
2477_2,0.7810333064823397
11428_7,0.36125372195255895
5178_8,0.7465317248315688
1604_1,0.0008841893452506346
2269_7,0.9625363688454626
683_2,0.2835773114753464
12373_10,0.9882098415677947
12362_10,0.9852455686814005
1486_9,0.35352589634207293
4922_1,9.499233107160775e-06
5689_8,0.6580607319058315
11287_9,0.6027080640198899
4578_4,0.0004418731496271203
361_1,0.0002764588224048445
6750_4,0.8752668527473767
10004_9,0.9935419304483177
3649_9,0.5589878480352106
12485_8,0.9248305889633848
4867_10,0.9568506607968507
10463_2,0.018096361068013003
8449_9,0.9862956278377547
10573_10,0.9982715097060793
12488_3,0.37082411258068926
1649_2,0.13961872570598616
12064_1,0.04189673324158133
4892_10,0.9903937885357884
8877_3,0.2340691832976253
11816_9,0.9813966247292969
10235_10,0.4009684470472955
8204_7,0.0921531406067954
8608_10,0.805296182713001
475_10,0.998993153144603
10150_8,0.9892157338358355
4661_10,0.7351818520133688
434_8,0.926170046633645
10121_10,0.9994287682256031
438_9,0.9982033365087255
2866_1,0.044368014509640584
10667_2,0.31617368249581473
9575_8,0.9610829113063477
910_10,0.9991432407706916
1631_7,0.8099173656664359
10585_3,0.13117889879584313
1060_8,0.9418922416340129
8817_1,0.0060409570431009885
10511_10,0.9863302774212671
11854_2,0.057252490301931545
4429_7,0.956975875481332
7462_4,0.06794967272800062
7668_10,0.9997727235006699
6258_8,0.9547890612479226
12481_1,0.06125948801017145
3948_7,0.917842789345705
624_10,0.9839731904936136
6418_8,0.9974401992778624
4211_7,0.8159139296506677
10606_1,0.007226392311621094
3052_1,0.0004130040013059633
12091_8,0.9907725988581457
5559_10,0.9625663194981393
6462_8,0.993147533050521
6215_1,0.24812916029169835
10996_1,1.3653586687755353e-05
1139_10,0.6576383947588714
11400_8,0.6393850153172524
10075_3,0.05712217390536821
9034_4,0.20381114613736184
8963_7,0.9523697291231129
622_10,0.9951975571995965
4570_3,0.16343697864637424
12242_2,0.007315031712025807
10595_1,0.725767004242331
5524_1,0.09028780227195592
10074_3,0.8440085230678198
10761_4,0.19648533369133306
5215_1,0.28043447661696086
7480_8,0.8404860696618137
3940_4,0.7190973147258999
375_10,0.6873951120448568
11998_3,0.034912984114688905
11759_10,0.969879457043735
12180_7,0.21617923489913243
9000_2,0.22939174749342503
4251_3,0.1588804386329966
7944_10,0.9162613463648893
12444_1,0.01636328631389614
7400_1,0.08787537649539269
4122_8,0.9893860907781113
8849_10,0.9707576723261173
5656_4,0.2283726459466383
4091_7,0.9530111017150904
8699_10,0.9908943214310966
8750_9,0.766860756242546
3813_10,0.9686121278382369
1836_4,0.30945263333883793
1644_9,0.952028337339747
5764_10,0.9776316166019743
1328_1,0.5843412307835163
2332_2,0.13195083867474433
1851_1,0.01651295738563536
9281_2,0.07888185807692188
9870_1,0.40875770642771686
3201_1,0.042633702663824304
9589_10,0.6907110622544101
3137_1,0.01160564296744735
10655_10,0.9882493392247477
10722_1,0.3210569813718661
10338_9,0.9563073700893565
2561_4,0.8618471515543301
8646_8,0.9400935655314768
10077_7,0.9970317550215879
2091_10,0.9135773062977367
12110_7,0.8820442018097591
8961_4,0.08171979551060661
10497_1,0.009580124606790842
3909_3,0.3454832538658647
2535_3,0.35959391071355773
8969_3,0.3013518146072721
160_10,0.8903458219849489
10280_4,0.6069333308535794
5117_1,0.05132729613974477
2371_4,0.06376069364277578
12014_10,0.9720286796520989
8665_8,0.8019401439920696
5386_3,2.5256110482910425e-06
1284_1,0.000536823985205714
6541_7,0.45053696065953636
6919_4,0.08114260519709844
7066_10,0.9084350034668396
1189_3,0.08841803883708094
247_8,0.7047753561893563
4144_8,0.6505417819968682
1788_10,0.7934938295027657
3875_9,0.8779100432631676
9484_2,0.20185940901205218
6650_1,0.3936415259163
526_3,0.0582713432544718
10810_8,0.4326747512018836
3361_2,0.41808955909628365
3721_1,0.08082278134360418
8024_2,0.03660005971657782
11882_10,0.21748389521814065
6015_1,0.0020453839555990786
10950_8,0.8301259686655164
10595_10,0.9396013563810867
6215_8,0.8164951097350304
7506_1,0.001933718954550824
9448_2,0.028531898828406243
10267_4,0.9115791823772061
1890_4,0.18805039956539704
11388_1,7.164419480940833e-05
4033_2,0.0006411264869215941
10188_1,0.4991666339424647
3685_10,0.9848502145878657
2329_10,0.3255787792316432
2672_10,0.9289349673857437
3356_10,0.8560658181215849
7505_9,0.9427413906551523
8789_7,0.9727662939635622
4655_1,1.2096358305456003e-05
7490_7,0.9705466262905398
10703_9,0.2160420969235895
2088_9,0.9709426689769755
5114_3,0.0031588772298608335
3317_8,0.198106729588165
2826_2,0.6034385143420813
8346_8,0.949513191798923
2036_1,0.010271617146594478
11081_2,0.015147378462164265
5313_7,0.796046344496949
266_4,0.47360381768648746
7378_7,0.8305608540509533
7420_2,0.1032123723336435
9637_8,0.48061997101133086
8788_2,0.0384056373929729
4953_2,0.12234716328203904
8212_9,0.9999956231826553
10437_9,0.9918589831560979
9397_1,0.0003904258956161746
4598_10,0.7686058441843971
2772_10,0.3275052129681486
83_10,0.9943257733256661
6217_1,0.002237221916405029
11725_10,0.9720149640342843
4380_9,0.9944555068780736
2974_1,1.6428080085700007e-05
12363_7,0.9358853516118852
3246_1,0.13545571408498025
6087_9,0.9471189422288164
3419_9,0.8739441496095122
6587_9,0.7701709406009957
2450_1,0.06459854775844517
2475_10,0.918634615487215
11551_7,0.7882804339641745
7614_4,0.24681482275221442
10136_10,0.8097533165620451
5844_3,0.45093642274056805
7473_1,0.014289555909059861
6772_4,0.3067135418544198
6253_1,0.03209374999986565
4036_10,0.04396025704377382
11948_10,0.9871225915778835
11435_9,0.7721588155357679
6106_9,0.9938752100605702
12271_1,0.09970214304712625
12030_3,0.1014399002262783
11640_3,0.24351193850181777
5589_10,0.5580573843157536
6352_1,0.7113730510491953
2523_4,0.6799427269494237
8198_8,0.5919450663087907
7283_4,0.3415700878060395
4330_3,0.2584435766490237
7882_3,0.47098179687415154
9815_8,0.8402543920383004
1714_1,0.016325544109715397
3836_1,0.6866410133555604
8618_7,0.5505340058441552
1759_3,0.23026205207534753
9317_2,0.015944894571447304
6186_4,0.04577509503731716
3779_1,0.0011345313479776066
10096_9,0.9780297055109317
3277_7,0.9537401530614437
6023_10,0.9537843469522701
4863_7,0.3552132491834118
11194_2,0.37363900664695476
11227_2,0.007863260220862863
11983_1,0.5977792701358002
337_9,0.972495906916888
11441_3,0.00880289164542684
6668_1,0.04234587349081017
4333_9,0.8504648608552021
3773_8,0.9024388236580287
5370_9,0.9736822707942895
4959_10,0.09507792022047507
9431_3,0.43044743472338054
6834_3,0.4423302934844975
9952_3,0.053470725167843215
9810_1,0.0995979667057621
697_4,0.23664984692342828
4528_3,0.0642851729722906
5817_1,0.005744847180101324
9052_7,0.4892156044026288
11494_8,0.9096856234212408
4516_1,0.014203520084496877
2810_9,0.9481617262071332
1105_10,0.7349551774651308
6873_2,0.272512848491675
8171_10,0.8073700368742709
9568_10,0.9642807018955848
879_10,0.9882024710173769
8493_8,0.8328086854565826
9437_10,0.619419400043275
3841_1,0.10143616211292057
3852_7,0.8514518954332969
7414_9,0.5613837465720563
6048_1,0.0017995396993820884
2921_1,0.0005162297589858223
6752_1,0.029268060597717693
7997_1,0.39383836062724353
640_1,0.00042435422835888247
9576_3,0.04005336516025903
4110_4,0.7515086533652371
11407_7,0.9805738256274333
410_10,0.9894718046526224
11167_10,0.9990404233695348
8383_10,0.9640937147523257
392_7,0.9812127203159107
1459_4,0.17138677710216
11929_10,0.8990559996594948
12362_4,0.15383699498245532
4046_2,0.00021880974715768908
2597_10,0.9563867178413789
11246_4,0.08274194257292175
8692_8,0.9848032614478379
3986_9,0.4734893395159292
391_1,0.015948144612117292
2504_7,0.8751464234306495
11644_10,0.9715760372179029
1788_1,0.25053319761155673
5286_1,0.006476607981049365
3486_1,0.9983107574736947
4486_7,0.7699190095313752
4614_3,0.4567628810727276
11360_4,0.00409236311622862
2315_10,0.9992102405971847
3637_10,0.9139327850763379
6479_3,0.97235815242268
10306_8,0.9368016178320621
2225_1,0.10993367981030576
9688_3,0.05777990591706552
8999_2,0.0019257679834878982
6793_1,0.002481284510627398
1785_8,0.870398404852361
3902_1,0.12537471284897314
3805_1,0.0027609004596806756
6867_8,0.35052914050024564
761_2,0.12305278344256589
9493_4,0.0016559534531557672
4805_4,0.9685972365821354
583_8,0.9963816305691668
9470_9,0.9195141362236107
9859_8,0.8129165746762795
6633_8,0.9307087871833543
518_10,0.802257652741672
10730_1,0.21527937319399973
1855_4,0.26585704990419606
5191_8,0.5684612280323467
9191_1,0.006922058148361516
1113_3,0.11116967807827847
2973_8,0.986904832679984
10712_1,0.07516008067938845
7729_1,0.011126237977777433
2730_1,0.008934253594808017
10170_1,0.0007407690908788222
8238_10,0.9314069599847173
9495_10,0.8982285995986445
11652_1,0.07109856660395349
4911_2,0.02086769324531469
7514_1,0.0024407492862344917
8164_2,0.021716782500077567
10389_7,0.7717171141107051
7557_10,0.8154253875630179
852_4,0.11607342201729458
1584_1,0.03532159046902638
2387_2,0.0014277424482713012
6073_4,0.019858729765431637
7047_10,0.9969434057173786
6338_7,0.7836609960256355
1741_4,0.42764855600291024
3697_1,0.05415168403094787
5444_2,0.15373721320104505
10082_1,0.17092858699165958
6135_4,0.39616692284661054
9242_8,0.9564567939702079
7864_8,0.9822457662588107
3466_2,0.017856613129034696
9852_9,0.8709684092705383
12390_7,0.46981352984483526
5189_9,0.9889910802800777
6771_9,0.9220994076769116
223_3,0.35011598104604097
8322_4,0.2577267916210314
4465_8,0.8232092724463655
6597_2,0.24129642247432048
3477_8,0.9971965519408026
4736_8,0.6208201865258757
4581_8,0.990722619412541
5898_3,0.060560441867362244
12335_7,0.6675960696710057
7321_7,0.935451647170378
128_4,0.24522780148678222
9116_3,0.49863462366994976
9152_8,0.9638836567619207
3613_3,0.0497876389142974
1095_8,0.9912235566958487
225_10,0.6047923391142045
12445_10,0.9259882843311084
596_1,0.056950975203879206
6693_1,0.08089589318737728
7535_4,0.7416404789612077
3135_4,0.5634294794045218
7435_2,0.022939126014719244
758_3,0.00025983652583596017
11838_10,0.9975519346538014
8539_2,0.03961666231433789
671_8,0.9007653005090869
53_4,0.33427362259427995
8718_10,0.9964265057150096
10447_7,0.6395716370021466
86_10,0.15203365869741856
7042_1,7.4145947134643315e-06
5821_3,0.058060073924550294
4604_4,0.11241325223992536
7906_2,0.0036509960770608127
11449_2,0.10166208084912616
6505_8,0.8346510969497093
8160_3,0.13022105021266234
1054_9,0.9646985302805323
6300_7,0.9806266692780025
10058_8,0.8650145735160917
3990_10,0.9997146672777396
9233_4,0.27820403157233853
9314_2,0.08497361526589257
4213_10,0.7219615157789354
3407_10,0.9726926733731835
1982_1,0.2561078074200092
9686_1,0.09417576744492635
11246_10,0.7206367287064531
617_4,0.4055200704406071
12182_1,5.9730298337620505e-06
5687_1,0.30575500436921094
1559_2,0.007707383501610685
3596_7,0.9947709169852752
4991_10,0.9513452347037618
3315_8,0.5685977924843973
1192_1,0.0022031600590743028
1454_8,0.978394057177898
9836_3,0.7909464054904526
8088_4,0.1129681593632602
1651_2,0.016607736689688297
4641_10,0.995350091774509
10624_1,0.1537719532813407
2902_2,0.2988768475324509
10435_7,0.8030130105538712
11623_2,0.03487602837380463
1609_1,0.0049840051578942
2623_1,0.0005771085237031089
4444_8,0.8462804937044012
12412_3,0.4683707595678754
8496_1,0.010688335297110833
4279_8,0.9192021328204482
9053_10,0.025833838970147627
11747_3,0.0034426804574369694
9754_4,0.8733325518612366
1795_2,0.48592681725776754
6017_10,0.9849534219166627
8964_7,0.9634477370914701
1118_7,0.9812524733423683
11564_7,0.7556799259876625
9897_1,0.0002501869947826491
7731_1,0.012929303699226942
7391_2,0.0013201165640531608
6670_7,0.9887404073048385
8347_1,0.0383634073247671
5000_4,0.004827865431326082
3513_1,5.441360590703289e-05
9427_4,0.3168771305490813
6840_1,0.010381641535333611
9217_9,0.9959433617686015
5545_8,0.9241365567901484
9858_10,0.9896387540213705
1909_2,0.012352714547442493
8416_10,0.737048929051314
11079_3,0.067172169929428
4638_4,0.8149666159739857
324_10,0.9689215201100019
9126_10,0.8686296489296713
9069_7,0.5955624110348664
10555_10,0.9597402803078088
9626_8,0.2241817124584933
6629_10,0.9170697583860533
8419_10,0.9998583333594034
5437_8,0.010495449858162054
2463_10,0.9968755923498461
10540_1,0.01636978177911329
10579_1,0.17993423160449606
11517_8,0.46146878378722944
5306_10,0.8526092355395012
4996_9,0.9903740321552152
8251_7,0.7521318497361366
7382_1,0.016277082435799558
4284_9,0.9145089749242996
772_10,0.9884180191581053
5394_1,1.5910927903660082e-05
10576_9,0.666127744824118
635_8,0.8476413718307506
9315_2,0.7072079217387088
9642_4,0.029907251953427083
7225_10,0.9926717779571933
1806_3,0.5880774984018705
4484_1,0.34066053211878217
4912_10,0.8996401359550549
4837_10,0.8569544275584295
11025_10,0.9350167600429824
1419_10,0.9025994699141328
8789_4,0.13192212793883298
1507_1,0.1327383301024141
6478_1,4.487993639300196e-06
7774_1,0.0006313823312861435
7805_10,0.6459192483740284
11142_10,0.6499978221407303
3832_10,0.4705567562760959
1830_3,0.06655220510104078
2676_4,0.1750166545851138
1595_1,0.016335361322799707
8044_9,0.8124176820402534
8476_1,0.000690743233598891
5190_8,0.7063701400150305
4941_2,0.04491427773583694
10114_8,0.9186992113674054
11931_3,0.18277257409575284
11970_10,0.5888950593777723
5572_1,0.008341042914147232
32_3,0.42233431430054574
10026_10,0.731988305391069
10554_2,0.07023179965216936
6440_7,0.9913609722529949
7636_1,0.04298547844956679
7973_9,0.985077081568136
2920_10,0.9998706266350237
9531_1,0.08484756780015704
568_4,0.19871893470471222
6091_3,0.2707658671601378
5700_9,0.828700964971503
4934_7,0.9981614002231334
5988_10,0.9999779223271116
5162_1,0.1410864584968359
1043_4,0.013011797848451198
11574_2,0.0964703396874337
2592_1,0.1622867987235046
4881_3,0.8626993803204375
447_10,0.9839883004551542
6922_8,0.9049264358896852
9314_10,0.9671822814252922
10693_10,0.8410851855853196
257_9,0.9870204282364291
2090_10,0.6286377475361875
7826_1,0.0007295766193380676
7851_4,0.488830662158258
1606_1,0.026640717526849593
4446_1,0.007791673827786324
10655_2,0.3104156097454689
11116_2,0.000610681818511307
1631_1,0.19566258940807985
11696_10,0.8895771591911087
2114_3,0.0548074298453936
10728_8,0.9431658462594222
8006_9,0.9842719734246554
5963_10,0.9941646674231307
2094_10,0.8664925809007059
10113_1,0.007445232548345748
2832_4,0.020251981547866824
9600_1,0.0010748798218150574
7776_1,0.03616823487066831
567_9,0.1660465120933302
4700_10,0.5013973892950316
1143_1,0.014209811266356138
7853_1,0.0005859198471852028
11178_1,0.534356140267701
7770_3,0.03711786040007197
11696_2,0.02241207147398474
6077_9,0.9288830220744915
5952_1,0.0011898034436671387
507_1,0.0017016205422573586
11888_3,0.2607251617993372
7857_3,0.4072673455415906
1381_7,0.15850660067951952
5080_2,0.00050780469417677
9831_10,0.5966600292874696
7231_1,0.03717054191625957
6012_3,0.0030289261084516786
6843_4,0.5279113482067693
7120_1,0.001210273083528266
9248_1,0.01167816594934122
5313_4,0.09880105224176171
8434_2,0.3544609854120506
10224_2,0.018220130863297275
7303_10,0.9302117088530634
1796_8,0.7965645932446805
9302_4,0.281619452925963
2232_4,0.09791110112246407
5333_3,0.11861531183621522
1340_3,0.12256239402086835
5472_2,0.00978686088152797
1768_3,0.009109954112753683
3140_1,0.9718719205332663
6264_3,0.006085946749137225
6699_8,0.24885823733736093
2085_7,0.8831127968563087
5319_4,0.407969856891924
7561_4,0.9545971405192012
992_1,0.009253772811011281
193_4,0.11348591061067809
19_10,0.9991386269748754
6225_8,0.8168816010318644
933_10,0.925796470409849
11245_10,0.8232629764036081
6152_3,0.5587065185599374
10163_7,0.9604400149341948
9382_4,0.25239164799504565
4655_8,0.9908349594124428
5195_10,0.4231463323511783
8989_4,0.06831977809078134
5309_10,0.946561671839438
2183_2,0.724853923720754
7597_10,0.9814573236223395
1272_8,0.9633144596581
10107_9,0.9822268708694369
3067_1,0.003017049476782888
390_10,0.990864233940791
5746_4,0.01143343456030032
7145_4,0.27195296633061916
1612_8,0.8700072281039125
7968_4,0.6229313170258334
3793_9,0.9942008169529236
2719_1,0.2623379421068995
1645_10,0.8210402249012284
9934_2,0.04494049774282111
9288_4,0.29639360541503607
937_4,0.23370723695830856
10385_1,0.0021389488263368036
3726_1,0.0012698011868030193
2700_10,0.959970912495862
11824_1,0.0006650057363003359
4133_10,0.8169532990692908
9873_2,1.0779627563491743e-05
8769_1,0.03357973672908401
11806_10,0.999274818139128
903_4,0.3929123767044495
727_3,0.24051067698094816
2426_2,0.012114255845881699
8663_1,0.22453550885883575
11163_8,0.8712841675058675
1505_7,0.48217771050586183
4758_10,0.9857371501795307
2119_4,0.07522585492231564
7351_8,0.7486513632530225
5638_10,0.9748909134331832
11236_10,0.9751418452188961
9351_3,0.3450033799406361
8732_4,0.16307685909303543
4771_1,0.10877156180095568
4094_10,0.942740198036113
8314_7,0.8794403969196457
5273_10,0.8861539979779546
1773_1,0.00900149943885256
7415_1,0.02062905846131186
677_1,0.04431668021158267
5585_1,0.005816449037589324
1523_10,0.9976178052110559
6855_1,0.004562691212916308
6634_9,0.9850970184752242
3866_2,0.057341725986410824
7165_3,0.06874452111530859
7516_7,0.4535852811343148
2239_8,0.6916407212928904
1248_8,0.9993790782207688
6839_8,0.7425893794103443
2648_10,0.7579483868507702
5246_9,0.6426319030406519
9445_1,0.013933221825804898
4323_4,0.21983445223694434
4356_10,0.8511783758208448
9447_4,0.6741384190778218
4022_3,0.24562882914389653
6239_3,0.0004049998068632034
447_4,0.030751797448204502
6717_8,0.06800091550434857
2470_9,0.990042885120337
4816_1,0.021264937877592587
1682_10,0.7181217001515385
67_10,0.9276873153505066
724_10,0.8307326436569169
7678_9,0.9893631051347775
2889_4,0.3566688410003195
7487_9,0.9983345876505072
1411_4,0.06844836646123717
7447_8,0.9935031783275269
3856_1,0.14947966757810405
4412_10,0.673360333390253
8939_2,0.0003619771602946538
3314_9,0.9242516728288915
2776_1,0.03571319593844789
7986_8,0.9985311429541888
12084_10,0.9973791947228556
9529_10,0.99891746287139
11599_7,0.9407520537956535
11688_3,0.35359267729423893
11559_1,5.1448482053511e-06
5838_2,0.31290019263536145
6397_4,0.6626128403671726
3551_4,0.5975878166661174
5646_10,0.8619931791347465
7760_2,0.008324748059252521
4983_7,0.9945890171903988
3870_1,0.8669713024674588
5621_9,0.6931829809978317
8716_9,0.8607106092366372
2017_10,0.9578856994590289
579_10,0.9957841547930343
2659_1,2.2609331332284092e-05
10364_2,0.47513387215697506
837_8,0.42139015001723523
226_4,0.18669556804644669
4836_1,0.09940900622594966
11389_3,0.4956304433999019
5284_2,0.0007891180285178185
4277_4,0.3023623669357184
3821_10,0.27282189352635755
6593_8,0.9374845122392957
5060_7,0.2903410708428416
5121_8,0.9902347485963745
3810_7,0.39900281457383097
3941_8,0.32185751974984717
12291_1,0.029434813752531777
1082_1,0.05135740944523702
931_9,0.805764497725347
10202_4,0.06624435421221403
11004_9,0.9930316291687687
5243_7,0.45167303452482266
2861_1,0.002939883128623062
11992_10,0.8696074230843553
11358_9,0.9774996596686277
3996_10,0.990063051810794
12434_8,0.7505299611292124
8310_7,0.8135434417410128
3894_9,0.9996408857897628
3021_1,0.07399594334681359
1652_10,0.9559634320602437
90_2,0.402109813378017
283_1,0.08616304890299788
9809_8,0.9840212489612699
2693_2,0.25143933039126626
5717_1,0.007041805322659702
6051_9,0.9916725673139614
4542_1,0.0010656684273205516
5104_8,0.9989606409121257
10139_10,0.4926835424177681
6129_1,0.02233515245998405
859_8,0.8753133005956533
3107_1,0.002696876628029037
2595_2,0.08838329291054754
2676_10,0.8748670374115576
3634_2,0.16249212271835628
6953_1,0.1574639078006143
4430_4,0.27526949799128775
79_8,0.9936499535219626
7318_2,0.07801869679460352
863_4,0.20881214707407184
6393_3,0.3062200203090366
6910_3,0.4654268478940948
4438_9,0.9791976667046169
4242_9,0.660645858519406
5813_4,0.27667582150401554
203_3,0.05638178714007965
7333_10,0.9984866042652485
11658_8,0.8833099156165889
11206_4,0.005408784564940183
6208_7,0.9144475270239573
7273_8,0.9917464521386211
5518_10,0.9844783091439001
7092_1,0.17556106409078878
10508_7,0.7648731969857365
1196_9,0.9420725471332089
10037_7,0.9870372868244017
6468_8,0.9572297261579643
8502_4,0.45971617798854253
1017_1,0.008229232611763612
4_10,0.9872177229641255
8439_1,3.496925827760882e-05
7048_3,0.06034960434488948
3238_1,0.05974037473972788
11610_1,0.007358848988834519
3468_10,0.9795747911995856
184_3,0.03540099446379385
12227_7,0.8021176588800554
4872_3,0.6091428064582569
11139_10,0.9995030563025501
4316_7,0.6363597830449876
3071_1,0.2816371213636345
335_2,0.0038510436296976037
10847_1,0.02363922566651698
4646_10,0.9950091508010934
9382_10,0.9973182226504826
6577_1,0.02737027098204773
4549_1,0.0029342725435207015
2459_9,0.9024002899418715
102_8,0.5162946212270688
1581_1,0.009820619867867737
2439_10,0.9984007201730019
6988_9,0.6127178172880788
2024_1,0.02040387181283644
12375_1,0.011083790699839429
6084_4,0.02651631673954816
6617_3,0.7752695167666311
815_3,0.13399640171389293
1857_1,0.09848602646333175
7428_1,0.016592337404720714
5943_8,0.5829236106372049
11811_10,0.968545786202046
10844_1,0.00011893215529997348
1275_7,0.9988684341279219
1910_1,0.0013435641088234709
3306_8,0.9879301284329032
4735_1,0.021700262021381166
10819_1,0.06405170236041834
9571_2,0.1924084246761404
1037_10,0.9935050430077575
7177_4,0.6767665500013366
5066_10,0.841058809395229
4888_2,0.05179330611581366
10646_2,0.01781009718706898
7929_1,2.7554423416597778e-06
5181_1,0.0004604591567126346
1387_1,0.010474778028212426
1304_8,0.7966888922021066
2108_1,0.023984843920385596
9875_10,0.9974928551387537
10200_1,0.22471483756663427
11665_9,0.9871327433922195
6685_1,0.0029853119182800727
10234_9,0.9750673441425073
6622_9,0.6713033253383321
9703_7,0.689374552983548
7504_8,0.3454362127685425
1267_3,0.20909137087878596
902_3,0.05418378348142492
10674_2,0.23045195662438459
5237_10,0.9159563748481109
5270_10,0.27531194690512123
1701_7,0.7529710889712995
3222_2,0.8272385191102315
6116_10,0.4529207200964796
11543_10,0.9306160327081999
8189_7,0.06043647314948336
8737_8,0.9977404016200249
6856_7,0.0025992380709779343
2035_8,0.9230202285601758
5011_10,0.9243899364273094
6135_9,0.9914934150629547
9172_1,0.0004978491185215246
5822_1,0.00012882724037624067
8816_3,0.460561137223339
1124_1,0.0024200846929389903
5422_4,0.10200927250257076
3275_2,0.0760125261625914
2076_2,0.037357234431208454
5223_8,0.8378038673547058
1814_3,0.4614334236313109
6171_2,0.20359726386423274
3228_1,0.019103831191177412
3693_3,0.17440412481934897
8891_2,0.020461671690272538
1171_8,0.9291921296156165
9496_1,0.6241347920989171
8702_10,0.8382680711048146
11287_4,0.25929884091678135
2157_10,0.9804299375949501
6058_8,0.5979935558449813
4025_2,0.005242526794351585
5097_8,0.9516930863689403
2335_1,0.0005354255790851378
6945_1,0.0007714079841656802
2970_4,0.021820771620656876
10473_10,0.8450168882375534
10139_1,0.01396517705570257
7680_10,0.9835712506742063
10705_1,0.016990008501012392
9883_10,0.9978184603770234
2808_10,0.11371297477014027
6543_2,0.2333873208193809
3482_3,0.46253303574890015
2547_7,0.6092225508908449
8378_4,0.005727073476192961
7746_10,0.9995759298857343
5007_4,0.025757455966438147
1623_8,0.9101673950561481
10762_9,0.9855161365125158
8604_1,0.052796803831442765
868_7,0.2106199561709003
7902_1,8.349427318331928e-05
3644_1,0.3786781670479405
330_1,0.031563532747283345
2519_7,0.8617424347101499
716_2,0.4181997252868934
9908_1,0.008445206374562524
1410_2,0.7986721236339069
1154_4,0.08421586787030312
589_10,0.9945561422221936
10182_3,0.048409358747506105
6872_8,0.9552197021937574
7232_8,0.7379551858368533
4339_8,0.628742889745647
6652_2,0.02089570051846485
8692_1,2.251616806465949e-07
4585_2,0.46672182775504145
5846_4,0.5597430213091775
4401_1,0.13534003117209886
4848_10,0.5494029559514456
1727_1,0.0027479600750414356
8038_2,0.4801209473047309
2532_1,0.042960951848033786
11010_9,0.5103144002206171
4915_10,0.9791277736498162
6047_4,0.05815442852819609
10358_3,0.6556010852313449
697_10,0.9990910198140581
7648_7,0.9914875261180165
5495_4,0.08994210123754738
6611_2,0.19395326632063806
12099_8,0.9643303209192253
1109_1,0.00361417158668262
6874_1,0.003205647841201072
8072_4,0.7528153319255307
11231_10,0.9943600423403833
10871_7,0.9557471209530484
9990_10,0.9799748998793265
645_10,0.9983815590674929
9345_1,0.27296223564523375
5298_1,0.07986180946768903
5971_10,0.2903596165187886
5079_8,0.9543606806317605
6022_3,0.0007867613262200679
4954_7,0.5261760367274062
5063_8,0.584925866887494
843_10,0.8959872773738292
556_7,0.826606998143904
1498_1,0.0007593904523171746
9374_7,0.511018368247086
8728_1,0.2795641731855443
8297_10,0.827638721277723
5760_10,0.3877230949490971
7403_10,0.1149257816294041
964_3,0.03876551786007314
8842_9,0.9845370295052953
11552_10,0.8528066274189784
5592_2,0.011263465587144358
3531_9,0.7632238983149531
9383_3,0.2656797157441709
6576_1,0.0034322539964732122
125_3,0.04902057575063383
8382_2,0.016588027750165175
3786_9,0.9886189966260602
8636_9,0.9732832690777476
12225_10,0.8712469785434477
8958_8,0.9958729520811359
5981_10,0.8429636508250318
9594_10,0.987054048773804
9802_3,0.0032449581772431182
4353_3,0.021689786204006346
10567_8,0.9933344740605808
3982_7,0.4269853124416759
3292_7,0.7504364857507186
1739_3,0.007035915137652846
3356_3,0.08309583365935189
5253_4,0.006115544166330226
1186_10,0.77951850025904
12218_8,0.8308972513091203
1361_9,0.9327398190554219
11423_4,0.007817729114142516
5649_1,0.005366279448333568
11988_10,0.3199579161822438
393_7,0.9958171502906225
8081_2,0.03049921450381697
10290_1,0.0627417191480248
5548_1,0.26736014519677387
2266_3,0.4113391972018158
341_1,0.0001680352756550016
2081_10,0.9764727622760333
6268_1,0.13250939193177108
2267_9,0.998882660194363
82_3,0.0013687593860913646
11259_10,0.9992924019425363
6760_7,0.40393069647049107
6352_9,0.9775454978807225
10733_3,0.660207142345802
7418_2,0.0007871222044589463
11562_8,0.9695791899840374
8895_9,0.9948959586421332
7911_7,0.5566578456890143
4885_10,0.969590391523709
542_4,0.917957523070014
6099_7,0.5454261623814257
5355_1,0.013802214886165662
3969_1,0.024661196955506188
11541_4,0.8408939301118009
6413_1,0.056139853394607996
3725_7,0.7134352269450499
11757_1,0.0987592652445505
7663_1,0.03815880476850579
3161_3,0.1060205146100336
9119_10,0.8860957059708083
7726_3,0.2100202891761579
1764_8,0.9872844907782186
7211_7,0.6414136054716352
8069_4,0.28285409226442826
7119_2,0.23227701842866924
1163_10,0.9918793228588358
5836_2,9.840278769026604e-05
1921_8,0.9306744414268507
892_1,0.06485161160728217
7629_8,0.9658201932394729
5605_1,0.13188657154757175
3955_10,0.9996783796229952
5093_4,0.02450357831777097
6366_4,0.28699198089174305
11267_2,0.02078497719171829
522_2,0.02643181669340435
7659_10,0.9687676628989137
11779_4,0.5517143973601151
5226_1,0.3739024981801347
8767_10,0.7964477518108931
1315_4,0.032904625502667366
8179_8,0.9909087816613391
10270_10,0.9656450944248245
8218_1,0.14582092597435964
4363_10,0.9222790784543821
9701_9,0.8772566346809992
9774_10,0.9992258345624174
8326_10,0.9722402886717033
1529_10,0.9822458539814647
9090_8,0.9987545598677899
8596_7,0.5531022781130358
3508_1,0.2429298926370593
2272_8,0.9661391572803809
1226_7,0.7678847254927623
40_8,0.9081535687232014
1159_1,0.04274829506048671
11508_1,0.007898509888854254
2869_8,0.8867191655596379
4068_1,0.02450924633324367
7510_1,0.0016075458532251344
2967_3,0.7179004055310596
8307_10,0.6896117179781694
9920_8,0.9653540468304654
9102_1,0.4968861828390639
3586_4,0.7515968764736843
2278_10,0.9980479182844114
9459_9,0.959975084575458
3080_10,0.9396952529828687
8960_1,0.0017198048701585616
11294_8,0.48603493000229275
5241_1,0.002314237518443429
4515_10,0.9980494516746554
5855_7,0.9330784501584417
12107_2,0.001716730929216781
6435_2,0.03839177901782013
5813_10,0.9994376623270909
12008_1,0.00042634472025769734
1613_10,0.708379427350929
9381_9,0.7097304649274919
4467_10,0.822488894949847
1439_8,0.7799076462005736
1021_2,0.002650111065409889
2718_1,0.14140000050146556
11439_8,0.8456283372066721
10931_10,0.9068587803410995
4326_10,0.9622353377081744
6216_1,0.1718420457419172
10369_4,0.28815614121694627
1586_7,0.5725583738313332
1310_2,0.041382332933200094
293_1,0.012142996878566528
5968_1,0.10854593146003785
9338_10,0.4710699058456995
418_4,0.07801996779233947
4522_1,0.019941964032687078
3925_8,0.6319809608362076
9748_1,0.004034552205463341
7142_8,0.9978053991422875
8862_1,0.9258605150670435
10812_2,0.020375457287652325
3262_7,0.7934230130023869
11540_10,0.1366557296565045
1236_2,0.09451446425804191
10321_10,0.518736855307827
5782_1,0.001523547695650762
11765_8,0.9970529990171205
6365_7,0.07653369588250686
6265_2,0.27962464337687754
5426_1,0.0010179124245108546
5312_7,0.8912870760942492
1786_3,0.01922895239940111
10137_2,0.8399277326976033
9816_3,0.11111513549546496
11925_10,0.3608501702063897
3041_3,0.019219682610753578
6742_1,0.00020323840051637132
10786_7,0.7664069133412151
10687_4,0.6071972939696452
7057_7,0.19099899792200586
7532_9,0.7422843581060974
4162_8,0.945002366023999
9911_10,0.9343009226519087
2369_3,0.4242673841529538
2967_9,0.9595374758034574
9515_7,0.8200857585468767
12035_9,0.9387944912998534
9088_4,0.23631453134174404
3037_8,0.7313919300704526
1198_10,0.9920232537173886
8186_8,0.623255219691581
3455_8,0.9307316522819746
6676_3,0.3279743188999563
4071_8,0.9267977381801051
2244_7,0.8096560555086537
1252_7,0.9322127894465713
12178_3,0.0007348578934687769
5623_4,0.25382396453800554
10938_1,0.009334692971883697
2265_4,0.7256874499221545
7442_7,0.2811328829260302
7676_9,0.9957513999478604
10666_1,0.0046447479764623765
9430_3,0.44373807743023197
8329_2,0.02250929303081749
11933_10,0.9833190193611393
7868_1,0.0017383941019940416
6471_7,0.9876155697007809
2191_1,0.0034383750821308785
3918_1,0.15654257134184335
9767_10,0.9162257944548334
11297_8,0.9412221232020838
6763_8,0.8935688835014337
2621_9,0.08793439491279256
4056_4,0.017630327527313965
8584_4,0.00299342672787597
4541_9,0.9911620066358093
1474_4,0.29994079589007755
3748_7,0.9603829138980818
1314_1,0.0023674233170705647
6195_10,0.8245143883545516
3485_1,0.04270792509133501
5448_7,0.6487601539319474
12392_10,0.6599596036355869
5807_10,0.9809788152943931
11783_4,0.9891873370700609
5693_1,0.02632985713495037
5031_3,0.026471497480051495
9684_1,0.013547616999396453
924_10,0.8603236925845356
12254_3,0.8773810857524041
277_1,0.05595081448612825
4384_10,0.8868558381526563
8288_4,0.15328694090301317
3056_3,0.014811222048007333
4683_9,0.9777233434498765
907_7,0.9345670565752419
6720_7,0.5075492841346108
12192_1,0.020309445634696843
11090_8,0.691645425330045
4682_7,0.8957856732667904
11698_10,0.0757536984088143
1530_1,0.014136720844807583
3017_9,0.9547494230686611
9702_1,0.03262167808272758
5761_3,0.35021280302097
9920_2,0.4998966948410204
8250_1,0.8441375532962022
11900_3,0.2951354166399677
6128_10,0.07870228901846067
8667_10,0.8625491877635854
8304_3,0.024374670022540137
1049_9,0.9998436741255363
10262_4,0.10661843828017604
7315_3,0.011932635641362597
4935_10,0.9952687661070996
2453_1,0.0029335668736430614
4820_10,0.8468139578059213
3111_10,0.8581568795871216
10351_8,0.9374000002755757
146_1,0.059355146155511074
6093_9,0.9704493861264882
7215_10,0.981191196356854
6098_9,0.9990396249286964
2873_10,0.9760801550698144
2683_10,0.40573654993645203
6886_9,0.9790009622408654
4992_8,0.9194956012184919
1038_1,0.525385620510022
988_3,0.004981403829988485
212_7,0.3436313294374733
6838_1,0.2722338704378405
4865_8,0.945661549971055
6908_9,0.9941925516420874
8548_10,0.40359665595665656
2297_4,0.3031569970731584
3455_4,0.15643401281754019
5743_2,0.07545453898098431
5820_1,0.6200835103723894
4636_3,0.08483410672321588
8184_4,0.002462670394227063
7413_7,0.8786922114443387
10750_7,0.964448195099299
10064_10,0.9926253915182998
408_3,0.1734888716799263
10388_10,0.875665823893569
8380_4,0.19634580801745258
8904_2,0.15569619816185112
10854_10,0.8463259996591536
11511_10,0.9646145805917679
259_10,0.9850277053291994
1580_1,0.0237363871273104
11775_1,0.013347604086673227
8674_1,0.014118391689091205
9540_10,0.995759371389912
6177_4,0.00940302300684232
11074_8,0.9775180670085357
7191_7,0.9155145473817271
7496_1,0.09445636237927066
4424_9,0.7866177481563289
5733_9,0.36415737708115564
2887_2,4.459547903032607e-05
239_2,0.03924927785582568
10920_1,0.06605222562100108
10342_9,0.9892704771425249
12321_1,0.004768104833951602
1833_3,0.14080938050633815
5494_7,0.49788903071154483
8687_8,0.9670361196928858
1076_8,0.8600616132629839
7638_3,0.3742396729541046
1361_3,0.6822174377837532
1884_4,0.13577406391085972
2056_10,0.8410827786089177
5_4,0.8112165312854823
1034_10,0.9093941842341072
4008_8,0.9903317074128444
4239_4,0.25333560102747726
7257_4,0.707769123210681
9541_8,0.8670713945544165
5869_1,0.006118783055921606
1326_4,0.012023154395218894
936_2,0.03424791329935375
10473_4,0.01729329954251151
12413_2,0.056848378959570615
5934_9,0.9882497523136206
2419_7,0.8387396975356595
49_4,0.10093145448255095
2129_9,0.9111280421664072
12356_1,0.012813883875760667
9268_2,0.01430906282269178
7915_7,0.5581558883463124
11405_3,0.40769043533045785
7526_9,0.9790197681589603
6639_2,0.01906305543997504
7939_1,0.0011610656033959265
8934_1,0.2829460621239672
2422_1,0.005588530871655207
3885_4,0.6097466509520784
1703_3,0.13438920418441577
7530_9,0.997304491591609
5833_1,0.000541869595730234
9858_4,0.5979573556965058
12307_3,0.007525798209033577
9341_10,0.9893952185525895
4490_10,0.9737227144653436
9292_10,0.9231239717540267
7830_1,0.01591683891824022
5329_1,2.505319607343887e-05
5205_10,0.1983607556843794
2172_1,0.021285805577862738
8857_4,1.307467116972276e-05
7933_1,0.028397646310842305
12277_4,0.7815878207294535
9853_10,0.8142999453033485
5927_8,0.9974670223280088
4453_4,0.040009879621965734
3034_1,0.0008805542854451803
3469_1,0.05208981744036591
12014_2,0.11659940561807323
3802_3,0.3992458031564012
10911_8,0.663956822827897
7519_1,0.0018531312222810677
4155_1,0.1278477719821878
7873_1,0.06669193177502389
7002_10,0.8258757321334974
11597_1,0.0815671368310374
9043_3,0.32833194191611087
7623_3,0.46716930166511805
6615_9,0.9996406883729544
5982_1,0.0041187005900079855
492_1,0.008093275167787215
7105_1,5.265055094335289e-05
7072_8,0.9925484482874665
7585_3,0.42161988614378354
114_2,0.04212876985093777
675_2,0.23714347518311776
5141_1,0.19690547331450153
11299_1,0.02170944636686309
7008_4,0.7243047079085747
4963_4,0.29145736445307907
9363_8,0.24525839211272638
12419_8,0.5248628912332663
499_2,0.0822811085412303
4741_1,0.0024668357150056763
3160_10,0.9051324323219928
4605_7,0.46353016424909876
7181_4,0.8677804368121026
2620_3,0.008527559385264174
7101_7,0.4059796804966117
3358_8,0.38116458099381384
11150_3,0.23082277625220343
11555_3,0.02604079131603817
11975_2,0.7072751578650451
44_8,0.9672114854798669
4699_10,0.9791372903051416
6042_2,0.2624548561368062
10368_3,0.2906385624369911
2409_8,0.09339448570190922
5933_1,0.15305716964460594
7460_1,0.0014296235026693047
11653_3,0.9781012563027757
1699_4,0.6633112283029816
6189_4,0.04505942303115123
12263_10,0.9983379542930609
700_7,0.8588188230282802
1974_9,0.41012277010245046
4664_1,0.3302228461297528
2083_3,0.18922944429970354
3454_1,0.021875836302917104
3196_4,0.9209059321360273
7920_2,0.01879200332815351
10257_10,0.9919384882029703
12344_10,0.9700503948339683
130_9,0.7258337620087791
315_4,0.7438516610815878
5923_10,0.9955972176432688
1234_10,0.9957352854428537
7402_2,0.06727241472512388
4634_1,0.6702077744663018
2558_10,0.7686085262106913
11220_10,0.32134438682073246
7652_10,0.28606955282286417
1070_1,0.25824774594954697
3018_1,0.04696145893179077
6365_1,0.03808522229875703
6081_4,0.20475974027670737
1015_4,0.511702483456964
7071_10,0.7229908643936095
4682_1,0.010947620446644407
5242_1,0.682267686339329
5125_9,0.7444443079082982
11299_7,0.9591527067797148
7445_1,0.004777298222959152
8206_10,0.9282585129438635
7878_7,0.9663755788477248
11630_4,0.17281644596580348
9391_8,0.9631920502719903
4755_2,0.0022769552949823825
36_8,0.9130743138182489
617_9,0.8351012018743459
987_7,0.922081739198322
1185_1,0.0002958151864419406
11135_1,0.00023224449662083744
6457_2,0.043239877755479786
8337_7,0.8826925737386675
9931_9,0.965194873247472
6932_10,0.9089537031721073
9504_3,0.13680327670078468
2333_2,0.016906171362177997
10397_10,0.8291380031159934
6200_4,0.08290891305364316
8004_10,0.997768299003944
10818_10,0.9919105019694764
164_7,0.35671568026829475
6945_9,0.551647855108385
2551_10,0.8445022793056768
10887_3,8.481071154754558e-05
8942_8,0.9729090683615919
6779_1,0.028972382429365444
9818_10,0.9338316265625864
11352_4,0.05258849395197883
1035_9,0.9964768449664918
9212_2,0.0010142985398654397
8530_3,0.6379309777587406
7858_3,0.06127117627368411
1777_4,0.048116754531142926
6976_10,0.951583606358269
9426_2,0.01876654167291709
2154_1,0.2006135123625496
7037_9,0.9483199432684812
1501_1,0.0020755100665032556
12448_2,0.0001403156694981754
1005_2,0.059857324139764564
8031_1,0.17333473763784812
8084_8,0.8882096661719063
11933_3,0.004876792586869522
3206_10,0.991224870840618
10197_2,0.03157590499690049
8838_9,0.3333356688916185
7720_1,0.0002289521081141221
9739_3,0.13433830569446875
8312_4,0.14019686157020975
3492_9,0.32924471125028876
1133_8,0.9961197439794058
3255_9,0.8567960021356394
10625_8,0.967536907090619
12307_9,0.9596028642352348
325_10,0.9989422907741483
4393_10,0.9030338046427893
8755_2,0.0004299668459290222
2645_4,0.00850472106277533
10712_8,0.9563012181242087
10358_7,0.3628261362841159
10913_1,0.31115884812482575
8406_7,0.42161829668863
12131_8,0.999373065456832
8306_7,0.8950297207198016
8722_9,0.977699019554576
6363_3,0.0004111765466214665
6876_10,0.9744220237465112
10802_8,0.21075872028627302
6078_2,0.06483252341778382
4558_8,0.9949923350758982
643_4,0.0015083264928521765
9956_10,0.27033930456263294
7267_8,0.9122287606374039
10491_7,0.9328459305191971
5105_8,0.9781436910223746
7213_10,0.9979537046654524
8442_2,0.1715412886783736
11035_10,0.8802553716603848
9961_3,0.17273301278011963
2616_1,0.013794953424511088
7666_4,0.14975905905083234
548_4,0.62772145998758
2425_10,0.9988212924621238
4173_1,0.007493095604832117
3558_10,0.8950629892975136
4117_3,0.3936754111093413
9803_3,0.22624236601642964
1545_1,0.0006693651452137043
6564_7,0.9986047814676539
1306_1,0.005391892759832848
632_1,0.017986434206490324
3132_8,0.9867620589554141
5755_2,0.04850998454264626
5282_1,0.017828723228186877
5891_10,0.9998985395000862
3961_7,0.9845406072910939
4107_1,0.21263693149219914
2370_8,0.8568827356575441
1363_1,0.03430177851816803
5359_9,0.9998216155184498
759_10,0.9950269344871578
727_8,0.9791968622963674
1875_1,0.03321388112790543
10586_1,0.00314494192336006
4906_1,0.15255050192311564
11685_4,0.06817745330846338
1632_1,0.05430794381664213
4913_10,0.9936119241791009
11375_1,0.001985867388886985
423_10,0.9735873366778137
5957_9,0.9241335585135111
9389_1,0.0013913572398214027
10450_7,0.9585280561781442
4205_1,0.4239822242777402
2983_1,0.0001600599296722888
7895_1,0.004602420323312464
2761_4,0.06423174356766581
3359_1,0.0011726393348968844
687_9,0.9273854086514138
8150_1,0.016038985815622842
1647_10,0.8567095887557546
10920_8,0.9855860504384499
4813_8,0.8819226283810206
4628_10,0.9435542528426711
5738_4,0.008880233877145463
11255_3,0.032515951368898274
7801_10,0.6520443703919565
3258_2,0.03319143746692174
10513_7,0.3166752235440001
9358_8,0.9858313159309718
6864_2,0.002667702436305055
3038_8,0.7186132382655549
6928_1,0.6443368360881245
10277_10,0.9994119320513823
9231_1,0.0031826370062582013
8098_7,0.7781998720622114
11550_10,0.6798078845434595
10233_7,0.5212912801467791
180_3,0.2168788359044443
538_8,0.980496381251507
4977_9,0.9024905171766133
11386_3,0.8140944298457063
1045_3,0.4953374923992094
61_1,0.033140512264013496
6907_8,0.6554866200248329
11368_10,0.8267200278033717
10_3,0.16209455277173998
7034_3,0.4577606678870858
3051_10,0.9613536044226628
362_9,0.8141420629006598
8037_7,0.9878707383054917
11408_4,0.2783788245802036
8783_7,0.986690184253491
1755_10,0.9798587594918511
3610_3,0.009471717429619142
1376_3,0.07219625014134927
4970_9,0.6170728918250133
7802_9,0.9946731430696236
4169_1,3.699988925510775e-06
2063_4,0.767075710713692
2825_10,0.999411412410839
10758_10,0.9998175732394714
10778_2,0.035637937931943635
979_10,0.9931341769815174
11700_4,0.9484494572465644
7848_10,0.6509830307364195
1294_7,0.9990524097228157
4806_4,0.7829366875821288
10159_4,0.5494655466826915
3461_4,0.5291756603301729
10312_1,0.1595860733832459
4297_1,0.003731113750182902
5081_2,0.870056447238851
2156_1,0.0427878842458373
8417_1,0.02397256010788333
10182_10,0.9914508087691648
11732_2,0.08468608575680132
10078_3,0.0030458252967615757
4772_1,0.003546618220261104
6187_4,0.0605189306273242
4219_10,0.9509128830128194
5208_8,0.6150896775265244
4935_2,0.004662874508107866
6528_10,0.9550642235080404
4080_1,0.21082794587161688
6147_10,0.2920729943285666
1352_2,0.40571551774553427
5675_9,0.4714204374086801
3024_4,0.014812241972085204
6930_3,0.0020096676170455576
7005_1,0.07584757192345065
380_9,0.5623207356501599
5923_3,0.6936327068249969
1246_9,0.9390990825233285
3081_8,0.9915603131914874
11913_3,0.21454312851749607
4112_8,0.9296428766271262
1440_8,0.993048570536361
12123_7,0.6081815147840398
3731_1,0.00806027519708381
420_10,0.9908904595900143
5862_1,0.0037153328605573723
10864_7,0.9009030574316058
3484_1,0.017130750073043696
9438_4,0.16408304941983787
7032_10,0.9998265875115843
7670_2,0.40675222723981863
5251_9,0.7540919683729747
5296_7,0.8710421928166807
9161_7,0.5465820514460741
6446_4,0.052594052864480816
11694_8,0.9254602174841924
1674_9,0.9759747686936135
8831_10,0.1045824844062166
11813_10,0.9973807419700828
3380_1,0.002124657633806727
8653_10,0.9975788111782617
10485_1,0.0133107229304352
3771_9,0.5873930513277776
5534_1,0.024046446683384577
2_7,0.8617022322621886
2334_9,0.999561059421158
8327_4,0.32134833148554187
8552_9,0.9964272456274889
9117_10,0.9871863967685697
11953_10,0.9909894495633345
7015_4,0.9099697359930345
9649_10,0.9966570232821989
1701_1,0.10866598232595792
1946_3,0.020578154140826022
1536_10,0.9781059686696221
6419_7,0.87622647665956
6619_10,0.9897318112394079
3715_10,0.9998582594362729
6001_9,0.9561457008727832
4555_9,0.7331814783932695
6367_4,0.0846999501362368
8350_10,0.981100927785457
8376_7,0.6069714286506057
8231_1,0.0025153346808578906
11595_9,0.9969344248891199
10372_4,0.41743296775954836
2711_8,0.8574764215924561
407_4,0.002431345202124229
10798_10,0.8119277561601574
5358_1,2.702467501640109e-05
158_1,0.04377602094716202
6578_7,0.9755556640553383
217_8,0.9864090954377546
4535_10,0.9643807571406738
4887_10,0.413523507574291
5595_4,0.706467441136716
1837_9,0.9398915817273257
7723_1,0.0013468722730916771
1935_7,0.4375929615948632
7357_4,0.07166446729378591
3293_3,0.3449464757944954
5176_1,0.013154288254099533
10930_7,0.7311297685256676
4618_1,0.14160249652723347
15_2,0.13163206489689633
4009_1,0.7707791333081777
3854_1,0.00048134826003017967
2889_10,0.9993036929638911
2737_1,0.6034516522665639
9811_3,0.102517669867371
12016_2,0.12521467615096696
8470_10,0.6238525782390197
2965_7,0.17351455205542587
6620_1,0.023403626078566154
7447_3,0.13147806904044496
1197_9,0.9931980635800374
9750_9,0.93200249262813
3001_1,0.10938326848842318
8068_2,0.08099804214246416
5660_1,0.08058067466041653
5595_10,0.7471550312366296
4377_4,0.10334118130768664
7354_8,0.41130029146360547
11858_1,0.021263429052547144
7611_2,0.026029615384752937
6855_7,0.8631583013974393
11522_1,0.017479162033060998
21_9,0.9733889092354063
3423_9,0.9796149455346953
2061_8,0.9810637967897438
5594_10,0.7692584675751056
6106_3,0.44159097062121483
9222_1,0.037815576197529066
2305_3,0.009148223826657632
12493_4,0.7244128512924625
8841_9,0.8426592571255334
3824_8,0.9749809047491356
703_8,0.9281296729201022
1638_1,0.0019870249411241348
11339_4,0.1060104888954969
10173_1,0.057309164962135714
6481_2,0.48236356447434564
9468_2,0.3591331275242237
1830_9,0.9999431782774055
9940_8,0.8579274993250918
7768_1,0.09918206576396706
414_2,0.0790214390477868
9554_3,0.00035740517303826144
2894_4,6.716330740661317e-05
2509_7,0.907890075776192
2430_2,0.5471390381092572
10244_7,0.827311672174414
2874_9,0.2015456362212316
4615_4,0.8662428152456128
9011_10,0.9897780939882133
8977_9,0.8983579453720385
6709_9,0.22334658129493146
7963_3,0.4125545554992184
7531_10,0.5899464446503094
5058_3,0.1317826694510828
2875_2,0.4966024411509107
9191_8,0.26046568672361564
2596_10,0.981915719522119
9660_8,0.9111628082629629
3682_1,0.015183645204545624
4189_1,0.00150498540841858
739_10,0.950553886215612
836_4,0.26932108389410403
2422_7,0.6011401433261102
4318_1,0.009735556658601856
1443_2,0.004434792059474
2782_8,0.9874014271744233
10260_1,0.8978496235212202
10624_10,0.9585691023198347
3288_8,0.8577889018122925
155_2,0.013722857641251437
4941_9,0.9378290375840667
1449_8,0.9999031691327631
10575_1,0.0015177743591561416
3568_4,0.5741462828755141
261_9,0.9987031222575671
10420_9,0.9797925283990101
4008_1,0.730040245904621
4263_9,0.7470888707106139
11924_4,0.10587836079190113
11488_7,0.8755458478957922
1599_1,0.07917805586398152
11383_10,0.9863565532681818
1800_9,0.9686549573464402
9705_10,0.7882575503884584
10044_8,0.8289767537633337
471_3,0.32021028870339496
3494_9,0.24131337422334503
11492_10,0.5685083723664925
257_3,0.23931904395310583
10745_1,0.014774339145303255
7305_1,0.007695148076359447
6239_8,0.6702957598583227
3068_10,0.9943378937836885
2862_1,0.0004844016532152008
11217_4,0.5438960326392492
10650_9,0.8354845695938312
3588_10,0.9783216713876106
8345_10,0.16242306634248913
9980_2,0.016771238564795468
8901_1,0.18414198778306537
5438_8,0.9991854376480136
10879_10,0.999964292470892
9064_3,0.5556534587939048
193_9,0.6848402242004342
470_4,0.5198636005630506
5128_7,0.767860095428375
10542_10,0.025546859144060626
205_10,0.9941841662334673
8091_7,0.9990152596272972
11383_3,0.1631942999892327
10274_2,0.00888010897913352
7865_7,0.9838897877178526
7525_1,0.1683773766129946
2168_2,0.0003547878071583257
11082_8,0.7695495992009043
1991_2,0.16578165224831684
10524_10,0.9966805424753038
4628_3,0.35868297902122726
4269_7,0.9686672618369999
7367_2,0.10296674060540673
1390_1,0.09694822665459729
7158_1,0.5781236562480858
12442_10,0.9989776971138291
8388_1,0.006045224997219109
7980_7,0.6077845701258139
3054_1,0.10681501950246003
11143_2,0.09383853113435044
2238_1,0.6512251915903109
949_3,0.18411281935514853
42_4,0.28855587133309113
4093_7,0.8230383954751941
3657_3,0.6204703935528646
9812_10,0.9927255612284731
6879_3,0.5859459087363728
2189_8,0.930691196865119
11804_1,0.004194911314180903
5280_10,0.9481632748930532
411_8,0.19571431952391555
5673_1,0.035141666604640326
11633_2,0.005912007268509234
10389_1,0.0021143088805656227
9516_10,0.5249430554027374
12169_8,0.9995234948168443
232_7,0.8184520627549684
6061_4,0.002481089078569167
6755_8,0.5892205070323392
2880_10,0.3033903191843436
4187_7,0.9504826439699289
4175_7,0.820578854767965
11674_3,0.6208157597431855
10397_1,0.0017597167012306512
4334_10,0.9346519499542728
7654_10,0.9519874361214562
1657_9,0.9892142005959734
2025_2,0.021098292548473598
2276_4,0.02560981066963287
1957_10,0.8807361212246513
11627_4,0.1725334845240128
11799_4,0.18322633370050187
10251_10,0.9992221854222935
1231_4,0.06545186558016372
8302_8,0.951385213520655
12342_7,0.133947210234545
8105_3,0.7573903972305509
3892_4,0.053202337489085615
8473_9,0.8477552320372552
448_8,0.9115550538891437
7317_2,0.33178909609112145
2074_1,0.049169171901316394
12249_7,0.8076508719253549
5467_2,0.010129869870964963
12109_1,0.20276262954020577
11511_1,0.0014600773413710288
9476_3,0.8787349854753539
1170_10,0.962278923931109
8970_9,0.34512836133816865
12308_1,0.015771668685847968
3101_8,0.7206981028569316
3066_1,0.0011174190061633634
11519_7,0.6124619773586358
5314_2,0.035309601879689796
9160_4,0.12013088778398312
6512_3,0.6602467149351956
7836_4,0.5226132699135521
11429_1,0.42832831326997334
12043_9,0.9403083868321184
270_1,0.0003453386456689977
821_1,0.28440446250910834
4572_10,0.9950822063417403
11437_1,0.006179570879398604
4899_3,0.33558395644301237
8226_9,0.9575387355755958
5445_9,0.9984795329648706
2459_2,0.056646949045669984
12192_7,0.9223381533493108
5459_9,0.70773423740664
7308_7,0.8511463212851794
11308_1,0.6243324931086986
4122_3,0.0002192046311531214
144_9,0.9759440935273959
12145_4,0.855431196667253
8511_8,0.5948240428585954
11319_7,0.9827466085887598
9257_10,0.9935700103634757
6737_3,0.00028293958661999803
9327_9,0.9889654353619336
1246_1,0.012934442468935693
11239_10,0.9968493023479289
2915_1,0.2706064603457111
6019_10,0.9992440297085863
1151_9,0.9355914583223267
11796_2,0.200738662059657
10400_9,0.7790156119641466
9599_10,0.5743447284242023
2283_3,0.0743833588430964
5474_3,0.11931621196121896
2670_3,2.781268466392652e-06
6_3,0.45936143857683437
69_4,0.24969372496016287
11234_10,0.2936637827256937
6575_10,0.9997520233887028
9391_1,0.000386290800221762
12053_1,0.008823900783311198
1387_8,0.923776535662303
2649_9,0.44825319135947844
9004_4,0.1577836555380801
8723_1,0.00030274918046265296
11609_1,0.03100046680463068
9585_2,0.2534740450880376
2736_1,0.003726596227876812
6607_2,0.1791482314107914
11939_2,0.0002571418399691328
2024_8,0.88578094755468
1503_8,0.09087399226405023
10177_10,0.9999463176317924
10266_1,0.0020016167387031953
547_7,0.2473745422819091
5272_10,0.7202753090981616
5204_9,0.5803129294157496
9369_2,0.04430710808641409
6273_1,0.006686645977787942
10825_7,0.8203123416759261
644_8,0.9000674972680663
347_1,0.0077172484709055605
12309_1,0.005349648142861301
5502_10,0.507323608856102
7203_1,0.000691162174695969
8714_2,0.06774962386942546
713_8,0.8773381116328806
10289_1,0.48680928251570627
7666_8,0.17514142404237393
6753_1,0.106023022570545
6350_1,0.004246285333937954
11232_8,0.5396448285258844
10551_1,0.006439188392218994
5967_7,0.8700190451204285
1049_3,0.13635288828775013
11238_10,0.5588839769732324
8043_9,0.9479266601433484
8751_4,0.10276514612247074
6514_2,0.2272693703850467
1461_3,0.02257706459393914
12137_8,0.8658514716890806
9884_1,0.0006706721149795791
4652_10,0.9876267764403018
3169_4,0.03477846581578331
4138_8,0.9642771414352939
6125_7,0.7827635712509263
7298_8,0.9722223080441131
4602_8,0.20437636300452813
3523_1,0.2480505909744442
10990_1,0.060719819323881194
9278_1,0.004589029543774329
2614_3,0.013099337516576484
4762_3,0.05057685052967601
2557_9,0.9287649533816393
9390_1,4.126302324003248e-06
7144_10,0.9369218623848163
6655_7,0.8153804836127009
9806_3,0.01131312475053048
986_10,0.7580603206293657
9969_10,0.6918496675122938
8915_1,0.29881842807464193
3888_2,0.012529353409966477
1963_1,0.0037964958191451267
10523_9,0.954217320235821
9995_2,0.8376162699341992
4491_1,0.40487386326643343
926_10,0.9962636805351189
5679_7,0.21438912471939922
5201_8,0.7606225505099746
9785_3,0.0001469020761709578
337_1,0.004029074838339279
4129_3,0.16841879707636626
9231_8,0.6368945158795978
2058_2,0.0005609261747991876
4801_10,0.9782297539195457
2116_1,0.14587217236930722
11539_10,0.9992391391559837
200_4,0.27539663747484466
8271_10,0.9903873251856464
10088_8,0.7354578762332675
10816_10,0.9453067017724729
80_7,0.5707056772421762
9331_7,0.8240241027095692
3866_9,0.9992085636333836
4534_3,0.4808917708965669
8981_9,0.8202663742965792
510_7,0.9606736185734542
4980_1,0.00349702483334152
3336_1,0.19859515109078332
1934_7,0.9590371226138602
2815_4,0.9951980660875119
6606_4,0.9043389272543589
11802_1,0.19734283093234692
6312_9,0.9190071031791638
1914_2,0.0106925143733206
1970_8,0.9989654863955003
9791_10,0.1496784565550403
3721_10,0.6942006339790665
7947_10,0.9767509471443386
8009_10,0.9104715051632287
3370_7,0.5670943494150658
8943_3,0.45918969253081493
5873_10,0.8749058946281097
7379_1,6.463280718976514e-07
3585_10,0.9996244666059451
6934_10,0.8554162677010391
5841_1,0.011237923019091507
1354_7,0.9710781755563876
9215_10,0.8984192803866099
2668_4,0.0003246309929464339
8441_8,0.8424272948834108
5255_7,0.01385556038248905
3649_1,0.0020526512343157144
1169_10,0.9990176412487918
2366_7,0.9474574114591019
4229_1,0.001776654742212962
29_3,0.4010453204769931
6109_2,0.45953811910362835
11174_4,0.03924285806151179
12477_7,0.6076328688280515
11713_1,0.000637354980554599
2231_2,0.01022520128231112
7598_8,0.9445032198904257
5095_3,0.306204143876413
3062_10,0.9427731640544691
11451_7,0.9556610456553462
7100_3,0.0009326743024274805
11005_1,0.018967247809911263
9902_8,0.9973954773998539
8850_10,0.9315270225936406
5542_2,0.16670581306370458
9371_1,0.14706186499904605
8042_7,0.8664729911335146
1757_1,0.1212512259384958
2256_1,0.15533892757174048
9793_3,0.21242430541816235
11791_2,0.524227601491352
4814_2,0.3061059634693808
630_7,0.7071743460891157
10622_10,0.9613946806049878
5781_1,0.018726175712286058
7422_10,0.9899506293033681
10084_10,0.9336807161820487
9550_9,0.9816464774948787
11646_8,0.5865177788947609
110_1,0.02278917016389283
4811_1,1.179221100793684e-05
9559_4,0.01924032886872801
2755_10,0.8913706107549745
698_1,0.07593405865608012
8437_1,0.4009326323160735
1470_8,0.8447644776112985
11449_8,0.16251431217170226
8078_8,0.8587805220552601
238_1,0.00026825487157323784
4950_10,0.9966122336822515
10793_7,0.9572144557169807
8497_10,0.9991305250270172
9160_9,0.4669017706371379
8472_1,0.19829478309148443
1583_8,0.979176822798601
2923_3,0.3602453054296224
9770_4,0.9320969028221472
10706_2,0.4091497997566201
4573_2,0.21531996333990608
11176_10,0.9871566688021663
616_1,0.0007136614501458364
4574_8,0.9089996109713613
8465_10,0.9258478985903468
4049_9,0.9881171468541309
3707_3,0.00014371255496930716
4398_10,0.9858689413957111
11727_1,0.09158210069361261
7244_8,0.9964262230791461
549_3,0.9121303282191802
9461_1,0.2947830812954547
6748_3,0.10601610458481737
7093_10,0.9638295993616451
9115_10,0.9989683634688011
8284_9,0.9980805755849591
469_8,0.8100690854897747
1281_9,0.9373811690307136
2816_3,0.15901491557823627
11001_7,0.814642481905274
6987_2,0.015350337661138622
5428_3,0.00512780507095282
5992_10,0.9975300976429216
2315_1,5.127134033405645e-06
7329_7,0.9009977776467212
3956_1,0.021888556609690905
11453_1,0.015183567361003103
726_1,0.003962410125167073
10517_1,0.15969051353468708
4494_8,0.4950207821012926
11980_10,0.9916329900793406
2926_1,0.24562659124970773
1671_2,0.5065632700673137
8291_4,0.1560015319980827
948_8,0.25341310645459975
8122_1,0.5378265141011693
9343_10,0.7886283954255404
6011_10,0.9014823607749374
7156_4,0.15950818396594224
9596_2,0.10129327081617788
10583_10,0.9971078284241297
3190_10,0.9808428032049823
10841_10,0.9223079098181737
6122_8,0.0356032899526582
1315_10,0.907063290230356
3667_1,0.05493695294503584
4225_2,0.0027064749544089585
11268_8,0.9479573097265068
412_7,0.9565954568925529
4891_10,0.97352125638078
4791_10,0.9951570978378105
4463_2,0.010309798688909426
3173_7,0.8145059164746347
2937_8,0.8702476639322788
9438_10,0.5111082018923423
9900_9,0.9774926465616406
424_10,0.9720278487067966
955_10,0.8791105485664592
10060_3,0.027370644673875493
6063_9,0.9810365268125171
1960_1,0.009676852044059586
1456_8,0.7838615137919278
1859_2,0.05109412258767215
1262_8,0.9648480509082736
5325_4,0.2640475614911046
5944_4,0.15370229807017652
2805_4,0.32210964385571744
11591_1,0.0004707288191154609
3257_1,0.1479991716613328
11444_3,0.23723837495274075
5446_3,0.2963312043932114
11801_1,0.08003055633243124
8653_2,0.03937889294231496
10939_1,0.021326958343353682
10079_10,0.973023274274737
8188_1,0.019951795198420788
3825_3,0.08670694278417336
6659_2,0.20627662266565253
9779_2,0.06032862216360854
2852_2,0.11095789670658518
11117_7,0.994715764863793
4367_3,0.19832226217989954
7538_4,0.11518951279575905
9183_3,0.2018491711571025
1910_8,0.9584481710574739
4563_4,0.2245736729620656
7743_7,0.6155291732957802
6770_1,0.09021728402660899
10133_4,0.2293597673151753
6279_8,0.6351737960615639
7907_1,0.0031609495458951296
1458_2,0.007849662937124571
12427_1,0.2945176671872867
3221_10,0.9442052682806026
1614_10,0.9832999431863443
2761_10,0.9565471792933407
5151_4,0.1961763529041735
8803_8,0.9967304774095921
10726_1,0.007396805307855313
824_8,0.9919246719781877
12377_10,0.8594635017263321
3401_3,0.007125746542980379
3603_7,0.413463060311422
3655_4,0.09817989495500465
9963_3,0.25651482753944915
4266_1,2.7075289214989008e-05
1176_4,0.23295311923691642
959_4,0.05651802801599454
4494_1,0.029157404267896876
12381_10,0.9679073312242225
4603_8,0.5632610416988532
625_2,0.4746872264488556
7597_3,0.05293696493711389
594_9,0.8797051580746965
10998_10,0.9913584153915997
5122_10,0.9551701769446345
9820_10,0.971797601235517
2428_1,3.637368117501247e-05
10928_1,0.009892191376388495
9083_2,0.03916289738380122
8669_1,0.03280457587485608
9159_9,0.9167764931273886
4171_10,0.8863295187585133
7985_8,0.8774997588166363
4181_1,0.11100837425969366
4577_8,0.11738664595320565
910_4,0.6578840291019782
10673_4,0.5444261500888586
1530_10,0.9313009873273435
2436_4,0.06220155053131981
3934_10,0.7364336681712202
9273_1,0.03759999089989156
3188_9,0.9997508679116073
1826_4,0.001681889103716022
4777_1,0.054689510167075434
7449_10,0.9949752358850283
490_2,0.9266518895371629
1351_1,0.0004896373683804779
9172_7,0.8656674404102968
6211_8,0.919673719166282
7114_8,0.15137362234919924
1316_2,6.222728059119402e-05
6531_10,0.7484961450624934
4381_3,0.0008629656939226181
10347_1,0.013993069127721669
5497_8,0.9996625376299131
7041_10,0.993364802472958
4466_4,0.01653122487565115
1690_1,0.0012713493739270642
912_1,0.005118801562753428
10342_1,0.0013456385163735942
6323_4,0.17440494902996484
3243_1,0.004546969177093015
9143_1,0.03578475762037264
7175_3,0.09004386194427705
1962_7,0.3816331148716037
11135_7,0.8664768579924083
8524_1,0.5693978561273975
10026_3,0.15324776022027442
3031_4,0.467244652382738
1766_2,0.15619620214179136
6042_10,0.6709039048346681
3357_7,0.9779110282800789
11065_10,0.5030830597851859
11641_9,0.5854227426819862
4389_2,0.019415451378025715
10946_1,0.003964218886690823
6385_10,0.9776230567142571
5520_4,0.9795226959488768
8036_8,0.9860564477539592
4726_4,0.5287487531810305
1510_8,0.04668502029249877
11016_8,0.973771790536483
893_1,0.01495028659992484
655_3,0.26053352182493766
12226_7,0.12688777695023634
3878_10,0.9611223027448431
8589_8,0.8337442239106445
4108_10,0.6837767207926683
8586_3,0.0571018605100929
2326_9,0.9246338486632143
155_8,0.6285701893848833
11073_7,0.7180088832700887
1672_10,0.9451920704304784
1715_8,0.6417988872990223
10443_7,0.9373317701758502
9673_1,0.12105714460564367
10731_9,0.45678914642253043
4427_3,0.7877773816333619
422_3,0.0054107290220096775
7121_3,0.4198959882787585
4415_4,0.34526507652759136
11599_1,0.8450294062946885
6015_9,0.4215612969393713
3470_1,0.0030727154030675764
3951_10,0.9901208636267627
2665_10,0.9735376002066259
10295_10,0.8772076218418611
3220_10,0.9992481571065109
4748_1,0.023954585748439592
189_9,0.9996550673829696
3502_9,0.33994628795578874
10561_9,0.996105395813535
5051_4,0.9207953805452875
7644_7,0.7782701272984618
559_4,0.4297932865275207
3236_1,0.02332978659134859
9985_9,0.9846905094168825
3512_7,0.9483850482345132
10318_1,0.006914532852121091
3509_1,0.09333438284534293
7686_10,0.9395345366424329
8947_8,0.8644631704152472
6783_10,0.9722242123958327
9836_10,0.996559140682521
971_3,0.15127495181651313
1127_1,0.00366856600829739
8953_7,0.8694448023686868
5763_10,0.5862418994466005
9147_10,0.4243453113429998
10688_1,0.006621770284604779
2148_7,0.9138118276223746
8997_10,0.9876663836415541
3094_10,0.8355488816208358
1152_3,0.19929459522285511
1907_10,0.9978516890553146
1845_10,0.9863395438075122
6852_7,0.34683871320326043
5573_10,0.9824981445550136
8709_2,0.5898462091051297
2882_10,0.9784755651215097
11230_8,0.6750716533392439
10124_3,0.7182122266243881
12361_1,0.47511930928279594
8117_4,0.0734859988898036
1192_10,0.9533414130103187
1657_4,0.32279127587093936
10319_8,0.13110027241572303
10954_1,0.04414271720218894
2048_10,0.9790731637025202
5763_4,0.05883436806733305
9491_10,0.9949511913817438
4081_3,0.20367027023464646
4877_9,0.2438771030446607
10981_9,0.9987270582892361
11440_1,0.06719619446041802
7608_2,0.004257539390394003
194_1,0.018197940746382164
7116_7,0.015201374421459019
2118_10,0.5692569273446277
9997_10,0.9638186092304194
3880_1,0.06601000660554333
4197_10,0.9361562523361763
1166_10,0.5363376193650804
3504_8,0.7588454423553395
3170_10,0.9706662295846898
1477_8,0.9371187472299471
881_8,0.9828461323146899
10229_2,0.01609380751637307
9515_1,0.0003288730381645594
6714_7,0.8297765448297338
8570_8,0.2721933492584594
6892_10,0.994152014733998
8710_10,0.997761875609558
9135_10,0.779446931122625
10924_10,0.9991768944039779
5252_4,0.41059276510266807
6581_10,0.9751808618760474
8837_10,0.9903894656248464
3820_1,0.02167568903299195
9914_3,0.001595544355756453
3141_1,0.0036661550021209123
7893_1,7.222903863131152e-06
306_1,0.12045200679694675
2527_3,0.6155725840838011
8148_2,0.03597997666209408
9778_10,0.9887813616635884
10438_9,0.9783630428540736
5230_4,0.0698173462252838
1691_1,0.48021823500327876
6124_10,0.6693967122193438
5256_3,0.6124702161730585
4294_7,0.7200311033446504
10575_10,0.9874834774011313
9610_9,0.9500462594486666
563_10,0.6509567283904233
6328_10,0.9999402256560739
6903_2,0.00027050630165209957
6899_4,0.20603524424115807
7166_4,0.5202970688205738
2993_4,0.18453947921059052
10771_8,0.9196001317028984
11298_1,0.00514790737059048
9101_2,0.002843168695379959
7716_3,0.046292352760010196
2722_1,0.026206459759272265
5227_8,0.9077131982517153
241_1,0.0033776049652921563
192_2,0.006304069120081102
9006_10,0.9989762147946626
5505_7,0.3869402053119529
10822_8,0.9873938250505351
1046_1,0.07549802525563433
1865_3,0.024841625752094653
11845_7,0.9029860223528537
6675_7,0.9391133255240921
6240_1,0.001551357951257601
10392_8,0.9943529271362722
3405_10,0.9928828196507794
11919_10,0.9939354388639854
2294_9,0.9971638298545467
1097_3,0.28273696089007466
6888_10,0.997663322305844
12373_1,0.025202007528910615
11785_10,0.09260535724480479
11805_1,0.006476393647844253
2328_9,0.8878466893962914
2636_1,0.006014086510377832
12359_7,0.7331770664666527
7733_8,0.6673354049349676
9877_1,0.13431418929337385
12266_7,0.968960065439941
8274_1,0.12397191618459155
11727_8,0.9221551311167333
12389_8,0.9013164313816037
2464_4,0.38683879302248947
4930_1,0.13517880929537043
11304_9,0.9896605459911257
2140_1,0.06319730325517103
11168_9,0.3927226423736135
1772_9,0.8542105755695386
3857_8,0.9795625572885425
4559_3,0.028495357595517194
6986_8,0.07825391837446558
9647_1,0.00941297316766045
11714_1,0.0006642763437860109
5436_2,0.058275176780149644
2736_9,0.8708089043881198
4499_8,0.7722488598776694
2701_10,0.9980551032822903
11604_8,0.9531305331170494
6133_1,0.12337297135012426
4151_3,0.9016600602739558
3978_3,0.010907287931176731
1973_9,0.9651392756195252
11752_10,0.986832686674581
10192_10,0.7377756969271375
8318_4,0.03588169574300278
5685_1,0.0018376830342969168
8978_4,0.36162913112849476
12289_10,0.9277335497283279
5603_9,0.9185444671966628
5209_10,0.7284140557405415
8360_7,0.918622222660674
5690_2,0.014195037748235812
8463_10,0.4656765226513474
5304_10,0.9403768414132953
720_10,0.937392791019638
9301_3,0.18478547977569015
1392_1,0.11890806799231815
10893_4,0.2119769003194428
1299_9,0.7624885638544806
5552_2,0.02095958465551693
4348_4,0.1005258656386782
12384_4,0.03764752073263123
11947_2,0.29315784339132467
1740_3,0.019355031138641902
7869_10,0.8670746584643575
5959_7,0.5046766274815438
2301_8,0.9997035666929925
5572_7,0.8940152753564052
3716_1,0.6630140320191746
8558_7,0.9716400550968839
12210_1,0.025948914423018252
3744_4,0.04840976832853219
12487_2,0.4864173046711077
5348_7,0.6335026619056616
1065_1,0.04036375299971617
1414_10,0.8841036843154476
2672_4,0.11807121693007305
1014_8,0.15139283209368956
2248_10,0.8446340193113498
2221_8,0.42990529545504136
4576_1,0.538349969712422
10578_10,0.9824230786710051
8525_2,0.2741646250469781
5332_8,0.3780121661520554
12007_2,0.0007133385581683235
1107_2,0.41298388147488674
8295_10,0.9936534402941787
10093_1,0.00011822136023989455
6441_1,0.13090679076324596
10422_3,0.2654134020951317
11034_3,0.25568201348167957
3379_9,0.9943423780627109
7512_1,0.0028844952040779333
12165_1,0.1226306547923296
11634_10,0.13854159376501152
4567_10,0.3522805811010258
6971_8,0.8937426923588024
2145_3,0.6521274726803654
5639_1,0.0002965729504043261
8049_7,0.713865146769029
7953_1,0.07342383929468534
12440_4,0.1242014868133559
9134_8,0.9937352993679727
5720_10,0.9554949571345787
1851_10,0.9975421209442679
3673_10,0.9554897413406228
9037_3,0.6392739648079898
8547_10,0.9934781626958632
111_10,0.9710546486136032
5279_9,0.9719820406767657
2379_9,0.8768942616030617
6000_10,0.7239809070203306
990_7,0.7054668896161519
1519_9,0.6903690674478262
5987_7,0.7996511430646219
2959_7,0.5798050270812808
8898_2,0.06303756815978462
5746_10,0.9913547783632806
6268_8,0.11566097193223546
5449_7,0.14318557017983902
5561_1,0.0006811172864100092
11470_3,0.03172464830611924
11837_1,0.059820554834745736
6761_10,0.9612853380527973
1590_1,0.014796230182142147
927_10,0.9709345069321232
1495_9,0.902577732433304
10529_7,0.8677838292608568
7704_2,0.4577080994814296
10707_3,0.08399008740364133
3862_1,0.0070196463121602265
3612_7,0.9722792513432158
8212_2,0.00410237062510726
10649_10,0.9989119746981737
9767_1,0.5150918589141331
4054_3,0.05783637847435075
9783_3,0.03510306850575026
3116_2,0.2329081849049433
4631_10,0.9626139678407709
7228_1,0.037796578712730663
2744_8,0.8062242396014986
6028_10,0.989553821695281
10812_9,0.8451400569376852
417_10,0.9625344905984522
11876_10,0.9995709219378253
946_7,0.16703101044453203
8265_10,0.9935351653078918
6833_10,0.9960740429129592
4150_4,0.2877548916390026
899_9,0.8830275970441865
223_10,0.9352047743301671
7369_3,0.1445619266569044
5075_8,0.7599685762656937
6634_1,0.042313827678342145
3486_8,0.9432725408787448
11473_1,0.7507159933887154
3276_10,0.9985313942153399
3272_2,0.09010759836898544
2727_3,0.16012801740373842
4134_7,0.3681335417620417
5744_3,0.20739781499680215
8715_1,0.0003603952747185739
4812_1,0.001400898460271326
6841_1,0.02899517005368563
6822_1,0.2324192235624568
3211_4,0.5152312653766578
5489_2,0.0485875011737684
1168_1,0.20244540624582577
3056_9,0.7024368011152218
4516_10,0.993449013917217
9542_1,0.00651617795462927
4400_10,0.9647277763570625
2766_10,0.9944999519073426
6470_8,0.8217759614481829
5434_1,0.028873684043179915
1406_4,0.42157971970941654
11479_8,0.8635304031142208
9881_10,0.7944186543679442
10276_1,4.351379084519487e-07
2875_8,0.953653831970952
1254_2,0.4019985891188452
8017_10,0.649758472913092
9694_10,0.28926494178816375
9522_1,0.08422322496279688
11379_2,0.011091759425991894
7357_10,0.3607444674961008
6080_9,0.10926045885918803
2039_10,0.9981174518401685
7086_8,0.9855362397068365
4757_10,0.9076435137067687
2472_10,0.9910577675253496
9442_1,0.0040550292715585655
12438_10,0.8481630386446419
747_8,0.933661711218593
6786_4,0.15032792859697877
11942_8,0.7797436681266371
8611_9,0.922094588020161
9240_8,0.8735934709801797
7411_4,0.004456401040679286
5196_4,0.005224175889128556
5709_3,0.01679633330109143
6758_3,0.00618717849376926
1933_9,0.9762942919921067
4464_8,0.8067482371165708
11100_9,0.9326664318763295
3636_10,0.8339103999653313
12328_1,0.11472693301831616
6783_4,0.3119772718980036
11381_10,0.9999517783702206
4509_3,0.17850872537568194
4775_7,0.8045855523488525
10633_8,0.9319329888462461
9161_1,0.015801378975238232
2277_8,0.9993581155362609
7402_10,0.11438452845147264
2713_1,0.01521751901609504
1312_1,0.0006957741983204286
3633_1,0.11092306350859317
8943_10,0.9154964494054737
11734_3,0.7017511949271078
12120_7,0.6481555877807389
6285_1,0.4282320334668366
9296_1,6.340450662645785e-07
8696_9,0.7768833440229894
7243_10,0.9790985105138323
10135_8,0.8831821765740828
6094_10,0.9800598247169771
6962_4,0.03891449136031388
3916_1,0.030208893193829012
3650_10,0.3365077690536265
58_8,0.9998459823014877
10858_1,0.011354319396831049
11894_8,0.9441836421370478
759_1,0.18501633144267304
10311_1,0.8956739927713402
1127_10,0.6047776555474317
6723_7,0.9846361880643901
4966_7,0.9643605594257886
7196_4,0.04809467492992034
6244_1,0.0851634162593418
9510_10,0.9919793449518447
3471_10,0.9740305663044928
9840_2,0.6577929574100073
11886_9,0.8966155760812968
7880_10,0.9729554090036713
6358_10,0.9828366021163013
6280_2,0.6415581232634464
2580_3,0.035277838615738334
122_4,0.46722749734490104
5713_2,0.04245711918383899
7187_7,0.7427453812300553
8601_8,0.9381279242732286
52_10,0.9954395760583232
2447_7,0.5514461066491576
4828_4,0.0039583945467154295
5371_1,0.36875465836549814
5066_1,0.01641636438384762
12184_2,0.6164620111286924
85_2,0.15139386220861228
10067_7,0.9691906293973122
3999_9,0.9993663226709285
11623_10,0.8162914564826059
10826_4,0.04832436621899809
3780_1,0.0006215247621048061
10195_1,0.0007547592369116644
7875_4,0.07572081595988928
8510_4,0.8773914902417285
9916_2,0.06832062835566224
10023_4,0.1446278407718992
6870_8,0.6609845520710648
4753_9,0.9744197942519103
11120_7,0.20851909864283563
2516_10,0.47992174898430534
1719_10,0.8935992778661884
4426_4,0.2848866554082235
7835_7,0.24743609295098237
5148_7,0.8470427446686521
2997_7,0.6411563588171424
2211_7,0.9275744702111859
626_4,0.7129758762215649
779_1,0.279013295635698
9712_10,0.3796310145629162
1504_9,0.7659795247569807
8903_3,0.26898462107641596
359_7,0.9226677358081714
7465_7,0.9106127599895057
10966_2,0.037129775429073995
8227_2,0.33045149212705
10746_2,0.011660352471036516
10356_1,0.3513865891378622
12286_1,0.0006658027921720866
11128_7,0.962054504680142
12489_3,0.3366192193996952
1264_1,0.003874588029940377
3871_10,0.9924634950725671
9248_10,0.7447090382282786
3094_4,0.5847039266014282
7472_9,0.988536538575508
3537_2,0.25604143777715477
9727_2,0.0986861779989559
5453_8,0.7454540674539987
2283_10,0.9999976677388072
7533_2,0.018421436307861784
6468_1,0.0010208648047509473
12274_9,0.9984252267293726
10713_3,0.010622269213115999
8518_7,0.8677359926000145
1838_10,0.9992854240260164
5304_1,0.24370487668636598
4227_1,0.41193858735498673
5342_9,0.9558204592761383
1754_8,0.945979326974574
4800_1,0.00017291532982240766
10717_3,0.5024440178070185
1919_1,0.004267475977414878
6851_7,0.6747692590277548
322_8,0.5439346261250496
3028_4,0.1476736787469772
7463_2,0.06416651167393295
7999_1,0.04843554230751694
3036_1,0.003809943626812895
11154_7,0.834859964637073
10501_1,0.01110439957767353
12272_8,0.9997890616998197
1738_8,0.9638862378791367
3242_1,0.026917435413230092
6178_4,0.2834710222470901
3405_4,0.19582091564757959
4663_7,0.9373024128188622
11348_1,0.0006674384205074252
7304_1,0.02903285315194758
2962_1,0.06130696886836997
11701_8,0.6612933154433044
9354_9,0.9630310960886426
9846_7,0.3271551552752921
12496_10,0.43545461512127726
5652_1,0.30740923712954665
7371_9,0.28139889047338473
10131_3,0.040271266087911
9826_4,0.09179182452832797
6141_10,0.9798120603411671
7472_3,0.16486045988251904
2622_8,0.5515440494192044
10281_9,0.9999886694848642
8668_2,0.0006386495519864422
2348_9,0.9229520442542464
12047_2,0.011460755944333541
11373_10,0.7620051856045443
4254_1,0.11467546107671792
524_1,0.18647320407149215
5808_1,0.04438947764617548
515_1,0.0001156928993815887
6414_9,0.7498480045770556
8938_8,0.9756927256195426
12391_8,0.9221097807205079
776_8,0.9250088286442543
12197_7,0.8999292098479108
4582_1,0.6778834415922961
3638_10,0.9881222879572277
6338_3,0.01742625001204341
1165_2,0.001728316979975136
5574_1,0.016291544489213522
7319_2,0.05571912712693301
595_10,0.9773345580721454
6694_1,0.023613399217354957
12209_3,0.39784716863474384
3268_10,0.8378837612737304
12492_4,0.3422539341543449
4738_10,0.9750375712541796
947_3,0.559546210285196
7726_10,0.9695075089662376
94_10,0.7728972364025075
11760_1,0.523730499194836
10978_10,0.9999471270601578
10072_1,2.9538946868351342e-05
2346_10,0.9906750379378151
5008_9,0.9950408243070008
5135_2,0.027080380781789988
7979_3,0.8557839145261158
10863_10,0.8507629071448275
2862_9,0.6613877262969325
7562_9,0.9521224611626812
8023_4,0.4121578952634804
341_9,0.9163934244400606
6321_4,0.32504060086290043
9936_1,0.0028192672808265494
9581_10,0.9941038852546388
3750_2,0.32009211894484163
8298_2,0.1603234491161959
5900_10,0.9990094891817878
6308_1,0.07864263661689883
1609_10,0.9943124012092184
11054_1,0.0007736911890972045
7031_3,0.010296984060346712
9507_9,0.9954411540686653
3121_1,0.008186819762582771
7521_1,0.0138738762559048
4830_1,0.1522483863785167
6686_2,0.009308963724135162
1618_10,0.011178243287042349
2190_10,0.9997014301871809
6943_8,0.9035068562268901
1385_7,0.9768960125441376
544_8,0.7600176798899089
3225_10,0.5853485270219122
1044_3,0.13344353535386053
11691_7,0.4814313123835441
6124_3,0.028348263121593876
7326_1,0.0033255115570602943
1471_10,0.9333320103439411
5010_1,0.018917918914116462
2695_9,0.9225078740770426
1222_2,0.07887161245286574
1012_8,0.17383014004728678
5459_1,0.14761517017677747
4734_1,0.0008360508230378505
3138_8,0.9641992384765524
5674_7,0.5208209454050645
6815_1,0.03313208142611053
8285_10,0.9948304452263036
5504_10,0.3486419330847704
6800_4,0.05619728281767625
5292_10,0.9787173020667496
5121_1,0.009343103115783704
9861_1,0.6631556710061313
2645_10,0.9963351424400194
9422_7,0.48133514872535477
5144_1,4.881750065168071e-05
3877_9,0.873252723217873
7822_8,0.9999123423369122
3324_2,0.21029975604057022
5559_3,0.05529632724019919
9969_3,0.12873241424435344
2296_2,0.09344592446846647
10021_9,0.9981364617409828
11111_1,0.0006724759845450886
1371_1,0.087408067061891
4321_9,0.16158180061897945
9706_7,0.019415896820107782
11782_1,0.000344076753537163
141_1,0.573295216291372
3106_7,0.9148597840506844
1817_10,0.9803229653753169
4508_10,0.648822262644107
10922_3,0.2527384055503968
2304_7,0.9649748766809875
2229_4,0.13556265097395848
4283_9,0.41967539942856896
9087_2,0.3488280340123587
6003_9,0.7575972815253104
12126_8,0.9999939242898934
6067_10,0.9744328213835326
8714_9,0.8083419936031574
11932_1,0.012639667292900449
2293_8,0.9997403528612799
6184_8,0.6759981693824004
8448_2,0.021041933664935265
8269_3,0.0456513543474393
7495_7,0.8053684498761793
8282_10,0.991832913755978
2351_7,0.9136089677508071
11688_7,0.9937414601291447
3805_8,0.7520885854319977
5158_1,0.00940711231861542
12476_8,0.921290418070158
8265_1,0.0037002614782334193
2194_10,0.9914821132196014
3465_3,0.0024573210117260556
5234_10,0.9334236655888147
6903_10,0.8344583994578427
8085_1,0.04721893610951143
869_7,0.9925447392739295
12034_1,0.014783135973666216
6297_10,0.7262861660889606
3194_1,0.00011685607557782653
8725_1,0.19678681148649918
9563_10,0.9528338637193342
11075_1,0.0004282494054692151
5734_10,0.984244799133267
5357_2,0.1583481156061393
6453_10,0.9946965060702581
3263_3,0.08108068570530359
12360_7,0.9699733041692951
6477_1,0.14699795834863502
11863_8,0.9405388732332434
8459_3,0.004589070739625324
10594_10,0.7473459428325522
2237_1,0.335262292020327
7511_7,0.9009387336773891
3626_3,0.4990546609448533
6288_2,0.011106644618595321
125_7,0.6487273691746999
3318_7,0.7753055484192678
5525_7,0.6176103926669194
9695_1,2.4916919902800157e-05
5917_8,0.8751162525759798
8486_7,0.6997103872445513
6032_3,0.01026128596472873
7759_9,0.9760409263327343
3456_10,0.9637421532100571
1692_3,0.5055216627393777
2107_3,0.005131087664525774
11215_2,0.026624129939314567
1309_7,0.9087339412354452
6650_8,0.8241889995455784
5722_9,0.9796349154385309
4479_4,0.33198896015597923
347_7,0.8482463778782564
9399_10,0.9999874411437925
2475_1,0.1465367334026467
8229_3,0.13981333621454278
4869_2,2.5147609562605885e-05
9691_1,0.009304744072723947
1227_3,0.23377396482943055
360_3,0.6812473668938017
10047_1,0.05534433861119813
1607_3,0.13457317201792432
797_1,0.018990407850170143
9489_2,0.8834267960822824
1742_7,0.4563782274027984
10531_3,0.14673923926237742
4947_1,0.13060246993384833
10873_8,0.5394037389899605
1429_7,0.479813017520661
10962_3,0.012169602904907654
3305_4,0.10985807181544417
12160_8,0.7329063904426224
9236_1,0.020135964385377004
3718_1,6.834188145281316e-10
3434_8,0.9079612860463073
10933_8,0.900326815018282
798_10,0.9776142460729133
9879_9,0.8543405984115755
6644_10,0.5710821327076208
10978_1,0.005856468194192253
7867_2,0.1589303117538263
4369_2,0.002754249460031734
1251_4,0.7769200339267768
1500_2,0.011232837913006546
7574_10,0.9996504603203653
5470_1,0.006640371633047813
2407_10,0.876460118448213
3451_3,0.46524631160935
9385_1,0.0454935118368079
4078_8,0.5842255562021951
3229_1,0.0027953820022691526
1786_8,0.8581628520561828
5173_2,0.6713036456164382
1211_8,0.5413134782307931
4303_1,0.0032178053837820133
6011_3,0.06920794559404478
4513_4,0.5965360667161909
11745_9,0.9990181986142515
9675_9,0.9550518268446334
11981_3,0.3458734787441745
5977_10,0.4373795731504662
5023_4,0.5234176886946906
8704_9,0.7421437006222095
8644_10,0.8547551722242811
10557_3,0.007629216306974071
6549_7,0.9633949039917807
5557_3,0.023587989624465303
6402_2,0.8120763676067765
2642_4,0.037449404291731714
11796_10,0.05069816158256858
7102_1,0.006331397365914129
7968_8,0.9682908626977547
11764_7,0.30741939582232114
9415_9,0.9377500837199035
4817_8,0.693530463701385
1007_4,0.3146081726631636
10943_9,0.9847448363304159
7280_10,0.9952958132387595
6068_2,0.662878665408428
845_10,0.47873280753330166
8377_3,8.140115368148823e-05
8445_9,0.9875962165071626
563_4,0.8945304492380106
8761_9,0.7418387840774634
1552_1,0.01678458093311716
9630_1,5.6760368487451305e-05
6444_7,0.9050406201429377
3188_1,0.01558708569958198
2142_4,0.012578556241738367
2045_10,0.9891724832656771
2477_10,0.8454783285730699
2597_1,0.15191630773425652
3137_8,0.8893015289672697
1345_1,0.3123396632743406
8498_7,0.6302374329854231
6550_4,0.33356907606907293
9583_9,0.7934637657231879
7506_7,0.624835235314767
9316_7,0.4704646919009244
11473_10,0.9428137963580115
3003_10,0.9351612463462649
8532_7,0.1520421079788306
5654_1,0.46655666715571686
822_10,0.9056456443343677
1312_10,0.9994522614880594
9665_4,0.6147189572505204
4442_10,0.808037049963807
11758_7,0.9964212202654633
11185_1,0.8683278607401168
11588_3,0.04571670724003867
3366_10,0.8605093354426867
7050_8,0.4393839478901172
4778_4,0.009975515183802052
1_3,0.028827810380245622
2838_2,0.01653754704783717
6910_8,0.6477278546569815
3257_8,0.9784389028062684
9111_7,0.9879532364215887
6458_7,0.7414708823093973
5622_8,0.30826512112548865
12469_7,0.9067870955530879
9670_10,0.9921717398031401
8092_4,0.0006406574542566888
1683_9,0.7139890246899324
6181_4,0.05316777436306804
8965_8,0.9077304363032096
5186_1,0.003953928797859991
1250_2,0.011003164430654865
4705_10,0.9740259515489839
10261_8,0.9814976828509652
350_4,0.8544701280113731
12302_3,0.004644891537828164
776_1,0.8079669667866182
7424_10,0.992204190390323
10383_8,0.9982327576463134
360_9,0.9992874816952874
5798_10,0.8107271502232853
10720_4,0.06497167862966219
6009_8,0.9354500340946397
2319_8,0.8560409523159435
7053_10,0.35133865633413325
11210_8,0.9119336028297749
1985_10,0.9679741683625361
6056_1,0.1923503939529914
10315_1,0.4139417617256652
9_4,0.33308191204310666
6530_4,0.031034197322910097
1367_10,0.27524744263287443
4564_2,0.0038984706744757754
4343_10,0.38432623754880546
654_3,0.3760381963265094
4857_1,0.001670144120184799
1377_10,0.9730490243732456
8072_10,0.9993497210617164
11433_7,0.8936004207144249
6586_1,0.2420941287170034
10255_1,0.8881396815596801
350_10,0.5608063686930095
6853_8,0.46599461563214306
3693_10,0.9379958395668075
2589_10,0.8061159714257066
895_1,0.08630069610190999
6854_7,0.9670789083931685
1274_2,0.18892616188819997
9179_8,0.9758974282778873
10141_8,0.6839193200976068
10727_9,0.9921565340722754
1158_7,0.7577102365171644
9949_3,0.04834127376220742
7798_10,0.9945168214896162
5964_7,0.605736525551254
11221_10,0.9971219141136949
3053_3,0.08686999488640747
8817_9,0.9655746538961197
5850_2,0.01019660456932352
9635_3,0.034322691493668823
5000_10,0.975152432785245
10040_2,0.206514081206349
3065_1,0.21628751528774323
2196_1,0.4643213187049529
12428_7,0.4704232270141289
8454_1,0.33521362595916654
11456_10,0.9585134013109227
5918_4,0.8700583453351278
10687_7,0.9516904581887893
10507_7,0.30078050865181516
9051_8,0.916009435757453
6315_4,0.06104177799823301
11266_10,0.9727487992590891
5890_3,0.5307481025332362
6257_8,0.5697487391512687
2923_8,0.9845778681483703
2952_1,0.003339625048173593
7269_8,0.9233865624093944
1116_1,0.05085972456063103
11084_1,0.038194513500900994
10287_1,0.20935749749430427
5704_9,0.9656580881024749
11218_8,0.9500665239687902
12275_2,0.2714937419224622
1414_4,0.32694254939481865
7998_4,0.5469504390793033
3286_1,0.012775700483285147
2515_1,0.573894134531664
851_1,0.17991080857742547
5181_10,0.998711449414772
5358_9,0.9579759101544518
2677_10,0.9781458656352365
34_8,0.9867622292267341
9232_8,0.8644568473226698
5835_10,0.7575893335644392
10796_4,0.04163451816307428
5553_8,0.9891184748556295
666_4,0.3870585166794441
9450_1,0.0034801558479717973
10820_8,0.9859794514085023
7994_10,0.8784595491118983
8948_9,0.9245135285072482
3301_2,0.10711194530830115
2801_1,0.04406222198764866
4934_2,0.0006465293639462988
1539_10,0.9961295516632891
10949_4,0.33418248189338673
4394_10,0.9948090561683809
4098_8,0.8504141781671689
1617_7,0.06092257645061966
9569_3,0.5667432884040421
8593_1,0.0007916785208662758
3449_1,0.052820416141264495
8372_1,0.05057854941166927
815_7,0.9243014544071299
348_7,0.5715836447825079
7220_1,0.14871643533138862
2633_1,0.012958161635501073
1752_3,0.6118142944772991
3347_2,0.21712188808532373
4967_7,0.4916533323189961
10910_8,0.9859052195578709
3147_1,0.45928247985491305
7791_4,0.08853618695462326
1588_7,0.9358698270133748
8405_2,0.31626023892117894
3826_10,0.5691747461180068
3178_2,0.48862022762639906
4420_4,0.20809509580805508
246_2,0.010280490206135324
8462_7,0.9138323948403886
8264_3,0.14530183794501328
2695_3,0.11207138733577664
7258_4,0.21817204274814395
5787_8,0.7383292509174734
11668_2,0.1487808785645529
5529_4,0.9956304668429524
8923_2,0.009826385940328508
4784_1,0.030474327774022522
7730_1,0.45113562832471044
4455_4,0.11644742600165121
6416_1,0.02306095289403222
87_1,0.07249391762123397
9548_8,0.9881606136649417
1285_1,0.00043480185241102665
7695_10,0.9752209255952046
4364_10,0.9518225231004538
9394_8,0.6568887475937837
1253_1,0.008739175814361021
2481_1,0.05420366814994263
6790_1,0.02819610452726836
9989_10,0.9961938721345533
1483_8,0.8480572348800433
8772_1,0.019843802608057296
2993_10,0.9743453757409736
1801_1,0.030470243596907257
9434_1,0.0009353712640380084
7938_10,0.5033796522350358
2262_1,0.0008949089543660015
5076_1,0.0023964701696056944
10994_2,0.0022780556311919153
4749_7,0.965525281716525
8309_8,0.6546333905322075
7031_10,0.9880002810964849
2711_3,0.13549543254102633
8655_7,0.9366381125453301
11329_4,0.9852448916991827
9076_3,0.05073850372045322
11647_10,0.9535661403225472
7934_1,0.03623223367389265
9114_1,0.0022041545683324257
6510_7,0.015499029888808693
11487_1,0.003008829188199867
2348_3,0.7219655059272302
12325_1,0.03719418395100553
6405_10,0.9522073032117628
357_7,0.9618879191872315
12253_10,0.883709207767346
4927_10,0.9618487221576373
8636_1,0.0038441131852814253
11184_10,0.9962962911496781
9974_3,0.5645238493832492
6516_1,0.5533548855688407
2167_9,0.7248108276705499
10794_10,0.9926184056816385
966_4,0.1311315269397638
10040_10,0.9994069261125281
5940_9,0.9874935350555386
9181_8,0.9372445159784353
2196_8,0.9952305333910256
6361_4,0.08480238388262908
4243_9,0.3862568481773764
581_9,0.9935352553509431
7195_1,0.08288490365449828
2986_10,0.9987041491193044
4344_1,0.01591547599787039
7176_10,0.3835263326059128
7857_10,0.9706990129653648
6487_1,0.011075167723453279
3692_10,0.9899253211467756
12198_10,0.8545121909050943
10569_7,0.4616880420343325
9850_2,0.2886846251735721
6415_1,0.020270886037558035
6373_10,0.8908496061142067
5103_1,0.2983905694669515
11048_8,0.9915416419535901
2055_1,0.015578896321138973
2920_1,0.3452439714942619
8667_3,0.2586435942159758
7059_3,0.30744825461707104
3887_2,0.11113119462236218
12356_10,0.12690710771195657
5402_2,0.6769906731063839
10274_8,0.5687662003146574
11831_4,0.3061898559064738
5375_7,0.8551862822072624
7875_7,0.18234344724869295
2733_8,0.7173837641365273
6420_8,0.9393052556203413
2240_10,0.23518938569588713
10627_9,0.7395821228132241
7319_8,0.7373283500907828
7782_1,0.00783865076920567
857_1,0.006893919152110733
351_4,0.7871166738590418
9260_10,0.826110570656149
6891_10,0.9622524984437449
8205_10,0.6322882089238892
1179_3,0.002494939316250676
9061_4,0.2691724473779368
3571_9,0.9780983654373836
11352_9,0.9997797211252902
11770_10,0.9522870558104901
10714_2,0.30110453816440214
5397_3,0.12267727163193265
2360_1,0.019592276064371868
9459_4,0.6740751674721386
7493_1,0.39923080759010876
6799_10,0.9953474277376176
2313_8,0.7504202507460793
7602_10,0.9942548493912942
1731_10,0.9967935755726742
8502_10,0.8831994238135944
5632_1,0.00046833917313802704
3723_10,0.9929927037391326
6473_3,0.6312466805471727
3596_3,0.0061845062752133775
8583_7,0.7752199242960895
10902_1,0.0036218501175018366
1032_1,0.37300306792045773
2931_1,0.009265254480741248
9930_3,0.2977608614182782
11825_10,0.9663383795226522
5384_10,0.22910221810275716
2492_4,0.24166517917836267
5008_4,0.12415105903138643
7334_4,0.08493595680786734
10082_8,0.4667589293512445
1395_1,0.012057319195651844
8140_7,0.7663208726076243
2400_8,0.9998266872422827
11462_2,0.03317518921673082
6632_10,0.909801045009834
11499_3,0.8131144011317872
5576_1,0.012287292265472928
1172_7,0.9990882851882924
3053_8,0.9925959188671638
4119_1,0.01127856964505766
8165_2,0.08877843422362433
8333_8,0.8294460905081048
2242_1,0.00015438096399801555
6132_1,0.1236753309337856
12270_9,0.8534711062668356
11456_4,0.5670535211125018
6898_1,0.0626309277190148
2512_2,0.054912200553407675
7045_7,0.8721130643653171
2808_4,0.0006216302778529321
6257_4,0.0024218703252603243
1971_7,0.8935871760973194
10565_10,0.9136619215136281
930_10,0.9526951480433962
196_9,0.9381465870666562
6535_1,0.2004446274583811
5257_1,8.208260054049428e-05
6759_4,0.13439075237213077
5016_2,0.0012983267814319062
10959_1,0.011345941865201695
4450_10,0.9995992810951126
6678_10,0.7535631020549446
11286_8,0.5342308406377738
7200_8,0.9963567787874781
6660_7,0.44229263942139896
12481_10,0.9820862700100728
10278_4,0.23407418103626831
6233_8,0.898651551593626
579_1,0.02322426314740204
8519_3,0.12531127114811064
1220_10,0.8803916956548338
2342_10,0.9988595269214887
1860_1,0.0346428951326267
7273_3,0.16454635323918476
4653_2,0.19263150169987442
6878_4,0.29332956642561553
502_7,0.8594527721275932
2406_2,0.029529376719630487
2021_1,0.001622059781081427
874_8,0.882868233590055
4949_2,0.02348443901132953
5054_3,0.23751546680870672
689_7,0.9544558475421764
9643_7,0.9979963300767108
6445_3,0.0011677210903871366
2377_9,0.8909125940708914
6107_8,0.3480042761412205
10368_8,0.9952464753273732
10444_1,5.8465300486879855e-05
5498_1,0.07052555363678481
1018_7,0.9928763142730785
2718_9,0.3615336788086202
2418_2,0.8699807903216398
7412_7,0.14475747982796935
213_10,0.8935810347613519
9417_2,0.0016222533315742157
1194_2,0.02327051968947518
9366_8,0.951990504901631
4769_1,0.00203122222012936
6667_9,0.9953090338956321
9361_2,0.25583893285829007
2182_8,0.9210587163069293
10677_4,0.000541908698600157
3931_10,0.8025868194638425
120_9,0.945947934088472
10837_10,0.9841156607695722
10830_1,4.5405821891592216e-05
3679_2,0.08250121877175753
9094_9,0.8826242923197596
7880_2,0.17655431156983417
4969_9,0.9973299378217976
3418_3,0.019483357570992836
5490_4,0.15872215050701888
264_10,0.9948733969459087
1602_10,0.9105737934819708
5019_9,0.8359918363817496
12000_9,0.9670051999636158
10794_4,0.7685634749782462
2504_3,0.995383831793045
12340_4,0.47867766372756604
7732_2,0.3027578846707824
2028_1,0.004799315149286225
3986_4,0.21773030768709575
5100_10,0.9684316619379885
2135_1,0.0033031762041847977
10227_7,0.22086917608604043
4413_1,0.8650186892840234
5205_2,1.1868541675145087e-05
45_9,0.9969631835262038
12151_10,0.9766550336077472
11055_1,0.0012089511135677964
2632_9,0.9974305899506278
7047_3,0.06039367098944733
1915_1,0.0004000759828797579
9666_10,0.9737652095229726
10027_1,0.016516961706875482
11024_2,0.024401244027191873
6482_7,0.9561709960843571
8060_3,0.1008431911340008
9876_8,0.3044602821087575
3839_1,0.02051447189634218
3682_9,0.929031016750402
5962_3,0.10637600000151029
222_3,0.021871386653187577
10460_10,0.9971424686639724
8543_1,0.14948799101734425
9443_1,0.003420378326395703
10201_1,0.979141525276604
5046_9,0.9996824996638606
5899_1,0.12120645610582619
10140_1,0.0017754073718899783
5009_1,0.150665335969408
4626_8,0.898890093529989
9033_10,0.9532905086316091
3243_9,0.9442796509975552
6379_1,0.004775744228254608
4949_8,0.996073516091011
6119_10,0.8900460380922814
10336_7,0.9333923892072804
7344_1,0.001768622118205095
3294_7,0.9107578426768116
4385_2,0.21987341359193432
2172_9,0.9572971052450429
8295_3,0.007101498022696862
1031_10,0.6695776054485477
7577_10,0.9566597516801975
6778_4,0.27234263515302815
3154_2,0.36615808716801956
9585_7,0.5255623351281778
3445_2,0.0767751357542774
7416_3,0.346890904948443
9780_10,0.9909513365118758
480_10,0.8649645274679731
837_4,0.4813532018069007
10166_8,0.9898528564108412
3695_7,0.0647815762105014
12417_9,0.09122145479972284
3932_3,0.06462364599687319
11790_3,0.057058409899408094
6917_9,0.9931971786089779
1975_4,0.7940903571340256
11249_10,0.6405367953798184
7366_7,0.9182918245318181
4579_8,0.9907472487391388
8415_10,0.9519736828128355
2004_1,0.3448082691970051
7599_3,0.0386983315517174
12259_8,0.8232907770916988
11005_7,0.9413587333654962
11914_7,0.48125677935931266
8498_1,0.09022847239403124
944_2,0.012388018201424586
7183_10,0.9884875362448599
4422_10,0.99868839492086
6791_10,0.756764026784477
9286_1,0.032161474376207894
3325_10,0.9991148057368106
5599_2,0.0009128039377339454
3064_1,0.07009126612134998
209_4,0.003428991879326353
1904_10,0.313421814595105
10699_3,0.49798852191279686
577_3,0.06541535752368344
3157_1,0.04565930584924759
1582_2,0.3978400873509136
8044_2,0.06863572277333935
11208_1,0.09983741958834763
4708_3,0.2508063647526061
10439_8,0.9797051091585421
11083_7,0.7939972502561724
8066_3,0.09606227572801516
11327_8,0.9990885594955885
9224_1,0.05666383479348568
2165_8,0.9971933901106289
9892_10,0.9964316962647027
4402_1,6.359809528697099e-05
11804_10,0.9991185393975629
1296_8,0.619551029657995
10562_1,0.11825016097349085
5003_10,0.6114365598556285
10448_1,0.0001924466310896243
3274_7,0.9991172263546875
6344_4,0.2849854460154271
8129_4,0.05835567971540947
9525_2,6.966519058570541e-05
661_1,0.002983148133775274
9398_3,0.23304323796377074
3639_7,0.9432557964109834
5527_7,0.9654586410889197
7790_3,0.40459000050421073
9550_1,0.26115856426103795
2042_3,0.053245872560855674
366_1,0.0062058253328648475
8446_3,0.7730385292835479
7859_1,0.035176166829893545
5587_3,0.17703982169755803
10604_3,0.005854209731729783
5245_1,0.006494393140708474
804_8,0.8963939494537252
9098_3,0.043597173241997716
6240_10,0.9870171209953437
3960_10,0.834606883969494
10536_8,0.9988849269708402
8793_1,0.14710733391378963
1586_1,1.861761302853598e-05
7131_9,0.8855257146142199
11338_9,0.703442830366924
1053_4,0.016950635748421355
11170_4,0.22960296602510435
6806_1,0.5369378757528478
3741_4,0.5275630871010131
1231_7,0.37944560250327986
5499_8,0.983833407160007
12452_3,0.8270140822700823
5331_9,0.7848815760705298
3302_7,0.942615810652724
6214_8,0.9332341069175557
6908_1,0.12018500792202912
8510_8,0.45876565865405344
10522_10,0.9986456809933256
2844_2,0.18373669165325168
11797_3,0.10503021258412847
11237_10,0.904821889009405
6762_3,0.0768061678266517
897_1,0.047584271145085594
10312_9,0.9854425214587623
10272_1,0.019470346908125255
10814_9,0.6865436198034958
4504_1,0.0013522353762189382
9389_9,0.20478397760718126
9035_1,0.00838072720643362
11306_1,0.18827212860365877
6309_4,0.4696593095187071
5179_10,0.8614078753761936
6099_4,0.3620004492774284
887_8,0.9510742794371885
10220_10,0.9334400939609495
286_10,0.7685127712909307
5809_10,0.9533537397437921
7725_3,0.1333527967710642
9722_7,0.8129152170088194
9104_7,0.3075106582907308
7313_7,0.922900850684392
1706_1,0.0640503924492802
11737_4,0.37619395476781187
11203_10,0.846564262211175
7767_4,0.043807335429905975
1822_1,0.0005184195521840594
5113_8,0.8790760083138776
5456_9,0.7737288595254819
6005_1,0.2744562394994327
2026_2,0.006469049927098226
1379_1,0.26918083915216906
3048_10,0.9712493230428838
5070_10,0.885528135488698
8985_1,6.1324454928364995e-06
1643_1,0.04413066364383742
400_1,0.0013330811644254891
7546_10,0.9766220180556966
3438_4,0.11524013059191678
12136_8,0.8531210285538802
6850_2,0.011830625192531136
9054_8,0.9744974258705069
1555_10,0.9973923451239763
7103_1,0.01920708774182671
6218_1,0.07387301150841472
1619_3,0.0011969614926795335
5187_8,0.8905160728753612
8575_2,0.002215159670128015
1593_10,0.628645919074132
3910_1,0.005430479638852656
5743_10,0.3767355535532777
3061_8,0.9847170574277593
9633_8,0.756286519319587
2488_9,0.55369289987991
11711_4,0.2064887937429841
11282_10,0.9494124601241857
8919_10,0.9872152500053042
6139_10,0.9907530116252309
8032_1,0.008573477782342562
4287_4,0.0477346463891219
11044_1,0.0021766485295812293
11123_8,0.9908459374552105
1828_9,0.9951517161285349
4232_3,0.08904792651363054
7258_9,0.9970533598754932
1078_4,0.05798773610311606
9967_10,0.8148133557794601
4975_3,0.39906590802365494
9974_8,0.870936063546256
424_2,0.0002444878331068347
7181_9,0.8542182436225377
10703_3,0.2244055224568645
3157_10,0.9745075042200975
11096_10,0.5412671295571655
2185_10,0.9998416032048048
2779_4,0.16658059799792946
9342_1,0.008730698870367691
3615_8,0.9589087311961524
6777_10,0.6381839891009906
5440_8,0.753531929157003
706_1,0.7083898971516758
5909_8,0.8504968394670667
9578_3,0.06762140145122245
3393_4,0.09308910179444148
428_3,0.013959559567257288
651_9,0.9994878349113342
12433_8,0.6356474316479925
8643_4,0.0015545117513470989
5826_10,0.9693161384761946
4060_1,0.14035413780165407
3310_8,0.8503047644729441
8941_3,0.5106007537484262
11493_7,0.7738887495475307
7896_8,0.9292856763611371
541_7,0.7129435235295956
10614_1,0.051804715590291574
3751_1,0.022754551429049964
7851_8,0.901009186852006
5940_1,0.2197424074713202
911_1,0.0010677282432052166
1233_1,0.19422110294100745
4995_1,0.014044443648922664
2771_9,0.7600618503621316
5085_8,0.6304690654408516
6521_8,0.8757753197943712
8106_3,0.01808032016828689
2962_7,0.1511887873622105
1621_9,0.8754862200183483
4981_8,0.625331415708152
11884_2,0.05934979474938053
6038_10,0.9771935947981648
7118_10,0.9356382838181949
10365_1,0.0004833629364025968
677_9,0.9708859728740603
95_10,0.99400658342647
8211_3,0.4897367327664533
11906_8,0.9059474374828356
3038_2,0.02159481096683983
10503_1,0.002566838045932427
11260_4,0.10469952360829439
11333_3,0.1048068210935528
6954_10,0.9898026133028556
143_8,0.7227734499330966
6458_3,0.01969740232017586
8784_2,0.0008710826920368004
2604_1,0.0021910425742879425
4374_9,0.9645953847476881
1323_3,0.4786950209146265
2647_2,0.03543573489744318
363_3,0.040075441619530666
7556_1,0.22062827887683575
11101_4,0.5098637901293283
8945_7,0.6002478753711498
10630_4,0.02291778974532648
11174_8,0.9862481017792667
7927_3,0.028807231687303623
8433_1,0.002111642680866198
8814_1,0.014468875940897253
11746_8,0.999237716970153
2462_10,0.808665164257602
10036_1,0.00043975675434883353
10628_1,0.018004809319947135
4782_1,0.016649634386220736
11244_8,0.26146327281315196
4815_1,0.10214677312437694
6974_7,0.9602893768502127
10180_1,0.006552679534821767
3538_1,0.007865687784633351
9319_9,0.889908957766672
3542_2,0.0037960152750474868
5583_1,0.013631582179376309
215_8,0.8195032596532849
6949_1,0.0008422192359597442
11401_10,0.9278960936250474
3468_4,0.5526949615972847
9478_7,0.7879760745008626
12368_2,0.04220553645616815
7534_4,0.17568135003218163
9256_2,0.08660368994232327
2192_10,0.8704220078778152
10617_3,0.02733462198017283
1464_1,0.0008872710417587445
969_4,0.11578358818582775
702_7,0.8297316176458729
470_10,0.9981736547536063
2575_1,0.00011011050209081878
3059_2,0.04487209886704946
7229_3,0.02125530909725278
7437_3,0.10505917653754575
2560_7,0.6010200424474478
8444_4,0.025955413655447214
1900_4,0.9083278702058619
9057_4,0.8271018120106579
10101_4,0.0002200274322964897
4914_2,0.005453166218065715
11896_4,0.9691854641221107
10430_1,0.17723738108903841
786_3,0.006579726362348339
9834_1,0.19698487869996084
2040_1,0.0005030241795360899
1435_3,0.0013662403835660079
168_8,0.5911351091459869
6504_9,0.9999187916682903
3677_1,0.002856851889315473
3652_10,0.9984913992049991
9821_10,0.9947503851935946
8695_8,0.9663876064809714
5728_10,0.6038423029824359
2856_8,0.7344122679020394
11548_3,0.11452064799577172
9435_7,0.4553534453086924
7910_2,0.022374081236753173
4658_7,0.3911009680582646
10111_1,0.029394464586176505
12306_1,0.0235266836446559
6380_9,0.3345481130925193
3507_10,0.950346300448712
11085_7,0.7528517040840942
4268_8,0.7906827450231227
1702_2,0.11633817019673713
3045_9,0.9956421086244764
3338_2,0.8176613162751891
9288_8,0.9488417311115507
1580_8,0.7833491190100921
11976_10,0.3331458643782401
9216_1,0.00039668846517551743
2015_10,0.7927309451731493
7665_2,0.27721380007670404
10545_2,0.08816673721773136
3819_4,0.10873564641951129
8005_10,0.9721636291316574
772_1,0.002517493232004539
3882_3,0.09441350951009765
9001_8,0.9777375606899434
3000_1,0.0006819085973876552
3357_4,0.31839244930284133
2559_4,0.5684740492735615
2178_4,0.6385568522400357
2249_9,0.9937612058484147
9616_10,0.9957950862324993
11797_9,0.9770536440871012
9061_10,0.9086737562949827
10994_10,0.9804055930593717
1076_3,0.0265415925365964
10774_2,0.12450572349005555
10983_10,0.9743586754912411
9271_10,0.9336049365534569
3205_9,0.37580453954435916
4987_4,0.3687446359243651
10926_1,0.11231949434315347
9150_8,0.9490612661557181
614_2,0.40864692329641383
12332_4,0.8313114460222263
9100_2,0.2268564691899509
10499_8,0.07619341679267365
6143_9,0.9987414389567191
4113_8,0.973714120490334
4705_4,0.004056850536959747
3115_1,0.007861226082363554
1041_2,0.04407980470257007
11601_9,0.8401152515567866
11045_8,0.5739230533433005
10615_8,0.5161428900675319
7631_7,0.7873840820642632
11829_3,0.24280724919059182
6941_1,0.1354228258765227
112_10,0.9147013727730456
4220_8,0.13233708442855702
2812_10,0.5317997416009608
10221_2,0.020882251297066227
1944_9,0.9257741548224941
5866_8,0.8270071891095122
11615_1,0.0011074530686223587
3066_10,0.9984539562984276
5757_3,0.005538534855301196
10569_1,9.329289903789032e-05
10633_3,0.010178281340641587
58_3,0.009719306934475359
1126_10,0.9250807776478963
4357_10,0.8949476753118859
6768_4,0.7400576920530919
11354_10,0.9761063406266832
6412_10,0.6327796214798687
7547_1,0.039724822358334
5198_10,0.9882681483692907
5697_3,0.0012951215336018764
9757_3,0.24059226931034028
8034_3,0.010326761904144973
8612_8,0.5675207689083571
8691_7,0.6639885833556423
6731_3,0.022551636737728812
12190_1,0.653455209418423
3180_1,0.00028590915580995244
11068_10,0.9852155650304876
3752_4,0.009753872710156538
1995_3,0.3889720654969147
5517_10,0.9420963566308076
6532_9,0.9539818999305228
4435_1,0.7442005517439975
5527_4,0.05781478158951701
5059_4,0.13706547831074398
12044_4,0.5878817110404356
3479_3,0.8012427881519036
8399_8,0.8182691158161088
8897_7,0.9982593239678185
8342_9,0.8312646054312781
7018_3,0.14708926060511454
2497_7,0.9746891721839969
10152_1,0.004992296448208963
11583_4,0.18027599211645484
3156_10,0.6923189216080109
5259_4,0.7823263244506119
2581_1,0.0866434047500222
5224_7,0.9035671853082802
9024_3,0.058398065755838544
8026_10,0.6447925252094294
9588_3,0.1142048124771902
11001_1,0.006296736452490088
6432_9,0.9916546438847023
8524_9,0.9909574710657583
12457_3,0.00817456297733618
8426_8,0.9561957456349999
11355_10,0.9796296060306687
10337_1,0.0031247893332082754
11911_3,0.07642472897113171
2655_10,0.9276185972961944
4265_3,0.46467973194194906
6542_3,0.4432303416442459
9681_1,0.0003517886840758841
287_8,0.7228776293609523
1864_1,6.88654235020695e-05
7655_4,0.3263971270620705
3613_7,0.8618616420512374
11041_1,0.42474111072641224
12070_8,0.6258432609732256
10856_10,0.9848139831250601
7365_4,0.011732398153370486
10025_8,0.9681135102090179
4693_10,0.9945022899166219
9580_7,0.9352642121643572
4669_2,0.422579914103302
274_9,0.988769244566027
1570_2,0.2610328538264653
11040_8,0.9952147115744809
2243_7,0.8678906388667871
7043_10,0.3180009474946059
3719_2,0.010225540042206483
7635_7,0.060870252513081
2327_2,0.01831271674668699
4229_9,0.29669958208180147
4121_3,0.1619313534483568
6064_1,0.18740375728719838
364_10,0.9277304722725067
1161_10,0.9868290339340482
463_1,0.02226045724407814
9291_4,0.252795734182737
8827_1,0.1187912825310337
2292_1,0.00037197647958537217
6935_9,0.8798981776326354
9226_1,0.0033468412654122166
7612_4,0.38514928645144464
8575_7,0.5836525945797134
3475_1,0.24500651157183365
1880_7,0.3306742827409154
7265_7,0.9275202909684394
8626_1,0.006460772023280388
733_1,0.06635251519565316
12100_10,0.9947104752082331
1069_10,0.9840559938652206
11364_10,0.9662804022625717
5496_1,0.052334706214526606
7253_1,0.008670883552397111
3159_1,0.47815160597845147
9131_10,0.9999405536622287
413_4,0.3165895749433499
10818_1,0.0009895006928273772
479_3,0.8173525895474635
173_7,0.6370079378326787
9522_10,0.9920549284093854
333_10,0.9735850617192173
2819_1,8.563711270675427e-05
5723_8,0.7387774645927524
99_10,0.9923010605784978
7247_4,0.6480261627636662
4711_9,0.9776236061950316
8555_3,0.007420973351821164
6330_10,0.995503305907602
8921_1,0.022060103934684133
803_10,0.5445254472870045
6219_1,0.016605852407179773
10077_3,0.07390628287803276
1274_7,0.8501331902820838
2307_3,0.05894781277181189
8114_8,0.9928434926135683
1503_1,0.07422157581747274
2004_10,0.6015795490039807
712_3,0.643153235002873
557_4,0.08279486562592228
9651_8,0.8567694452432665
11701_4,0.1324832072439247
6325_9,0.9358536428809684
1684_1,0.016724934081749774
1435_10,0.9985451581186653
5754_10,0.2795302402154031
12098_10,0.7275620633079101
3707_10,0.9780938205194061
2521_1,0.1144098378845583
1793_1,0.001973497447160463
2725_3,0.06094146866222537
5051_8,0.9758043640943725
2691_7,0.8981172282848751
4111_10,0.9932138359358783
3239_3,0.03445246023969978
8124_8,0.9638655734847295
4990_4,0.23389907886861205
9565_9,0.9954199971471199
6657_3,0.17746200085168437
5882_4,0.013217985593332073
8571_1,0.14502899147982778
6815_10,0.9901955455412731
487_10,0.6829530084759491
11567_9,0.9937668417448603
10631_1,0.027441660469728756
7070_2,0.049870324029855195
8708_10,0.9882056191586873
1889_4,0.2994111462389325
1838_3,0.22279793894657907
6383_3,0.12166324789280035
4735_9,0.024720897820339947
11430_7,0.8688790170692452
11590_1,5.801914874379435e-05
11023_3,0.48874002875567457
10870_8,0.9616111545840001
6734_10,0.9964841382695198
10174_1,0.005204417391162668
7905_10,0.9891224469173844
9555_4,0.015235305782368432
6303_9,0.995471418313047
1426_1,0.02238797464507245
5482_8,0.9631675364268114
7605_2,0.010463121710902983
10249_1,0.005248450493865147
2466_1,0.7932075621740954
4055_1,0.07534726441668466
9839_8,0.5399136162058841
3953_9,0.9879285198065384
6563_4,0.0617250116778118
10776_4,0.29684631561782865
7596_2,0.011149741035679084
10490_9,0.9956275323677487
3800_1,0.05315324495883864
10669_1,0.10013283719676026
6276_8,0.8900409117666538
3110_1,0.0395798803997993
12434_1,0.011543516163779442
10189_1,0.04126088523060052
10639_4,0.005185552649458821
7734_1,0.3862418810551054
8763_4,0.3222283773230721
2702_1,0.03831004301180549
10179_1,0.036807817956516754
2317_7,0.33545162250839533
4677_8,0.9988382092124999
11805_7,0.7427552296163884
1339_2,0.2461288313163782
9919_4,0.1757541280038336
1425_8,0.6941605075169927
3926_7,0.9290080756236251
12395_10,0.9754191314147952
6284_4,0.19323917038523258
11069_1,0.22048419191307714
4998_10,0.9710780015063549
8055_2,0.12116988604723719
9179_3,0.22052331976290956
11577_10,0.2217453633221613
1480_1,0.04697091005069338
4561_10,0.9666024311575703
4698_10,0.9799771097453155
9312_1,0.0004389115085476076
6561_4,0.2516788921961898
8353_10,0.9999425958432955
11580_3,0.03141415734029148
10536_2,0.08227478468954585
957_10,0.9572865958064478
1768_8,0.8900117851176574
12197_1,3.3625104774320798e-06
11459_10,0.786979178354956
2271_3,0.300046337627016
6973_1,0.07341554990142028
4199_8,0.9479910088208929
6582_8,0.13218325073120488
5843_1,0.005509609024543783
4140_9,0.5268706469583144
11105_3,0.0025429738538664728
2395_3,0.2861246536863618
10715_9,0.8689367005476066
6611_7,0.9901787551889519
2043_7,0.9702114868439963
2884_9,0.9154290680741997
4946_8,0.8955209684191262
9642_7,0.8434639740916505
5211_1,0.09650272091190638
10661_9,0.9913328675844914
4368_10,0.5460452324708321
12086_4,0.23186142933329046
6465_8,0.9434750263951739
4706_1,0.004036212148320799
4694_10,0.48584744249744766
12150_10,0.7775136252069467
208_3,0.5840405637437036
2587_3,0.0019361392603876302
2804_3,0.4560691357288427
2837_3,0.03039695641592921
11070_1,0.02428669907377288
11909_4,0.09811480643529709
9945_10,0.7646932513585643
9281_9,0.7664893480196538
8458_2,0.20578083654683896
9882_2,0.0013371754767189388
172_7,0.8735476092051183
7632_2,0.0005258826071060647
12246_9,0.9983976709456069
3889_1,0.02201689682275661
11140_4,0.04155417563706105
5240_9,0.8217616743354157
7965_4,0.7267751131338639
3387_3,0.007292876653476489
10817_4,0.028614331334033228
3332_10,0.7558441562068293
1156_9,0.981810555752558
6585_1,0.015571798373360927
7931_3,0.013149053476548413
8268_4,0.00571255740101543
6443_10,0.47492354918715085
373_10,0.8609836798993814
5912_4,0.16167863803755944
11475_7,0.6506453833942084
10738_4,0.5978345943193405
11175_10,0.9983369666793828
9008_2,0.22863875631210756
2218_3,0.39947939823820144
585_10,0.9171842458934701
3448_2,0.22579697155974124
3860_8,0.9138026896595007
8335_7,0.8513654818815417
1907_1,0.012146680868612226
9169_9,0.8597247963799023
10375_8,0.9953261548736929
10432_4,0.7681578605619026
11399_1,0.029914793131728915
3430_7,0.9652878220929751
2859_4,0.035416940311672626
3899_10,0.9968544941904548
9648_8,0.9890635573098475
9233_8,0.5746960155665236
10574_10,0.9862736747183698
3489_4,0.7941418228272664
8115_8,0.8213030826459422
11495_8,0.7906808750217741
6885_7,0.48091567445400324
1534_10,0.8969946367854553
11721_9,0.9637031028942538
11610_10,0.9087437707152255
2712_8,0.9547617564440011
3140_10,0.7923486995930505
4880_10,0.9759121775256678
1592_10,0.9999923415733722
425_10,0.29131845279364554
5798_1,0.00015256795853401946
2212_8,0.9941316656741894
2685_3,0.006617012211811526
9625_2,0.039053265155654104
8492_7,0.8990852297067724
4932_3,0.15046929637473333
1704_3,0.011547131462897216
301_4,0.01964020581063652
2599_10,0.9707780227664433
2364_4,0.04131509831485969
2323_3,0.013085617181836252
1885_8,0.2841556382709773
1232_1,0.006043220064614934
12055_1,0.00021863853951903367
2894_10,0.9992195319014113
5347_3,0.11994865500570863
1799_4,0.1744255219288431
7460_9,0.9458267555937111
8798_10,0.9863381316535845
2134_4,0.12392697610768974
2964_2,0.15434485881812843
345_3,0.14879535884468034
2670_8,0.778029961153173
10282_10,0.9934414148668916
5587_8,0.9035118628538608
6115_2,0.03035972697845544
6974_1,0.05935824628573899
8500_10,0.9496502722664361
5073_8,0.6612726630520719
5291_8,0.9362625862286201
11728_7,0.8635793762046551
3207_4,0.03345882450989794
2553_8,0.7890216856303542
10896_10,0.9861942867156095
9321_2,0.20948628681576542
1484_4,0.05358310062016248
2106_2,0.30828776057580587
5487_4,0.014751390065587452
4835_10,0.8281971686020685
1023_3,0.35908042659468037
11524_10,0.9900219781520898
10672_7,0.793052729178896
9769_3,0.024366843414321958
590_7,0.8461828712732423
11530_3,0.013597364950749985
349_2,0.10862839609468518
2165_4,0.20714720583842827
1574_9,0.8809025174424905
2792_1,0.0038911713548429507
980_2,0.02760961357666711
5745_7,0.11422374520360841
4323_7,0.7847804026077742
11569_7,0.6107843131534902
3637_1,0.11594090500708105
4511_1,0.3226577481803072
8404_10,0.8103265467590337
8947_4,0.3202638815231479
12317_10,0.9869292678589043
3927_4,0.3639881864253475
461_8,0.9286693002669555
11651_2,0.00048455883531858736
7697_4,0.14238149576721837
7799_10,0.7240146435559335
2111_8,0.9836425246932446
9745_7,0.999696384921563
4419_4,0.13713248070181122
9337_4,0.7001187112806732
3908_10,0.9897870157684665
9211_3,0.25994005810258136
489_1,0.06880551218755475
9229_8,0.14385001859928864
381_1,0.000341970986316537
1355_7,0.9489291205209733
12100_1,1.2969297093841454e-06
6126_4,0.08648911147324934
8315_8,0.9972122376637127
7513_10,0.6211769412266902
5547_1,0.08688885472966018
8050_1,0.07522274427776007
7332_1,0.029015496818739335
9044_8,0.9994934873319397
8491_1,0.34369111799200774
1919_8,0.9989067322971698
4076_7,0.6049904642312139
9251_2,0.5005611908005319
7325_10,0.9991848243839853
177_8,0.8854586462005971
8104_4,0.01818268686883643
919_4,0.09273453549091075
9417_8,0.971590266267482
9440_9,0.7921732719107718
11105_9,0.8977554556180022
7670_10,0.9529703448216208
7404_8,0.6047726985532915
5120_2,0.03342016251969178
10153_1,0.1428181299324337
1763_10,0.9064626239661403
9316_4,0.6834368280003155
6396_8,0.8436182495771567
8865_10,0.9971071482349271
4552_8,0.31884372966586705
874_4,0.19067296423485783
6690_2,0.03681998621928849
11970_3,0.22246413230966194
1202_4,0.14966729273640467
6024_1,0.06255039012693724
10117_9,0.9333770934454841
9511_1,0.11170716503818144
2314_10,0.515759450008764
6053_3,0.00041804130347064316
10165_2,0.32533021542899593
8410_2,0.11646115745757485
1457_1,0.39386124118175925
9651_3,0.03803582241349806
537_2,0.00021469996298953832
7191_3,0.9241432099026756
10258_8,0.9406071464445049
4774_8,0.5577128645918136
3560_8,0.42368133642685163
5960_1,0.015681075166259925
881_4,0.1592067323785903
2420_1,0.059897747260444646
4959_4,0.12089441539752688
7138_1,0.00724442238198026
9317_10,0.9410477250044368
5454_4,3.568802119061225e-06
7450_9,0.626855428155864
9679_10,0.3926057239422559
10988_3,0.15518467473213107
2932_3,0.2623785648586428
10110_1,0.013161776604557824
9165_2,0.35798948943066367
11712_2,0.0015222345622569586
8979_1,0.0343997216328625
12426_3,0.027636048369664618
1630_7,0.8351752535168353
11990_10,0.7854622423048689
5395_10,0.9991229131307588
896_1,0.09540732893647326
11463_9,0.898486314195847
7096_1,0.016089327913835633
6198_10,0.67091602283079
8141_10,0.9987551938260897
2650_10,0.8618930948938469
12337_9,0.9949436115906686
1995_10,0.4280907067258822
6349_1,0.35226983543807555
12270_2,0.0005108518059958028
12494_2,0.1601724570150335
7081_4,0.317772700854226
3010_7,0.14135898754741208
2924_2,0.17572945201932938
3185_10,0.8516490575570125
1377_2,0.7702305053649343
4858_3,0.08616450501763444
4351_3,2.8707675058243596e-05
6865_2,0.09800758067672564
9527_3,0.06314428634530367
6223_7,0.9988101972845045
11598_4,0.18512823595967487
10605_1,0.0031881298294979777
4609_2,0.0009827696915163083
3736_7,0.9594988017058473
5615_1,0.04346371521742041
11109_7,0.9847132551283784
3924_3,0.07569201134273405
7452_1,0.5291128676144405
4288_8,0.30908042743712744
8825_2,0.19163470268807953
3168_7,0.9929094332794223
6407_1,0.010406255196208778
7016_3,0.1553447534262896
129_1,0.0015282648167972673
9808_3,0.1078094435728598
5620_10,0.8419162095021685
6404_10,0.954345927272545
10781_1,0.2545327983736411
2446_1,0.07070851637574563
2191_10,0.9356766554570168
10848_1,0.0056657374993721804
11201_10,0.8860967356786995
6818_9,0.9736998319065111
4607_7,0.7810303763130987
2410_7,0.8564521109481065
9656_9,0.998665502934367
7841_7,0.8666252397642971
11422_7,0.558512633461565
7376_8,0.396686344626107
10804_8,0.8976997669634008
11793_7,0.3111395967085391
509_7,0.8084106623197341
12459_10,0.7989204496416338
354_10,0.9832572624520264
2740_10,0.6323899370890366
1469_1,0.0018479955164533608
9219_10,0.9471606853656807
7248_7,0.8760607070982385
5620_1,0.002166562502217283
12160_1,0.1970959130918859
6037_10,0.822021795340652
8338_1,1.6571735003834904e-06
1954_1,0.03220885926035959
6996_9,0.4352007023701337
9888_8,0.9987680272435925
5470_7,0.84722284333503
11915_4,0.3895091546265359
7057_4,0.8336218926177805
10320_10,0.8763634340325323
4447_3,0.06910407344725324
9711_9,0.9654833321491397
5077_3,0.007536924325618463
10912_4,0.09816807278697408
3224_3,0.17661191007667093
9946_7,0.6975150544775229
10650_4,0.3590560712242187
9613_1,0.5541195034468346
4909_3,0.01612258266095565
5607_8,0.7326743112156264
3315_1,0.0059396688685691736
9271_1,0.0001485547147330637
4248_4,0.16238325855269894
5849_4,0.9403260166946834
3944_1,0.012059455494476432
3580_10,0.9495954412459157
4592_1,0.019449069183568844
6375_10,0.960524023577972
5955_9,0.8841894221184445
11613_7,0.9541540443870066
8278_10,0.9843718924541228
11339_9,0.9946989864698424
6813_2,0.5560460968191793
3747_3,0.04399266946319206
5916_1,0.0028516352998537824
3298_1,0.025650692944810278
11303_1,0.008989611076873284
5758_7,0.8737830009464392
11652_9,0.9969583327825157
8748_2,0.17896647707497979
11092_2,0.0011102033642258404
8729_8,0.9986460303568886
6332_4,0.04784014915580945
3700_10,0.9810552379425304
10507_2,0.008881990258273423
2287_4,0.0034162158852037074
10549_10,0.9995314947026246
3005_10,0.9977201038361003
5657_1,0.07281379068779972
873_8,0.9740404027217113
2274_1,0.2034259778306859
3208_4,0.27315368053177097
2663_10,0.8959748684148902
8134_7,0.027371646957303996
7443_1,0.5548302797952416
7507_8,0.780641585382695
1423_1,0.0025534479445377643
4014_1,0.04021332143781904
9662_1,0.0014938134797787593
2512_9,0.9905143894744084
8415_2,0.48655503072166506
7672_3,0.01268866059425794
5925_1,0.0009772544557086569
2654_2,0.005738903089330751
1780_10,0.255822053672353
8813_9,0.9782724192729859
9378_7,0.888151270482102
12120_3,0.007546667525844416
8985_7,0.8714432429286223
5771_3,0.00041825222933716333
7305_10,0.9992897560144163
8681_4,0.060552468430770466
7415_10,0.7507970018989786
9346_8,0.9619646469966767
9750_3,0.18712333251179977
9083_9,0.9238298203475799
12255_2,0.0055066352581354654
5035_1,0.019948551107781053
12384_10,0.2769430919076911
8381_4,0.030498686154523343
825_1,0.01244103002540202
2034_1,0.043372272226257426
439_10,0.9998395125533976
5753_10,0.6673921763203442
10370_10,0.8901619218226917
3395_2,0.03537178526916622
8101_2,0.15669827335228384
7885_1,0.03134934525594576
3266_2,0.4041917973049311
4623_4,0.14512997041215256
8123_9,0.31346156152652394
1787_1,0.0016394823477138424
4001_4,0.5655951639737613
3530_2,0.03519805068166992
684_1,0.0013507536281289524
744_10,0.7106632472109727
8439_7,0.43787309164958643
8678_9,0.338043332928026
11851_8,0.8351845023657344
1237_2,0.2572177394940117
4557_3,0.007357630523723287
1847_10,0.9945190936349667
4002_1,0.008344551058879114
1620_1,0.6236045877399754
549_10,0.9247370227658807
4984_4,0.7460447297677116
4673_8,0.159629560857373
1373_1,0.05845502627829872
6927_1,0.3945853611246413
9201_2,0.19109444436662903
4293_7,0.848014913441175
826_3,0.027817501057003268
6337_1,0.0072123869817708585
9978_9,0.9724465599921346
11379_10,0.9980824857904972
3874_1,0.03697303779298668
9943_1,0.00398886053747973
7236_4,0.05879529039723102
7816_1,0.004823217701232363
3849_8,0.9983134940832639
1167_10,0.9114675367408005
9667_3,0.06959997644158585
2506_1,5.5488839593215354e-05
1372_10,0.3234209186472367
6788_9,0.9198266005651705
4792_2,0.01804587736852998
7909_2,0.3844175975107081
2213_2,0.020166912040228715
434_1,0.00015150225785126606
9245_1,0.013295212607781659
5822_10,0.9980852347200891
5406_1,0.15237686135625317
2011_1,0.017290471171228616
6805_10,0.9985116107761228
2557_2,0.0086931950774759
4343_1,0.04964450335147208
1493_4,0.3699546479555501
947_8,0.06838942971806192
9494_7,0.29079384805561664
10228_10,0.5735447871944677
707_10,0.9720521181748851
2018_10,0.9578856994590289
11093_10,0.9869652329357826
11113_10,0.989199625940534
11596_1,0.04341827706961097
7453_1,9.550632146448942e-05
9045_8,0.995939054690483
12264_7,0.9372630526335736
7271_9,0.9980765939216836
4560_1,0.14708773309139075
11223_1,0.0004877889049028534
3939_7,0.9032977331733248
2714_2,0.026499772602827154
1940_9,0.5953966257760546
3640_10,0.9732536848449694
1724_1,0.036600265851113034
5383_3,0.200767889477866
7323_10,0.8554509510730249
7345_4,0.00841120855978703
775_9,0.9968278361627022
11995_1,0.0002270386565558367
400_10,0.9992497592372624
10279_4,0.18717220578165683
673_8,0.3520958329169223
4168_10,0.9381913977754999
11761_7,0.8504381425323243
491_9,0.9716262332900982
11472_1,0.006147918007104502
10045_7,0.875821029418668
9449_4,0.32216149348411327
12496_3,0.004328865761231246
12422_1,0.006431614049679678
8159_4,0.6128586842024812
8668_8,0.642695543426487
7572_10,0.7718446766381928
6696_9,0.7816059879206357
64_10,0.9795752306144822
2715_1,0.2955595543776258
9333_4,0.23024369588149496
3722_10,0.9758424991475838
5692_8,0.8687281867307173
10074_7,0.8952931010005843
1717_3,0.05054625755923292
825_8,0.9708702520532759
7796_10,0.999989366416345
5550_3,0.05956806717829029
6114_10,0.9284076348717863
4440_8,0.798277367632038
9616_4,0.03337060136442476
12090_8,0.8375409219559832
10728_1,0.00785377902718442
4419_10,0.99868839492086
282_1,0.6551006351766234
4825_9,0.845851228648848
91_10,0.9851746100293212
10399_2,0.014542424251257754
6773_4,0.08284065796153132
1364_10,0.9103615188874734
2806_9,0.8777176863730902
4520_2,0.2024336518658182
8211_9,0.9526305289333831
3594_2,0.08064546001525628
11353_4,0.4180838474235652
307_1,0.042043013759443824
10963_4,0.15848734675604587
4023_7,0.6605067515472897
11450_10,0.8359319290853966
3567_4,0.6666616349974042
4751_7,0.7084073858332021
9798_2,0.015224649786159195
1864_8,0.9983666260317992
3168_2,0.02138610115400286
6506_2,0.23651835954199266
12484_2,0.08928692803794872
11999_8,0.6372438500939384
3571_3,0.0017299543691683553
147_10,0.8613776193257695
6691_9,0.9236837639951729
11295_8,0.9235601889705595
9344_10,0.9992768553159902
9513_2,0.06194865111792599
11066_7,0.9025390860674549
4330_8,0.9390694696194276
5194_10,0.8270530905148497
11676_1,0.014219324071886573
4587_1,0.0077909593061729595
11964_4,0.12185557842562186
12456_1,0.00028770455371210515
6054_10,0.9154117232051437
2140_7,0.09305478832360245
1388_1,0.12070896028077596
10681_2,7.049180806872844e-06
4614_8,0.9993179640526687
2604_7,0.6256133560376888
4234_1,0.06403308049538528
4261_8,0.30686759780479295
4907_8,0.9527193814827618
4134_4,0.3180377190721156
4125_8,0.9983927134897139
3795_9,0.9770731784689264
1356_4,0.4361081061239141
10711_2,0.06991366138633119
4728_7,0.8853289499192777
8254_8,0.6215584885467448
10769_2,0.13992333407870264
7185_8,0.9625567996527901
2842_9,0.9526687161708516
4565_1,0.11497963586986219
3030_9,0.9061564292736445
2997_1,0.07668482468525217
1311_9,0.6576405135847289
12499_10,0.9292774634106767
9830_10,0.8006396890287492
1774_4,0.09204544767766928
6676_10,0.9999997764221848
6502_9,0.9407173261288757
1521_1,0.5912873278899332
4253_1,0.04373139339282129
2775_2,0.003874285275150409
7324_4,0.004897718874143713
1207_4,0.628974500207589
9903_7,0.9453957847526637
3195_2,0.03638745719246274
9213_10,0.9845085217265134
7751_1,0.0063030765575831475
1616_8,0.9330947485104311
1482_10,0.7953515073022382
6772_7,0.2348747837890565
2008_10,0.9815035413627631
6799_4,0.24178582600061055
5004_9,0.971751135454903
3487_2,0.0019658992749696396
10892_4,0.13750467316004122
10839_4,0.011129158153871463
922_8,0.8211261458998792
4163_1,0.001633941410314069
10738_8,0.6069335402985364
10678_7,0.988305380836446
5892_10,0.6957814984570845
6202_1,4.747223995716801e-07
5792_10,0.9983366852699183
12161_4,0.7397822040644565
1097_9,0.8424937886343203
2930_3,0.7102010513381003
4087_3,0.1238736906791711
11875_3,0.012179330110432342
11770_4,0.14160757719346007
847_7,0.5310656039415101
10620_9,0.9630257364153001
1455_10,0.9949836840497802
12294_1,0.0011422880211913121
5653_10,0.5125007605957946
1874_9,0.7879919086349337
10487_3,0.12343240342591874
22_3,0.22432662893594968
2760_1,0.07325766600478147
9822_7,0.22002574905902592
1068_10,0.9775888768014338
11117_1,0.00023767518643151334
10409_2,0.7161123975893583
1877_7,0.10783296816575066
7347_1,0.02457061665448397
4231_1,0.1852989517528645
1122_1,0.01973067081708503
933_3,0.7089464478777492
11883_4,0.03834980982309137
8386_10,0.5909052954337219
12297_7,0.7114974024333091
11847_8,0.9734677620207047
5511_1,0.2635724948883746
9587_2,0.34768682116317884
10027_8,0.8192508463983719
7210_4,0.21990340278687187
2490_9,0.5832614810716462
4889_10,0.9993417127238086
8192_9,0.9977867163799982
12133_1,0.3151009870084397
2098_1,0.016412813232072634
2941_9,0.9632124811125699
5742_3,0.011161498946254187
10645_4,0.00825447513325724
1162_10,0.9999860013984302
4383_10,0.9798135134235708
5325_8,0.8447847341584392
1324_1,0.09347477292740612
1374_1,0.1082406855318986
116_10,0.31892167426020673
2898_10,0.7734276351792921
8799_10,0.9308933796805445
6654_10,0.9878644133936831
8630_1,0.011838069163429332
3452_7,0.9533354290900089
3609_8,0.7990764656627789
4740_1,0.003436926460074238
8368_10,0.9968191480577351
11960_7,0.6776850310206756
3583_10,0.9591487433974437
1581_8,0.2131215738870968
1378_1,0.49862269670475395
968_2,0.02692252326760089
4524_1,0.00014083199242540735
5036_8,0.9985394283030089
12287_3,0.0013838293753407668
9236_10,0.8450592682555699
5447_3,0.24448896430550962
11016_1,0.0008260660057495397
1935_3,0.021327487094282747
5300_7,0.9800863237123926
7775_2,0.39895971561397614
4398_3,0.5681989961419635
5692_2,0.002714032000180665
3517_8,0.9558875576363025
6007_1,0.021070248847556736
10127_2,0.002683645072498473
6614_10,0.9808726653495682
2767_10,0.8927726977580389
3187_2,0.16767270315511992
6473_10,0.8372660298268778
12263_1,0.00015988310245944817
10838_2,0.17208626459017737
7367_9,0.6324296122078719
8873_10,0.6666088204622679
6016_1,0.28386666042129044
10363_7,0.2537095247204629
3541_2,0.016943199072816096
6416_10,0.8997727335699974
4538_10,0.9037167461999375
56_3,0.058885573715086355
7946_8,0.9455793351486745
6003_4,0.08161183567744751
974_4,0.009118877430399842
11651_9,0.9993744653568836
10283_1,0.4193494134580775
12334_2,0.6322225534467506
972_1,0.6957324251535193
1513_8,0.4861097612187771
6141_3,0.05709377845326949
4195_7,0.8590034486294899
10176_9,0.9998737268466185
1918_2,8.643720901536846e-06
12117_1,0.3810424456709205
7567_1,0.0444935594688807
2949_10,0.9955847500021731
11937_9,0.9835937813006849
8513_2,0.5650443221056584
3913_8,0.09397784150344661
1310_8,0.7270615414170523
10461_10,0.9953048215135214
3309_8,0.758083392033109
862_9,0.9636750940080013
4040_2,1.1287028603019634e-05
78_8,0.7009027471143268
3491_7,0.032792285458752374
10862_9,0.9931440771653417
4763_7,0.6806551685578214
7421_1,0.09431657443685898
5350_1,0.39136554955534414
11491_10,0.9813454376160278
9975_4,0.3036997790779567
10123_10,0.9865779294949436
11573_1,0.009256324175162815
2337_9,0.9785186391203202
251_8,0.9433434875384069
1942_1,0.0031813767215820997
2940_7,0.9129459491225704
4342_7,0.4585423279349146
11250_2,0.0031563961470316374
4224_1,0.240417099799594
10106_10,0.4528954957310922
7764_2,0.44353638986872274
937_10,0.9346959242942495
3112_10,0.9688581626937613
9922_8,0.9219957848810036
3259_7,0.7952178300916931
7828_1,0.00015875562965781876
4031_7,0.7566695304576254
1277_7,0.8360079046679606
3162_2,0.3611735636423345
7_9,0.9524733038983509
1832_4,0.19218546125059688
10997_1,0.3395753377185666
10572_10,0.9733309936080395
12194_1,0.006512497486444234
4648_10,0.7343283731692041
7207_9,0.35807072190528333
11000_7,0.9554064275244202
4943_2,0.002919019430999586
10601_10,0.7084216137402136
4731_1,0.6888146367224892
9272_8,0.23804638866252428
11551_1,1.7161483501068827e-05
9074_3,0.025424862436826547
2486_3,0.5819649594248104
618_1,0.17455050222909044
8683_8,0.9899361074361276
2618_10,0.34688665247348816
8471_9,0.9419053085910938
6394_4,0.021999425647105532
6456_2,0.44643435468101467
3195_8,0.8339968986727556
4188_1,0.015649036845594284
3985_10,0.9988326759504789
7099_10,0.5132562205800021
1558_2,0.00011490866504835325
2877_8,0.3243593944658798
3928_1,0.00977014897060526
7206_3,0.053574201835218084
8088_10,0.7832929638053759
8167_10,0.954433590075364
8590_8,0.9756882619804749
6973_7,0.42682706807371723
4974_7,0.9825135589897078
10151_1,0.10163572847420847
5268_4,0.0009956539099226327
5258_7,0.9958759968037881
1478_8,0.7376299440866976
5094_10,0.9999978211877952
10126_4,0.5050542114972724
9357_2,0.4332739399207916
7750_3,0.583274421993358
11628_3,0.47188460553266
9124_7,0.9419736768636741
1802_7,0.9779502251086862
4820_4,0.01656058108417007
10019_8,0.9573195926295709
154_9,0.9525839044226737
5049_4,1.4766161305948857e-05
4372_1,0.001251000469399594
7807_10,0.9686822547332957
5127_10,0.7563730255907481
11480_2,0.06200208310931008
10145_1,0.019618962694757453
7090_10,0.9395205549979695
1288_1,0.10557336352374562
11316_2,0.02606059959955773
8428_9,0.2771941746839808
1843_9,0.9576984354520547
1916_1,0.00979410937447721
2657_2,0.010021804333345704
10504_1,0.0013385676207565641
11621_3,0.2572385827579103
10148_1,0.0036265535622624005
3339_4,0.0576084786461219
8202_2,0.07143101611336718
7796_1,0.01201298866143851
4625_2,0.01949681211947292
11859_4,0.4607161009392983
8261_1,0.0032475194953244533
4670_3,0.16460237254534746
8412_10,0.9757869566210949
1010_1,0.18695499108140898
436_10,0.9968652185787803
9351_7,0.23461658586608664
3767_8,0.8600892797304864
4794_1,0.00036512323371785905
8447_10,0.2807271478062356
6182_2,0.5986862522636557
8754_3,0.9563312334715774
2709_3,0.008851993051921962
5882_9,0.9997658607156539
6916_3,0.3036835209199191
11886_1,0.21687602424862987
123_4,0.9987966122550586
2827_9,0.9714394523664505
11440_8,0.6350932408686984
4100_8,0.7799438751064597
11645_1,0.39070408997776634
7949_10,0.9977484202872222
2017_1,0.12343086364789657
3451_7,0.9998124755674482
10986_10,0.7968156939675929
1541_2,0.7961062728710885
12336_7,0.27320087513614266
9787_1,0.009432152775064886
5282_10,0.9982235474788368
9568_4,0.2642931091969777
8222_1,0.29040868846155077
5415_9,0.985747782593811
8485_8,0.5844816253665922
6449_1,0.01622547600385625
466_1,0.03614960692582601
11997_1,0.2517585736455878
6144_10,0.9649845064303193
3309_4,0.14859798040437566
8655_1,0.014477133665284567
10141_1,0.27409878034954294
7469_10,0.714961667274001
4445_10,0.9168824479595925
6651_7,0.4485037141698714
6711_7,0.08159788364619985
3329_4,0.13576103797168484
8000_10,0.5605884142238325
2279_8,0.9668598981947488
5012_7,0.7961965001730847
2437_3,0.13293857194611886
505_9,0.8048036053069506
9070_10,0.6563288878783314
1234_3,0.002608656024712782
4880_1,0.04948632681416945
3981_4,0.03439557136277988
134_1,0.003271999978603746
3211_10,0.9969620044666628
2559_10,0.7611930778338737
4512_3,0.04663362610260407
5957_1,0.000488981079635935
11626_9,0.9964524926480415
915_10,0.9785213002959798
5569_10,0.5393383067020036
12396_9,0.9290236286194885
6494_2,0.15820836999245516
3262_1,7.028422285427863e-05
3916_10,0.7207486724695216
787_1,0.10888069586812478
11092_9,0.9802749872488361
2818_10,0.9893796977202614
5271_2,0.2222868618515524
4057_7,0.982228452009843
5042_1,0.023897908337902493
1204_1,0.09369621637929695
3651_2,0.13433018688430945
11763_8,0.997068096175168
7766_10,0.9926168538628972
3498_1,0.0021300656742968853
11578_10,0.9970396375360929
3691_1,0.4069040159099898
11947_10,0.9309253718723247
11475_2,0.0016177551445249248
8568_9,0.8221476239512281
8247_2,0.03960198618886428
9544_7,0.575613199692409
9753_8,0.35376766193301634
6824_7,0.42731006021783274
2799_1,0.027066841545549145
10459_1,0.07368724066580555
1894_10,0.4233971383923103
9726_7,0.8352950446899282
10923_1,0.008106732973784845
7946_3,0.4820133459041117
7509_10,0.9808453361930498
3273_9,0.6243273272150943
2716_3,0.37276892959281505
4622_1,0.0007812495511733771
1204_8,0.8891850010111452
71_4,0.12512377536662292
6508_9,0.9501762803482678
7819_10,0.9978537932240809
695_10,0.5559030398382802
10844_10,0.9970756362631054
2413_1,0.7426638246293519
8768_1,0.0013943915646893782
4536_10,0.9980402999707819
2576_9,0.9962371706201898
4473_2,0.11243655973076391
65_2,0.7276116870538396
6114_2,0.45364199581043574
7458_1,1.4862874296001062e-06
10815_2,0.1045275031771152
8344_1,0.020038542136153265
1975_9,0.3939411727388421
1659_1,0.01340282095516464
11030_10,0.9894117850031647
5405_7,0.7825193382961261
2539_3,0.209420143997025
6565_8,0.7815675842829333
1826_10,0.993670697842393
2577_8,0.7410487784082104
6032_7,0.4463957735433817
3146_9,0.9937510064929717
798_1,0.0026986568995333035
63_10,0.12059935933788696
11819_10,0.9525889875703789
2905_7,0.41504148110879613
2716_10,0.985076778028143
1717_10,0.720683722286092
1036_3,0.1259397292567985
11583_10,0.9696390522016134
962_9,0.9882228305395594
10203_2,0.005268016782438884
12225_1,1.1228509020990915e-05
10322_9,0.30621834618773003
7601_2,0.7786454583136652
1675_4,0.7911488229694426
8235_3,0.003505909916236444
680_2,0.1341518507996528
5208_3,0.015131187667221576
10678_2,0.7293387617542134
6072_10,0.7300268440020806
1216_1,0.00886682224150655
11434_1,8.72498558638899e-06
12480_8,0.9663048215425608
8844_10,0.5852767783576903
10506_1,0.0004574478841368152
9766_3,0.8305348893726079
7804_4,0.5274679932734098
44_4,0.0008846806904792995
11226_1,0.009509191461044819
11378_2,0.40646466530121456
7805_1,0.002644742177004982
4692_10,0.28616791131286806
2928_9,0.6869844010544747
8785_10,0.9954850921258589
3083_8,0.8607500639762535
626_10,0.9987573762949363
9228_10,0.705793735667226
66_10,0.9949284442382024
3824_3,0.9941445033301519
7115_8,0.8830610468971875
11893_10,0.9970624053011159
1628_1,0.07194158835674172
2236_4,0.22442867162113794
2032_1,0.0015598322652679
6613_10,0.7918185251758952
1582_8,0.07653794494673809
304_2,0.00020042929667328703
2441_10,0.9976047161153114
12437_1,0.0062760758310345935
9822_1,0.01606083854725653
10481_3,0.47048766648889107
9193_10,0.8309454971031726
3233_9,0.9711834739161801
7430_8,0.9985492788004278
10049_1,0.0008256441394944056
6384_10,0.9916962295729908
3993_9,0.9238406934012352
4545_2,0.018724075517864973
11500_4,0.31525498802664476
12127_10,0.9970666761322239
7277_2,0.012539086762030747
8927_3,0.12260956763021848
5970_9,0.4304770957047548
12115_4,0.0029197656053043396
6132_10,0.9980625631696334
4178_9,0.9826470696294527
11453_7,0.070137505974069
6569_9,0.9255250946911145
3924_7,0.17701038947736752
6425_1,0.00019681127449448562
1141_1,0.03912511963624677
3366_2,0.021711382191899865
6700_7,0.9623283496576245
7948_8,0.8374230335587157
2750_8,0.9904697957128451
11326_1,0.3370526230570087
231_8,0.9852216828777041
8941_8,0.9674343006605801
8304_7,0.07387161510060831
12179_2,0.5866011468998054
3808_1,0.03425755492230493
2710_1,0.002148804820983766
4833_1,0.05707708436314498
10405_7,0.9066907514099631
449_9,0.90032745050502
7259_10,0.8874281394388933
8513_10,0.9473208154781788
801_8,0.9707460323677133
11322_8,0.924959746915375
8417_9,0.8980985816885614
7059_8,0.22815027482803069
681_3,0.026868425768433166
3135_9,0.9083032155771772
7172_3,0.09639404921032964
11061_10,0.9788783742008897
9555_9,0.8857343992450468
1331_1,4.577147324339849e-09
9155_3,0.00020519699102465437
8765_8,0.960061093202128
4714_8,0.6958315959791553
7593_9,0.9908880478451811
7769_1,0.016123027082191398
5016_8,0.4826679235984907
11917_2,0.0627732075615408
3311_8,0.31246017228484807
6784_4,0.8990936728839972
6685_7,0.7900566671807973
1232_8,0.933423013378742
765_2,0.2962524082341417
6159_2,0.003644558249288958
12037_3,0.06587810102853646
60_8,0.8307927349386607
6138_10,0.9846406906608562
4759_4,0.06549546865787988
631_10,0.9975130689772387
5993_10,0.9938694625379724
2751_10,0.9931239489593862
7234_1,0.2742236864697137
7966_3,0.0478193051014878
296_4,0.22833604063871857
8252_4,0.5754388476406387
10333_1,0.0018858464164917136
5950_10,0.8219750884591649
2735_9,0.9132797295666233
900_1,0.0015144001045964107
2350_3,0.04038369484480376
1457_10,0.7742222155431908
10226_10,0.8769364289665018
9198_7,0.8903479167285341
1072_2,0.041851034420156225
8332_10,0.9965973542300428
6264_8,0.9991513295322069
1092_9,0.973381694823701
11888_10,0.8190534683678704
11702_8,0.6864748079331574
8704_1,0.03924612215530542
11458_10,0.724073536120615
8218_9,0.700775018167391
3739_8,0.9308365778461082
4787_3,0.7175830330937276
12097_10,0.6890118241224715
7894_1,0.00021368012070480412
11601_2,0.009148614922868972
4417_1,0.6449633565477186
11108_10,0.9883770085187148
5673_8,0.9248087993659607
481_2,0.10364040978525671
6892_2,0.003763518606285497
5203_1,0.2779026593306473
18_1,0.12369741535648587
5488_8,0.8124083149284085
750_7,0.8114073792808918
1478_4,0.08805570242020633
11340_2,0.010534941087737186
8735_3,0.11798463160927898
7404_3,0.39412145697610057
5681_2,0.021508032596113058
5863_10,0.3109869044836071
602_1,0.00011817134429645824
9474_7,0.7290796109804116
12075_3,0.19982136978767992
1148_8,0.32228142503837726
2192_4,0.3042873342173004
1394_1,0.0002685146492943207
2643_3,0.11185467936729146
8214_7,0.8492172158157613
6728_1,0.07923914844068951
5397_8,0.8115248366501563
7056_7,0.8883488472157468
2669_3,0.0029361122480408798
10713_10,0.9879845058934832
1349_4,0.4378422919441807
3254_1,5.986200737502395e-08
9717_10,0.956177910840506
11358_4,0.01521947043113689
12262_1,0.0010075636289511643
1332_1,0.0003016157024977262
6116_2,0.004622362608510644
6324_3,0.023640582189992078
10808_8,0.5763464898872638
11632_4,0.001859209613323885
2881_3,0.11913605244461177
3524_1,0.0005183165079195884
10503_8,0.3121187415898993
11525_1,6.28125302814397e-05
9973_4,0.008982353116659998
9804_1,5.202774733012687e-09
1865_8,0.5024725410995895
8001_9,0.9952495105023483
5776_8,0.319690470994386
11848_10,0.9899758018614642
4809_3,0.08218300053179799
841_9,0.9252460008211416
227_10,0.8788721565142857
1833_9,0.9981939460074148
9471_10,0.9986803375753049
960_3,0.08488596500595773
10763_1,0.04723832099431667
1330_1,0.0002412481896264709
326_9,0.984858760114568
3392_10,0.9864335332435283
5883_2,0.05614364766130473
12168_1,4.270555590197482e-05
7525_10,0.9842861109974285
10578_1,0.12007144584223578
9173_3,0.13774274523798205
7214_2,0.3335724222141738
7163_10,0.9886058318338303
5177_8,0.8125602183465688
3372_7,0.6459734278204508
6041_8,0.240249394491412
1590_10,0.9894876665757525
31_10,0.5729775413716925
2533_8,0.9726665326463284
7927_10,0.7195895222864496
5037_2,0.07455417695232747
6046_2,0.39009665436168217
2099_3,0.28348338054530825
133_1,0.24663788447602975
205_2,0.12245680004516624
374_9,0.9837134069778367
8944_10,0.8426280490157445
799_4,0.3685064273208624
8832_9,0.6646228480796142
3836_10,0.9837550234952337
2940_1,0.05800276324393632
946_1,0.7817911716650112
9310_1,0.013617715714194298
5853_8,0.6001267920903909
10852_9,0.7492426813847667
4061_4,0.5709445957628937
10301_10,0.9885228367402471
11104_3,0.003003906156714222
9339_3,0.2557170815326939
537_10,0.9987113502242689
8661_7,0.5935894681214728
9381_4,0.29693115711658885
12473_3,0.07424252233930204
5140_8,0.9815142569006586
4624_4,0.005848357757405398
9156_3,0.9379840303209606
5980_2,0.04039894705421158
5920_7,0.9484298077432798
4013_1,0.019266219577492517
11879_2,0.0127886618222653
1317_10,0.9748917372896009
4647_10,0.9933298285781257
2550_1,0.0011744157411923161
641_8,0.40803759206916834
10069_10,0.8733994985231307
12215_10,0.7397003741650711
6293_10,0.9963279029611544
1416_7,0.9885623091780165
8561_9,0.8134747079144414
1981_10,0.9843724294921444
1667_2,0.3953772745640863
9680_1,0.006274728461934607
888_1,0.0003468580072346212
2202_4,0.04455244990168688
8835_2,0.15392601147067583
9340_3,0.1293213151106455
8742_10,0.5947383174342181
1892_2,0.0073426426211812
11940_10,0.8196245266406518
5976_2,0.002420941743975637
5430_8,0.9702018403065885
9125_9,0.96451001611289
5217_8,0.9267508841286063
5257_10,0.9425751634006063
5487_8,0.7984641166994492
10815_8,0.9637009684442698
12438_1,0.0004402115124225206
11433_3,0.4145025454945364
11570_1,0.33961053900963134
11880_10,0.9158641080716584
1983_3,0.6576244936368163
2916_1,0.03264337380623357
8119_10,0.9997445712744395
10960_2,0.11811590389226245
2798_2,0.007668979867347104
2797_1,0.5789622009782119
9931_4,0.8597223870839086
6244_10,0.9412003042236028
8361_2,0.026147449838500415
7098_10,0.8787551014948984
9107_10,0.9814782294383859
9860_10,0.8230149251671354
10252_1,0.0001172326896283702
12015_8,0.9568765815007252
2696_4,0.4176578974143498
9301_8,0.966451962996989
799_7,0.7292837504785292
9411_7,0.9488592196472757
4172_1,0.0011545716585357837
8008_10,0.991935301856298
11436_1,0.00023670437318698114
3464_10,0.9781453491493702
5826_3,0.02354727577757858
5460_4,0.029644364975808513
8920_3,0.17693724385092122
1465_3,0.02783842763844173
7571_1,0.0027511954345631733
3416_10,0.9899578551254905
11088_7,0.9234426608777386
7007_10,0.9760371760789669
11317_7,0.9646957193495193
11639_7,0.7411146745903481
1871_10,0.9887337606708321
1551_7,0.9753577774621881
4089_4,0.02250185454952921
8145_9,0.9911713330712548
1243_7,0.998495729249544
9082_8,0.7576126820331184
11807_8,0.0957559893611599
6154_10,0.9846583460925793
2082_8,0.7865009411530731
9142_4,0.515448496566488
6126_8,0.6340589287413498
9774_1,0.015511078861487785
5137_10,0.7268174858896607
11085_1,0.0014386995885435833
4541_1,0.00116383701328037
10478_10,0.9974227489245512
8479_3,0.4836838556450468
11220_1,0.18384410445914273
0_10,0.981744555754731
5235_8,0.9263127232534161
457_2,0.263725550669132
6784_7,0.7992262415267584
11527_10,0.952697282117142
5935_7,0.935794699868422
3697_10,0.9903004226869299
8318_10,0.9980541713143302
6770_8,0.6791004437907336
11760_7,0.9129535595122305
10344_9,0.9981765879091175
12363_4,0.9501717368497928
2233_2,0.07746728037144378
12184_10,0.9988209038503836
4668_8,0.06428869652716684
2293_4,0.048072267655358616
5886_8,0.9928198733415007
8403_4,0.41709056829759167
2493_3,0.11748790700968031
7224_2,0.004799386753886859
7753_10,0.856346856386026
476_9,0.5538081922362561
3760_7,0.210681214891869
8371_1,0.048061406019766155
2541_10,0.7295150612067548
12052_2,0.0007906904001009589
2320_1,0.05171836259729167
5598_8,0.8252914788836235
12342_1,0.00017759813663452542
7391_9,0.6446543860632807
2615_1,0.01978605690487331
11251_4,0.13202183044901694
9946_2,0.03566648517675282
10571_10,0.3758886287069163
3984_1,0.019393470286745807
4633_10,0.9876267764403018
548_10,0.9772672521519321
1732_1,0.001631503960985249
3559_7,0.9911387539060506
10212_7,0.5528595222826682
8950_7,0.7317835523719077
8157_10,0.9961982296254361
5986_9,0.9990820001387436
10263_7,0.7113168029461666
2168_10,0.9983029488774642
4424_4,0.06351419767359114
6944_10,0.49804467285938936
11467_7,0.9457902972152883
3630_8,0.4338323393050128
2405_1,0.0036258615302349833
7517_1,0.6158353505619227
8116_10,0.44304534927070566
5368_4,0.2241315118845634
2045_1,0.009111653216423236
11303_8,0.9913203368014851
11077_2,0.06038209315767734
6314_10,0.9885955482141141
12137_4,0.27435990802717175
12180_1,0.004356337415117017
6403_10,0.9947911585769663
2019_1,0.00010297340218516525
7921_7,0.8623581070228746
3977_10,0.9577934573639552
11277_9,0.35416971843082073
8398_1,0.0005510208875275313
1429_3,0.2200970286504974
9628_4,0.5095184797533843
2472_3,0.7716368302033726
5811_4,0.432145132126724
11663_3,8.733887960359141e-06
3153_1,0.008800006067311641
11881_2,0.0030647287150292087
767_7,0.8800488423663906
12243_10,0.997761768907825
10969_8,0.9724372127653503
8689_10,0.7283789636879979
1854_10,0.9951567010981538
12392_4,0.019127272633481084
6627_2,0.0002785778806981501
6819_10,0.995230955291709
1587_9,0.7111870180129357
6999_10,0.9193788472227034
9128_1,0.8927955287140813
7141_1,0.3154659431908822
4485_8,0.9900497349146237
7368_7,0.5707532454149856
7698_4,0.9435512529295826
8376_3,0.0564315000421439
1862_1,0.1122107925198987
11217_9,0.8308298467308519
5179_4,0.1900247262424035
6524_3,0.12382203645358388
11877_10,0.9109290948481806
6055_10,0.9971643436225008
9372_1,0.0054932682085465185
8029_1,0.07909363075575812
9546_10,0.13415252906265407
5514_10,0.9543653986495397
8869_8,0.9453527578482149
8290_10,0.9391206791187479
11619_9,0.6894127975069994
5949_4,0.5953952722363378
10146_1,0.4861253569273579
11776_10,0.034985440698483077
2146_9,0.8487920844550927
6461_10,0.7927615859713377
10480_4,0.17628919576118454
9021_10,0.9046826440864771
11802_10,0.9987670007816565
9139_2,0.7517214742807163
5590_4,0.7369712964167474
5631_9,0.8393437388064708
6333_3,0.1646744005834513
10455_1,0.025989278876057807
10394_1,0.1347758225928023
8814_8,0.8926076158493652
11264_3,0.024854298163502774
2255_9,0.9923857987933281
3915_8,0.25639346335454727
3386_10,0.9988839234974858
5531_2,0.06174061764684075
1676_4,0.1115262096926963
7711_8,0.9864070784349013
7871_9,0.9974858698392097
11101_8,0.6877642092874967
11562_1,0.03845357492143796
11609_10,0.9469037112037637
9556_1,0.049454447376695555
7149_3,0.9792555737847112
11807_3,0.13077675118778556
12106_10,0.9997350112434059
4763_1,0.10768456401081407
2007_3,0.1446246261652345
8454_8,0.994629765055726
4656_10,0.9475063688063852
717_8,0.9776405845392314
3501_4,0.5203961099386056
6562_4,0.009313631799546708
3926_1,0.06214637558826467
7497_1,9.719358959784112e-06
4257_9,0.9713564245405296
4111_1,0.004164010431724623
9865_10,0.6736990995650591
8323_4,0.10698224151882216
2228_4,0.2380377162957396
1180_7,0.9964369521660463
6315_8,0.995160076161981
12271_10,0.4997382999682325
4567_2,0.753465400526132
8745_8,0.7644558943445542
4994_1,0.00029966188159204123
2842_4,0.03800505105493583
674_9,0.7043509177694166
4431_3,0.2795783908141126
2534_4,0.1505498450386701
378_9,0.8624610903819566
6039_9,0.9871996003327045
9551_7,0.9962715966720574
1273_7,0.8580773825678758
4222_4,0.21328295094506053
7469_1,0.015998405939589334
8733_3,0.4816741862697226
9324_4,0.48075535828796345
8888_4,0.20732529344953143
2872_9,0.4334150560434623
2123_8,0.9980830523446271
4982_7,0.8336704464876464
10668_1,0.07829462423876554
2014_7,0.48343289295099784
4211_3,0.10346767079531097
1202_9,0.8368346232288228
5450_4,0.25348049868492223
2484_1,0.10688899288212346
2427_8,0.8247355488191562
405_3,2.2172432410707095e-05
1_10,0.9991269128843775
4498_4,0.33251765605016
50_3,0.22345270369951856
10113_9,0.9997267336994361
8919_3,0.1330759067882572
1338_7,0.6928268883227761
9817_8,0.9999840853899843
10824_7,0.28648109714248354
12165_8,0.675370019233484
11975_8,0.6379018024209931
8537_1,0.0489260108665406
4443_9,0.8635136564382919
207_3,0.005138259146503764
4247_8,0.260182148445365
11333_9,0.9937592238397224
6357_2,0.2608099283888484
4477_1,0.005206904554335016
8774_1,0.07784879351675278
10049_8,0.7857443986225747
9621_2,0.13980508413206585
5428_10,0.9998934622404362
11693_3,0.19923766849736507
8731_4,0.4744814985064386
11209_1,0.10084709508644568
10581_10,0.027269314374373785
4289_10,0.9919101870488729
511_7,0.8910964376901428
7832_8,0.24781007166760802
2567_9,0.8365342915971462
4931_1,0.04992423354474496
8770_2,0.002198145100481435
8999_9,0.9993640805278943
9918_1,0.013729631707020129
2254_7,0.9265815359731
4095_1,0.42298922230019986
8601_2,0.02314894960329882
10347_10,0.7913384650938936
2911_4,0.8408205951561166
12157_7,0.9089443030540919
5154_10,0.9980713618401852
27_9,0.9328987660975465
2586_9,0.9182256688591974
6344_9,0.9989344539843903
1888_4,0.005501270914366427
6630_1,0.004026142492379951
3202_10,0.9946662224736518
1517_9,0.9735120851445626
584_10,0.9968994429632495
2683_4,0.019706577532205654
1721_1,0.002760492991864151
4371_7,0.6811014707064911
4697_3,0.46539637282293583
2977_10,0.9522861887458448
1835_3,0.2541150928827052
9872_1,0.20219902786548163
4794_9,0.46234227661182203
5345_10,0.932251478661374
1230_10,0.8340796402921015
2438_2,0.01852318281293359
5709_9,0.9741596496843177
8007_1,0.00042267374431644207
7236_10,0.36292321815520995
7978_10,0.8423627079251438
10608_1,0.007236203804729109
10968_1,0.028432382009901908
3650_1,0.005888932479594574
7966_8,0.9438019462881981
8435_9,0.9954679988434867
6095_3,0.11651900319228813
12457_8,0.6886189870580189
611_10,0.8174937267261894
7589_7,0.9293081332997835
4378_4,0.10334118130768664
9019_3,0.1202402021541618
794_1,0.14233313573951709
5112_4,0.010293226005243981
8698_7,0.9127950841188267
2729_1,0.005616396566229745
9090_1,0.043219833105675884
9641_8,0.994104124706963
5065_7,0.7220241335030099
3147_10,0.8545082678184369
3971_4,0.0007925578598128896
7000_8,0.6117904019806139
6716_1,0.008711907694475619
11482_7,0.7292428040544363
9263_4,0.5646879605202715
7901_1,0.10464908091475918
8213_2,0.01604216869999639
1113_8,0.9438489633293791
1013_7,0.9880885468198785
2195_9,0.9454724945685695
1371_8,0.20511832650209486
7239_7,0.9115520889464653
11376_1,0.0039059789594461753
3506_9,0.9999154969486538
3413_2,0.5900337008075869
8641_1,0.00014133742992238565
11587_2,0.03599982240405408
7639_7,0.1619889505537607
8100_8,0.999664195031771
8151_2,0.01007348214535888
10464_2,0.004782002080295703
2043_3,0.014817488921018734
4454_8,0.7318284896098088
6562_8,0.998215095059777
8549_8,0.7948676674910751
1209_3,0.08111066206996233
2566_4,0.06071596868988234
5871_10,0.9799316937464112
6459_7,0.95933326938639
11006_8,0.7708223103436462
3313_8,0.8863103238784444
5290_2,0.02898438903686744
9687_1,0.00035409334159074065
4165_10,0.9437820720158839
11120_4,0.03656360857962953
3379_2,0.4073287298111889
5814_1,0.33270749511567604
3414_7,0.8643224420735209
7750_7,0.997137501147824
9727_7,0.5643080475740432
3850_9,0.9419196585439007
5954_2,0.008875932363346915
9685_1,0.0011110933066235543
9307_3,0.8566991544103786
8727_9,0.9974931176440248
9746_1,0.0005099311221178404
9365_8,0.9996939000153058
3361_10,0.9962928563251522
4554_3,0.010697497876630851
8952_9,0.9737460935669924
4301_1,0.0005533462208448369
10764_4,0.4577444138678313
2738_10,0.8544692979183177
3554_1,0.009734726546468538
5724_8,0.581585069114643
8804_4,0.14605780943449573
468_8,0.9987942074680628
10527_10,0.9467351102891431
5117_7,0.9988038680731265
3390_4,0.19479126777904207
5875_3,0.04230114533766695
10380_7,0.9957912660295328
887_2,0.9592055589943799
2707_8,0.8652576718797999
11371_3,0.18925106241947678
535_4,0.27531167173819704
10700_10,0.9655381787682382
3047_10,0.8530406161609723
5930_3,0.08058857269966221
6044_10,0.904466798652609
8679_4,0.9731605328505649
2261_10,0.7434098611496179
9577_10,0.9977865243941517
1999_7,0.15817463820212888
6010_3,0.21442953913704924
861_4,0.08405444481708334
4360_2,0.0017484246816713677
5373_7,0.3604631376557215
10760_8,0.6604702819263848
12436_10,0.6855519015784126
5149_3,0.7324897666086587
7091_4,0.4061796554384097
5135_9,0.8853687031868116
5552_8,0.9855766483281788
1713_9,0.9979457596323782
11445_4,0.7493963717088269
11146_7,0.8544523766422268
5286_9,0.999234092453098
10518_1,0.018538795954243535
1122_8,0.5063785912539004
7680_1,0.16115671038668508
11042_8,0.8795183887780886
6336_1,0.2796962634280059
11784_10,0.18104265681528459
8759_10,0.9965120461625279
4362_10,0.8426405037453737
4483_2,0.02058022663748119
7501_8,0.978649110865268
3516_2,0.0008825209791154977
3965_10,0.7856107906756129
4066_8,0.4942711525460996
7802_2,0.3492546694426553
1074_7,0.8940960795478035
4555_3,0.02494027812982916
11477_1,0.0011466671263090152
5712_10,0.9996695778658327
1175_8,0.8540660057392485
6283_4,0.09810673093464826
11717_1,0.0022423960259810543
8029_8,0.9588612943442348
5794_8,0.8869976657963217
8717_2,0.016716477104644727
10682_10,0.3380297397426289
4610_1,0.01647238187457775
4908_9,0.9311409367672951
8325_2,0.0926245032789675
11330_4,0.5924599197701435
5717_10,0.9781883759875317
11421_3,0.08499260621489209
4725_2,0.19069113623245543
2284_9,0.9465854513489959
12433_1,0.0009662861731076262
10799_10,0.7358420185201682
3213_10,0.7449952191977848
10997_10,0.1990146004518291
3482_9,0.8805787285264695
430_4,0.6728844419681188
6524_9,0.8771597659067774
2270_1,0.04288167215842843
6410_4,0.3940460941650592
224_10,0.9091601116275373
10915_8,0.9684579269566912
8882_3,0.32028091540523596
3578_3,0.0359322265327099
7696_1,0.8133683842461475
7307_1,0.01459343008365291
10043_1,0.3759731837711132
6380_4,0.4140359116341248
3109_2,0.05698171773494748
398_4,0.09499812869380686
10498_1,0.5168372524233295
3565_8,0.9996680745440553
7844_9,0.961808458881336
5879_3,0.23292925637090275
5004_1,0.5273443610782683
9347_2,0.18684535528226492
2213_8,0.985889760977031
3654_8,0.9391039560962361
642_2,0.0001318002864054955
9412_8,0.3755975167697906
7418_10,0.9935920154158054
2012_1,0.03419903053753169
308_9,0.9338609945479875
11695_8,0.7631661221620226
7369_10,0.17396033174987333
7363_3,0.4761514358035803
7834_3,0.49970838378038535
7705_10,0.7804205832023541
4554_8,0.9761455260953052
4773_7,0.9804574050241048
11944_2,0.9562430433967077
12303_10,0.971458227708572
272_10,0.9540584433492252
11678_10,0.9627148392349668
8157_1,0.35289941366945965
1360_7,0.7743289113839688
1702_7,0.8399845451753388
7409_8,0.9958649284685794
3865_8,0.9187838790617663
8266_10,0.9997734443654389
3543_3,0.6748355576115862
8542_4,0.021561676285991184
2188_4,0.0012847148151476772
7928_10,0.5435853840863265
8271_1,0.034974247150743855
2667_3,0.013069834892865517
136_9,0.9792968132404781
2365_8,0.8739934737397379
9516_1,0.029330571226185338
6205_9,0.9917567779793669
12411_1,1.0014079558073819e-05
10549_2,0.016545755052644544
2114_10,0.9553784974471887
8379_3,0.03080566067277753
1555_2,0.003036455449030328
7010_4,0.35594780345237315
10425_1,0.0027432480788397782
2970_10,0.9997998731217403
1976_8,0.9962968043596937
4894_8,0.8111832829149614
995_1,0.008123966450399612
12087_10,0.939189307496177
5002_1,0.0012348032139059477
10204_2,0.0014928463915342073
7689_2,0.027440711415720048
8685_4,0.6050648685076879
4183_1,0.008458093241713899
7719_7,0.8172245368764429
6350_8,0.9941556483864162
6163_8,0.8635615276520661
11247_4,0.40319770939814686
8962_8,0.7945769660083245
7849_9,0.9677967566188069
4177_9,0.8592117108342743
4680_1,0.30094884853269666
10965_8,0.9719269652908373
3534_10,0.999544757974576
9782_4,0.06938519891323741
9525_9,0.9541144989606516
3743_10,0.9836149310655432
1688_10,0.977126913783986
4400_4,0.8202865247711996
1660_8,0.9413966761876977
8241_9,0.9997928531312426
1238_8,0.8677075293484215
1081_3,0.001820535860208698
6151_2,0.002711475925729468
6025_8,0.9511216758468483
661_9,0.3671744882041699
5670_8,0.9977638920825485
6122_1,0.19613267042641253
1767_10,0.9459241416103357
5629_10,0.8061270438672679
8256_10,0.8261103003497648
8572_4,0.2670621047116807
11580_7,0.6031958386263644
525_3,0.008912355066347502
2128_3,0.09734000877316067
10254_8,0.9916382715323149
3082_2,0.0017882104428521032
7127_1,0.12192448502043168
9927_7,0.4928185490279191
5694_9,0.42608965847930785
8063_10,0.9869508490566935
10768_1,0.009647841057179888
7375_1,0.016685224852208528
6220_10,0.9930544614012738
4477_10,0.994354831327041
1350_8,0.8794463816749929
9354_4,0.9737418545793187
9015_2,0.8655779732015664
719_1,0.0048905103077331235
10544_3,0.12389217296791774
4496_10,0.9470137977343656
3912_1,6.1917486149977784e-06
10120_10,0.9104128758150963
6958_2,0.014091837741348437
10964_7,0.8218145719480862
4974_1,0.025380955311428834
5591_9,0.9904858802092131
2295_3,0.5612379029850116
17_8,0.9999954850651703
10442_2,0.7943921975880472
3043_10,0.8576729460409263
5243_1,2.8277729813331236e-06
5145_8,0.772861459218054
5727_7,0.9028436143193044
3406_10,0.9710874362725654
3552_7,0.8881771487882107
1512_1,0.0012364352396378646
9214_9,0.9986156834435072
3060_3,0.4418803692241413
9086_3,0.3412843463904297
10428_1,0.4736272859097808
11198_10,0.6470635722766104
1743_4,0.05464240219012447
7795_10,0.1181904314120396
9863_10,0.8151637935437024
182_3,0.3192906504597647
9644_4,0.5624199479274867
10744_2,0.0026503515196314048
3393_10,0.9411328686082768
3657_8,0.9728874388081198
10435_1,0.0008830269878003104
9206_10,0.9420388010484245
4005_10,0.9563185320554767
5901_3,0.8180204077186678
498_10,0.9993725151228103
9583_2,0.2106486183577009
2336_10,0.9961282515995457
6107_1,0.5911737351832965
7079_7,0.9084110567400456
2769_4,0.685689956967847
4787_8,0.9939763677480565
11123_1,0.026290557629299605
6466_10,0.9831255025089438
6311_9,0.9590254468739623
1236_7,0.7471106564582612
3635_9,0.9937267821625985
1230_2,0.015865945994230943
8721_7,0.8825275621904901
7878_3,0.03779016574794212
11731_7,0.7369888025921122
8732_8,0.9248835005566921
8083_8,0.8075939937676745
3146_1,0.12887095104709104
11395_10,0.27880342926891966
2998_2,0.01153041756009108
3766_4,0.15627680627481755
353_3,0.00879529575296912
8688_7,0.99579997397735
6137_10,0.8965843192510637
11950_3,0.6211193791452096
5663_1,0.6161245168461404
1108_3,0.09451464924947874
10425_10,0.8396311624211186
913_10,0.8421241789101604
7852_8,0.8964299436700653
14_1,0.2551099426249366
12062_1,0.0002694011748452131
1162_1,0.0003113055670922519
8648_10,0.6092022547082765
10605_10,0.9580330314498583
1091_1,0.011447268643941279
7723_8,0.18307690226053885
5474_8,0.9750501978678663
8308_1,0.10904271106557333
9586_8,0.4284155663137742
5317_4,0.028355847870605685
11283_8,0.4350212324572114
9575_3,0.014727835759404425
8846_9,0.682823818141894
8756_1,0.008710496466348286
7973_4,0.13490643781217138
9845_3,0.02035271074941046
11335_9,0.9765433252147676
456_8,0.8185111354067462
378_1,0.7057154846513867
9176_1,0.017255650042465164
6371_10,0.849003613123592
3152_10,0.8666601592936924
7441_4,0.027210511362793132
10123_4,0.38218787144267286
6777_1,0.11893126964627841
7479_1,0.12291308196405833
5563_1,0.00495361920363889
9076_7,0.5614575586004747
11744_1,0.8716320436652379
1040_4,0.23723344336661617
920_1,0.0009041250705456229
3599_4,0.005154379288605485
9629_3,0.09176286149665855
12346_1,0.13357575984032533
4237_8,0.7962574329858101
6596_10,0.9350067717924497
11576_1,0.0023936360730801008
1140_1,0.0004589777363319812
2945_8,0.8161558811675799
7518_9,0.6349121006158244
3435_1,0.02058678128554037
8219_3,0.08636551191837408
6758_10,0.9908378253333342
484_8,0.7733282535427284
10012_1,0.0007409466283656343
718_10,0.9826474080223832
12293_7,0.7610996731362539
6241_3,0.018048209615525522
10635_10,0.9812206689371551
2563_1,0.015880108318329315
7682_10,0.3675414064443161
4993_7,0.963358554620229
12153_4,0.668280865407448
8559_7,0.7327993333255185
9700_4,0.5936972360791383
660_2,0.07480424629476833
11457_4,0.30646446286114304
7146_1,0.335713399930462
3771_2,0.16258395651633137
8333_3,0.3397190225252691
11740_7,0.6498914141551669
7035_2,1.207105489500349e-15
7054_1,0.0008784005580306757
12292_4,0.021757241894302788
8881_4,0.5567814899682941
7264_8,0.9609558037336201
11168_1,0.330309504028482
1145_9,0.9909557998437365
781_9,0.992697281637547
5694_4,0.013990643157624782
2637_10,0.9971610235833088
5812_8,0.5654084531584059
6335_10,0.9959784912186553
10491_3,0.13364318730826955
4684_2,0.0033299132056861373
3810_2,0.016219451556153255
12264_3,0.0036186004831211802
8018_10,0.8903534469736457
12185_10,0.6901302333106234
3959_3,0.38685011663617674
9829_7,0.98602397375593
4694_4,0.12322147209298734
3884_1,0.03282071989805481
8027_10,0.9818374010491344
743_2,0.02070506224400308
7036_1,0.0022694313999352417
3081_1,0.01871269168811654
4606_10,0.9218796058683522
503_2,0.038037873685748264
6989_10,0.9805087629731932
10059_1,0.02573494722453888
1380_9,0.5154598346620615
3247_1,0.10864851841940695
6308_8,0.9962568355710693
1592_2,0.0009058171665604483
3167_1,0.0008107442636345326
6357_10,0.8185241269658766
7107_7,0.23715584038191648
5335_8,0.990001007588893
11948_2,0.028201458980786742
10805_4,0.05177652097854817
638_7,0.8588641662242
4311_2,0.0007443659270152489
11795_8,0.7387654638148637
8031_9,0.8832900763837578
11930_2,0.82894456652643
7886_3,0.5785928364237429
7253_10,0.9957501750474883
10955_3,0.17254236328431996
10680_2,0.01940282567420723
8754_10,0.8020156398297498
9556_8,0.9910823755790361
3076_10,0.9894870156740295
1544_3,0.21327358138397773
2726_3,0.029218726571279368
8545_3,0.00047969073153167807
3175_3,0.050112450494845515
2864_9,0.4887858339442044
547_4,0.5530374071318985
2831_9,0.5580532081832106
5321_4,0.22489163551158156
4675_8,0.9911858175912962
11787_4,0.07931043148630501
2837_10,0.9841359170418257
7730_8,0.9014647878004435
2309_10,0.20865915173631183
9078_7,0.9929064787000449
8160_10,0.9842438832090799
7824_1,0.00021254574597417823
9926_8,0.6996149459857471
3507_1,0.005130731638505719
5878_3,0.05486187251126682
6708_4,0.24806944522687063
1096_3,0.4476499846151015
4556_8,0.919398639792252
3667_10,0.42546271358981747
9565_3,0.04191801070333947
4737_9,0.9494067502306479
12134_1,0.13539365142497461
9413_7,0.6544011953186818
1002_9,0.9905786628206176
4889_4,0.8924527653104843
3453_1,0.04973413088872251
2763_2,0.05107624405514064
8248_8,0.4121639113212969
1881_1,0.7029055122607595
3528_10,0.8969292064419301
3630_1,0.19218004793673413
11390_10,0.9986633056260603
3991_8,0.5871456583221425
7650_8,0.2266985299032496
4527_8,0.9774293469986495
10307_2,0.8931610004321013
8872_4,0.02094135836507213
1741_10,0.7320552070704066
12170_9,0.9388907963974849
11196_4,0.01379775846075763
5524_10,0.6959957296246199
1926_3,0.06136687453436945
1279_8,0.8047841621758206
1444_8,0.7454121693850881
8975_8,0.7730526976961672
7157_10,0.9952607847322295
11973_2,0.08731595001801144
7022_1,0.47887616694790275
6939_10,0.7957960945618824
6732_9,0.2562194179356005
3689_1,0.014000965902922087
10228_1,0.0036082341292096357
6314_3,0.5687321594226337
4285_8,0.9391083161407002
10086_10,0.6891224228045403
9899_1,0.06407354238204946
7556_10,0.7311795052531723
12299_3,0.0785824333119012
11872_3,0.07226548122304402
4257_1,0.038872603275213635
3028_7,0.4556953815188803
2545_10,0.9976795959038672
8036_4,0.12945563738306354
5948_2,0.20641010442929955
12113_1,0.17238394495808373
1738_4,0.16869119528278934
9808_10,0.8374561549639719
2629_4,0.35090434085898303
12003_9,0.668055139517286
6725_8,0.8759340014385628
5383_8,0.9881771934013716
12097_1,0.006479907119351264
11402_9,0.9548790521536674
3877_3,0.2999523978876061
3765_4,0.32724344168473884
11431_7,0.9617480866162118
7419_3,0.13526331671243924
9844_8,0.8111952073228106
9753_1,0.06239294613907941
12377_1,0.7363023103506037
2775_10,0.15209759233344008
11106_1,0.06380530607763545
10015_8,0.6631375904910882
9473_9,0.9297145985270047
3633_9,0.9525551910841236
9022_8,0.991461866028652
608_1,0.00011789791528453837
10724_1,0.0006168744476309372
1059_10,0.9958651837857263
8413_3,0.015781048425812766
2013_1,0.025057590912980782
2814_10,0.39484589255087627
9166_4,0.6446282251848512
6566_7,0.40871682185125907
9352_10,0.3967590635115361
8123_1,0.26424915045356756
10825_3,0.03839146260603055
3735_8,0.9853103823395202
7595_2,0.0017001076136943859
4946_1,0.00010983187711740094
8327_9,0.9921451021960841
5140_2,0.28399623994722983
10986_1,0.09776244577609462
7385_8,0.22095715176716574
3722_1,3.046807402594686e-07
9799_2,0.04643370710017922
1288_8,0.8739618172008629
8089_1,0.4814338257519438
11279_4,0.19725781206909423
4845_10,0.970229248908417
8354_8,0.9935396133192
1373_10,0.24906911674327478
5431_7,0.7730215137163062
1245_2,0.06183694846575571
11429_7,0.9297613713821368
11606_4,0.9272449470355266
4192_10,0.16400017679848033
3443_1,0.015044571648130656
4957_2,0.1597950883049487
4971_8,0.9509981125070911
913_1,0.16037757587805193
10311_10,0.9533635029521605
10558_9,0.9990776978859118
304_10,0.7429433206553645
7499_9,0.48821256526112844
6529_10,0.9514153506678833
2069_10,0.9926359538788246
1366_10,0.9828376971132246
10303_3,0.06517520868483474
4476_8,0.9958001324635104
8032_10,0.9987320478774078
8392_8,0.9557713876210236
10158_9,0.9933938055939284
10886_7,0.987287229581891
1789_2,0.13963860257538968
3113_1,0.02086410623861007
7713_1,0.0030684058872082146
2685_10,0.9630982997471285
9760_10,0.9564993064408536
12401_10,0.7359723959906695
2489_10,0.27276229665402785
6382_1,0.023793709695334942
2352_2,0.005658577028175789
9440_1,0.006503071501457839
10695_10,0.7086503773504643
7297_8,0.4984064774917027
11703_4,0.2936648209363501
4733_1,0.03309553361581096
1769_4,0.32008609781914815
12219_7,0.9587305623010585
1725_1,0.02135571937500033
1711_8,0.7506189786410544
7466_8,0.8565938097106816
6987_10,0.9325028497160238
12351_1,0.000571718049059764
4929_10,0.995227551244334
10281_4,0.0676138795804174
11555_7,0.5326097043054915
2075_9,0.8769759722101353
755_10,0.7131184992606358
11705_8,0.6176829939752537
1434_10,0.9115616160628467
6189_7,0.6235725299680495
3645_7,0.07167890281672624
2963_9,0.9945728647265465
3487_9,0.9802501325497003
6368_7,0.9783972881384023
2240_1,0.7797893492230509
10126_9,0.972708910212425
5366_1,0.2905734700884627
8058_10,0.8519193252947174
10746_8,0.91031644488606
4852_3,0.08619195127070002
5371_7,0.4415703352628384
303_2,0.08166197189708883
7169_4,0.5404436517311744
4284_3,0.08117054552252218
7539_2,0.039653549589010004
11410_1,0.18559737168677026
4710_2,0.2330064869928775
7660_1,0.6376826362928312
10378_8,0.7733749079222246
10580_10,0.9537613792476374
4295_1,0.014228189526249341
4433_1,0.4424429583706512
6959_9,0.9936368283936038
6769_4,0.42614983610217955
11996_1,3.4258875533575195e-05
10341_7,0.8139171287002257
2337_1,0.2346478649257661
11119_8,0.9354876407258731
4228_2,0.00395688140939762
3680_1,0.03990416529708644
11256_1,0.004671316912956328
1884_7,0.8164169991075308
4750_8,0.9666786961002285
4890_3,0.9978747116988885
7159_10,0.9341240943977469
10622_1,0.002607831936871289
11753_1,0.6346382818973642
8352_10,0.6198953935150766
2188_9,0.9682598362410897
6913_9,0.9504499423567159
9193_1,0.00010588444762414381
9572_4,0.25266904757178077
5136_2,0.2822190286206705
4799_2,0.015207309968757158
5045_8,0.9918718471614556
9538_1,0.003912552526631485
1565_4,0.2115950669091855
12134_7,0.9475262958640644
1437_8,0.45137600623611995
5319_9,0.9789945815644736
3709_10,0.9215389231624564
2642_8,0.9288658130089417
11143_9,0.9969565150911915
864_10,0.9856606608229265
9283_3,0.2040986441323908
5089_9,0.5816293960934493
9917_10,0.7798843786204201
3800_7,0.9961218296162622
6074_7,0.9389269458342484
6433_7,0.9982432191649988
6715_1,0.00045871955507422347
594_1,6.708892520790206e-05
2469_1,0.0010074385097757097
3155_1,0.6780129202974183
7458_10,0.6443085075042635
2020_1,0.018716690747186765
6921_8,0.9296157371190177
9662_7,0.9950294704036612
9567_7,0.9993868884085076
5187_1,0.059126707947481615
6831_4,0.2021285676127654
7829_4,0.5671036384936885
3868_3,0.6318470094744075
2224_10,0.970822456270232
12015_1,0.03833192097966039
841_1,0.0273533320619866
224_3,0.0964955657889037
4805_9,0.9961075755134949
7513_2,0.12513193354752164
7065_3,0.021066915001616338
6192_3,0.09799705193974183
6075_10,0.9403454160238457
10611_7,0.9731608704156075
10471_10,0.9685021858170721
4198_10,0.45857444849112966
10756_7,0.634417137791181
11960_1,0.06252550589465337
2885_9,0.9457868764263309
6837_3,0.3089600685860708
1917_2,0.3657543862143089
7143_3,0.003661654322786277
1762_10,0.9362888157576141
12066_10,0.9991573272529107
8410_7,0.2842953751211212
10729_4,0.5569152444893299
6967_3,0.2475482609136608
734_7,0.27340317211688375
1524_10,0.9459493664269842
2479_9,0.12304586785154416
130_4,0.000260470939967569
201_9,0.998391029331906
6157_9,0.9898050818281275
9362_2,0.12336006652517331
3858_10,0.7814555155610465
9895_10,0.9976020073864326
9953_3,0.002333048773493864
4667_7,0.5681897197307443
1951_1,0.0011726393348968844
8724_8,0.9970277696108206
2886_7,0.8444620242547476
7491_10,0.9998682642105522
10403_4,0.36316784375233147
7362_10,0.599144231872466
9466_9,0.9804866364859297
9079_7,0.9137299200551039
10171_1,0.07815301304108535
9511_9,0.5301678238435894
8775_1,0.014197104783303528
6462_2,0.3191520317606163
3129_2,0.19485817858215343
12461_1,0.01763152111758697
8541_10,0.1677656102352317
4241_7,0.8198119820772547
6533_10,0.8191663586003123
12131_2,0.0888179040096558
11577_4,0.02493640988556151
6063_3,0.03321043599471495
1760_9,0.9254921236645935
3396_1,0.14777966298868728
5385_8,0.9407501314511432
7212_2,0.07854676425834643
3522_8,0.10240400771948123
1397_10,0.6445418079848635
387_8,0.9832937170859121
4143_9,0.9947585666634872
9483_2,0.11935075674997093
3250_10,0.9961864707961586
8758_4,0.008247183818353392
7551_10,0.9659485908750909
2068_1,0.3133711910224788
9534_9,0.977652398005172
11561_8,0.8899113115690461
3083_2,0.005465098781640455
2973_1,0.27421966161769173
6574_10,0.9855335929462293
5442_2,0.03733578865015027
6343_3,0.35453491047389585
6723_1,0.00010426810991022435
6252_8,0.15572112144062253
8465_1,0.013445072717569501
1906_7,0.18062812449970378
7492_7,0.9032987424030268
5508_7,0.07779519120563914
5936_8,0.9483826067869476
5086_8,0.9294136416741146
2134_7,0.0684917888390384
8301_4,0.8012421353787496
8423_2,0.010084620757691079
6241_10,0.9958297412647621
8550_4,0.37668051159900773
3330_10,0.8983335540803293
8825_8,0.8559580933013831
8030_1,0.024401948828894435
4884_4,0.08524259350790789
8391_9,0.6568540419689879
9776_1,0.02698941560749344
1389_7,0.022647405836023145
12224_4,0.4891959772549057
2162_7,0.9734396159775184
8490_10,0.9760433794091793
12003_4,0.0004811271834810099
11043_3,0.19156939044284638
7266_2,0.027391229741307706
4480_10,0.6503977450730113
11954_9,0.9381370721778683
3280_2,0.2265153468113836
8084_2,0.004330315508005269
3913_4,0.8598252798098193
7353_10,0.9999159403547879
3161_10,0.9573730332200975
3941_1,0.16576252473904302
7992_9,0.9761109173871323
10742_10,0.9979283000972983
69_10,0.9936131958683093
10415_3,0.5503884521787111
4818_10,0.9700885374807208
5563_10,0.575033766351727
7018_10,0.9617114496613722
8873_4,0.21681581593257465
10593_3,0.09269851883652999
12251_3,0.081342482314364
731_4,0.2335638968468952
1195_10,0.9637611742974539
7337_1,0.508176890727753
2448_7,0.8765104539466048
4444_2,0.8143210850731195
9223_2,0.0025051727365211743
463_8,0.9592481068175932
4335_4,0.1066416520475261
9635_8,0.1349534439763985
8738_4,0.19686578098844235
6724_1,0.01652172610516776
5504_1,3.478585312655607e-05
10185_1,0.29444645393195085
901_9,0.9996401839717605
10452_8,0.975343311217675
8289_10,0.9912066434957012
10112_1,0.00039695854145082156
9950_8,0.9609877893877857
8644_4,0.34434812744914384
11534_7,0.04823352455917667
5708_4,0.11114259344850992
6781_1,0.013115097706594709
3582_10,0.949415738692171
4591_7,0.10960317118470347
3327_1,0.01532601364374933
9536_9,0.9703306343061092
3047_2,0.05780973291800576
2830_9,0.6899440065218159
4300_1,0.02679940138349032
4160_4,0.5989661848276058
11783_10,0.7301581625435077
6029_9,0.8738988133781092
6907_2,0.019914291896345443
691_2,0.0024805458064144294
585_1,0.6128010276334181
11182_3,0.5596001207752176
10433_2,0.00037840476740191794
11201_2,0.4831674038310444
588_7,0.7819006615472233
2522_10,0.53148923216341
7002_2,0.006250464798089332
2059_10,0.9957315058883388
4925_10,0.9907992599718142
7791_9,0.998392961185901
6392_10,0.7951664594267922
3305_7,0.9893935582893545
11951_10,0.17966458006308889
12167_1,0.002604491744317065
5814_10,0.9773027841859209
2590_10,0.7805726385332296
10571_3,0.05278690459839407
5452_4,0.1112540062046259
6480_10,0.9243345453500191
11050_8,0.939001638756846
11523_3,0.10448582083826581
6556_8,0.870289049662421
597_9,0.9491548690691354
4049_3,0.22412414634613442
6652_8,0.9997374876750393
5591_4,0.04284403432713967
12295_1,0.0076409390745838315
11478_10,0.9347231802085794
6436_1,0.0341393534013925
2487_2,0.02999704549623347
7520_7,0.9710778535441735
5203_9,0.9986435107955471
6162_10,0.9997806212231866
3840_4,0.021657462400230802
7471_10,0.9991614461641863
5021_1,0.0001305342835096627
5593_10,0.9391468805421528
7489_10,0.46447101020809956
1208_10,0.7877301550540634
11983_10,0.9948371678269909
23_4,0.012488641396742184
3622_7,0.08802502480839848
7821_1,0.001813655036551534
9726_3,0.009183646364283211
2890_10,0.9987789529853005
11695_4,0.14665985467873485
3751_10,0.9877463171911125
5136_8,0.9633262335125674
8730_7,0.9238899166540445
4341_7,0.020804190318892826
9148_3,0.009115055707339208
6385_3,0.06734762045838463
8560_8,0.10496611286502715
766_2,0.06788337150486085
8847_10,0.7420055607931102
7455_1,0.005725953068766531
3187_8,0.5684392117233997
9683_1,0.11076162514349411
7744_10,0.7893460378390651
11136_10,0.9994457869577872
214_1,0.09088486117147676
2105_9,0.964462449018185
1265_10,0.9656383031712558
9122_2,0.5797650950040265
9296_10,0.9870441325179731
8107_2,0.07633440297299454
8134_2,0.002110090573840315
3788_10,0.9826647397264245
2429_10,0.8517851086111565
8567_1,0.01454779172272008
7400_10,0.5824138253949135
1789_7,0.6780146312144255
11098_2,0.004932965325263929
918_10,0.0780369603371685
3389_10,0.8383589612710715
3754_1,0.2777973244778498
8807_9,0.8945846773906845
7900_9,0.9996913648921759
6541_1,0.025363030083296687
981_1,0.006407472397732801
2142_9,0.9966253855437387
1639_1,0.00037787794523945126
4162_1,0.001010496424242505
2476_10,0.983533794759292
9941_4,0.7096351169036256
4020_3,0.07261298029970652
6823_4,0.12045853428047334
6236_2,0.003945446168179731
7793_4,0.25306267277713135
7431_9,0.9999321397793133
6864_7,0.23909212163456262
184_9,0.9673837626958613
735_7,0.17843113384899412
1673_8,0.996447705194347
6209_1,0.003940424469258624
4167_10,0.9914504642173047
7854_1,0.10409913803876225
6281_7,0.9784255532603716
3045_1,0.01859991219840473
598_9,0.9393055206178428
5411_10,0.9787758431428996
3781_4,0.01102414549791563
10627_2,0.05498823323694814
11283_2,0.15383148190925008
4594_8,0.2572134705240632
12424_7,0.7139103636270779
6705_8,0.49536896924217144
5274_8,0.4778767124593492
2107_7,0.21787208286516271
10685_7,0.26571138263823824
1992_10,0.8585537326711786
6711_1,0.0030390807636834945
1899_10,0.860918055571265
6307_9,0.9722298578423746
5702_10,0.9162718104803417
6865_7,0.7985231333534298
5047_10,0.9765232439988176
2762_8,0.48408837907502045
2830_4,0.21371703294112657
9305_7,0.784786703450842
4358_1,0.00661346516573153
7558_10,0.9992651095173707
8607_10,0.4994139570144782
4599_9,0.7039454271611856
5267_4,0.059917232872989806
5667_10,0.9467553805732182
10108_8,0.9874787578683387
8432_3,0.18942029692793552
845_2,0.20566259580696675
552_2,0.3243138759292635
169_7,0.815856039676834
12311_1,0.27057920476718017
5884_3,0.15103423388745313
2938_4,0.41955659789450944
11378_7,0.6949513829880498
7337_10,0.9911708104497596
4378_7,0.9437459004065915
4660_10,0.9996756476335393
2461_4,0.256094090775486
7011_10,0.9998791764730013
9907_2,0.007379760523878494
6134_2,0.04026961218779998
1548_1,0.853143482832
157_3,0.6133388108864452
2189_2,0.003250523924504272
9021_3,0.40356112865631294
7699_1,0.14859200941656941
9298_1,0.007707352842899178
539_3,0.625452515212751
10243_2,0.018017231361664315
8659_9,0.9486429475845779
10748_8,0.7688633470262052
6757_4,0.008038448916564803
7196_8,0.7147199774150936
2579_9,0.891102881811087
5896_10,0.9738527796445783
2308_9,0.9949253921784523
12318_1,0.6120505516367077
12244_4,0.3516384635785228
10131_7,0.9382220808077055
3608_4,0.2048753134283939
10891_10,0.9953321578924054
10517_10,0.9944908944087366
2180_8,0.9370191681779411
2498_7,0.9995450231441237
3382_1,0.0005396271577316602
12196_4,0.5785057807597606
7079_3,0.05003944841162054
562_8,0.42523855022259943
984_3,0.16633522914700427
7756_10,0.9245905111163637
11553_1,0.4051385116961544
1880_4,0.1652935802879751
9842_7,0.8982917214918219
795_3,0.05681610876444909
11707_10,0.7342741165462799
8457_9,0.5336422682294955
2483_4,0.01029713003168251
4903_3,0.3181500982346678
12223_2,0.018561197386275187
8418_2,0.007648802516032314
6194_10,0.996343097026437
3214_10,0.9947004477205706
12208_3,0.022260301782874223
7001_10,0.24664902482715423
8533_8,0.8660228967395934
8236_4,0.07290084214288574
2867_1,0.000662268602149192
7876_9,0.43650921245467966
9640_8,0.8321240897438078
11866_3,0.022113355408952214
4262_4,0.390006411455083
5711_4,0.20577609006502834
214_9,0.837195154279885
9641_4,0.3103133305178714
9086_9,0.9989154887156367
12088_2,0.027929002033994215
76_8,0.9737109843890766
1537_10,0.9405697127153163
10510_2,0.026810896066567804
778_1,0.015501530868958606
458_9,0.3424070552779766
12472_1,0.0013498738575394343
7914_1,0.7160050972922268
8595_10,0.9947075060789324
7741_4,0.013853629402240606
9056_4,0.045589462348510905
538_4,0.40368506580152425
12049_4,0.6794806374473052
9613_8,0.9543787055974815
7051_4,0.22622789943677155
2549_7,0.6804811500794905
12139_3,0.06061560065048496
4006_7,0.665096821377336
11662_10,0.981703116261329
497_2,0.07910722508178113
5556_2,0.44569998001749733
8287_10,0.9965778632473113
4712_9,0.9925098260312938
8237_1,0.00020912258277975185
4466_9,0.9721988754919708
4141_1,0.021345975449279096
3303_10,0.9173900078661005
5384_2,0.03709859453726915
8494_1,0.0022819161878997202
5127_2,0.03801563480321946
6961_9,0.957912456938858
10856_1,0.02952767923230373
9421_7,0.9520639199764599
3776_10,0.9018031200430461
5958_1,0.007807795605462568
6227_8,0.8616289794154603
10991_1,0.20888066486927762
7996_10,0.9480538160135987
12372_9,0.8969060659165666
1460_2,0.1102177158394835
10183_1,0.017247487523771785
2829_4,0.002787288090194117
9797_4,0.15594314525745928
2988_3,0.00024388830152065203
3974_3,0.001207534117249036
11419_4,0.016832224637563
11472_7,0.8578932769996811
8489_7,0.8654301067318848
11938_4,0.2933812537097149
1057_8,0.8953672048645378
7213_1,0.11877213057404275
2615_10,0.7042644863801568
3101_1,0.0009636967348862735
7553_1,0.018912368916472286
10258_1,0.00288121003395985
8551_10,0.9975466322390336
11233_4,0.015776535919262542
2996_4,0.5686421634041526
8670_3,0.25496803329488693
10586_9,0.5405785412761163
501_10,0.9860628149033269
11398_9,0.9643994306639145
9223_8,0.9058775498998413
5432_9,0.9553639016272492
7517_10,0.3960432598572206
11616_7,0.8979554445390417
5055_2,0.02645089300214221
9285_1,0.02774370963069039
5175_1,0.727128699270743
872_1,0.009129593342335776
8890_7,0.568776580545728
178_2,0.004443303853698166
10660_4,0.06864246204188075
11461_4,0.27869561122976183
9461_8,0.9798304846101494
3992_3,0.0009253301503582148
1173_1,0.00023236189437473553
8261_10,0.9234488803883188
10007_4,0.0523297059945293
10751_10,0.46149345816760545
5021_8,0.9596520356978476
10553_7,0.8762952906836959
12464_8,0.965723500158137
8616_8,0.9421084368689394
9697_1,0.0006820263800389006
2800_1,0.00328839528801748
521_1,3.863943227390654e-05
7535_10,0.752964217049702
4352_9,0.9171880515699642
2246_10,0.8046794949274108
7039_4,0.06283295487128565
10344_4,0.649648166808829
12195_10,0.9832725982585673
3671_4,0.7170637892724887
1767_2,0.2330400590599738
6536_1,0.04143416269597396
8951_1,0.16668936387684294
12462_9,0.994681227541781
8489_2,0.007076900432162862
11884_10,0.9962006320775003
8602_1,3.256025405417199e-05
9229_1,0.046736757698155294
10611_3,0.04146085496020031
6764_4,0.5630683327471295
2612_1,0.10057387587129524
213_3,0.4124447469577585
1987_2,0.1343053827544801
3082_9,0.9537701243416162
10504_7,0.2010778279714916
8862_9,0.9631561553852213
5512_10,0.8045476453621989
3198_10,0.9982373519656536
11521_1,2.1904704915509588e-06
9841_8,0.5504731430047632
1781_10,0.9004434010696026
8389_1,0.05886025801209151
10225_1,0.10543191589795836
1403_4,0.19513420503024828
3792_8,0.953489064285214
4361_9,0.9479967853098025
6579_7,0.83105788142408
3891_2,0.5438221079925093
10782_8,0.8640628722431141
12290_2,0.1312298108871184
1710_1,0.06694253354137565
5507_7,0.6705441883720002
10523_1,0.05306424664005338
6722_10,0.5577471689523097
3401_10,0.996012913081475
8079_1,0.002651741667729058
5650_10,0.7437964455798068
1843_4,0.3142422875130268
8228_7,0.7648130725491072
1138_8,0.9894886610798818
7943_9,0.06554716146111345
2219_4,0.007401203502851013
11675_4,0.3079560383486649
7748_9,0.9950535388130547
3859_1,3.153744059358073e-06
1497_1,0.006002885190507157
2115_10,0.9902672169953669
9622_4,0.17536023501543518
9482_10,0.9586109348276041
9084_2,0.28014757076761704
2744_1,0.051691894951138316
6599_3,0.17900361924668404
10991_10,0.9490923913758057
8444_9,0.7063633973952804
1362_3,0.11908890580137528
6820_10,0.9941238867811502
10806_3,0.025977193303251236
5509_3,0.04218508306420628
1939_8,0.582254821274121
498_1,0.11856802555203387
12238_10,0.020268200462312515
4154_4,0.2877548916390026
11557_1,0.005455844233286231
6658_7,0.8666089444433356
1183_2,0.028106504874226317
3764_10,0.3510755343759887
12421_3,0.26815444929486104
8166_1,0.5048550134765741
88_10,0.9904561898612481
6291_7,0.8868613901332028
4637_2,0.08746335341047667
4194_10,0.8047600225598255
9020_10,0.13686282743545697
9749_8,0.3460601081628975
3308_1,2.108900749785411e-05
2569_9,0.9929942274981457
9696_8,0.8120951729843005
8680_1,0.05908986994752089
10469_3,0.003902035526765021
6208_1,0.05558027611706399
9862_3,0.7037301060556781
7663_10,0.9791446463263199
811_10,0.9118856756066469
5452_8,0.9626873388840032
4347_10,0.9747317000008272
10922_8,0.9165544824095704
10466_3,0.006797366003719045
11650_8,0.955942432991986
5126_4,0.15652589856005203
3454_8,0.9851526166873851
11021_10,0.868159138186225
1160_1,0.029121289996316215
1948_10,0.9824101808836556
8741_10,0.8829776772087998
8996_4,0.4934624273841934
11572_2,0.05730414146260089
2183_7,0.7792629840483488
1779_9,0.752706097769427
5466_10,0.999689201818913
1756_1,0.0006222415531860544
7777_3,0.1279367069297055
429_3,0.01717525936064021
1736_10,0.9262381056066294
1746_10,0.9867726331634179
7613_8,0.9837187012519262
4315_10,0.7500213055617319
12186_10,0.47314412987339377
4231_8,0.9794718310377064
659_8,0.9542027073197801
7739_10,0.9877140922685198
43_10,0.9924008170034649
2960_4,0.24979058032899445
11665_4,0.21597790227807334
4399_9,0.9811296420682948
6993_8,0.1449560586805031
6523_10,0.9855308439027244
7068_1,0.042828541401071236
3005_1,0.9589365597769383
10419_8,0.9994637757793927
3160_2,0.27675788337890944
1881_10,0.5752049590384943
5623_10,0.7928724867757799
2263_10,0.9616123300193326
5736_8,0.9816930381663501
550_3,0.019921236990884224
368_4,0.8033005599538326
9100_10,0.9321017734119813
930_3,0.0428122921617717
866_10,0.9491107533424532
11251_7,0.8080385617278846
10708_9,0.4968732390894178
247_2,0.14820866522761642
4080_10,0.7885946586278935
2104_10,0.9993176661992887
8_2,0.4914968383364469
1485_3,0.047748034484649954
3133_1,0.43019989452129676
331_10,0.9578358985594699
12213_1,0.09447389938838371
2825_3,0.0261291287273858
8316_3,0.377473701871793
11102_3,0.15208251966824246
9719_1,0.08035144402093675
1951_7,0.9807760103919619
10577_1,0.001238574793402736
9941_9,0.9998819347021777
12246_1,0.13009697278615184
7579_4,0.09076413108000723
7111_7,0.640850130176949
1068_3,0.35808105604469304
1872_4,0.7543009613997583
834_4,0.6282605412643641
12088_7,0.7433965883061987
7785_3,0.013348371943746525
7364_10,0.8414483756463256
4441_2,0.01809228496888336
3957_10,0.9995203465576163
7789_1,0.32685697646662665
3296_1,0.8706102186758704
6656_8,0.601274794403392
7366_2,0.023962420111049935
10579_10,0.9133549309451773
1292_8,0.6768802982408421
3172_10,0.9779809380422672
4948_10,0.9922709805995864
8690_3,0.06725651974310677
3279_1,0.0005567723957574839
7221_3,0.08091437516858042
6376_2,0.045068612683341884
4901_4,0.10690068458682568
1591_10,0.9989684502156616
2905_4,0.0889472633838399
8656_7,0.47269652817181074
10100_3,0.7822318841527283
6918_10,0.6547051054474367
7105_8,0.5329501141774914
8220_10,0.9049287001126514
916_3,0.08497566026674379
7831_8,0.04717723343937716
11118_10,0.9973878088849966
7993_10,0.8412425070101193
2665_3,0.05850233756307331
1680_2,0.08147842926044328
632_8,0.8745952649821734
5838_10,0.9992995211607716
4039_9,0.932519984732787
309_3,0.26267362425941737
6715_7,0.2009610864985898
9130_4,0.3556178605882866
722_10,0.9528426052253828
9485_3,0.04572903478567194
5421_9,0.9157473407128347
2053_4,0.004060314937246161
8824_4,0.035854542466851706
906_4,0.7952109966010863
4325_4,0.24243278188187994
3131_1,0.19412886365575396
4732_10,0.6525008957336572
7628_1,0.0002109375373191662
3903_8,0.8395927042766144
2781_7,0.9574750728137114
2530_1,0.024436779028880726
8740_9,0.9080289719821298
9456_4,0.034433152080799494
8705_10,0.9678848633424941
9894_4,0.10383174935049916
7573_10,0.9783204300644414
117_1,0.00031595451256100267
1578_7,0.3369448684127576
2822_9,0.6395994342099733
2544_10,0.8607864196388514
10988_10,0.9858444518042334
9846_3,0.00011317230144554013
6242_3,0.5914664107245766
5626_3,0.6920886035264345
4053_9,0.6211741310268705
10157_8,0.7990165287583951
10582_2,0.03165748331623563
11091_1,0.00011611772631497617
10436_8,0.9675138085040959
3432_8,0.9802785606699554
3007_3,0.49575252276179743
11467_4,0.015224866745001477
9877_8,0.14545104343230988
4839_1,0.4671839879907836
2766_3,0.19597779158728773
11528_9,0.9826593585275999
4327_1,0.0003891782287250375
8087_10,0.42451131134575015
3394_10,0.9996547587567054
4690_4,0.5975157013551476
11642_8,0.7184678995102105
2603_1,0.1301335623629476
9578_8,0.9074978894711867
8316_10,0.9073631235922046
8184_9,0.9998404290598871
9764_10,0.9884761812135032
3248_2,0.00015956173344803013
5784_3,0.02662279452881396
3686_1,0.001392045131333639
10901_10,0.8908064617337523
606_9,0.8842487764258472
6887_1,0.35859203559013075
4240_4,0.34259806527387326
977_9,0.7034607220809519
2232_7,0.6385818133142649
4107_8,0.9934310579481307
11897_10,0.9833452966910041
10418_8,0.9999937221948757
5274_1,0.00012648332704797598
5978_10,0.9998444517236059
6781_7,0.831889257936458
6704_10,0.6843859042028766
8290_4,0.2687521007262704
9826_8,0.3231917347114025
10066_1,0.7545587048744051
1135_1,0.13529861968320692
6683_9,0.9564710121612517
9991_8,0.9915022074865333
1710_10,0.9325895596584268
4774_2,0.01661093199290726
3621_2,0.3340209445975473
9258_1,0.0026843208287436818
12244_8,0.9795245609195904
401_1,0.004345788141298454
11869_10,0.9994141925075841
3092_3,0.10469590163336213
2910_7,0.9355699247400423
961_1,0.017250608740942048
6927_7,0.2037831371235677
4819_2,0.006401335419375854
658_7,0.6756554504931164
5477_2,0.049913937446609845
7766_1,0.03149272038251311
4159_3,0.05443767600771742
5010_10,0.9551739400716781
11093_3,0.006147176196051646
7287_10,0.9994363028832495
3462_9,0.7212286526977508
1652_1,0.06428459146152193
12077_2,0.7997665545799663
3798_10,0.9348777479488487
2696_10,0.870078929608967
2803_8,0.9678733018297387
11941_2,0.05958925711434954
8090_8,0.9371900038615575
6994_4,0.051184764237553936
1242_7,0.9836634189466773
8828_9,0.8400981195688375
1346_1,0.00017680728149803448
468_1,0.0336505348640628
3665_4,0.07239613037064493
4476_4,0.6229277437713114
6043_9,0.8098558835251608
5830_3,0.0005431712463843393
3159_10,0.7611428793321304
6975_1,0.059321627829954586
7338_1,3.074171874659543e-05
1424_10,0.37371626465984387
6487_7,0.9287735539221911
3023_7,0.6505214521402728
4749_3,0.05918136631695649
4596_3,0.8027823209900559
4681_8,0.997802302176511
4235_1,0.05139776736732356
2912_8,0.7663955716603853
6552_1,0.00010476976868350904
4329_1,0.4255201160931263
3876_1,0.0078912379189694
9168_9,0.8674890602630929
8747_10,0.6352585851677243
11842_10,0.9942832252396323
5612_10,0.34841875275452006
10371_8,0.9101575258997178
4804_7,0.9137977508875941
4914_7,0.9945156080500811
2520_3,0.1701446023191523
8053_3,0.08024570060937139
11302_4,0.07220831298457503
4766_1,0.8318489875111666
1820_4,0.2189047045217257
4668_1,0.07036663611263194
3521_2,4.104199303690187e-05
3467_7,0.9918472961170313
1885_4,0.042992859015904904
4206_1,0.5096710720314487
2774_10,0.9351116435402912
12060_1,0.005823326883284344
5664_10,0.983155542708752
7078_10,0.9934512709541464
4797_8,0.9684991351227912
2735_3,0.002775441923630749
7981_4,0.567587519179839
10440_7,0.6368652605724227
11611_7,0.9922129982840092
5553_1,0.05015295533283689
12415_2,0.8351073385428762
10807_3,0.05588988896238585
5539_1,0.010956390976757388
9489_10,0.9170281273142332
11053_10,0.9771842189248415
7493_10,0.9976511007079499
10400_4,0.5746979190243923
9856_10,0.9815714437614026
6813_10,0.4167746406118234
679_10,0.990070322630567
7502_3,0.05209394401590764
3842_7,0.8138053848720441
7800_10,0.9412736762048913
4253_9,0.6875090754093257
2103_1,0.03719118378692091
9581_3,0.613614229715505
7335_10,0.032462902497488774
3304_8,0.9743671521361676
12276_3,0.17530308596216373
5451_3,0.29212396588199735
1873_3,0.22219512443174713
5857_7,0.7819543604574176
5423_10,0.9817214314641345
6400_10,0.9876778972445258
6419_3,0.0681714287635713
3775_4,0.2079247248560908
5165_8,0.3238459740683801
6555_1,0.009667168838578438
3806_4,0.24568956133851075
8584_7,0.9360503765169105
5390_7,0.6036945856867558
10965_1,0.005536087330088495
6680_9,0.9986786434482359
5034_1,0.4764261984915901
7718_2,0.016975848325159113
2688_4,0.05393057573938024
9107_2,0.02902906578246893
5993_1,0.0016087001569501836
7456_10,0.9248279923303633
8581_8,0.8588767892124147
8852_3,0.23054507371703017
4239_10,0.9842123794011174
9012_10,0.6454433680139086
6661_9,0.976362831429713
6786_10,0.1681332176660309
12257_3,0.3082476525907915
8700_8,0.9622390773608682
8848_8,0.9322005090802333
11377_4,0.3618140896575458
4722_2,0.09732635983035053
8546_9,0.9078878038743748
3091_4,0.006725086663722188
4124_7,0.42937500779630844
10860_10,0.9660690287512519
2684_10,0.982225166778823
4968_10,0.9917579573050879
10785_4,0.04674675832172474
4871_8,0.4521110882832879
1064_8,0.9998886004763985
9452_2,5.029436502111946e-05
9965_1,0.108722369994056
1358_10,0.8835929403566699
12094_10,0.9991276587549761
415_10,0.9659430066520577
8308_10,0.04576273303430321
11112_9,0.6632274944434469
6271_4,0.14704213879248895
7324_8,0.3829400120212009
7950_8,0.9924539384702542
8880_3,0.11372069148145098
5610_7,0.978260961417002
3918_8,0.9601688088229589
7209_2,0.005550035172711688
4916_10,0.9475248604404788
6782_3,0.12035401630815656
5607_3,0.04904720534320805
5492_10,0.9769760120931957
2824_3,4.028544351133279e-05
1533_10,0.9696163817407993
9663_9,0.9917016643248707
11087_3,0.5513063830373799
3360_1,0.03139807686930286
12040_1,0.06499619125076264
329_10,0.9934845366389885
4819_7,0.8125753145549173
11985_8,0.8836682557133236
6491_4,0.0958876448862507
7151_10,0.9954038020239439
6807_10,0.978484285449242
3353_10,0.8147104085181388
3592_10,0.9628693648102752
928_10,0.2132833992184851
3100_7,0.8311999975111319
7390_3,0.0009423790958023862
8466_8,0.5347361824071021
777_10,0.7785385735342181
10007_10,0.9692983708182071
7673_1,0.05829638325361976
8255_1,0.01785329618359514
3734_8,0.9714553436411801
6217_10,0.6208721019822525
2264_1,0.5831908662119464
7637_7,0.9994712231576052
3494_3,0.047897985307979
1012_1,0.310939855081928
9796_2,0.03858241272419368
444_2,0.01431842644310433
10968_8,0.8169510108261986
8328_10,0.981412915756993
2417_8,0.6763147398053557
253_3,0.04141019471526978
3740_8,0.969988184995723
5904_3,0.7020479183169979
6664_8,0.8714019705499534
12027_1,3.76456224172335e-05
8658_10,0.8235628172279911
4505_1,0.007913335064849054
1008_10,0.7931166891966078
7922_3,0.8650550438892496
655_10,0.9939995788379001
6383_10,0.9093536480911133
5868_1,0.19794252965391768
7827_10,0.8800462512968205
722_3,0.059403622031579506
3933_4,0.41598721477440825
1358_3,0.05713807573644723
8939_8,0.965540834468232
9502_10,0.8594836480298833
4798_9,0.9233071038841169
7088_3,0.6698840907618009
9904_3,0.001704262136661563
11214_2,0.01313672512786474
11293_8,0.705109606887085
11924_10,0.9991056659343663
6168_8,0.9777072629481238
4329_10,0.9597499928819561
10345_3,0.021588803113176562
5512_3,0.018918348317687784
1291_1,0.0063441018570313005
7568_3,0.011817430873238754
2747_4,0.10961662685010662
7484_1,0.0008219306201039791
3915_2,0.06818404770613135
8527_4,0.31714375953455987
4686_10,0.4938934344504052
6909_1,0.10265842088209555
10587_10,0.4044909015414488
9167_8,0.9353257070165691
4739_4,0.21021375824646127
6266_4,0.18378457434252285
6155_10,0.9977511940230095
11409_9,0.783875856621637
3874_7,0.4466536046055575
7049_3,0.530844748147161
11158_2,0.05908250593793335
5714_10,0.9966275169195656
11248_1,6.207637850090849e-05
8854_3,0.7253894654071776
3191_4,0.09706756502226166
5537_7,0.7268236010292617
4919_7,0.9888448265547088
8109_9,0.9870143935892913
7476_4,0.26073167291834065
5890_10,0.990050579354031
5837_10,0.9940114508458275
2623_9,0.8847126729158078
5033_1,0.2884757019543583
12055_8,0.9992522892291983
8420_4,0.3035253442821213
5854_10,0.9613555261987742
9631_7,0.841723939908881
11705_3,0.022995520093821248
3869_7,0.7479340392832994
10836_9,0.9542722578597477
7027_1,0.0034771661727121335
55_4,0.03277546113900903
11124_8,0.9997800391438264
3533_3,0.010719952540185535
1552_10,0.9966145422939877
11307_1,5.2959258497821354e-06
11974_7,0.4986663663154487
7246_3,0.12356913594573965
10648_3,0.0033193687252501157
11991_10,0.02405078043819265
10494_8,0.6392342710252271
8109_1,0.013440695324283871
4764_1,0.013330320599157636
3527_1,0.024044370335463576
4059_9,0.9798919193136992
3729_4,3.150381056441556e-08
5073_4,0.9597331667152647
4984_9,0.9652378429367711
2371_10,0.9830906449999743
9597_10,0.9909051947481426
10823_9,0.88278254291936
3123_10,0.9316839472992502
2951_10,0.8778524694320207
9800_1,0.12542539101231853
1824_3,0.7205899387875568
6238_2,0.19570305016100892
8830_9,0.8499433940603385
12355_8,0.8764962428932116
4002_10,0.9916521665414054
405_10,0.4152995737438364
4314_1,0.09093224596641188
9201_10,0.9996316033722878
10466_8,0.8501182432145036
3736_2,0.020088115373148238
1641_10,0.999963581728208
3381_1,0.0199195152791483
11711_9,0.9773141306882337
4970_3,0.6789250406819662
6958_10,0.9999409212857905
646_9,0.9947161313703684
3590_9,0.9901862307972746
7218_9,0.8193537578154706
5091_10,0.9995188089849744
8820_2,0.9182012226484033
3938_8,0.9421208602239495
2616_10,0.30826740077617193
7808_1,0.10012468914184004
3508_10,0.8168702593771028
8974_8,0.9175821174900103
4383_4,0.9027512289581603
6360_4,0.06276054225427972
2759_8,0.8791765837869415
7417_1,3.626209589676589e-05
10880_1,0.01964133494693167
5488_2,0.0886565179495277
8015_9,0.3202441520923364
6484_3,0.13413504905669588
10117_1,0.0001442743120446581
11363_1,0.0055482473909085174
3334_7,0.9236154956563536
3369_7,0.4100163760807415
9609_1,0.032476300766608505
8396_10,0.7165539709216849
8267_10,0.9865585825383812
10335_7,0.8632846016515685
1973_4,0.03404608346606828
7123_10,0.9677881241958695
6949_9,0.9988461475514532
10652_4,0.24264581401246874
10256_4,0.0013066165327181292
4557_9,0.9853852508056162
8929_1,0.10356812086534577
2429_1,0.020979418445328753
3994_1,0.02507394699961392
11454_7,0.1253067003000558
11874_4,0.06924571420767552
4891_3,0.006856281168704178
2216_7,0.872410437296382
2039_4,0.030424188594774373
505_1,0.04463679757095594
313_1,0.0035257572721077456
3383_2,0.008503026195905332
9453_7,0.4566948439669057
426_9,0.031479589624537944
311_10,0.9940555466057862
11291_10,0.8059720812045617
835_8,0.7958627226019026
2143_9,0.5536966653636317
8200_2,0.4310980722500351
11716_2,0.982359924173726
3786_2,0.6345297949794293
3818_4,0.020175615124029128
12106_1,0.0032415081444994442
2605_4,0.046387203086263845
10518_7,0.9544129065721934
3932_8,0.1511855783917369
7515_4,0.04309506960255155
9857_10,0.8660364363076034
449_3,0.4389761516214115
3573_9,0.9101985586099431
10198_8,0.4862885936931007
2286_9,0.9881140786279994
6906_3,0.11705411044276784
3807_2,0.08616156030516295
11602_8,0.9305956547023332
10201_7,0.893191080457629
8717_8,0.9971337943515117
10411_10,0.9987348903567853
11099_3,0.16308114336800839
5619_10,0.6607954144879904
9252_10,0.9961102472913362
6097_10,0.9936547993149054
6467_1,0.1777817700123429
2757_2,0.09045964220629876
1869_10,0.9722181157173072
5192_2,0.12568193529286087
11399_10,0.85011762610336
898_3,0.3900458991533873
6820_2,0.484177483649664
768_2,0.012933635612967223
1783_10,0.4709402010184651
8102_9,0.9329290705219702
7818_2,0.0373257011361264
2444_10,0.991434232713479
3965_4,0.19078212787337648
7086_4,0.9473445246133473
10556_3,0.04351606231980823
5221_1,0.004337509959692584
4322_10,0.9931351840695435
7371_1,0.0015340212722327762
1318_8,0.9242385757437471
8142_3,0.045513089967176026
3413_10,0.8009230192043684
3845_9,0.9672936450185521
7323_1,0.03271673405856243
5273_3,0.11489433824589228
11812_4,0.5901488191415066
5737_7,0.6491823468129687
7260_2,0.16019962074576358
5018_3,0.0051089761305016836
7779_10,0.9984783254828753
894_7,0.1510269264075484
11940_3,0.10579782575327115
2471_7,0.535524457833685
6605_10,0.7918852483306092
282_10,0.81808155592748
12402_3,0.044818200791662224
7974_1,0.07129110548237601
12280_7,0.9449106969113312
10917_2,0.003009375626073771
12164_1,1.8418266707613665e-07
3181_1,0.0263766775588559
11240_1,0.20615073452865917
11255_9,0.8927990696802556
2318_2,0.13623607017249842
4976_7,0.6975027397870612
1822_8,0.9880425736518659
11724_7,0.8977541607501364
3499_3,0.38588327270158534
9439_9,0.33632723117484137
5469_10,0.9817328837789168
7612_9,0.987116272673965
3947_8,0.7375217091611613
11269_1,0.007004230811273808
5771_8,0.939131934972849
4461_8,0.9535185155155047
5683_9,0.9866390104628275
639_1,0.009301531333229713
9896_3,0.5767346756500938
5131_8,0.9679555612053717
5961_3,0.028327568625405076
5741_2,0.03320982424421568
6418_4,0.9079553189112741
5416_1,0.00038049506668426695
3114_7,0.8940072137914182
3587_3,0.08386027691870329
5472_10,0.9722191650529178
9802_9,0.6849462087710614
4313_3,0.4839544416646158
2921_7,0.8988768699563406
11468_8,0.3979255053255692
12250_10,0.8269342128146071
3481_10,0.8437139271196137
2067_2,0.0002484285648357315
8574_4,0.11676715166482822
861_9,0.9464255884751536
10381_2,0.005717620075920683
5479_1,0.975478516897039
1107_9,0.971948962043952
4475_1,0.0007399166937344322
469_2,0.3534957271328663
605_4,0.3425879468752362
2182_1,0.03103094048694281
9401_7,0.9215992538716394
2518_8,0.7980741329520733
5329_8,0.4583859354463407
3202_1,0.04511833136950815
256_4,0.6078858711801767
7235_3,0.1519272567968241
4661_3,0.7867272987674484
11045_1,0.003913906787474216
1417_4,0.4354711856968352
4186_10,0.4364866493694866
985_4,0.17647967436619988
6553_1,0.00013855428957011744
3118_1,0.0075101374980127665
3297_1,0.02536666252047438
5843_10,0.4801487806134514
7645_7,0.598528608901973
11958_1,0.0023180809129826428
10823_3,0.11584294937322029
5097_4,0.12390839521544032
4344_10,0.9963733611924752
5442_8,0.9427397414135521
11969_10,0.008204765185199674
7015_10,0.9899962822181194
1419_4,0.823488469553415
914_1,0.004883386515162802
11911_8,0.26685689700772336
5930_8,0.90780079511729
3853_10,0.8690831179617144
9404_1,0.2501132757496269
207_9,0.9995656260750815
2018_1,0.12342908015255839
11192_7,0.6862627997296721
6679_4,0.41991137907118703
1184_3,0.003469076190579678
3291_10,0.8228261472703616
12323_9,0.9915372576663398
7524_1,0.03148409921152279
443_8,0.998901452592469
7964_1,0.06958267998000904
730_1,0.06577638098207851
8969_7,0.8779367984031468
8581_3,0.14365408240552066
12152_4,0.0018135132751673849
4528_10,0.844713641832998
5984_2,0.03635865796532136
4446_10,0.46784343078677026
7039_8,0.9475843372389581
591_8,0.7287938607019077
6869_7,0.854922204132382
1836_7,0.9953531085954986
4183_10,0.9570973589610177
8590_1,0.5074935216610096
5647_10,0.48033281844508124
11076_10,0.9490475778256643
11241_1,0.20914855928002513
876_10,0.9443432417416693
8390_1,0.006234777074905027
1462_9,0.969900105632299
8362_7,0.6176315188356001
3400_1,0.09755396204562951
2318_8,0.9873386176192571
5389_4,0.9963671393002526
8617_4,0.009806147220834883
9200_10,0.9163210853319322
8878_10,0.6246499655810138
12110_1,0.36414509870920647
9101_10,0.956869497112555
4967_3,0.09929650601116463
12436_1,0.010113247124913802
8845_4,0.5509061190060102
3420_4,0.17829264007773277
7428_7,0.9848526819842952
11769_10,0.9718491328206348
7025_1,0.44700465784090937
1561_10,0.6059830156819709
3704_1,0.00530808223729211
3529_8,0.522003439511031
12234_4,0.024092913728633526
10600_3,0.02127447437469845
1028_4,0.5284897547279833
6764_10,0.9868435131457773
1815_2,0.3093379403831347
10953_4,0.0038284879462365017
2809_7,0.46053593736837806
8393_10,0.9698163057031244
2743_1,0.664170858464923
10711_10,0.9128947572800391
6173_10,0.999782846755925
9664_7,0.2499324492369717
6335_3,0.011485275722493636
1665_4,0.0550228245501834
4174_10,0.9987808567463718
2038_1,0.546750467280984
3717_10,0.9119818002639686
9361_10,0.8274232931134714
415_1,0.1974233710217638
1460_9,0.9910288899103575
5915_4,0.3222402258303765
7187_3,0.18283483892735566
11050_1,0.015471436589009575
8822_10,0.8245989050616972
12407_1,0.02947945726583583
4543_2,2.9721016299350638e-05
10560_9,0.9978358909637064
9108_10,0.9847792939576122
2999_9,0.4958997926240941
1703_7,0.514111610477252
206_2,0.026266454990512392
2095_3,0.002860323279228794
6454_8,0.9772324438635045
2773_1,0.00015478567084693814
6252_1,0.0014200481662525076
2848_7,0.30686024868236067
6887_10,0.9988268709220282
8660_1,0.04369290950888341
1675_9,0.661815999666863
9842_1,0.0012369843231439638
9118_10,0.9569423788125723
5793_4,0.32680859389685096
941_10,0.9974444274035514
8832_1,0.5237645985030435
7584_3,0.09694271936049867
9746_10,0.9900799619881503
1965_10,0.8023615089312102
5346_10,0.9800213528928172
9738_4,0.38365148220518513
5905_9,0.9515319788392838
336_1,0.004378698516434575
5621_1,0.06880024615596393
5976_10,0.9648947820582389
3000_8,0.8580567195356583
5172_7,0.9214990356443242
311_3,0.08558491404078711
2035_4,0.02031369079114558
6084_10,0.968942607114552
7284_9,0.8675199262208677
6449_8,0.9636607274588258
8671_3,0.02018770502100639
636_9,0.9667392450828644
11330_8,0.9964436289893032
1300_1,0.28323640812292716
11538_1,0.017807606923393355
5159_3,0.05797403850225422
3742_9,0.9922323960363212
11281_9,0.47710826720702215
4128_1,0.30814691075612194
4382_7,0.4645620946595293
862_3,0.046022787391905094
5941_8,0.8329384167348672
8576_3,0.44796116280490783
10570_1,0.0007139787800784493
10682_3,0.27255254742497814
12497_10,0.470548288275511
2026_7,0.977971087655263
9657_10,0.9924463078494354
999_8,0.8401674920895436
1664_2,0.2480949285057486
1795_8,0.5099386923430697
4280_4,0.7216850618109522
952_10,0.89388463963494
4725_7,0.9657990495681708
8162_2,1.3643100313151923e-05
10062_9,0.4804379443205275
4719_10,0.934259368557383
10388_4,0.07057951337118548
6183_9,0.6341663577620846
3703_8,0.9986516017394983
11259_4,0.5022528442542347
8578_8,0.9247352053712777
12040_9,0.9995982626815968
6500_7,0.9888016314514779
3473_10,0.6244715122459914
11784_4,0.7661278636103046
613_10,0.9980524016136749
4631_1,0.3921692582952664
2426_10,0.5622364913472684
7088_7,0.7360515590837977
5851_7,0.9822406234838968
3904_2,0.005576658761445058
1329_7,0.5509525789587382
2160_7,0.11285362740503536
4796_10,0.9787690695079864
8760_1,0.8529522710191031
7859_8,0.471141203294407
4251_10,0.9404051356099646
8143_4,0.005153865279090936
11713_9,0.9955485730626805
5037_10,0.9871575496674174
9621_7,0.9107135409870105
2600_10,0.9955649722202102
2027_1,0.011887046675833268
8225_1,0.017380092685351813
12463_10,0.5507383491928632
7842_8,0.5730390394448468
4768_2,0.0503566319224577
2644_1,0.000872367389380272
4193_7,0.484170656019218
5150_7,0.9211691301242326
5942_7,0.9930813607140301
8293_1,0.02448992999458309
6046_10,0.11155888894199485
12148_9,0.9856755874380242
966_10,0.2940940424430997
6428_8,0.932585429390318
12465_2,0.007761811913148146
342_10,0.09499841537258583
9246_4,0.0064593480519524946
8683_4,0.8770501977303959
627_7,0.037656734480880555
5614_4,0.6012657112091568
4546_3,0.1744030030307164
4384_1,0.0008568393756114268
3144_1,0.015831207263052104
9530_10,0.4629072071141609
10558_4,0.06610345208947753
619_1,0.002177595109246377
11594_9,0.9331655946917148
6511_7,0.5044177486820958
8351_7,0.9833143224537151
9163_3,0.03473596049219059
12078_1,0.08812939015504102
5489_8,0.8173522265214158
4191_1,0.030776719261030105
2373_10,0.9492932475957789
8664_4,0.6594662752298733
4556_2,0.20435201141219106
9004_8,0.9656296021309717
1357_4,0.007976911400174936
152_10,0.9044084856216592
2977_1,0.0007721590642615024
8812_1,0.0368518458283623
8544_4,0.008517155906057177
4821_2,0.03839177901782013
7874_8,0.28478791669172593
1689_1,0.14451878931288725
9654_1,0.028125123953199545
9363_2,0.10675341063442333
8959_1,0.011007507445440124
6113_1,0.1484915754109465
10702_1,0.024563444022821485
1839_4,0.024082171354317526
10587_1,0.015625222125582598
11715_3,0.9067731378163539
12252_8,0.9915179815075723
9480_3,0.00027997930953078053
6438_1,0.3060650927002038
3762_9,0.9907366646559319
5350_10,0.8932510153392467
3927_9,0.8399695685185594
9598_2,0.0736615984949123
3930_3,0.0003096768792355675
6647_1,0.005499435431117378
9251_10,0.9690190529294114
5926_2,0.012375921212826246
11530_8,0.8475361672669205
1625_3,0.24043280956330013
10515_8,0.2518510858306323
11185_10,0.3447077486042453
8675_10,0.9929401515867491
3701_1,0.7257393678637861
9222_10,0.8545518751633129
6253_10,0.9434756931710103
4657_7,0.8882633579837624
10013_9,0.7877705616635047
4938_10,0.9986089204586999
3073_10,0.7339681987084573
9081_8,0.9842027287570061
6928_8,0.9697307686569143
217_3,0.0034625311611012157
2927_3,0.1121495770472367
2379_1,0.0012229032116037935
10476_2,0.6181133986226651
8640_10,0.9746311833826128
2810_3,0.08228722358847884
6433_1,0.08459826835880672
6390_10,0.47495801847773916
11829_8,0.9317511144215345
7581_10,0.9751073144245527
11836_3,0.12652505351060458
2794_1,0.04849629733219361
5263_1,0.09017443122952938
1041_10,0.959082614154454
7296_1,0.013309277558922741
10557_8,0.9657435465929209
5339_9,0.8226619024463743
4766_8,0.9977459332876134
8126_3,0.3607955323735951
9876_2,0.003611975271610054
2443_4,0.008349721354701354
10179_10,0.6769720517323448
6211_3,0.011997493942835663
925_10,0.9052871683383699
5050_8,0.9950365060550722
1891_10,0.9979323988004319
4767_3,0.3528115547050568
11625_10,0.9996688602119754
3388_2,0.0009131851349490739
4908_3,0.039565485999060776
11205_9,0.8036591286651353
2228_10,0.9813473417062852
11236_1,0.442159652985216
2367_10,0.9661287548886294
5060_3,0.011454859240655457
3292_1,0.035363424180417775
11282_2,0.20514431948019382
5307_10,0.9813900905032044
6963_4,0.013079486633260104
1319_10,0.9852161877131934
9660_1,0.02546181597890855
7254_9,0.9988789751975569
9441_10,0.9898118233560899
3838_4,0.036244253138297405
6209_8,0.8377502463825202
3049_9,0.9831262081119555
3033_4,0.6819147289320208
784_4,0.0017013907249419512
3921_3,0.0019287580059628988
9196_8,0.7357461926457325
7652_3,0.9869916710714687
11650_1,0.0007955947435361319
1548_10,0.5122419157564538
10770_7,0.7690774754026887
3283_9,0.729105913473703
1567_1,0.7836827876154441
10405_4,0.5352440409911703
6980_1,0.0023431299366161932
12218_4,0.3054076150091288
5250_10,0.9999999001239188
11977_10,0.959179448052833
10602_2,7.038037866927642e-08
11178_10,0.9619691446243201
9590_10,0.9325090676374189
1260_10,0.999096452202948
8367_10,0.9247703784938088
2571_7,0.6372094673838388
7422_1,0.00019698109270822794
5486_7,0.8907648226904074
2282_8,0.9870695238733853
6119_2,0.18029626268206908
1433_8,0.9953933610433772
12365_4,0.011803272363391104
10535_3,0.251570565847046
5464_1,0.02597207701949338
9983_7,0.9933902985312715
10209_7,0.8009582206249098
3777_1,0.6176061125098123
12443_10,0.9662413404876036
1488_4,0.7814968087387345
8670_9,0.9579592867135392
1258_10,0.9800709677159835
9_7,0.8463799248322198
12175_9,0.9912651683635902
211_10,0.975458691476566
6329_7,0.9271653488386253
8866_10,0.5323165539312643
5911_9,0.9882735231303681
6100_1,0.111484819867578
6342_9,0.8374536259666567
5455_4,0.8406853199052323
1215_1,0.01790535168014664
11020_3,0.02815893049532263
7975_1,0.0009940581298157126
6720_2,0.0038526297146836874
8986_10,0.9692256852180698
4874_9,0.8883839073972396
7204_1,0.0014705281941248542
2612_10,0.8701400556642085
6923_9,0.9910229837615467
5742_10,0.27384642219341987
5044_3,0.029945125656205402
5013_9,0.900937968770806
9752_8,0.9965248389862008
1112_8,0.9991259756749102
10925_8,0.9899703364914324
7012_4,0.007991718013110697
11484_10,0.9885809219591519
883_4,0.7788840856566057
2398_10,0.999323945257965
8990_8,0.6073171540073586
1194_10,0.9576564140709398
2313_1,0.33035215801279516
9584_1,0.001225667845646324
11638_10,0.9368368718077494
5995_3,0.6654149997607284
4456_10,0.9992046478031796
321_1,0.32553274745967414
7147_1,0.5555727942055093
10212_4,0.019886993098574324
7960_10,0.9361469480462227
8022_7,0.6647263962091565
11649_9,0.9715791404143076
8442_8,0.7728723359781705
8976_1,0.0015250649314640491
9199_10,0.9868459582320815
8925_10,0.9950829279673339
3079_2,0.0002220007382465953
7727_10,0.9921605273945759
2338_1,0.5181729130686517
3221_2,2.0998741891819775e-05
288_7,0.18085834788576016
7150_10,0.9772929279038194
7520_1,0.007807329361317741
11477_10,0.6972252702529126
7765_9,0.9923594565624361
10062_4,0.23493338777060777
10616_10,0.8361995778336421
10592_8,0.8376306511219052
6745_4,0.20655417159798117
7912_2,0.3105954427092423
1130_8,0.8086451454832605
11096_4,0.024720233932647974
10081_1,0.08182204565105416
3808_10,0.8858687378479461
394_4,0.08850462698918239
7080_3,0.08629813560072262
4479_10,0.9724967621581889
11417_7,0.19873974110387585
8402_3,0.4707401425991459
6669_9,0.7722173456418386
1494_10,0.9470923944500171
7980_3,0.47127464905724414
11366_10,0.7710623439353109
7566_1,0.008131073613964443
3778_1,0.1559785320208045
317_2,0.02205239914974945
8475_7,0.8802160520101002
11012_2,0.12227009009989487
11936_4,0.36188579700895096
145_9,0.33086410400905714
11427_1,0.04069569110347807
2204_1,0.059294406362359386
3373_8,0.7501844532071186
4640_4,0.9697888133808256
521_7,0.4373453559329095
2871_2,0.8213444451948939
9823_8,0.5699213159711879
5893_1,0.2741313156606666
8541_2,0.00833609632030489
3403_3,0.01503545571283149
8660_9,0.7633880400622632
7046_3,0.04070957179518855
338_1,0.00227977758141229
9541_1,0.022835721467642497
12179_7,0.6051403371482793
9663_3,0.27726243868354067
6948_3,3.310393902859396e-05
10308_10,0.7884133095343551
11027_10,0.9839821253871626
6174_3,0.006451168376817101
10151_8,0.7952712707816924
10665_1,0.2470979677631089
6453_2,0.04930936535109131
3619_2,0.005428356329824742
3114_1,0.002340278056756998
1309_2,0.006052031515746294
8468_1,0.06490830322412974
8292_10,0.9924970818766565
1955_1,0.02159109904821158
4498_9,0.9810424272242441
8075_9,0.9232838169533217
10528_8,0.49452982794722333
253_10,0.998851264287014
9467_4,0.23755158528759432
4018_10,0.9743556081717787
2644_10,0.9932968335404121
7240_7,0.9954127517010686
10929_7,0.9946336093761703
9743_10,0.7531377452399985
4641_3,0.05720616044364671
5711_10,0.6953189559877131
4912_2,0.08973006798124397
455_1,0.49724760798136536
2749_8,0.46097609943109025
8780_8,0.8864892589406912
2626_10,0.9959819483269876
11745_2,0.007555951891745055
6952_8,0.9739978786062249
4645_2,0.06354821685416967
10372_10,0.9836726410120253
4282_2,0.1727166101287928
2195_1,0.0077954200554144005
11058_3,0.06490599465578208
9507_4,0.7127763433398441
389_10,0.917147026409671
4388_10,0.6885149539507186
9540_1,0.0017007833571658828
6610_4,0.9469633067397144
8796_10,0.9370812634092096
3746_1,0.0007167874783169497
11083_1,0.009775924149813878
9901_1,0.029357549372732196
4165_1,0.040181303577212744
8928_9,0.9867645997731518
8173_10,0.9997835021893043
5161_1,0.020833857217182335
11458_4,0.004501613789626847
11206_9,0.046905125689920835
3532_7,0.6337278991122444
5088_1,0.14929667678269457
11699_8,0.1013250009053685
10114_2,0.0018453119840357297
8626_9,0.2683625085814477
6702_2,0.13271963513552465
3504_1,0.09459397863316944
3353_4,0.15002579673398841
6960_10,0.9864760785433658
5529_10,0.9701801032858852
5510_9,0.9985014026704903
1868_10,0.8594374716814892
11166_10,0.9929217040987973
8411_2,0.012907972176315624
9561_10,0.4865325032366607
11290_2,0.04037220287857222
1167_4,0.15169841832965797
9577_3,0.3471514288978081
1496_10,0.9999156196009514
3042_10,0.9926940731513153
4021_4,0.07912587084349319
6643_10,0.9093915636059534
806_10,0.9887768093616262
1520_2,0.17221365679715478
11133_10,0.7505083982826862
2783_1,0.01720864736505051
9570_10,0.9627445115349593
2349_3,0.015003760135395417
2242_9,0.8162638269573221
6113_10,0.9905040490727276
2153_1,0.28889737685847094
9167_3,0.5118890341253678
156_3,0.3775817582288128
10607_7,0.8470321296545931
4270_4,0.003972406164230982
4713_1,0.009978959265641995
2895_7,0.8174844114127368
8240_1,0.15295888995229426
12241_2,0.1845948459680182
2919_10,0.9996471215712367
11110_2,0.0459186148615584
4502_8,0.37702621217073756
11957_1,0.05195522549367629
12338_2,0.21011971357596881
2474_1,0.08503934967928833
781_4,0.01997869854392901
7528_1,0.09524830801804636
3252_2,0.002859220182069985
6778_8,0.9591527006957513
3149_10,0.7752519542573717
436_4,0.004859851068164887
2586_1,0.32681026466902163
3610_8,0.33937479583664015
4392_10,0.9860557743353544
8914_1,0.5651532655740578
2197_1,0.0054417262740127734
3323_10,0.9874910327865345
975_4,0.40654932942973676
9407_3,0.6813224837949805
12005_7,0.9896442234253793
1911_1,0.010774528284926477
3956_10,0.9998275437726731
1441_8,0.9953933610433772
10787_3,0.03896201521982919
4569_10,0.9967967678112337
11685_10,0.9551854594958418
7810_10,0.837541811619565
3951_3,0.020090712588484536
6050_10,0.1817233715094186
2758_2,0.01615271256884132
2664_10,0.9029921785518998
1537_2,0.0007093541202280085
7988_1,0.6376199777278815
6090_10,0.9972896771558473
11509_10,0.6449180042230642
2227_3,0.08708483765737256
865_3,0.1571087183143477
7138_8,0.9466752253048571
7924_8,0.765119780145926
10104_1,0.00010096144120303756
3917_2,0.028720997709028737
169_4,0.21462713784357484
8630_7,0.9915055488628071
7895_7,0.840708886240927
5485_10,0.9766830396928265
8390_8,0.845391752463035
11497_7,0.9607433833859624
8964_3,0.05086323523250429
4647_4,0.24598186131872674
12231_7,0.6543114639445752
9634_4,0.7561207476519031
8582_10,0.9895673171638844
9237_4,0.44145922712351443
2847_8,0.8159740256241416
10940_1,0.006502461622355534
2990_10,0.999079765164311
8377_8,0.8194172431324519
1206_3,0.5195905526594734
11719_9,0.9703374730568916
7003_1,0.13623522851621858
8012_4,0.679726458339837
2572_10,0.7574437763489864
4126_8,0.9552666488970711
9190_8,0.5946846392418543
9625_8,0.974658169091053
4706_10,0.38695929346702873
8697_2,0.04009714799946241
435_7,0.9801764915127037
81_3,0.8615583951551995
6713_8,0.49465698446067713
5840_10,0.9973221686653568
5671_8,0.9187224114588134
5064_3,0.081370435865564
1149_3,9.730279080248162e-06
12324_10,0.9676284492569013
6705_1,0.04064588252744006
243_9,0.9224228738069713
306_10,0.896007277087103
7134_3,0.027874478898232368
3227_10,0.9919376326689149
1363_10,0.6180416729387642
5134_9,0.510779931677464
5269_1,0.21149574669993876
10915_4,0.011228363521927147
7591_2,0.16661456224093935
2326_2,0.04557090283783432
688_4,0.46963750183120656
878_10,0.9686271093959606
10245_9,0.8040835741509877
7388_2,0.0049289397808968734
4304_1,2.1904704915509588e-06
6752_10,0.921486390507029
6881_8,0.9906380674597759
10230_2,0.5974256858015079
6901_1,0.13328559787148567
441_10,0.9909155917704912
4743_4,0.25302684082552546
6228_7,0.5884927186113459
2563_7,0.47064130545044125
6237_1,0.012049382707941831
8619_3,0.08687491044457275
2749_4,0.9412287388950176
12355_3,0.24101234273984967
4915_2,0.03553019605509119
12234_7,0.7234474025552201
3756_4,0.1232607241771288
10051_8,0.9350757554700684
5068_9,0.8674973576048381
7767_10,0.9935321424039082
12069_1,0.09043501925026441
10634_3,0.013954284037852144
2787_1,0.047420432690108226
5281_1,0.08240430998015864
1496_1,1.767530822073413e-06
8963_4,0.005009432400306818
983_7,0.02397448872604897
8337_4,0.002182902135971481
783_1,0.17466152164494247
9939_8,0.9644866353592976
6507_8,0.9954411017974736
3488_4,0.23974427340328494
9304_9,0.3600208553062023
8664_10,0.9865953664169386
2722_10,0.9654950323758236
7716_10,0.4741232508253794
8512_4,0.4163443222309289
6002_7,0.9978180982176592
1213_3,0.9452362669147685
6351_7,0.9995300232206825
3049_4,0.04736550023001837
10897_4,0.09626560506235
1936_4,0.05585453959694746
12368_9,0.8778500259558678
10982_1,0.006069156550764078
4116_4,0.048497833914200615
8243_7,0.1776264510868189
11506_2,0.4621429343877308
291_3,0.02013522778675621
7745_1,0.010720572649667063
12190_9,0.9988875652641365
7068_10,0.7942225816657117
9649_3,0.42165490170044206
773_1,0.2856039603629154
1727_10,0.9973396492446245
346_2,0.8982521626347404
4629_9,0.9526198707259946
2509_1,0.0004969224772553589
3664_3,0.011742396166709291
1024_9,0.9486571119565901
9514_1,0.004123192837474331
3483_3,0.002534018997998368
10053_4,0.9311389820222908
255_10,0.9628098476310825
1922_10,0.5163729463585389
10416_4,0.19752465007977263
9154_9,0.9372332309105565
12359_3,0.27259674480206736
4850_4,0.1205068526105299
12398_10,0.949156356691208
8910_1,0.0014619013063012002
3797_8,0.938373206433362
2428_9,0.5240500639134182
7062_4,0.7185774558590438
7130_9,0.9939766911677356
7343_1,0.10943635001626105
7735_8,0.9680428332850263
4104_3,0.012051116079879376
11518_1,0.00028296898403014966
10784_4,0.7434560313985793
3687_1,0.0695737903851293
796_10,0.7141259932121135
2613_1,0.027182495748669964
3962_9,0.9108504184693814
4637_9,0.7244649011017114
10076_3,0.013143800416040238
2643_9,0.994636971813267
3588_1,0.22016852796460368
6788_1,0.8887890983914628
1445_4,0.7023438359055151
10630_7,0.5624276358518143
9173_10,0.9319775506037182
3998_3,0.0032334360914038425
11853_1,0.12487904988991816
2982_1,0.04339841128456256
2536_4,0.5478428332528508
5912_10,0.969094926125382
3267_8,0.694680656939338
8966_4,0.5095055501829507
7671_3,0.03969998612497921
1962_1,0.17014395214529113
3574_1,0.09743015766022593
10580_1,0.23150364859718087
10103_9,0.7240376519015884
2101_8,0.8700389462475553
9804_10,0.9142414130257552
12413_9,0.335998816570518
9696_2,0.015421539621265277
8988_1,0.0007219097629007582
882_9,0.9168928293174784
8098_3,0.14946764289905246
6072_3,0.5678240962299761
9484_10,0.9911749445083274
3448_10,0.9945508932126905
12074_10,0.9988073515821623
5880_1,0.004392146275959661
7658_1,0.0007440480064427843
1286_8,0.9074646213511856
7013_10,0.9873729545658846
3590_1,0.13528096874576293
695_4,0.027823053693419593
8889_9,0.435304785289458
735_1,1.3143756863292563e-06
2041_7,0.5098179632467662
12041_3,0.10275065565112602
4918_3,0.24227615405957312
1428_3,0.0565161983043934
1846_4,0.03781920144315265
11103_10,0.9366170059053532
1026_10,0.997580494466254
9731_3,0.25389814336144656
7481_1,0.00787723691976115
10191_10,0.9748287589453972
8262_4,0.005953641052742615
903_10,0.41105506900653177
4212_2,0.48234391033173296
11611_1,0.0018212888038793167
7814_1,0.0009741532569077713
5116_10,0.8902089083141848
150_4,0.008869137980296237
3618_2,0.007301056691221866
10870_1,0.02114307743018044
8523_1,2.1548825850049985e-05
2193_10,0.9318847949267967
10237_10,0.9965172971887685
2139_10,0.9935521533059155
7691_7,0.9490583009737892
9374_1,0.05453349707307819
11426_7,0.9883205734805341
12319_1,8.659699247704342e-06
6817_2,0.4035755184386429
745_1,0.005580636322776444
6632_1,0.06568956005069217
7149_8,0.4635985673173193
9558_3,0.15277726697378924
10509_1,0.013727563997992335
1528_2,0.49721029551628987
3422_10,0.9370697640794774
6112_8,0.20407227189194654
3606_4,0.8330289427306347
8768_7,0.45317705433310423
2871_8,0.369567272646467
12404_10,0.9879113062432537
6936_3,0.691280092680523
855_4,0.18945851399865463
5703_3,0.04191801070333947
9446_1,0.0038347662710147543
1407_7,0.6899829705131816
8422_10,0.9422396264660384
40_4,0.3057674079874488
344_4,0.061685415310705656
11019_10,0.999029169088515
869_1,0.18464834646063336
2245_10,0.9748860558013893
10002_8,0.9912804211810243
5110_10,0.9995607790900953
3201_9,0.7351255813283571
10621_10,0.8329603392596949
1213_7,0.3648385299938365
2147_10,0.8545985916643463
828_7,0.9814853414086003
7600_8,0.7870990346458523
4472_4,0.7015786980620318
2759_2,0.14961643287947426
10890_1,0.0017854304996385106
1637_10,0.6196042873777111
1667_10,0.9193956360549798
10433_8,0.9947845900750029
11350_4,0.022519953170233288
9437_3,0.46000009094402705
3748_3,0.2425703070383001
8062_10,0.9959873201109803
11981_10,0.428683901861383
4214_7,0.21866486476402916
6496_8,0.44504775895343196
4489_4,0.28866789985658275
5965_7,0.7001779907166209
2785_8,0.9976567947851003
6838_9,0.9973040266257585
4678_9,0.9456263514582893
8564_10,0.9335848327644422
4375_9,0.8919146656983814
4654_10,0.9698447731519064
2077_10,0.8863334064394445
12491_4,0.03348156713515819
11483_10,0.9952778239888019
11130_8,0.9585883277265304
2177_2,0.7050430933435806
1376_8,0.06861758815704656
3557_2,0.0008586013624651546
8039_3,0.0680249952391609
6951_1,0.21268019545437555
3440_2,0.45364199581043574
10192_1,0.007356667313390371
5874_10,0.997347950277033
4258_10,0.4693050894431034
8838_4,0.16308729496165061
1090_8,0.8924252354694612
10570_10,0.9745865041969902
3421_7,0.1810608895129198
1626_7,0.9810004633507668
9887_2,0.3822284615386259
4079_4,0.02853538967042841
8826_8,0.6481131753551005
8805_2,0.00016392734131560798
9121_3,0.7618238859807577
10916_3,0.20843335126713272
9717_3,0.5593650910193931
8662_4,0.5770425086662466
7393_3,0.35144856846667505
12304_10,0.9959950179453452
7063_3,0.6132745496106183
7955_10,0.946840209486635
2266_9,0.9688678453173232
3490_7,0.4012835930341088
11145_3,0.5672004131779286
1668_2,0.0021209353794650835
1011_8,0.9795723148735567
8300_7,0.012338234608176412
9995_8,0.9643036293668671
1326_8,0.9848610057320574
5232_2,0.0827523933895339
363_10,0.930402423696527
11772_2,0.6615497180094752
8771_3,0.0025902284675046296
927_3,0.44733202210504425
2569_2,0.00487978303436823
5558_10,0.6377688887615257
12375_10,0.958078699575361
2338_10,0.993032293190701
5773_10,0.9997031036759038
4664_7,0.9182285863413713
12295_7,0.5326097043054915
4123_8,0.905437748194357
1553_10,0.9939639728247618
3770_10,0.8092893568946865
12011_2,0.009856583223185425
8033_1,0.011265178553285867
1395_7,0.813018273877224
8614_7,0.7758521864110594
3784_8,0.9567514903308258
8769_8,0.8749849130389183
888_8,0.8137291346064154
7799_2,0.8731163233128493
6031_3,0.1666636745019767
11584_2,0.0034468403707210923
4570_7,0.2735657026388966
6990_8,0.9738713255841315
7290_1,0.04738001068408687
1186_1,0.0028675383050380215
1329_4,0.6040571782942669
6793_10,0.9957789251444789
8562_10,0.6032634380682332
8841_4,0.013109480485127705
9234_1,0.5237801965023338
2992_3,0.017882826687342687
3761_4,0.009430726349516855
1144_1,1.938699641555429e-05
11737_10,0.9872160934600532
6628_10,0.9931111439381745
7619_4,0.8757244339806517
5074_3,0.15458879143823662
2056_1,0.05703233063918082
812_7,0.9970304647575117
615_3,0.4134341603308295
1473_3,0.4054479162137989
11642_1,0.1416132109800448
2957_8,0.43680470255185105
3223_7,0.19177624404173702
4491_10,0.9918044135868647
11617_8,0.8699312782557217
2209_8,0.2626990595344529
10250_4,0.0016138668164098363
8707_3,0.05155075048920629
3581_2,0.18210398726502594
3089_2,0.018845307468254316
9367_4,0.2218375924646021
8890_3,0.013011318952843836
4657_3,0.015150715622246017
8474_1,0.1954329035083973
1542_3,0.06365967350917755
9024_8,0.3268066488437302
3176_1,0.1917591919579899
11219_8,0.9987992244113694
1086_2,0.12088290741115244
11230_4,0.7171615725224936
2543_3,0.07174298273289435
3391_4,0.841278352919724
5876_10,0.6325458538595028
6712_2,0.8431604703036191
12468_1,0.010573743259091939
1801_10,0.9830575801439486
6727_10,0.9870393517842072
3072_3,0.0007182798337947835
6079_7,0.9398482668192158
1409_10,0.7771144783224805
7709_2,0.0018413794549579764
11484_2,0.900741904431375
10843_2,0.0006219271584595896
3964_7,0.8473935262060672
5691_7,0.20417425984793589
5837_1,0.021285037058305954
963_8,0.9999814030984415
3530_8,0.8234203004515205
6558_8,0.9824604281769045
3084_4,0.9455283548205314
3025_8,0.9382368880611596
9396_8,0.2954509762597333
7530_1,0.010366808678130302
6301_4,0.03239929011806092
2934_10,0.9867840160860557
8286_9,0.9357812902431304
12122_10,0.9555760926872926
2799_8,0.604164964056116
3516_7,0.06049193365034422
5715_10,0.9830016466487815
6525_3,0.6936327068249969
12308_10,0.6084322731512265
1305_9,0.6965283273089885
8190_2,0.406744981717835
8170_1,0.792605747615044
2355_7,0.9854887463764294
9714_3,0.04491600667096689
9667_8,0.8980615958297968
4861_1,0.052530256686759785
10028_10,0.9984140424600603
3256_2,0.6827715517615641
5974_2,0.17490146260245545
9185_10,0.9934912363656484
2507_10,0.4994019032595999
8910_10,0.9807276022588272
6791_1,0.16668936387684294
1692_10,0.35018652156736385
5520_10,0.8827540123040258
10119_10,0.9974303124107416
1226_1,0.06083375508651601
5998_7,0.16579605718797952
4421_1,0.02809685968439283
7660_8,0.8217003654975368
5532_4,0.3193228580806377
2869_3,0.3451979572738552
3795_2,0.004450137983536818
3602_10,0.9999777586558795
1453_10,0.826589278073967
1298_8,0.9612179001999402
6331_1,0.010727071483804513
7694_3,0.0025463996931820877
11568_10,0.8001289476423233
6426_7,0.6832137747846002
609_7,0.36310484259822845
3352_4,0.472498244675021
12451_3,0.029144811079197523
3228_7,0.9943139555232268
945_7,0.0553943453982201
8283_10,0.8723369024179519
10780_7,0.8561013616943911
2944_1,0.0013061577514212354
5697_7,0.6128360998264271
9066_3,0.25532263683333967
6254_7,0.7669364342041944
384_4,0.04137838824126987
1961_9,0.9941382373059904
10085_2,0.23714347518311776
1726_10,0.9417907236267363
7937_1,0.008615540950349124
2561_10,0.8940550502053366
9899_9,0.9999057203393569
8694_2,0.16136519218368026
4217_8,0.9652642534710656
2425_3,0.9306285615042469
5809_1,0.02944444615420111
3122_7,0.7710598313313071
1522_10,0.9843458337176262
5582_10,0.8009581642136074
12357_2,0.006961771618128116
3166_10,0.5476495998310935
3176_9,0.755394184053833
9320_9,0.9998802020410728
8187_1,0.018219488209583197
5573_1,0.0006846314437067373
9078_2,0.6304059049620349
6706_4,0.4609610117489621
8882_8,0.9256955071825307
2489_3,0.41337169849215166
2768_10,0.5899216648982845
2384_3,0.5305915165685399
12494_8,0.4996763822573898
10375_3,0.15811066435403034
403_7,0.7387571750200582
6334_3,0.11218001988839173
9136_1,0.14993514273006175
10698_1,0.011522368417860427
2203_4,0.15778056907924842
2122_1,8.548911688487101e-05
2904_4,0.4134449563507671
12367_9,0.9474508520539602
9638_8,0.9954093057910157
2005_1,0.0006707923336971943
4963_8,0.7313653315881442
7575_1,0.34324018418208435
9989_1,0.07153168682002672
8776_4,0.8350950544222874
10188_10,0.8816404838038141
8238_1,0.12998625263994681
9244_4,0.5856263769349104
11142_2,0.009350363831086561
4365_7,0.7495895999872253
5877_4,0.26626366251310546
12135_8,0.951422259473168
3526_3,0.38161631588724004
5209_4,0.18427572670891176
5991_2,0.011323379032353665
10888_1,0.045059793135731815
1303_3,0.003917013719309112
5764_4,0.19393400763355376
2933_10,0.9954727273892954
7297_1,0.018028641169777485
11156_10,0.8560063303542085
1353_1,0.15529881247881977
10017_1,0.6035563657031474
4203_3,0.4762085852203551
4546_9,0.9997468694391131
6039_1,0.003932048446003217
5804_3,0.0153808552956992
9085_4,0.6090712472949221
10774_10,0.9342364698685095
2178_7,0.37266408315275035
2958_2,0.011368614202868237
11469_8,0.9054246264703444
5378_2,0.9406534598131786
4583_8,0.12656048235337916
9539_10,0.997187454630632
5090_8,0.7981285179699023
12036_4,0.009796518395169372
1766_9,0.9699412504085567
11536_7,0.9179684252903128
4792_9,0.9297982338129005
7615_1,0.1409393148315528
9624_1,0.0006108265968077716
5230_9,0.992271381114089
939_4,0.676968641447062
2353_7,0.4553981818548526
8760_9,0.7493637325821056
3231_9,0.9989367090819371
8183_7,0.993009272949045
2156_10,0.4785462153964206
245_2,0.011846611790374249
12048_1,0.007971646705543326
6572_9,0.7224359208528363
10848_9,0.7781667314059528
9576_10,0.753846313292564
3174_1,0.04992050566359487
9824_8,0.6924578888191026
8199_1,0.24521853668680407
10911_3,0.009236645490720964
2452_1,0.8875741169790614
7574_3,0.08868284082100526
8363_7,0.9262978221740094
3672_9,0.9856421219236108
11693_10,0.9996296432214457
9731_10,0.9510516997061484
280_1,1.3504125393544496e-05
10065_8,0.9937351499847116
10284_9,0.8098407571596488
7990_1,0.001042485239928742
12256_4,0.9148066481175963
7558_1,0.0011390265139597658
9636_2,0.40177818141889804
8632_2,0.4538553809353946
6157_3,0.13838533924620594
9429_7,0.5231063055357398
1447_1,0.12164478871440028
10948_8,0.9510410858668726
12300_4,0.07255394120057827
10208_1,0.05497366021759498
5889_3,0.8651450235363544
2376_9,0.7963975469982735
3354_2,2.2344634449104485e-06
9530_1,0.19376005670579974
2469_10,0.9959953238962953
2229_10,0.9285588252561893
12326_10,0.7086304552005394
8097_2,0.6293499323771984
6502_3,0.7432458214750396
8877_8,0.9999678679627833
5408_7,0.5827475826478312
3589_4,0.16616318417874304
5934_3,0.023371265555727203
3653_10,0.9991634727531901
6900_1,0.00570789163121582
3395_9,0.9959814026084786
10302_7,0.6781910911236843
10527_3,0.04025260221244286
10080_10,0.9659019163957827
5818_10,0.9831063972325798
3178_10,0.9497308085086945
10636_8,0.9502584421118941
9586_2,0.8931053635407982
8548_2,0.6253336902058991
2851_1,0.00046105909185873453
6874_7,0.7817059031628985
5850_8,0.9984886803568804
2392_10,0.9763020848012319
7434_2,0.435327149278566
11879_10,0.9833143267527247
1190_10,0.889397581346122
8411_10,0.9175461396843806
4833_9,0.6297689812427084
5853_1,0.024746813141309627
5485_4,0.01335113257112372
111_3,0.09212711639313773
6376_10,0.9817196069413955
5425_1,0.060736582800793984
3189_2,0.04422413951905978
5053_8,0.963059267314122
1171_1,0.7085644352809629
2206_4,0.008566048862774922
11912_4,0.4203522159457616
9874_7,0.4326372625623294
3439_9,0.9438976003605134
4221_8,0.820671306195222
6830_3,0.08050120927061998
960_8,0.8291604367917154
11862_1,0.1953009993795689
8231_7,0.4022500262221653
11765_1,0.023757942092706735
9849_1,0.04601863933016414
7518_4,0.41965427649550385
3014_1,0.012336923732520858
2534_10,0.954053968647386
5197_10,0.9035823037157822
6775_2,0.04854063945723834
4649_1,0.04796734388946578
10748_3,0.08419667714389446
6943_4,0.5921392297689195
9692_1,0.00017327430158127057
11972_7,0.06820734864035088
7251_9,0.9996351093360496
459_4,0.6271124981405336
1101_8,0.7179942392405828
358_4,0.062361459216728275
7543_1,0.003955475884236525
3980_3,0.1690228648466997
1276_3,0.06360600177542554
12111_8,0.9390417108965378
11876_4,0.2699812554115804
5473_8,0.9982294219965165
1296_1,0.02329901170420265
7224_9,0.5245569568897972
8035_10,0.9683621767511102
10436_1,0.04296570824261037
8475_1,0.1315628181300579
4293_2,0.06396689795597035
9867_2,0.00041295515676698384
4101_1,0.07388567489453841
6220_1,0.00010987797770598622
6246_4,0.08174904944396116
2907_8,0.7776786614070136
4532_2,0.0007715124150839945
10753_8,0.4721136339464654
328_10,0.9975922437833765
1941_1,0.05498181920709777
7586_9,0.549922923842336
11294_1,0.06284131986287618
7534_9,0.9882885559576788
2675_3,0.1194763801255022
3837_10,0.9996666840296065
5349_9,0.9732045774295617
641_1,0.0014537673275127074
9273_8,0.3107112307661178
8120_4,0.47618467850645535
10610_1,0.05081595460975386
1829_1,1.880969314260475e-07
6406_10,0.9672383367353605
4029_10,0.9897996568984898
10845_10,0.9126156027706693
2573_4,0.37461005185684615
2033_3,0.2117485916107454
9633_4,0.5174798840398711
6243_1,0.09647161920419911
7596_10,0.6995317333365945
4208_8,0.8631953043585305
6984_8,0.5618630092838461
3656_1,0.009744599919003834
2434_1,0.0043829109630989065
10340_7,0.2684423045231041
6130_9,0.9774417595293312
8093_7,0.2008954591279636
7962_1,0.1918321519287579
12178_7,0.03687218129216338
10931_2,3.629673029394392e-05
6857_10,0.8463694795086241
11091_8,0.9995635793374614
4167_2,0.2333616530987931
679_4,0.3533140236181421
10147_1,0.0007233611090422607
6875_1,0.002363690920195004
923_10,0.9992022393492377
6200_8,0.1783361711155775
7208_8,0.9992903802476832
5363_8,0.9787265652996222
4067_8,0.0034313046785658923
1773_7,0.8187037630234782
1498_10,0.9647817797011007
10497_10,0.5741635127158612
3444_10,0.9835031365463605
588_2,0.01491958312896914
9678_9,0.6144961534168648
1983_9,0.30066052901721907
5012_3,0.14304099705250303
12240_2,0.10393936796903473
5071_2,0.0625404996572499
5078_2,0.01067817395040385
10069_3,0.1848276947153568
7407_8,0.7856297591876823
7207_1,0.0035261037064438835
2155_10,0.9434302616173367
59_10,0.9948356670037373
2531_1,0.3531764293759667
7772_8,0.9825523742514027
11465_10,0.48783295305397006
