id,sentiment
"""12311_10""",0.8652683789365887
"""8348_2""",0.15968960630099444
"""5828_4""",0.6878247807914916
"""7186_2""",0.5355917489416719
"""12128_7""",0.773366739093118
"""2913_8""",0.7715982302384888
"""4396_1""",0.3338191481959197
"""395_2""",0.3020133784721111
"""10616_1""",0.0678197324837961
"""9074_9""",0.6324839228127094
"""9252_3""",0.7337866109753814
"""9896_9""",0.32781329692696914
"""574_4""",0.5004788287702269
"""11182_8""",0.6174310882005993
"""11656_4""",0.3545967669893147
"""2322_4""",0.6666841595299949
"""8703_1""",0.7006793410094909
"""7483_1""",0.2573234358831551
"""6007_10""",0.7601254180006588
"""12424_4""",0.41535149761121326
"""4672_1""",0.06124584742674454
"""10841_3""",0.21243417895025085
"""8954_7""",0.38353484106718566
"""7392_1""",0.6635565094920882
"""10288_8""",0.7747425204244902
"""5343_4""",0.08741465821583977
"""4950_1""",0.15286905529627615
"""9257_4""",0.3323776161339183
"""8689_3""",0.2708565394465248
"""4480_2""",0.36086490422720613
"""9286_10""",0.5814846600685477
"""12245_10""",0.8516871611307351
"""7529_7""",0.6825700502479022
"""4_4""",0.38641080303570396
"""5299_2""",0.26821935279446874
"""12077_8""",0.735973017155528
"""10701_2""",0.2478635144973242
"""11579_1""",0.04940712707526791
"""10993_1""",0.49543382781122347
"""8913_1""",0.15678786814389173
"""1350_3""",0.5377539705114481
"""3804_2""",0.15170014202511348
"""5025_3""",0.5413113294114834
"""5170_8""",0.712496620138286
"""8225_8""",0.7883696112214815
"""6427_7""",0.7867838729134696
"""3165_3""",0.4140098186891358
"""7902_9""",0.8968817421838036
"""8208_3""",0.11914611840811416
"""3577_8""",0.8252586537498989
"""4865_1""",0.09029258977064082
"""9063_3""",0.5024067830506971
"""1106_1""",0.30785113642720185
"""1117_9""",0.6764293600813163
"""1050_4""",0.4863832486272197
"""10755_9""",0.5877427560618436
"""2729_8""",0.7378737903267752
"""10072_10""",0.6850197759119976
"""2904_7""",0.8603452277494548
"""4584_2""",0.7169695408786656
"""189_4""",0.5268774616841884
"""6302_4""",0.5934455346976639
"""8138_9""",0.6558553525434014
"""1262_1""",0.37746247153650847
"""2199_10""",0.8026408776802683
"""6551_7""",0.6590061277595849
"""8082_7""",0.4767674730679419
"""4897_8""",0.74204121598433
"""7360_1""",0.2592372601993297
"""11012_10""",0.7041411042037095
"""12046_1""",0.7256600374166975
"""2331_2""",0.5057016994377751
"""8961_9""",0.7812788431323177
"""751_7""",0.6545022494461512
"""9884_10""",0.5755544024349797
"""10016_8""",0.7415530231345813
"""8023_10""",0.48459980702130034
"""2628_1""",0.11109602775490368
"""5832_1""",0.10622979291311868
"""7302_1""",0.11364768925000479
"""4501_3""",0.26496334973773367
"""1121_7""",0.46897296655163406
"""8334_3""",0.5062343110578812
"""9789_10""",0.31703209005367144
"""4230_10""",0.6818432771391378
"""824_4""",0.36471164340273077
"""6803_9""",0.787270940735658
"""3086_7""",0.517551416078817
"""1135_8""",0.7922175453223281
"""10136_1""",0.21461413648002176
"""11129_3""",0.1270994101342421
"""2072_8""",0.7642472110568671
"""9501_7""",0.8090719465451792
"""319_10""",0.46447475650578135
"""1693_7""",0.668683711483617
"""10886_1""",0.07813716050952305
"""9406_8""",0.6013817645648841
"""10376_10""",0.15789764370489512
"""9902_1""",0.17860655004030587
"""9938_8""",0.466549124731551
"""7080_9""",0.7419540780077619
"""11944_8""",0.45987936470981905
"""5249_1""",0.0912280174784534
"""9599_2""",0.3016046479382585
"""9620_1""",0.20628809339610085
"""11244_1""",0.41054701674937166
"""6841_10""",0.8818353850716162
"""10050_4""",0.7461109287086728
"""10512_9""",0.7742930731323799
"""11327_3""",0.42253858713981934
"""10681_8""",0.6900857971697377
"""808_3""",0.6533842483565736
"""546_7""",0.8995144984170187
"""10765_1""",0.0954751766136716
"""7189_9""",0.44158207376506253
"""6005_9""",0.5543056877761056
"""11915_9""",0.8201508521230672
"""5740_10""",0.41082125245514256
"""7097_10""",0.32321605694368416
"""9573_10""",0.5430423075576685
"""5084_4""",0.44794450230979677
"""12332_7""",0.45283298014663165
"""8154_1""",0.09694906187959555
"""5610_1""",0.25030118047657696
"""5323_9""",0.650397865703725
"""11034_8""",0.755096109508225
"""3977_2""",0.457139940262134
"""12380_7""",0.3952830250301869
"""1737_8""",0.5452959619388149
"""6030_9""",0.48469554057606473
"""5918_7""",0.8611285674630464
"""7061_9""",0.5555135126385241
"""266_8""",0.5189010911783022
"""1375_10""",0.710976368947788
"""8648_3""",0.417016391697609
"""10146_10""",0.8191718789143245
"""4578_10""",0.6502138547608921
"""4685_8""",0.5309910713005993
"""11843_9""",0.8654619610243389
"""5467_10""",0.7653022105073651
"""10140_10""",0.6819910529330763
"""7721_8""",0.8035805169746502
"""11208_10""",0.40910338094355386
"""1063_10""",0.5452584339794133
"""8260_10""",0.35360704518721453
"""3182_9""",0.5908918197736823
"""2797_8""",0.7346164308145907
"""7613_2""",0.7711926466015864
"""11624_4""",0.38225646921782314
"""4847_10""",0.8932971389496052
"""10684_7""",0.5711404020005486
"""6312_1""",0.5264407833188176
"""4925_3""",0.2615527347780459
"""4125_1""",0.2342382742546011
"""2394_10""",0.8965496294308976
"""12105_10""",0.8237482167549376
"""7812_1""",0.11563810897162226
"""1061_8""",0.7732410000583735
"""9343_3""",0.3162671839171817
"""7696_10""",0.9148880869270053
"""9355_10""",0.9529386581072976
"""782_9""",0.877819997392479
"""9882_10""",0.6759384558163118
"""10642_10""",0.6451838138864358
"""7410_2""",0.18680366399939996
"""9591_4""",0.22865005119573076
"""11902_3""",0.6457619903529377
"""3495_7""",0.34700053897832694
"""6733_1""",0.09501634825193378
"""4552_1""",0.05953418107317427
"""6722_1""",0.2304061635997585
"""188_10""",0.7579814167380529
"""5099_10""",0.7923980894566576
"""10313_1""",0.44738920136970256
"""6756_9""",0.6374944712133874
"""6622_2""",0.09426629837614342
"""4807_10""",0.7513174088181143
"""7173_3""",0.7774569970425292
"""11321_8""",0.5069377050883691
"""7909_9""",0.5579246721070995
"""8012_7""",0.391697628940762
"""8615_4""",0.3553395880680087
"""8117_10""",0.7789296959326809
"""1892_10""",0.4516561667907345
"""4617_1""",0.3094734697508347
"""1893_8""",0.5702263638612693
"""5435_1""",0.14062658856609625
"""162_3""",0.16363580487184992
"""6516_10""",0.8445869097553548
"""11588_7""",0.7278598856284562
"""2006_1""",0.080524176441959
"""1594_4""",0.5371361098004719
"""1472_1""",0.06465215909483692
"""3647_1""",0.5497136023213866
"""174_7""",0.417526483318411
"""5539_7""",0.45323065096520354
"""3384_10""",0.8904503290929172
"""3811_4""",0.2655703257216816
"""4079_8""",0.7244704904167532
"""1179_7""",0.5223690103309818
"""3069_9""",0.6443663637115189
"""3769_8""",0.6902636104583469
"""9247_10""",0.7003073740064795
"""10434_1""",0.13451211109257474
"""1147_10""",0.6823916618289941
"""5344_7""",0.6773956574427487
"""8073_10""",0.7495032936964207
"""7833_3""",0.1208145023384308
"""8370_1""",0.2782865229415796
"""9007_8""",0.18499157523645393
"""6624_7""",0.5245773229382356
"""6683_3""",0.17924247952850578
"""12275_7""",0.5733617232136209
"""11927_8""",0.6186860986125396
"""1560_10""",0.8190978813203833
"""1325_9""",0.7111987796453935
"""3548_8""",0.5521991365111638
"""607_1""",0.0831514794656389
"""6702_7""",0.5911619737506001
"""5702_3""",0.10408394973165018
"""11345_8""",0.7958344792641302
"""3428_4""",0.6747374527205067
"""7209_9""",0.8557042140600716
"""8425_8""",0.7485952119729933
"""3087_1""",0.5224730866402917
"""1119_8""",0.5147963255372612
"""5715_3""",0.7797845363047964
"""8645_1""",0.35618887696670604
"""2149_3""",0.12813710494289407
"""10403_10""",0.2585562601178065
"""5628_1""",0.37944902885974297
"""5570_10""",0.7861363476435206
"""1613_3""",0.2545468309722245
"""1454_4""",0.7622305455397772
"""5094_3""",0.23355118755266646
"""7982_1""",0.45538574774373886
"""6894_2""",0.42568012232103086
"""6554_1""",0.274624507654123
"""4721_3""",0.36932536799158044
"""6904_4""",0.26838860045093116
"""893_8""",0.8536894408214902
"""4605_4""",0.4190637043760509
"""11516_7""",0.7252438391743888
"""11718_7""",0.8086106299885009
"""5956_1""",0.20266750025205962
"""7455_9""",0.7211144454797952
"""6396_4""",0.6154419544025922
"""1223_8""",0.49821982884608074
"""8556_1""",0.6136365520029967
"""6108_8""",0.6723937791002969
"""11690_1""",0.0907608997365968
"""3778_9""",0.6806830722325203
"""3627_4""",0.36559437887563123
"""8256_4""",0.4931878986182937
"""533_1""",0.1811793567921837
"""5235_4""",0.2495148480105684
"""621_2""",0.17198999715196348
"""5365_1""",0.4385975093607478
"""8180_3""",0.377101957808876
"""7396_7""",0.1757621652663551
"""9776_10""",0.6000523622990205
"""8175_10""",0.7987125370472223
"""3128_1""",0.48479543326733415
"""4606_1""",0.24820218321331297
"""6158_2""",0.1935980174336681
"""3281_10""",0.3991583713264143
"""4723_4""",0.16405346971650808
"""11994_3""",0.640051400680861
"""7701_1""",0.05897262869218158
"""103_3""",0.2731673120512941
"""8908_10""",0.7106506957475568
"""8876_1""",0.1747946546658704
"""7519_9""",0.5870073626608692
"""12456_8""",0.5025049019978733
"""9514_8""",0.5903769255244858
"""8680_8""",0.5646490106806339
"""12402_10""",0.6384226801057497
"""362_2""",0.2225549746905106
"""9825_7""",0.4633181214888891
"""2913_3""",0.7312096796520923
"""7164_8""",0.55141684209477
"""11177_7""",0.48674406979162527
"""5707_10""",0.8740424968910464
"""8103_10""",0.5135482536099567
"""6289_1""",0.18666170273305546
"""11754_1""",0.4090269357941401
"""11640_10""",0.6638164524426112
"""9933_7""",0.5809310102888248
"""185_10""",0.6314700790670043
"""242_10""",0.8305750372763745
"""9369_8""",0.7677867785838511
"""7453_10""",0.5204417814057795
"""7514_7""",0.570502482368825
"""10860_2""",0.09136425023276297
"""8663_8""",0.6451919878670829
"""9108_1""",0.14517467042724264
"""7941_1""",0.18506729085457413
"""10116_1""",0.07973985850367066
"""9841_4""",0.49795017344825465
"""4512_9""",0.4949118596257779
"""4853_2""",0.5962118165681534
"""2664_4""",0.6811596831083019
"""9966_10""",0.7149651743410053
"""5167_2""",0.47624426920318613
"""3894_2""",0.10353418552720692
"""3929_8""",0.48708164380970814
"""7165_10""",0.7801140671750645
"""5451_8""",0.3324109690602768
"""2947_4""",0.47049745463921133
"""4611_10""",0.7974633211145625
"""5807_1""",0.3435918000945358
"""9464_8""",0.7571339911877175
"""3124_10""",0.5888243129040478
"""2705_4""",0.7764332406528256
"""12187_8""",0.3801927406521612
"""12319_10""",0.8703549638207657
"""9874_3""",0.16064264611587017
"""3406_4""",0.5946384214854842
"""2327_10""",0.8154692886549618
"""605_10""",0.7752088853727591
"""8080_4""",0.470904983913513
"""3074_10""",0.8239860715882026
"""2499_3""",0.2100008122807251
"""1013_1""",0.35612779473856543
"""11535_1""",0.15372732372141532
"""4118_7""",0.608897482248565
"""10492_8""",0.8281226339611103
"""2129_4""",0.17513956112093174
"""9814_10""",0.48465804510183524
"""10671_9""",0.39865920276501826
"""5980_10""",0.6730039723470618
"""2755_2""",0.402073235811675
"""5461_2""",0.37670129533994506
"""11979_1""",0.3913719695982416
"""8810_1""",0.18901226019913164
"""852_7""",0.7110279241613666
"""10961_4""",0.23062703242726026
"""7436_4""",0.5363916332549111
"""11281_3""",0.6721795499648675
"""4208_3""",0.4114572521113841
"""8213_10""",0.6724595077199871
"""9851_2""",0.5601078202264543
"""4713_7""",0.7136201815363268
"""9528_1""",0.5167644466042425
"""3595_10""",0.7692054770690633
"""5785_3""",0.6155188312030591
"""10370_3""",0.17722548013553305
"""1980_3""",0.2548140532156755
"""8800_4""",0.63776543995212
"""4437_3""",0.34251187319111875
"""28_3""",0.7024312613744854
"""12171_1""",0.30601736392977935
"""9359_3""",0.5287093368904039
"""3831_9""",0.8429430584368925
"""10962_7""",0.8251633362601366
"""1500_9""",0.6181484746846082
"""11470_10""",0.7177983368906211
"""11843_3""",0.20565625836880563
"""11200_4""",0.5545125388433356
"""1067_1""",0.1591316040879893
"""3333_1""",0.15017845545299222
"""4487_4""",0.6766918807319571
"""6428_1""",0.12409735476571727
"""575_7""",0.17314359496262827
"""10904_9""",0.7000345598789963
"""11821_2""",0.42183484369517976
"""11605_1""",0.5342027886370607
"""1111_7""",0.7945039524937577
"""10295_1""",0.5027864536543788
"""1146_4""",0.5794734089804053
"""2405_9""",0.4059723760982212
"""11081_10""",0.4630836901095598
"""2201_10""",0.8235662805496634
"""4844_1""",0.26422105795418327
"""11007_8""",0.8092825387311171
"""6535_7""",0.766130457860168
"""2653_4""",0.24187186413835504
"""8245_10""",0.7026327693056824
"""9951_8""",0.4497937546384747
"""6133_8""",0.31555764773788253
"""10006_2""",0.23780710832456875
"""7350_1""",0.5453813036502012
"""4509_9""",0.7395007943297955
"""948_1""",0.13291302460801055
"""3987_1""",0.6129430576627495
"""2947_10""",0.47449662512652424
"""6041_3""",0.12359485301761047
"""2946_1""",0.1814422854084153
"""11967_4""",0.10736864730564291
"""1185_10""",0.6855557171083632
"""10323_2""",0.5816151234673693
"""11706_2""",0.0802108088303449
"""3663_1""",0.15981692553181875
"""5602_10""",0.7550370504873684
"""4870_10""",0.6793854393560492
"""1994_1""",0.1513385440772704
"""10807_7""",0.8547590166038219
"""6871_3""",0.7716617655881293
"""1175_2""",0.2518733532893784
"""10919_7""",0.6377145521954863
"""8127_10""",0.5290798283710219
"""12497_4""",0.4028999963366426
"""3274_1""",0.5912871912717964
"""2568_3""",0.2144824627343022
"""840_2""",0.44579113376439816
"""5626_10""",0.7418770257945121
"""7561_10""",0.9013645495262171
"""4600_3""",0.2630346787564115
"""3324_9""",0.7041674511621262
"""8899_7""",0.7253165273039848
"""5592_8""",0.5086804960295911
"""12483_4""",0.1523670083616589
"""7874_1""",0.0715768813462111
"""5878_10""",0.8362594847999771
"""4303_9""",0.6699802547989668
"""9421_1""",0.40176932933985243
"""10269_4""",0.5095025084255997
"""10615_2""",0.31505195231470545
"""2634_10""",0.6155978640545794
"""7522_1""",0.1349753751925065
"""9289_10""",0.6119615851109491
"""4636_10""",0.4144406752141069
"""1241_7""",0.47404983243080656
"""9458_9""",0.37636370519552975
"""11690_10""",0.8105289785547904
"""7176_4""",0.4980822906145631
"""6212_10""",0.7570711231674957
"""6319_1""",0.18999273575060976
"""5229_3""",0.2670082907975876
"""466_9""",0.6840164716206941
"""8693_2""",0.5421016259478882
"""2952_10""",0.7580173312267681
"""1128_1""",0.4249230695282368
"""3975_10""",0.47124010039628067
"""11365_10""",0.6812915952396498
"""2074_9""",0.6311215301188277
"""9768_10""",0.8872096004174775
"""4895_1""",0.5075151875299992
"""5726_10""",0.725197707805184
"""9993_10""",0.6407571524647725
"""11319_2""",0.6958099231068098
"""10561_2""",0.8273605498378005
"""5455_8""",0.769823170705599
"""10684_3""",0.34035360044246665
"""3652_3""",0.740402180495515
"""7825_1""",0.6734861099063281
"""8806_1""",0.2919680844192657
"""275_10""",0.5678185749629692
"""2246_1""",0.13385489237202164
"""11968_2""",0.07928721260137567
"""2528_1""",0.5362673721761144
"""8491_8""",0.7728504845069872
"""13_1""",0.5178869207985605
"""4530_8""",0.7265557665178674
"""5207_3""",0.15277111080484512
"""11648_10""",0.373256435913742
"""8260_1""",0.17929744022145683
"""10730_10""",0.7760144183704596
"""10402_3""",0.4548344765519014
"""8077_1""",0.16530029150544642
"""8598_8""",0.6667638648166206
"""2809_3""",0.40460649744769805
"""12490_10""",0.8708320709760726
"""1447_9""",0.743627508074285
"""1605_3""",0.36421745000887357
"""2311_4""",0.2554080667376606
"""3235_9""",0.7579116519740066
"""5725_10""",0.5138614429342155
"""9025_10""",0.6418580198737726
"""6049_9""",0.5065238654491702
"""4803_10""",0.853068427288113
"""191_9""",0.7959591211551879
"""420_3""",0.3541490184756198
"""5238_2""",0.11467591352187428
"""1280_9""",0.7640637341008671
"""9408_4""",0.3142483409931633
"""819_1""",0.0780192092678753
"""1656_4""",0.24743550786489604
"""9964_3""",0.31661471006983677
"""10404_4""",0.696336752033034
"""12369_10""",0.876400672738502
"""6423_1""",0.38291756023308343
"""9942_8""",0.5201298152725766
"""1519_1""",0.19087562095689556
"""100_10""",0.6923505006894268
"""3216_10""",0.733010571680322
"""3909_10""",0.41423653142010636
"""5034_7""",0.8314596225849482
"""14_8""",0.8345962850612039
"""5891_3""",0.21348676151732882
"""8496_10""",0.7814779596192117
"""7429_1""",0.07295756251915098
"""9457_1""",0.19174089072825065
"""9602_8""",0.6428852068704144
"""4198_1""",0.23919439438207377
"""154_2""",0.46385287705136014
"""5070_2""",0.28223004773705856
"""4207_8""",0.6593014131982601
"""7758_8""",0.6153422012183978
"""4439_9""",0.8722357986373123
"""12042_1""",0.04889934721673332
"""7244_1""",0.07987919089171809
"""6854_1""",0.193281161801331
"""11932_10""",0.6532773356817563
"""4151_10""",0.7341457014908205
"""7265_1""",0.39879476961236493
"""10272_7""",0.7225942120112809
"""4256_4""",0.349474908575619
"""1225_7""",0.48074329429179063
"""956_10""",0.6594436383264092
"""6389_2""",0.3365034570129395
"""1365_4""",0.25650499987995884
"""4752_7""",0.43400462121796884
"""276_10""",0.8862951957564384
"""8766_9""",0.7857302069983195
"""11225_10""",0.8300503959047819
"""6920_1""",0.14000055187041163
"""11536_1""",0.06605578939877559
"""1923_9""",0.8797589688232655
"""11460_10""",0.4202090898916508
"""10054_7""",0.6515878324941484
"""10845_1""",0.04685860439722602
"""10231_4""",0.56639418039442
"""9430_8""",0.5650710672857782
"""3226_2""",0.3556004825079775
"""4298_3""",0.32849122114885254
"""10635_4""",0.5245523727881041
"""10567_4""",0.26215969985146
"""5460_10""",0.6597501639512866
"""7310_7""",0.6798681230036343
"""10330_2""",0.06016500573745257
"""5151_9""",0.7802346125510025
"""11_3""",0.782588061741421
"""1448_8""",0.6163360400751392
"""10130_8""",0.6974175071892654
"""2199_3""",0.049726239324579674
"""1761_10""",0.7530074696498655
"""2782_1""",0.16307948120103957
"""7618_10""",0.6651177704525807
"""85_10""",0.5391254631869962
"""5730_3""",0.4126001574899909
"""3641_1""",0.3332305421938064
"""8190_9""",0.8150367516640125
"""9533_10""",0.8745817165943858
"""9508_1""",0.3785820612538039
"""237_8""",0.745825835067876
"""3981_7""",0.46632404998885696
"""7194_9""",0.46044497854831234
"""10584_8""",0.2991293236703593
"""248_2""",0.15511938163571176
"""8358_4""",0.11787441369655058
"""1218_1""",0.1515304002750667
"""4191_10""",0.20192812631947002
"""3090_8""",0.8239382251696086
"""11923_2""",0.45791402559995753
"""1640_8""",0.6368244035658058
"""9972_3""",0.1647498004957333
"""11818_4""",0.5421190912987377
"""4350_10""",0.8100667222927258
"""877_10""",0.4246333516315011
"""10017_8""",0.5321699614398849
"""7975_10""",0.673276378580254
"""8436_1""",0.13306824858189203
"""6024_7""",0.47444146951704474
"""3112_1""",0.07849881348561706
"""951_10""",0.6149353427336764
"""1622_1""",0.21660531413682368
"""191_3""",0.5602948235596172
"""5669_1""",0.13114138713430656
"""1891_4""",0.319146554142819
"""12173_9""",0.4719308972939309
"""7887_7""",0.5703178471431574
"""3256_10""",0.24133897818968855
"""5419_1""",0.22050381734123217
"""7635_1""",0.18008665598988652
"""8297_2""",0.3469559104437643
"""7137_8""",0.4809934248934974
"""7562_3""",0.40462831686906653
"""9944_1""",0.15116555368222223
"""4288_1""",0.14524229924491908
"""8087_1""",0.4998255327574779
"""4771_10""",0.5979919811441756
"""10482_10""",0.7442651229460188
"""5324_10""",0.8819075639759875
"""3080_1""",0.40548713085703897
"""10923_7""",0.5734188764714456
"""1753_7""",0.8744181614092468
"""317_10""",0.6350667595482714
"""12474_8""",0.6216545890020485
"""773_8""",0.8774504353571732
"""388_1""",0.42752432961442904
"""12141_2""",0.5530183140603655
"""5667_1""",0.5093037286471137
"""1071_9""",0.5846626563875214
"""2897_10""",0.844251125170771
"""9481_4""",0.5293841456927001
"""12025_1""",0.1800746397952918
"""8879_7""",0.47716341866115025
"""5683_1""",0.07645833493275628
"""7026_1""",0.3380670498531424
"""2439_1""",0.39782472511583217
"""3631_7""",0.5547377451000344
"""1650_9""",0.3265844757257879
"""5378_7""",0.7942636581909183
"""9745_1""",0.08045179507326246
"""11563_8""",0.7679182452662476
"""299_8""",0.7280122709675658
"""9471_2""",0.2426746430389496
"""1866_1""",0.39258382789904767
"""2639_4""",0.10024441506045445
"""5122_1""",0.520646520137788
"""12341_7""",0.4422911510553647
"""2936_8""",0.7152525033229317
"""8647_10""",0.7334828994596301
"""4255_9""",0.8569458896844554
"""7262_8""",0.4559653705876603
"""8413_10""",0.6965980114236704
"""10080_1""",0.29943080016321133
"""3973_1""",0.6083606913738402
"""8752_9""",0.8258020921597966
"""4018_2""",0.10835962875966197
"""7669_1""",0.27346367981452324
"""10421_4""",0.55137406790351
"""7854_8""",0.7598911414145842
"""162_8""",0.37370516754102745
"""11614_9""",0.5324034206543433
"""11343_8""",0.7953374130855445
"""1708_7""",0.4073965387182961
"""7115_4""",0.2804085751428267
"""10498_10""",0.3881120132259825
"""2944_8""",0.7455258521048883
"""10474_3""",0.6163146444538411
"""1263_1""",0.3181471561459841
"""1693_4""",0.8277805202185299
"""9600_9""",0.47993345311632396
"""11173_2""",0.3841007858937641
"""3961_2""",0.5727637307531022
"""8011_1""",0.5232056498402873
"""7386_8""",0.4943918205359279
"""8787_8""",0.822812139209784
"""12349_9""",0.6937887232303828
"""1776_4""",0.4149580153320903
"""5885_4""",0.6112186991559974
"""220_4""",0.22740441230761138
"""5547_8""",0.88117474481424
"""2853_1""",0.45552011966831557
"""2157_2""",0.28949685060920644
"""11667_2""",0.4620640783229492
"""194_7""",0.8120204224721266
"""1633_1""",0.12644382137824045
"""6897_2""",0.31407497967802744
"""11568_2""",0.5018234566357601
"""9219_1""",0.34455713613145095
"""477_8""",0.7313784750661099
"""8980_3""",0.5839749493448624
"""4612_10""",0.6841453482884603
"""8030_10""",0.6179971509348996
"""1846_8""",0.9350114763564402
"""2786_8""",0.6918675555358823
"""2634_1""",0.2233774029738888
"""3110_8""",0.5571417267151448
"""11587_8""",0.6946624055389569
"""11262_8""",0.4099156573879843
"""5680_7""",0.2142713432255604
"""4583_4""",0.5294124696114629
"""1451_1""",0.10666876990628887
"""4244_4""",0.38600596963650186
"""6176_4""",0.27489634967092536
"""8851_10""",0.7105009761213705
"""908_9""",0.4680184973702631
"""7494_9""",0.22360490624700297
"""8061_3""",0.3357316645779283
"""789_1""",0.502220124666636
"""2374_7""",0.5757235857868337
"""11225_3""",0.26962918171330974
"""4467_4""",0.1410045996431256
"""8516_10""",0.2215440239136273
"""4121_10""",0.7413011298180624
"""10267_7""",0.6391309028104771
"""6040_8""",0.5351241515468325
"""8338_7""",0.6607086102420593
"""2903_7""",0.812373568835422
"""6662_9""",0.8684158481988766
"""5333_10""",0.7636231504493294
"""7470_4""",0.19058560347395173
"""8813_1""",0.24225744863051082
"""4514_3""",0.7785766267705252
"""9584_7""",0.31104632869097654
"""11706_8""",0.6525812880198951
"""11538_8""",0.3697995751540211
"""4210_1""",0.07617393304901336
"""8984_1""",0.11323259273821851
"""3431_4""",0.26839305767925487
"""4973_10""",0.66047036397217
"""12260_1""",0.29457878237224944
"""4267_10""",0.6596161763071122
"""9906_9""",0.8931168623085659
"""670_7""",0.5581334593040485
"""6270_3""",0.10971907686961505
"""5164_4""",0.38221150390106173
"""9741_2""",0.09939124616680789
"""3761_8""",0.29434110766584065
"""2651_2""",0.41904740542543495
"""7448_10""",0.623614569129129
"""7184_9""",0.7615929534736001
"""1313_9""",0.7841185306901173
"""10654_8""",0.7604120460119143
"""7151_1""",0.08900841200058934
"""2320_10""",0.2907169856070827
"""12033_7""",0.38930033489383126
"""6429_1""",0.11626701349864796
"""1420_4""",0.7401281415263271
"""3002_7""",0.7303239961273346
"""1299_1""",0.33065937353191444
"""7897_9""",0.8011776040126957
"""1529_4""",0.5196776127741054
"""9760_2""",0.7587863144041023
"""11318_1""",0.2267969636769383
"""2217_3""",0.31743169587356784
"""11641_2""",0.23832066967874035
"""7238_10""",0.5005333784069175
"""7710_8""",0.7077935438466483
"""12011_8""",0.7705769189186236
"""4495_7""",0.839688479499283
"""11144_4""",0.7745733745422541
"""5625_2""",0.21071588594498025
"""2926_7""",0.3031543663795577
"""8538_8""",0.27166128474676277
"""8875_10""",0.5280517954412756
"""10881_10""",0.6755581401794195
"""1662_7""",0.6836324576308336
"""4560_9""",0.849286570247868
"""6714_4""",0.14351204731489386
"""9059_10""",0.7145792787400045
"""6631_10""",0.5974717731705517
"""8520_1""",0.17877082493561694
"""918_4""",0.610742511525493
"""3102_10""",0.7535006270549651
"""3611_2""",0.208713851537171
"""8434_10""",0.6916611769208909
"""681_7""",0.8290642474626506
"""7386_4""",0.15424911232147573
"""7566_9""",0.18036056457375696
"""10110_10""",0.7823671022520258
"""10486_10""",0.8776561503844766
"""1492_3""",0.4971099080917148
"""11823_1""",0.20363557859780074
"""2331_9""",0.6055414249464349
"""2200_2""",0.18638509949919363
"""9547_1""",0.23043403432555729
"""785_2""",0.09533467303484472
"""5101_4""",0.45724102739946026
"""5657_10""",0.6008707692656763
"""6902_7""",0.32706835763729863
"""1490_9""",0.5222450662412697
"""7148_9""",0.6091040960954024
"""7387_8""",0.594107190866723
"""8277_9""",0.7037139691494514
"""6912_7""",0.8629767363277183
"""170_2""",0.6893023358528417
"""7702_10""",0.7333533670461221
"""4393_3""",0.12311723013597806
"""2608_3""",0.5291197270639096
"""4931_8""",0.8028001284188099
"""10589_10""",0.4977293218184963
"""8623_4""",0.4945703682945561
"""6057_2""",0.28669761257362225
"""2704_9""",0.9052715629802909
"""1790_2""",0.5204775499050951
"""12370_1""",0.04427225876199706
"""159_1""",0.09789994290447782
"""343_9""",0.9019698486107133
"""2128_9""",0.7201376223183722
"""11181_8""",0.5307252768582023
"""11775_10""",0.5196127466391194
"""3514_10""",0.6311308531059884
"""6993_2""",0.04962172733408596
"""2866_9""",0.4666347140139955
"""1000_9""",0.7261322093470881
"""11772_7""",0.5426062956324285
"""3355_9""",0.6676898367219763
"""8519_8""",0.6591563387472625
"""7879_3""",0.2810769597409323
"""4332_10""",0.46489407256350523
"""5403_1""",0.11739327823161146
"""1514_7""",0.23240871825196927
"""7904_1""",0.11893319401627041
"""10550_2""",0.3463711153058317
"""11442_10""",0.8048740680665438
"""2821_3""",0.43968548527654655
"""5766_1""",0.07560183944906088
"""8061_9""",0.7556111814292461
"""2166_1""",0.24418139130028255
"""6206_1""",0.3098911483334891
"""11124_2""",0.11064610934318081
"""7625_10""",0.5393284622059589
"""90_9""",0.661320730259137
"""7959_10""",0.6793491730113989
"""7029_10""",0.8037659399455864
"""779_8""",0.8957205956485568
"""1101_4""",0.2550792933609398
"""11189_4""",0.6409733721834466
"""9790_4""",0.5907918435027032
"""10861_1""",0.15910423068919283
"""5902_2""",0.38534339906131815
"""9545_10""",0.354952459120979
"""3730_1""",0.06903313106031395
"""4951_9""",0.5399702700829957
"""3295_1""",0.5719313269203241
"""9495_2""",0.33709857298053625
"""2876_1""",0.6716875621288305
"""2796_1""",0.09306599732486368
"""10338_3""",0.4859320960883231
"""10913_7""",0.5531546710808188
"""4685_2""",0.05608361549057382
"""11586_1""",0.1692960169001256
"""4904_7""",0.6140937445215823
"""7110_7""",0.3650314513565525
"""2086_4""",0.43089485788584975
"""7372_7""",0.7227397466934069
"""135_9""",0.7017641459458627
"""7038_3""",0.2798527180554815
"""1119_2""",0.14371672559155782
"""5057_8""",0.5155234728361591
"""3479_10""",0.8978199501732483
"""6489_8""",0.6847472634117493
"""4910_8""",0.7919708944752876
"""5979_10""",0.5775621985251388
"""11304_1""",0.42215251027184136
"""2102_9""",0.8522617171255693
"""8048_1""",0.32770781699627705
"""12153_7""",0.8301920398994307
"""4832_8""",0.7006276481890847
"""3079_9""",0.689364136492352
"""8254_2""",0.24622044877118918
"""7981_7""",0.5231962110315588
"""611_1""",0.63108806680699
"""307_10""",0.5766941312687458
"""8861_3""",0.190388022417735
"""4635_4""",0.4836437123610095
"""6197_7""",0.6745110649048297
"""6739_3""",0.19030607642923553
"""8588_9""",0.7575175313538803
"""8461_7""",0.7037943359932568
"""10089_1""",0.17321697071610578
"""2609_7""",0.3673267580263839
"""1418_3""",0.37931844634100914
"""2661_10""",0.6419345472429066
"""1253_9""",0.506624870794457
"""8815_9""",0.6167968000294294
"""9867_8""",0.5475594319322921
"""2155_1""",0.28034496347162324
"""12259_4""",0.6308498451081569
"""11224_3""",0.6394297463434602
"""4781_1""",0.07974781021902402
"""4354_9""",0.8636101671084028
"""9629_9""",0.6174202690471091
"""3629_9""",0.8113304546020161
"""6445_10""",0.6320010502302422
"""9526_10""",0.756338434585324
"""5138_2""",0.2430845541619599
"""349_10""",0.6942900294390276
"""2099_7""",0.2948912921971939
"""4411_1""",0.38548788555269425
"""8127_3""",0.12856425233934243
"""5225_8""",0.8514294363503494
"""7970_3""",0.08855249801139001
"""5688_7""",0.4731205404220004
"""12099_3""",0.2868630230859362
"""6020_4""",0.611911673886669
"""3892_8""",0.6863518734100751
"""2098_8""",0.7583482772416942
"""4851_7""",0.7691096508250402
"""10967_10""",0.7504761976339731
"""6230_4""",0.6473205867297394
"""2211_2""",0.30986466255029144
"""11978_10""",0.6092273203681987
"""8802_1""",0.09558304150581934
"""11010_3""",0.23591873606432287
"""10083_2""",0.45298335342830504
"""5588_10""",0.5587501808954476
"""958_10""",0.30578538971247515
"""6771_4""",0.7373111104026924
"""6767_9""",0.7111946345681703
"""7302_10""",0.697534798291924
"""5324_3""",0.2377341723401775
"""7737_10""",0.8816205174429623
"""8603_10""",0.6104590362784076
"""3029_7""",0.6163089324640948
"""8640_2""",0.1321202591071516
"""2139_1""",0.11949842859536941
"""6305_10""",0.8317660616042637
"""6884_7""",0.4850335303521485
"""5534_8""",0.6768343830026194
"""7619_8""",0.7938189454500615
"""10057_8""",0.5539911437727154
"""972_7""",0.7461255004061736
"""6245_8""",0.48083592333196296
"""6627_7""",0.6945697534493231
"""3621_10""",0.34294358137885195
"""2290_4""",0.628646862501337
"""24_4""",0.4508856429276766
"""5689_1""",0.05283668301586122
"""6497_4""",0.411910658494233
"""12405_4""",0.8394688932623999
"""11720_7""",0.7453116008331362
"""10088_1""",0.12415635494966701
"""9258_9""",0.9211673835911632
"""354_4""",0.7111542835543476
"""4770_10""",0.600652529967197
"""1035_3""",0.6119539029452605
"""739_1""",0.18667023843064307
"""6267_7""",0.8200341254423219
"""1562_8""",0.6033319075500068
"""1438_1""",0.0834445834962591
"""281_8""",0.8785252847355792
"""1818_1""",0.39860652993842577
"""3943_3""",0.2611368568063715
"""8116_4""",0.6177315573016547
"""6984_1""",0.16171597695265594
"""5330_4""",0.056185261413966306
"""8821_8""",0.8319836924978553
"""10484_10""",0.7704014171694483
"""1886_4""",0.24600796366841365
"""7943_2""",0.3380352930817913
"""6438_7""",0.6066133400215526
"""8931_10""",0.40821035730925553
"""10538_10""",0.4926680453634693
"""534_10""",0.8243084270061556
"""7329_2""",0.17953287043565155
"""6614_2""",0.49094359672580873
"""710_10""",0.4693888119960611
"""3120_4""",0.38019810285155825
"""9046_1""",0.10173863399548935
"""5638_2""",0.6375551660672011
"""2455_4""",0.52956935600048
"""2652_3""",0.17153818236431928
"""11006_4""",0.8045282667010841
"""5065_3""",0.1511542196944788
"""9805_10""",0.6332888113378018
"""7092_8""",0.7951385069186867
"""1735_10""",0.561967742773164
"""3609_1""",0.16982494249766986
"""1201_10""",0.7154135727751779
"""11024_9""",0.7793061012999365
"""3807_10""",0.679302922193672
"""4483_10""",0.33331037335005753
"""4510_7""",0.8302807164669451
"""8037_1""",0.541376574617857
"""1760_1""",0.12368129164125541
"""133_8""",0.6136699543891482
"""9039_8""",0.6548993963290107
"""8462_4""",0.6041974686963314
"""2468_10""",0.6743948692020928
"""7684_3""",0.17584139266925017
"""10350_9""",0.7202001155508359
"""1199_10""",0.7536396173703213
"""8560_1""",0.20585807377552814
"""6405_3""",0.3809642751568655
"""1295_1""",0.14228460854376834
"""6420_1""",0.23893895152453862
"""12183_9""",0.48129639632992544
"""11619_1""",0.11279432252309209
"""1415_9""",0.7019582030401814
"""9414_1""",0.11617954878415229
"""7640_4""",0.38606601047422
"""9211_9""",0.6224898667522782
"""557_9""",0.6611794510642354
"""4501_9""",0.7004319334059939
"""8711_10""",0.2811758701452058
"""2402_1""",0.46439819542970157
"""4586_10""",0.3516678557471708
"""176_3""",0.5294055582414634
"""3545_1""",0.5221224402498436
"""8932_1""",0.14028941803209724
"""5829_10""",0.6598503737772627
"""3409_10""",0.7710040533781667
"""3636_3""",0.4691738575375417
"""12048_7""",0.7235216204304724
"""10468_10""",0.7614660249598534
"""11546_10""",0.5716872019637704
"""9444_10""",0.7690055530353268
"""6275_1""",0.40751271454492766
"""152_4""",0.3129990931631581
"""4767_9""",0.6724141562379099
"""6751_1""",0.05818155855750942
"""10245_4""",0.21161006267719062
"""5407_8""",0.5323894143977099
"""1923_1""",0.542346449351439
"""515_9""",0.22483677738687613
"""9988_1""",0.47351599303864694
"""5928_8""",0.8898709541363785
"""10163_4""",0.5762237776760576
"""7969_10""",0.3980967141152387
"""1494_4""",0.43165671107478565
"""11211_10""",0.7417237543268499
"""1957_1""",0.06029388523303002
"""8484_7""",0.5651410135607471
"""848_2""",0.3097337641135158
"""5177_1""",0.4716845744896021
"""10667_10""",0.6378215524667469
"""3075_1""",0.4001731033393603
"""9443_10""",0.5536047065956607
"""1572_8""",0.7245792228060499
"""11285_8""",0.5344750062205148
"""3125_1""",0.45162768841742024
"""9265_9""",0.824867871033713
"""4072_1""",0.22757681468798108
"""6390_2""",0.4069440014294798
"""6496_4""",0.555367940058884
"""8766_2""",0.18408445739475648
"""7787_10""",0.7007616142122525
"""5897_10""",0.9350319901911298
"""9027_1""",0.442621402680225
"""1538_2""",0.20212553788592846
"""1220_3""",0.16373414003233105
"""8600_3""",0.35676404926338795
"""11432_2""",0.45048993741356713
"""1424_4""",0.5260084077047986
"""7344_10""",0.8030219955006405
"""10842_1""",0.4754510928661332
"""10332_10""",0.6957899440498015
"""4340_4""",0.2713672789176155
"""4868_4""",0.39749182712843206
"""11216_9""",0.4827326604095433
"""12027_10""",0.6075262859395321
"""6785_7""",0.8340878467239237
"""8773_8""",0.9273477062344243
"""8119_4""",0.68974890215151
"""10138_10""",0.6266028929316614
"""7197_2""",0.20840343181755322
"""1536_3""",0.2728806470881587
"""9981_7""",0.7612579008107508
"""4753_1""",0.2767244419192426
"""2795_7""",0.07964146817712323
"""6672_4""",0.09035626056677967
"""10805_7""",0.6381812719605849
"""5866_1""",0.5237244679574237
"""570_1""",0.12236676105267082
"""11965_8""",0.7011161814060302
"""3288_1""",0.21175371610833207
"""8135_1""",0.5644272410374854
"""10094_9""",0.6971211644282741
"""5845_10""",0.7500727300465917
"""3570_8""",0.485630493865849
"""1240_1""",0.36925067475735607
"""231_1""",0.2929178317161901
"""10628_9""",0.7598607476723462
"""3536_1""",0.16724663993344815
"""1852_10""",0.5754858775999852
"""8202_7""",0.37163837882028267
"""5907_7""",0.7915652501075202
"""1759_10""",0.7178870557847733
"""4492_10""",0.6888671097918123
"""4844_7""",0.529467414970459
"""3189_10""",0.6708070546664213
"""3403_10""",0.7570663833254245
"""5874_2""",0.08406565639029058
"""7809_10""",0.8179393766842885
"""3632_9""",0.9119478378788608
"""11767_2""",0.5494702751058983
"""9925_3""",0.449853113220108
"""4218_1""",0.6227788478652186
"""12036_7""",0.6654496809621502
"""8973_2""",0.28449484174607387
"""2464_10""",0.7448146216709242
"""4094_1""",0.3614547419562637
"""10592_1""",0.14215914993691675
"""10648_9""",0.6749718338692849
"""3887_10""",0.7525128563899208
"""9092_8""",0.7441368794891293
"""10666_10""",0.7462892208301188
"""8389_10""",0.5403341420724864
"""5281_10""",0.8000554102665073
"""6946_1""",0.15518453400058357
"""1132_1""",0.1864765429818801
"""10052_4""",0.3327504604265014
"""768_10""",0.8026200236366448
"""5432_3""",0.40699920149040386
"""7424_3""",0.11185055568131698
"""2366_2""",0.5186646717252859
"""2865_3""",0.4638699052181059
"""7806_2""",0.27861649287058216
"""8878_3""",0.31731160149089555
"""6298_7""",0.8208365637265166
"""4517_4""",0.3426841016364037
"""12018_10""",0.7713557348073082
"""3662_1""",0.13962590634596775
"""11393_10""",0.6933440811524698
"""2071_10""",0.7257046629876471
"""8217_8""",0.690487014838213
"""6568_2""",0.5079158027002728
"""3840_10""",0.8552797228902965
"""1666_3""",0.7109658196772451
"""2360_7""",0.792730601994885
"""5778_4""",0.4992830351198613
"""5341_4""",0.5211312574994732
"""4044_2""",0.0941973029055093
"""2503_3""",0.13533548276994037
"""4095_10""",0.8026375119696908
"""2092_2""",0.08272113246397345
"""2707_3""",0.13781545488967864
"""573_10""",0.5472710214925759
"""6441_7""",0.6305480827444522
"""7565_3""",0.32805784669900334
"""9499_7""",0.5566479182072382
"""657_10""",0.9016086810863463
"""8840_10""",0.39540812642469914
"""1407_4""",0.6199182417479198
"""12453_2""",0.6303916958469676
"""8273_9""",0.8073014228584776
"""8366_7""",0.8020017250145604
"""10643_9""",0.3234763485833043
"""9998_1""",0.10531740736524423
"""1385_1""",0.12270011467321573
"""1354_4""",0.5315351065224252
"""4674_7""",0.2946133500475886
"""3515_4""",0.3147365040006932
"""10426_8""",0.7358461526990476
"""10226_3""",0.7152192192134802
"""10391_4""",0.27261039366656714
"""9968_1""",0.14654996601439177
"""2893_3""",0.2585055106063407
"""2546_9""",0.5377140256208414
"""37_1""",0.1379620543862628
"""1757_10""",0.8255557118764123
"""1569_8""",0.8940320568657236
"""1466_3""",0.2836581456153429
"""7783_1""",0.09598020084822685
"""9506_10""",0.7217268092185968
"""10835_3""",0.2513146893547458
"""2917_9""",0.7628215502949511
"""2495_7""",0.8500586368978216
"""1686_10""",0.7802412305129984
"""2414_7""",0.40163498000602
"""5318_8""",0.8284018916927145
"""8858_8""",0.45355352665108917
"""8112_1""",0.1478825173050776
"""6532_2""",0.41301412348937283
"""2526_10""",0.791846210259629
"""11089_7""",0.6641761157441097
"""4297_8""",0.8634678049418513
"""3179_9""",0.7427124771982657
"""5832_10""",0.8272645554020238
"""10539_8""",0.23777885904731608
"""9226_10""",0.545360704099075
"""9878_1""",0.40457868600389907
"""7940_10""",0.8348849592991588
"""7195_10""",0.6671707472193095
"""2979_1""",0.2843335223009181
"""3597_10""",0.903548312201725
"""2931_8""",0.6351857962575144
"""8571_10""",0.3812821790441827
"""12148_1""",0.04036842279110796
"""4047_2""",0.044826102472186234
"""6164_10""",0.7360073565173504
"""2214_8""",0.8418332464574699
"""5903_1""",0.31818725457859565
"""7931_9""",0.5882456709347264
"""1205_3""",0.2828012681193386
"""5983_10""",0.8804236113377435
"""10424_7""",0.6180950662443542
"""11032_7""",0.6373811275836091
"""1303_10""",0.7872563361860362
"""10390_1""",0.10423348475770357
"""8349_2""",0.2485483136901642
"""3605_8""",0.6852054942919885
"""12273_1""",0.10304082062685939
"""60_1""",0.1951711755208039
"""3879_9""",0.6177314783399934
"""12431_4""",0.47859621343522285
"""4499_2""",0.17847746651158228
"""5786_10""",0.416885396820988
"""5521_4""",0.7635580684667255
"""793_8""",0.7391160731240342
"""7948_3""",0.1963956898793502
"""9022_2""",0.3873656560818102
"""11071_1""",0.08948026800659825
"""4991_3""",0.42851896311586557
"""8226_1""",0.22204138142929897
"""8762_3""",0.4149720989986653
"""6918_4""",0.44344746297946974
"""844_10""",0.6972462044789672
"""11503_8""",0.7062374484311101
"""7406_8""",0.7598332817079004
"""7743_1""",0.26494778564295907
"""514_3""",0.07866664872037309
"""10927_9""",0.7536971006952924
"""3731_7""",0.7262783939697846
"""8870_4""",0.5961077511482644
"""11099_10""",0.668010370548167
"""8456_10""",0.46605307429030274
"""10944_7""",0.3812669553749382
"""7168_3""",0.45234157834972394
"""3378_10""",0.6314117974117248
"""8203_3""",0.6492515306793412
"""5676_1""",0.10537135920723163
"""5061_9""",0.8531525657537017
"""6238_8""",0.20379820837930512
"""1136_8""",0.5080615286507176
"""6234_3""",0.19777590120568514
"""9510_3""",0.6030946900257758
"""9632_7""",0.4813369579363131
"""4357_1""",0.2557531213015162
"""1176_9""",0.6874042258294729
"""10821_8""",0.8600828967767923
"""4143_4""",0.28469158566431796
"""5074_8""",0.7238446438414
"""11673_1""",0.39122224207191125
"""11072_2""",0.061280154326040955
"""1816_4""",0.7272429812477043
"""3974_7""",0.37845884568358906
"""796_4""",0.2592199814667063
"""8540_2""",0.3048113331012865
"""10959_8""",0.9081905898988467
"""4576_10""",0.2582272314567308
"""7030_1""",0.6295911352942305
"""3340_10""",0.7396839401357126
"""3223_3""",0.5862867572657839
"""3030_1""",0.49291250503473144
"""4194_1""",0.11617232423980392
"""11322_1""",0.24308427243815534
"""1785_1""",0.3866193035133355
"""7109_2""",0.2279731204460736
"""4120_1""",0.25122627692461863
"""3024_7""",0.5437831969571741
"""589_2""",0.306751233355085
"""2480_10""",0.27903049148653236
"""4878_1""",0.5136445879341945
"""571_1""",0.5826509969289791
"""12156_8""",0.7573611371271197
"""7547_9""",0.7929783631254647
"""6577_10""",0.8823210175729203
"""7101_3""",0.21325503842506333
"""1731_3""",0.38753907434615664
"""10424_1""",0.24532409060536808
"""9056_10""",0.7646166871047376
"""11959_3""",0.3429199522701136
"""6952_4""",0.25018012760595204
"""8709_10""",0.274954556811735
"""4716_10""",0.882469983267733
"""2393_10""",0.7820748198028831
"""4007_7""",0.48282732865417843
"""1196_2""",0.587850206017432
"""8483_1""",0.37915808015696534
"""1840_3""",0.49156656884327016
"""6108_1""",0.41439793931982627
"""4621_8""",0.4953413965758888
"""11332_4""",0.566329574560638
"""8800_10""",0.498073224332479
"""886_7""",0.779886350932933
"""6495_8""",0.5535701433626569
"""6193_10""",0.4861360152194628
"""10297_1""",0.32014044489775
"""4233_1""",0.553496306849704
"""3121_10""",0.8300044868479506
"""1681_10""",0.8259716377232545
"""5789_1""",0.13292295566943924
"""6446_10""",0.8139001118082813
"""479_9""",0.7713018219426588
"""6401_1""",0.11867451016751643
"""7602_1""",0.2682241434081948
"""10792_1""",0.15980256324155112
"""11436_9""",0.8567972534364279
"""6944_1""",0.4867677820560823
"""6275_9""",0.15498565549930413
"""7314_10""",0.6333352773965035
"""8887_9""",0.3816043076502702
"""1835_8""",0.7934015474525837
"""8403_7""",0.7454826888520384
"""2090_1""",0.12546370587927702
"""12310_1""",0.22440191197478804
"""9795_9""",0.6623943229639166
"""4260_1""",0.26895369618034287
"""3214_4""",0.5011624347955296
"""10974_8""",0.5825692222481641
"""3374_10""",0.2582067447225371
"""2251_2""",0.19838414900460577
"""2325_7""",0.3413233255137512
"""28_9""",0.8881780998410135
"""1758_2""",0.3175597192690302
"""1222_8""",0.5174691674758539
"""1229_4""",0.5649927937375469
"""9791_2""",0.39944745715835484
"""3433_4""",0.19573153477490937
"""10847_10""",0.9044329134516385
"""5020_2""",0.1380181572805332
"""9652_3""",0.19958593749238607
"""1739_10""",0.46124579759078665
"""10441_4""",0.5533476183747953
"""9002_7""",0.5948461216981896
"""4304_8""",0.7151359699161262
"""290_9""",0.7420287029257356
"""1339_8""",0.5267854264615311
"""10899_1""",0.29087009626964117
"""8723_8""",0.591358593668848
"""12487_7""",0.774519512330857
"""10384_7""",0.8268055025440372
"""4673_4""",0.12656705925842224
"""11679_1""",0.4287663140537925
"""3938_2""",0.3209244819350434
"""2253_10""",0.9247617804315144
"""198_7""",0.8253336692967658
"""3346_3""",0.4433630428139728
"""11543_3""",0.11962228136397797
"""8463_1""",0.16176752762046528
"""1297_2""",0.0699616667022914
"""4689_1""",0.043706173341935974
"""4681_1""",0.14052279799550693
"""961_8""",0.710631907498318
"""9865_2""",0.7921167490784786
"""770_3""",0.3878320257034405
"""10495_2""",0.16920593996485397
"""6302_8""",0.6938604400201338
"""6232_4""",0.40147024982432095
"""10098_1""",0.4045855321344489
"""8905_2""",0.18984614120649834
"""8853_10""",0.2561790422191283
"""6081_10""",0.8951823779141457
"""12_4""",0.5734422313788025
"""1291_7""",0.7911040880254124
"""1679_1""",0.26142165996060607
"""996_7""",0.8060654209964452
"""3343_10""",0.6246164391773811
"""6083_10""",0.9171490032491327
"""98_9""",0.5459878078735937
"""962_4""",0.3563053620772294
"""4857_8""",0.8927237567703306
"""12394_7""",0.7354753981559177
"""1321_10""",0.889619208233646
"""8994_10""",0.7509262559804606
"""7788_1""",0.08304931722195874
"""9708_8""",0.28903741731299865
"""9523_1""",0.34807009724907156
"""11785_4""",0.2545648801040793
"""5440_1""",0.16570242239320443
"""1091_7""",0.42799679066825624
"""11584_10""",0.7789331362735676
"""5369_3""",0.37211351250139785
"""3165_10""",0.6213799885870006
"""3686_10""",0.8440275553022021
"""7069_10""",0.5408692947578576
"""427_3""",0.36895956997417423
"""895_8""",0.5545046147233044
"""4565_8""",0.6210442981686717
"""5139_9""",0.7512248521234328
"""5027_1""",0.3828477440577829
"""503_9""",0.4997854707195783
"""7630_1""",0.1055033161661024
"""8552_1""",0.3061388033649607
"""4322_3""",0.1803961846425921
"""3492_3""",0.7806844805604243
"""5301_4""",0.16613334650869027
"""752_4""",0.6095083108729156
"""4307_2""",0.10679184029015515
"""4901_10""",0.7629615472776119
"""233_2""",0.4912464987987881
"""10789_8""",0.45517951593211514
"""270_8""",0.7986534360336145
"""11442_1""",0.6452303106709004
"""3688_7""",0.7116451674758218
"""9928_7""",0.5589684000482945
"""6563_8""",0.518513682912115
"""3437_7""",0.5779907429625795
"""10495_8""",0.8118153009246
"""8775_10""",0.925372788392459
"""12172_3""",0.6530456252677493
"""10085_10""",0.538688994969982
"""8394_9""",0.5490676407824466
"""2607_10""",0.7477297848213937
"""6645_10""",0.7650131820258212
"""301_10""",0.7169964910361288
"""2153_10""",0.8043561342014809
"""1967_3""",0.09687214419403768
"""9604_10""",0.6682282510997378
"""10665_10""",0.36474332968039586
"""5409_1""",0.12783648540328635
"""6707_10""",0.564553907506625
"""3847_7""",0.6269981161810918
"""9261_10""",0.8937155548734226
"""3772_1""",0.07576379126466759
"""8950_1""",0.2414605865400353
"""6591_2""",0.3952428624805276
"""2765_9""",0.1692493972247542
"""4166_10""",0.582428870247223
"""11418_3""",0.47962809537473616
"""7137_3""",0.22879708800658835
"""3710_2""",0.10863442626005852
"""1153_4""",0.6522641877550861
"""4155_8""",0.6360765354501341
"""9221_10""",0.5624462008693134
"""8917_10""",0.5315555925784895
"""6066_4""",0.5844661571982386
"""5366_10""",0.9153483215273607
"""2520_9""",0.7071218493103923
"""11677_2""",0.2753504259346709
"""4032_2""",0.07859642912531752
"""4041_2""",0.05190503188389634
"""474_4""",0.22936419867054947
"""6392_2""",0.43332185231732084
"""6545_10""",0.6046135143624931
"""5009_10""",0.32959391861838233
"""3060_10""",0.6059558461325759
"""11033_10""",0.7300305999898268
"""297_10""",0.6641677601736713
"""9099_1""",0.17217724854415706
"""10496_10""",0.6399488450033354
"""5619_3""",0.4897042117349293
"""4226_1""",0.34698713319058333
"""10483_8""",0.8877927760808813
"""1966_9""",0.8458809107431765
"""4024_2""",0.2195332464725749
"""6448_9""",0.7449751782435525
"""4252_1""",0.07608124277683231
"""250_10""",0.6834680103464399
"""10753_3""",0.39405144765792743
"""1005_7""",0.5417872887658362
"""4415_9""",0.768068525543736
"""240_4""",0.537155008874804
"""108_10""",0.8215431094029537
"""1393_1""",0.3558270152330671
"""4236_2""",0.180007048457473
"""9208_2""",0.31842324323325605
"""7156_10""",0.45553220708248426
"""6490_1""",0.35137427006313443
"""3518_3""",0.16602399032872014
"""10308_1""",0.05204598022141222
"""8706_2""",0.6058385032141161
"""8674_10""",0.681379733334703
"""8240_10""",0.8418358255787929
"""11890_10""",0.5510379129716547
"""976_3""",0.5499441793208344
"""5025_8""",0.8042501465939564
"""10206_8""",0.8205241531360756
"""11921_3""",0.5461009111565704
"""8344_7""",0.34147893051305017
"""295_8""",0.6415730221556754
"""2121_1""",0.17562441529766995
"""6978_8""",0.8474240662042175
"""707_3""",0.42012006978316924
"""751_1""",0.08741919983669895
"""1931_10""",0.9063195265477064
"""7197_10""",0.7183659737045786
"""11032_3""",0.17281783337446185
"""416_10""",0.1630598504790565
"""1384_2""",0.31299608793146244
"""4114_2""",0.3466555623567719
"""9450_10""",0.626651259084616
"""6877_7""",0.7397290479446055
"""5092_9""",0.8978301294861365
"""3402_9""",0.7096379923560109
"""9517_10""",0.742634465160172
"""8566_2""",0.09863289887207417
"""4493_1""",0.20489276242558285
"""842_1""",0.5025499096278441
"""4926_1""",0.3988929016055146
"""3398_9""",0.8323295120437071
"""8857_10""",0.3237920714270124
"""3696_9""",0.5809752827885574
"""1952_1""",0.22315340422697283
"""5516_3""",0.39339231050052065
"""3297_10""",0.5927719649635439
"""8396_2""",0.13997142782250593
"""1928_4""",0.3967978142144222
"""7216_10""",0.8129410359933966
"""1648_3""",0.2829607297862894
"""9312_8""",0.6550913499903938
"""4392_2""",0.18864372205175797
"""4740_9""",0.5021661618712581
"""2985_4""",0.10340461939662003
"""6407_10""",0.4368784071455134
"""4015_1""",0.3244415045435223
"""911_10""",0.8205010127604073
"""7898_1""",0.3323961549817519
"""5241_10""",0.7415299025533736
"""4955_4""",0.1977389115281815
"""4199_1""",0.23908488389983484
"""8319_4""",0.7027865441839893
"""6340_1""",0.45965294393282596
"""2003_1""",0.20765117618625997
"""11213_3""",0.5624306120363746
"""5109_4""",0.3616700347123986
"""9400_1""",0.5025006079359623
"""10719_7""",0.7744112901131237
"""6848_8""",0.7319315696655647
"""11398_1""",0.226520971440214
"""2606_7""",0.7794315028357979
"""5646_1""",0.47773831603041716
"""4103_10""",0.4949072659736495
"""8906_9""",0.8247815933580371
"""6997_10""",0.3386233805272609
"""9990_1""",0.32695644915058375
"""6573_1""",0.25493817609260083
"""8530_10""",0.33547773064561076
"""8382_9""",0.5114395768856778
"""4207_2""",0.41900795401890706
"""8794_10""",0.6359756965937367
"""917_9""",0.8075652505471776
"""10739_9""",0.7885660877682349
"""4286_1""",0.3228287029480404
"""1763_1""",0.5609107839038017
"""5173_10""",0.7122807947175854
"""1764_1""",0.21750791617651363
"""3614_3""",0.28463286300333207
"""3880_10""",0.5317162821789507
"""4059_1""",0.3157657807234569
"""8786_8""",0.6989819790637771
"""9553_2""",0.22502257334988374
"""10599_8""",0.0968431217649574
"""1048_4""",0.41903925976217804
"""8136_7""",0.44733843243642424
"""8715_8""",0.8296005450288062
"""7667_7""",0.5760509888114881
"""5647_2""",0.2886779473336102
"""6267_1""",0.337088768948571
"""12444_10""",0.6646571877255191
"""7390_10""",0.7737048098270358
"""7260_7""",0.8633844719001409
"""6170_10""",0.9182281918950937
"""2181_2""",0.2617148300357931
"""6196_7""",0.7319373528444584
"""12058_9""",0.5484212931515194
"""8915_7""",0.3377295174710148
"""6816_10""",0.674830765754673
"""730_9""",0.7632400285908401
"""5808_10""",0.5379289823575598
"""6256_2""",0.2511755271006754
"""5157_4""",0.16699874398971631
"""7970_10""",0.5638942801087854
"""6991_7""",0.4334924421695315
"""7112_4""",0.6219747718388553
"""12136_4""",0.36138385114691374
"""1554_8""",0.5338469188592143
"""8289_4""",0.5461141690274774
"""12452_8""",0.695178724270828
"""6181_8""",0.7880992816844471
"""6237_8""",0.4808831152177392
"""9724_10""",0.7723274018477846
"""7991_1""",0.23940267169501425
"""8185_4""",0.555386207238763
"""12162_1""",0.41189907166797246
"""8330_9""",0.6388528623297178
"""84_3""",0.08405061602899654
"""4879_4""",0.4727146295475798
"""1173_7""",0.6805459670398614
"""11095_2""",0.694595746251997
"""9934_8""",0.6857759868649453
"""10791_9""",0.6006175610925214
"""5260_10""",0.6867973692232503
"""3123_3""",0.2586581032917218
"""7500_1""",0.20189041947986858
"""9472_8""",0.5076608681473692
"""6349_9""",0.716301203778982
"""8706_8""",0.3748934566789132
"""12385_4""",0.28161992841246625
"""12409_4""",0.7395102515050277
"""809_10""",0.9290691313510817
"""11380_2""",0.3890521731459534
"""4975_8""",0.7621013711547369
"""5069_3""",0.4195316611668115
"""8132_7""",0.5524590450544068
"""5628_10""",0.845265967206833
"""12329_8""",0.419493127436893
"""8217_3""",0.3216002601288709
"""251_2""",0.3161629100895025
"""2901_7""",0.5921973141330567
"""4588_1""",0.22030796278072642
"""2647_10""",0.4866507270350419
"""6020_9""",0.8704767996674297
"""7171_3""",0.455198238412555
"""5880_10""",0.756600909516803
"""4842_9""",0.7492317923524826
"""10657_10""",0.5682512056395496
"""11858_7""",0.42785081725154633
"""4656_4""",0.5464654737035675
"""9293_10""",0.5662349143614961
"""10702_10""",0.6878372429173126
"""6277_10""",0.7659489276906174
"""7223_10""",0.674597248881384
"""11150_8""",0.7833742172859268
"""4768_9""",0.6245731632522058
"""5703_8""",0.7519700033318547
"""9249_9""",0.638868927984158
"""12051_10""",0.27113102465771066
"""5740_4""",0.12686898034025534
"""4882_3""",0.22574893722792844
"""11575_10""",0.8183751347463865
"""385_1""",0.11415025629766432
"""1569_3""",0.4028932257850307
"""7449_1""",0.24112740892474405
"""1977_4""",0.24382370564465045
"""6134_7""",0.596708684070167
"""2384_8""",0.8478764520093336
"""2437_10""",0.4849862955942571
"""643_7""",0.523982500731168
"""7334_10""",0.6613409507325333
"""12228_9""",0.5827392917935401
"""8579_2""",0.33523469400326655
"""4093_4""",0.0668904581344127
"""233_8""",0.7714477140256188
"""11852_7""",0.557993449282797
"""11027_4""",0.6348708464217143
"""5409_7""",0.6844241635355622
"""9332_10""",0.68007605798598
"""6530_9""",0.47800659051449856
"""7815_1""",0.09761782518308636
"""8317_10""",0.7094139698573749
"""5382_9""",0.7133944463746184
"""3183_3""",0.6330007230416621
"""4997_8""",0.6312512293619568
"""11553_7""",0.7287283968421053
"""718_3""",0.22416865520653986
"""7128_9""",0.7736866507868353
"""11977_1""",0.2639203746470152
"""10820_3""",0.2678800335025657
"""3539_9""",0.5769184018379675
"""2386_1""",0.6284320637180888
"""9837_4""",0.5076724053858622
"""2941_1""",0.3156517287292894
"""6669_1""",0.24125933753704903
"""10927_1""",0.21085270883303267
"""57_10""",0.8929473758426225
"""12252_2""",0.3935184121835814
"""8926_3""",0.12547035957433705
"""3044_2""",0.5538588013083422
"""9758_10""",0.8788836120872644
"""4584_10""",0.5387721887933401
"""1467_1""",0.3823951789033589
"""7846_9""",0.7984433078893416
"""1982_8""",0.47861493289366214
"""5705_1""",0.09850678449520521
"""9754_7""",0.7660161830511193
"""9594_1""",0.12918152353668658
"""7405_10""",0.7047685910043002
"""8469_2""",0.3255383391476036
"""3713_10""",0.9010718852015854
"""3381_10""",0.7434066195547254
"""1913_10""",0.37227544617267255
"""9423_8""",0.42284584803684355
"""115_9""",0.7063646050236527
"""9784_10""",0.5931000706024999
"""1148_4""",0.8224793152211027
"""2911_10""",0.6967508569634971
"""11328_9""",0.9271113123711952
"""5087_1""",0.5155240940916708
"""3983_10""",0.47046464987011716
"""5216_1""",0.42606645406636573
"""7961_10""",0.6379174513167051
"""10134_7""",0.8112606003998464
"""9379_2""",0.4480679786975006
"""4715_1""",0.07182194860489031
"""6501_10""",0.5662584255529458
"""4146_4""",0.31512103430090727
"""12159_1""",0.4949959437370391
"""11661_10""",0.5513344699638294
"""7995_2""",0.5681770723107107
"""693_9""",0.841112259984851
"""1411_10""",0.7918235870146618
"""7091_7""",0.7657154535875832
"""2576_1""",0.18901845836967415
"""8207_1""",0.12889198395468748
"""10877_10""",0.6479982063385306
"""5444_10""",0.5385478931903058
"""9409_1""",0.16898809149235133
"""10020_1""",0.18068194329515255
"""2349_8""",0.7272956833324054
"""4942_10""",0.7059957665402946
"""2839_1""",0.15811182225537312
"""9419_1""",0.07615784670954046
"""10661_1""",0.28400303636636254
"""5659_10""",0.6324257469061368
"""639_7""",0.5305074480086267
"""5946_7""",0.3138712605213219
"""7231_7""",0.4737021591622754
"""4220_4""",0.43013198668751085
"""3698_4""",0.20272646571367445
"""1060_2""",0.31372101922182444
"""2398_3""",0.22756290462673737
"""11073_3""",0.2150093092955151
"""8336_2""",0.1473012853945579
"""5975_3""",0.546082737374713
"""4727_1""",0.2531066923349238
"""1596_8""",0.8687993968334551
"""5471_2""",0.6514509390546256
"""11204_10""",0.5810736382658653
"""8810_10""",0.46207660910004217
"""11125_3""",0.13905659123805406
"""9607_10""",0.8799631015785799
"""6517_3""",0.6242093317118821
"""10232_1""",0.3761006203363921
"""7708_10""",0.8711776376969292
"""1753_1""",0.45701147785032903
"""10946_7""",0.547216338309135
"""668_4""",0.2118238906161006
"""3794_4""",0.8173156267177474
"""6867_1""",0.29619390061162054
"""9428_7""",0.6558412017570657
"""12366_9""",0.8375155156377195
"""12056_9""",0.8233266195348062
"""901_1""",0.12889682603051633
"""7714_8""",0.587998866428858
"""6389_8""",0.6309257046574444
"""4148_7""",0.7413848223924348
"""5062_1""",0.32035213518584305
"""6835_1""",0.4263536134883949
"""2901_3""",0.36297618213310334
"""4724_10""",0.7009195008408673
"""764_2""",0.5315663904707917
"""6729_1""",0.08886308829724218
"""8284_4""",0.1293636354522157
"""11928_1""",0.32507414919405797
"""386_1""",0.08216913519681134
"""35_9""",0.8731290488798151
"""4458_4""",0.6051879789231827
"""9627_2""",0.7816868020375033
"""8112_9""",0.7846028011639907
"""6026_8""",0.2945124838645249
"""12188_3""",0.6401315794103621
"""3477_3""",0.30145065048420533
"""12242_8""",0.41888860217196394
"""11594_4""",0.140904067226099
"""11360_10""",0.8948577360183886
"""10299_1""",0.04446275616341189
"""3829_10""",0.7062674886636096
"""8324_2""",0.5734947559520549
"""1285_9""",0.6035196393324889
"""11370_10""",0.8108689994450117
"""8051_4""",0.42327443744570836
"""4420_10""",0.7999124143010152
"""3843_7""",0.7991083484842448
"""10520_2""",0.2905975897182145
"""12146_8""",0.7812978839070551
"""1502_10""",0.4213631774484339
"""6227_4""",0.23474672027595753
"""3191_10""",0.6023751219216316
"""4569_2""",0.3196098682905766
"""7647_8""",0.33106745983399954
"""6372_9""",0.4425294110042137
"""2105_2""",0.1682440408882313
"""4180_1""",0.06571319127284275
"""11212_10""",0.6888438865440957
"""1811_9""",0.8463084117086634
"""2868_3""",0.21197247018290646
"""3773_3""",0.3542998486157768
"""8386_1""",0.3038676721342373
"""1072_8""",0.5086907505616254
"""10588_1""",0.31733142820045035
"""8858_1""",0.39593763732664733
"""10831_1""",0.22894607943883105
"""11926_8""",0.593484902102478
"""11521_10""",0.7057732131101033
"""4037_10""",0.8789253746614952
"""5119_7""",0.5351785628020471
"""11438_9""",0.8273058256829455
"""8275_2""",0.31679934606332827
"""4879_8""",0.5623929231149689
"""4520_10""",0.934944764004592
"""2510_7""",0.7703056434456308
"""510_2""",0.29336657002584565
"""1283_1""",0.052009917667512215
"""3733_8""",0.6581745321057967
"""7708_1""",0.08689216843728316
"""12219_1""",0.21586525058580594
"""11654_4""",0.3900388914251536
"""3229_7""",0.6441567470787335
"""3579_8""",0.4972712630780407
"""1534_4""",0.19852524586401418
"""7498_10""",0.7314743819069736
"""11392_10""",0.6625867903128109
"""2949_1""",0.2846363881907517
"""407_7""",0.7781149031528498
"""12388_3""",0.2661158141303628
"""7779_3""",0.17747155701668937
"""12409_10""",0.5676491663724625
"""199_8""",0.6751263577938529
"""9330_1""",0.4530071188220064
"""6196_2""",0.5925905673695852
"""1576_2""",0.46516532912099856
"""12123_4""",0.29250348783085894
"""871_1""",0.4345267178019822
"""867_9""",0.9441441308987493
"""12186_1""",0.4156599492270029
"""11357_1""",0.12945366655707488
"""9327_4""",0.22903265656789817
"""3092_8""",0.6609741905206244
"""6097_1""",0.3709500416188781
"""4170_4""",0.2754318397349417
"""3724_3""",0.5341768889752981
"""4219_1""",0.647402044163398
"""12233_10""",0.871015732125231
"""12050_9""",0.6440550249503019
"""124_10""",0.7861580724780413
"""9521_9""",0.5152227072866559
"""7991_10""",0.47246162113503665
"""12284_1""",0.121299946981438
"""8452_10""",0.6111488821855203
"""986_3""",0.14904872763777147
"""8504_8""",0.6572972394340872
"""9427_7""",0.739352742034497
"""2359_3""",0.2908507244984038
"""7026_10""",0.8625405621035466
"""8726_8""",0.6563098029827488
"""4971_1""",0.42568986346721616
"""2990_1""",0.36801327114044674
"""5285_2""",0.21458325157201175
"""9953_10""",0.845075937024927
"""2170_8""",0.469760986671712
"""10963_8""",0.6671937160257031
"""9176_8""",0.7821598665867248
"""9639_7""",0.8094335726945405
"""1781_1""",0.11247628725392297
"""1293_10""",0.7102474522890659
"""10225_10""",0.3772640976874277
"""3821_1""",0.13913195031765513
"""1206_10""",0.6416595765495805
"""5513_1""",0.27454597448578466
"""12475_2""",0.6225153213559524
"""11508_9""",0.7104640735663078
"""6358_4""",0.12564212710486722
"""9646_1""",0.06726840086446031
"""7957_9""",0.5115853273069564
"""5183_9""",0.8041015102431558
"""8322_10""",0.46694896131621655
"""4171_1""",0.6966761613687212
"""6498_2""",0.4941461228855144
"""11893_1""",0.3492762281221281
"""8209_10""",0.5890798935740175
"""4866_3""",0.3065042473054057
"""1077_3""",0.40530823787991715
"""10916_7""",0.4897989855907073
"""6027_4""",0.5795985010470288
"""9308_7""",0.5777147002371604
"""7130_1""",0.10501780642521714
"""3326_4""",0.24973931242798758
"""6680_3""",0.4016669299488238
"""1707_8""",0.5377937686422889
"""5106_1""",0.6021716827224985
"""1408_10""",0.5847044190790585
"""6773_8""",0.6215975674112159
"""940_3""",0.25024908781721594
"""10890_10""",0.8475039365249976
"""3678_10""",0.7022514527705964
"""6871_9""",0.7321132878137117
"""10196_8""",0.49199381791219693
"""12369_1""",0.43028061623790054
"""4070_10""",0.7155640456702441
"""11755_7""",0.8821696863315502
"""9095_3""",0.5486758384243295
"""10863_1""",0.21843718285453012
"""7109_7""",0.4940396975129934
"""1844_3""",0.1579225551583554
"""8228_2""",0.274340791969453
"""9631_4""",0.3503478863323186
"""3920_4""",0.4240257955109067
"""19_1""",0.19516116445585982
"""3929_2""",0.713758545135367
"""1506_2""",0.06860727055168254
"""6877_3""",0.48157886849735015
"""12154_7""",0.3609590096461723
"""6572_3""",0.54876712887837
"""1557_2""",0.09886977188895527
"""11836_7""",0.5969087690407787
"""9380_9""",0.3964339877240734
"""11725_4""",0.7711618600944641
"""6317_9""",0.8294355899190706
"""5022_1""",0.34526488573567976
"""132_1""",0.1300036435563599
"""9303_8""",0.5910001044474766
"""4739_10""",0.33347493885637625
"""11228_10""",0.9270128884211217
"""7913_1""",0.42448978178164204
"""1304_3""",0.1599097561796561
"""2725_10""",0.8895565797274791
"""8484_2""",0.17244837359402504
"""1866_9""",0.8727294677999108
"""12446_9""",0.5770057588352264
"""11406_1""",0.09016256014016058
"""7056_4""",0.5512955046997291
"""8615_10""",0.5072448334844972
"""12284_10""",0.6124382235258844
"""3279_9""",0.8052536853974405
"""9243_1""",0.6719784736180316
"""11_8""",0.47926205926332477
"""427_10""",0.5176982116073641
"""5446_7""",0.5558967067845584
"""846_7""",0.7505591149130921
"""2545_4""",0.6297384889461045
"""8635_10""",0.5200617242732047
"""4410_8""",0.8074182171644488
"""875_10""",0.9167595513279234
"""392_2""",0.15122854879368888
"""8819_3""",0.12969205884407742
"""12202_1""",0.11906121388740848
"""1370_4""",0.5991073307633618
"""340_2""",0.1705290104222396
"""179_1""",0.4313220598622596
"""11332_8""",0.8188068764053886
"""10396_4""",0.6427786216765035
"""8321_1""",0.15879951966399852
"""6384_3""",0.34042758789630717
"""5951_9""",0.7093829178936396
"""8137_1""",0.2844351629620273
"""12009_10""",0.4289266693535624
"""2103_8""",0.593460577866048
"""11153_2""",0.1469727733465028
"""4945_10""",0.6391433064957386
"""3193_3""",0.09281134090124585
"""921_9""",0.7520534642773282
"""10446_10""",0.6340772485218775
"""9961_9""",0.7300832216845373
"""11420_4""",0.2505525473053226
"""6954_2""",0.41145795014720804
"""8430_2""",0.5680172481057769
"""6749_3""",0.5531340630550221
"""5997_7""",0.48438313661150445
"""7611_7""",0.27969279905320343
"""6292_8""",0.6241755577953388
"""11314_1""",0.13989651076211135
"""5143_2""",0.5682999022867348
"""9517_2""",0.32390013828762554
"""8259_2""",0.1434125490258965
"""5114_8""",0.6677377849262234
"""3574_9""",0.5146060544911181
"""11464_3""",0.32216954109869383
"""11457_10""",0.3212101628748442
"""2496_3""",0.1877174251565524
"""6795_1""",0.5013701953648634
"""1904_2""",0.20474309224331147
"""11524_2""",0.10679184029015515
"""8223_1""",0.5124044898219227
"""5566_3""",0.20465554190776394
"""3550_7""",0.6707656315223537
"""6059_10""",0.6984441132433545
"""4580_10""",0.46463212027827616
"""177_1""",0.15985463081207935
"""8790_8""",0.8431018204901328
"""7784_1""",0.07586156363059751
"""11892_1""",0.5408474149933827
"""6235_10""",0.4995902545239737
"""6493_4""",0.6988935921379487
"""764_8""",0.9024868036554173
"""4052_7""",0.6529590412845455
"""1663_1""",0.2434965082771921
"""10437_1""",0.4477209266375028
"""1009_3""",0.5630886989833673
"""11664_4""",0.17742483313018442
"""8909_10""",0.6644989821702019
"""9200_3""",0.6822121411100358
"""7919_9""",0.6327063900421542
"""8603_1""",0.23944771460623404
"""6976_2""",0.272385941607503
"""4261_1""",0.3828907519321878
"""6636_1""",0.2551159533920217
"""10707_9""",0.9049197140638483
"""1155_7""",0.7498490092643207
"""7050_4""",0.6571916366376458
"""1360_3""",0.21263772481938187
"""8176_7""",0.6404005223603899
"""3301_8""",0.5723432180195522
"""6684_3""",0.20883522130211854
"""2742_3""",0.4315436940309885
"""7159_4""",0.34756326326603815
"""8944_3""",0.4805144889497933
"""2077_4""",0.4958607715034314
"""7145_10""",0.6802858384339934
"""6216_7""",0.7480381814519628
"""8606_9""",0.33746352345067193
"""10608_10""",0.4636640552340522
"""8441_4""",0.4013198496527996
"""1782_8""",0.5483532084309176
"""10939_8""",0.27802045043140466
"""2702_7""",0.7511229302777558
"""9210_1""",0.12042235177873904
"""9075_8""",0.6335862165482743
"""3412_3""",0.08364825666546473
"""2859_8""",0.7885296431296389
"""6326_4""",0.16595490473927757
"""94_2""",0.5682336807149888
"""3691_10""",0.7028912894590195
"""2679_9""",0.7467853583894152
"""1568_4""",0.5117491190767756
"""3540_9""",0.3963074567409871
"""3710_10""",0.6153289622416175
"""5691_1""",0.061411977075662545
"""9699_10""",0.1815729711043685
"""9207_4""",0.35987213990321687
"""286_1""",0.1706911215679885
"""10891_1""",0.0872853037406518
"""6177_8""",0.7087734484675137
"""9817_2""",0.1852682870224687
"""8871_9""",0.4302782701818239
"""290_1""",0.13029798212174
"""8388_9""",0.500934017442421
"""9195_7""",0.8016425672986809
"""1164_9""",0.8231717274256901
"""2332_8""",0.2546060679220975
"""5406_7""",0.6862604884262713
"""2476_3""",0.49398700493188746
"""11381_3""",0.5463947005572583
"""6518_10""",0.7771600641096994
"""3474_1""",0.7110733566378566
"""603_8""",0.6643792601500622
"""5448_4""",0.13760822122496852
"""3624_8""",0.82526440349236
"""11569_1""",0.2514926572380331
"""9353_8""",0.6700018816253168
"""3119_2""",0.6995101320236864
"""382_4""",0.22273127068983162
"""8569_8""",0.5143820929485046
"""2312_10""",0.7141490039931934
"""7531_1""",0.07694598635477601
"""7150_4""",0.4592626256771551
"""5496_8""",0.7718358046547502
"""1979_1""",0.42348507827022125
"""4158_2""",0.24081388710454527
"""4790_7""",0.7970756305901397
"""11971_1""",0.16026773654255527
"""197_10""",0.7992143898022467
"""3453_8""",0.7721796402767944
"""915_4""",0.37958622582013385
"""6991_2""",0.2613144195649884
"""7524_9""",0.4769820081212975
"""7474_4""",0.503543137612968
"""284_2""",0.15575118642269978
"""12483_7""",0.5467601073361089
"""1141_10""",0.5168849896278271
"""7739_1""",0.34126422370490844
"""6488_3""",0.612858008770319
"""3117_1""",0.7167183522546767
"""6224_8""",0.5657398046078014
"""9737_4""",0.47163415139980785
"""2399_10""",0.7978858224164391
"""1044_8""",0.8590639010098187
"""1153_8""",0.7795187127516344
"""11664_9""",0.7579129879083828
"""10015_4""",0.688916326623408
"""7622_1""",0.3147960206392922
"""8743_10""",0.6123148876532254
"""356_3""",0.6416041494179884
"""838_7""",0.5713692479942373
"""4922_10""",0.7301571395965314
"""3623_10""",0.803699577979771
"""9424_1""",0.168098760077531
"""8473_4""",0.7643679067900944
"""9996_10""",0.7283283809628618
"""11242_2""",0.43430499379718873
"""11889_10""",0.5617289045024559
"""11131_10""",0.6152846833410223
"""386_10""",0.7637789118845615
"""6534_8""",0.6865399603120831
"""11420_7""",0.3213426314609586
"""3119_9""",0.792993791721767
"""2708_2""",0.5653772898018699
"""2817_10""",0.4178527606579512
"""9425_7""",0.7854237268990205
"""11019_2""",0.5427337770903804
"""1747_1""",0.349023913667466
"""4493_9""",0.7012410032608406
"""4728_1""",0.6569841733796712
"""6856_2""",0.18040967848713618
"""10273_1""",0.2901797202258383
"""4822_8""",0.3180373194038518
"""10475_10""",0.38213739699775656
"""2678_3""",0.3964936235822989
"""9979_8""",0.8381474077315328
"""8090_1""",0.10416844181912933
"""10022_4""",0.08610221369528057
"""5137_1""",0.14050523636600437
"""6787_10""",0.8419237009289424
"""4027_9""",0.7322472431267413
"""208_10""",0.4967066511988632
"""569_7""",0.6521232715579641
"""761_10""",0.7472250292229592
"""2603_9""",0.47214681959260024
"""11692_9""",0.7559621552746956
"""4374_2""",0.5708727845111629
"""5581_10""",0.5326457654748453
"""10601_1""",0.5542432425137391
"""637_3""",0.2086827044284815
"""10238_2""",0.8063124431752131
"""6717_1""",0.1657117078611239
"""9145_10""",0.5647904859147043
"""1047_4""",0.7232770877626709
"""6173_1""",0.09430307242945846
"""985_10""",0.43310296467109033
"""4964_1""",0.09105068331125878
"""7104_1""",0.1148963926566118
"""6293_3""",0.7975422217820122
"""9060_3""",0.22966065166276764
"""1894_4""",0.7462607882606198
"""4650_10""",0.7982386488046107
"""12475_8""",0.7458587953833542
"""7563_9""",0.7997165140456588
"""10996_9""",0.7962481904602684
"""8315_4""",0.09531567760472308
"""710_3""",0.34471393306635434
"""3856_7""",0.6600190667437643
"""10613_8""",0.5867216087343996
"""12141_9""",0.8347797052060723
"""4666_1""",0.04133528921162388
"""292_3""",0.20716852258937318
"""3316_7""",0.8249008549073347
"""10482_4""",0.23671174548643703
"""9703_1""",0.7243663451619811
"""6905_9""",0.7495485999602132
"""9138_10""",0.8861167260987459
"""10417_2""",0.20896274731124148
"""7977_1""",0.15655903283814593
"""9350_8""",0.6217555978690688
"""4514_10""",0.7961767198549461
"""3964_4""",0.7753819892488549
"""6014_4""",0.7430638828928573
"""10198_2""",0.37268997703538226
"""9059_1""",0.11199176506940917
"""11254_10""",0.40695960281627386
"""2032_7""",0.6714716561742925
"""6895_7""",0.536828534255917
"""6921_2""",0.24104196253494814
"""9174_8""",0.7863300075458691
"""367_8""",0.37779589606985603
"""11410_7""",0.413854202024777
"""9387_7""",0.37453319237125343
"""2227_10""",0.44903180957128636
"""334_2""",0.15225513581840275
"""334_9""",0.6326672259017839
"""10893_8""",0.7290282631722202
"""9414_10""",0.7551206115038802
"""9725_1""",0.08449524054454825
"""10779_9""",0.6347255855630809
"""8654_8""",0.4425668669273493
"""9032_7""",0.7906976120091008
"""9775_4""",0.6021923241230728
"""7687_1""",0.3685266703240895
"""12206_4""",0.6872127783802731
"""7720_8""",0.6027921268023081
"""6774_9""",0.7673567714191185
"""12469_1""",0.13155398609360863
"""7249_2""",0.11335375875455439
"""5146_3""",0.5871011635179719
"""8629_7""",0.5563867436358196
"""5292_3""",0.7497280838690888
"""8937_7""",0.8559964468123813
"""9221_4""",0.6352062025125129
"""3203_8""",0.641273293851045
"""6964_2""",0.3171006470459028
"""6120_8""",0.8561957060446445
"""6962_9""",0.5976591957921842
"""4139_1""",0.05437109112431718
"""3957_4""",0.22049392235469076
"""9305_3""",0.13884631070889294
"""6863_1""",0.10474578225580991
"""2164_4""",0.38042377254768533
"""12378_7""",0.5343385340068236
"""10834_10""",0.8131350742607778
"""633_10""",0.4422098255931142
"""10071_8""",0.6260763626672232
"""8167_1""",0.2841707356329304
"""4232_9""",0.6899885625152846
"""6710_8""",0.3194593721706676
"""6055_1""",0.24071912372942034
"""8169_8""",0.7224308774301452
"""10291_9""",0.6396789128082502
"""8149_10""",0.6308917978961112
"""2499_10""",0.5193886054151186
"""4370_2""",0.06440511612476109
"""4031_1""",0.22532888162210263
"""11372_3""",0.5067288274008704
"""9619_1""",0.5774766994460994
"""8822_4""",0.3963800725103061
"""7096_10""",0.7501862897059007
"""7009_10""",0.5297820623777099
"""2442_10""",0.7974345516468913
"""442_10""",0.7462844436169855
"""4783_1""",0.08762952726411695
"""11837_9""",0.776632997251291
"""5214_8""",0.6410653614887788
"""134_8""",0.6142178721363011
"""10948_1""",0.21212067290317269
"""3011_7""",0.8011416896337997
"""4339_4""",0.4369690924147889
"""9638_3""",0.7454026647791631
"""7186_7""",0.5683208409633919
"""7702_2""",0.6070878018274288
"""6586_8""",0.6780781795227135
"""2420_8""",0.654971922941781
"""1911_8""",0.3232108157015602
"""4707_4""",0.49368583888216055
"""3954_10""",0.6945364704489668
"""12071_3""",0.7446847304316112
"""10010_9""",0.6574331043804787
"""8844_2""",0.5369956655572486
"""12312_1""",0.21415250373512634
"""4874_1""",0.47826691408279404
"""7270_7""",0.6069142438575641
"""3497_1""",0.2122653021661303
"""9928_3""",0.37956017361329714
"""11109_1""",0.12061308068755106
"""9016_8""",0.47013679156157806
"""1125_10""",0.5074242562112271
"""9695_8""",0.551956063408181
"""5756_9""",0.24919753721074223
"""11452_2""",0.2622151787922716
"""8488_4""",0.1964208880115848
"""9825_2""",0.5404297019324364
"""7054_7""",0.548037551528669
"""4359_10""",0.7786327720290143
"""11411_8""",0.49071364958398433
"""9618_8""",0.6929808331038053
"""12226_4""",0.8033630768939182
"""7752_10""",0.8469679147543868
"""9274_3""",0.3838715214686026
"""12069_10""",0.7098988998724413
"""4591_2""",0.49686109905837667
"""6065_8""",0.7574351257766715
"""2344_10""",0.41157568662214844
"""10299_10""",0.8807251310595177
"""8934_9""",0.7000322902051559
"""5041_8""",0.7402038768355504
"""3885_7""",0.6025153535253677
"""3994_8""",0.6618517688484118
"""11907_9""",0.8531858507413103
"""10181_10""",0.4685310665311575
"""2714_9""",0.73893437817626
"""1571_8""",0.7310192096055366
"""6621_4""",0.11661393001117241
"""1062_2""",0.2715959790331856
"""379_10""",0.800162348185275
"""62_8""",0.6515544421401249
"""1926_8""",0.7881129613676237
"""3428_7""",0.5556598419739622
"""2175_8""",0.7829302070681092
"""2006_10""",0.7376109264648305
"""8633_7""",0.4715823974627403
"""12158_2""",0.06789965115883874
"""11572_8""",0.8797514614176148
"""8859_10""",0.7062833090032086
"""10919_2""",0.19282304366965888
"""4131_3""",0.7758372929075379
"""6893_1""",0.5022032566401876
"""9217_1""",0.0811387497148728
"""1893_2""",0.33420006705641825
"""1719_2""",0.2173742677486805
"""5107_4""",0.5693624884403772
"""2284_3""",0.6313106832220684
"""1430_10""",0.8307888171834554
"""5207_10""",0.4890549585533233
"""2800_8""",0.7663362499930144
"""7550_1""",0.5806780135261209
"""9035_9""",0.5022210410953178
"""11548_10""",0.9343343892715691
"""6037_4""",0.2316178548157449
"""518_4""",0.1452143047615809
"""12237_2""",0.4596313733621431
"""10266_7""",0.5748559819622888
"""12032_1""",0.08985194971887564
"""2494_4""",0.12612588974020406
"""8062_3""",0.35796015864854086
"""4665_1""",0.08107455042636173
"""6082_8""",0.8619128181566772
"""7225_4""",0.3571357326499416
"""9080_1""",0.3244745166731775
"""9606_4""",0.5133233280928472
"""494_2""",0.4219487971261407
"""6274_10""",0.7030954061936835
"""4170_9""",0.4562072781089144
"""9218_10""",0.5681735819696627
"""10377_8""",0.4578931344854248
"""10597_10""",0.39649978884654585
"""958_4""",0.37270396919765053
"""9958_4""",0.4579636020378692
"""129_9""",0.862024684339807
"""2804_9""",0.8028767969452381
"""8935_1""",0.4612483982413434
"""12229_3""",0.17786029106163906
"""5048_4""",0.23447995136129213
"""6509_4""",0.22493218419978206
"""1812_8""",0.7147407940614215
"""5695_1""",0.19474962976639332
"""2021_10""",0.6759221097837382
"""9892_2""",0.44045031499441445
"""9239_10""",0.37600874520085603
"""5398_2""",0.29017363435767524
"""4458_7""",0.37927170341760996
"""11730_8""",0.7743606223744917
"""9853_1""",0.2466931837162942
"""2258_10""",0.5323473011248268
"""9345_10""",0.7045540527112086
"""64_3""",0.2136067217556915
"""10423_9""",0.3931532921659405
"""2220_9""",0.770684146858442
"""192_10""",0.84138194806967
"""12143_9""",0.6941379368144202
"""2113_7""",0.7551450123938614
"""5294_10""",0.7734984170867593
"""7025_9""",0.763566838185353
"""6300_3""",0.7670145953141807
"""8043_2""",0.14694038294249145
"""6628_1""",0.32493886544011114
"""12138_3""",0.7392671689849845
"""1333_7""",0.4332397928856727
"""10515_3""",0.32139484454345
"""11949_9""",0.5717374163317082
"""2854_1""",0.11665655791008187
"""142_8""",0.6729278157199535
"""3706_1""",0.09407112416999346
"""6149_10""",0.47446932231114963
"""8429_3""",0.5954756514213961
"""6151_10""",0.7901695703169243
"""4861_8""",0.7324740648048667
"""8764_9""",0.537043319489777
"""540_1""",0.4005607736258128
"""10693_1""",0.2874622098057241
"""2346_4""",0.18783954393020888
"""1532_4""",0.3460336459931468
"""1099_2""",0.29775158318017797
"""3818_10""",0.6706243618251945
"""2617_10""",0.5366827797591148
"""1709_1""",0.20385203829079085
"""4649_10""",0.6166203589441863
"""4085_10""",0.43809743690900327
"""4478_9""",0.8496683655755536
"""1032_10""",0.7914861415648652
"""3642_7""",0.5419786470213868
"""5656_8""",0.7164658203274274
"""11916_3""",0.4690713967054185
"""6672_10""",0.5337017658184697
"""4225_7""",0.4280019111728171
"""996_3""",0.24496901721350015
"""7421_10""",0.7913259555632918
"""9431_7""",0.6143734292797459
"""11121_9""",0.7610352624219159
"""5054_8""",0.5379989385702967
"""9187_8""",0.6675986300797174
"""9096_7""",0.7002550246328211
"""10318_8""",0.6068190601901956
"""5348_2""",0.3674058242476783
"""6666_8""",0.6571354632538068
"""6648_9""",0.4558372067178217
"""1405_10""",0.7891040537696503
"""8981_4""",0.7964854535170851
"""10248_9""",0.45332864678712115
"""4101_8""",0.8747575202582278
"""3076_4""",0.42485925620236403
"""1598_1""",0.30913002655060096
"""8430_10""",0.40329390315375613
"""9999_1""",0.34354783739988604
"""805_1""",0.08061817138940544
"""7821_7""",0.7281071115094481
"""10849_10""",0.673201554236923
"""8400_7""",0.6388241161149275
"""4807_4""",0.28406094737681853
"""8353_4""",0.5729778166220398
"""10445_10""",0.6807317265781606
"""7058_2""",0.09184684206925942
"""9715_2""",0.5108320346797034
"""10934_3""",0.31521818885676395
"""8215_10""",0.5521599374226067
"""7268_10""",0.5519677018039997
"""5521_8""",0.3133245183528836
"""8565_1""",0.08316913582453762
"""8197_3""",0.15677414069270734
"""12004_9""",0.5850698972076523
"""10257_3""",0.456863736442481
"""6260_2""",0.16718834482666295
"""10481_9""",0.9326347198853232
"""7598_2""",0.15201543676557663
"""8106_10""",0.5124586498303781
"""8049_3""",0.28524039834941467
"""7124_2""",0.4572585605532202
"""3858_1""",0.2672472948823592
"""1445_9""",0.8085187841123875
"""6346_1""",0.2210423272208637
"""678_7""",0.5507224181201805
"""10247_1""",0.43257049185626506
"""1287_8""",0.4152963868401943
"""11873_1""",0.1582007313722679
"""7198_1""",0.3244528997046241
"""3237_7""",0.7051938258968512
"""2029_8""",0.6121454012379772
"""26_10""",0.9079735761265983
"""9153_1""",0.2664589592188599
"""12004_2""",0.5665631336689078
"""4105_10""",0.8968563739533697
"""1168_10""",0.8960339771014536
"""5312_4""",0.2675363227138727
"""2907_1""",0.14405892866327843
"""7247_9""",0.629610271930513
"""107_10""",0.7126635994773853
"""412_2""",0.3779586286166287
"""2078_4""",0.6835988711644225
"""7997_9""",0.7157092233693172
"""12397_10""",0.6886040265115118
"""10052_7""",0.8785413245566319
"""6559_7""",0.31551971487555575
"""12143_4""",0.27049346265825674
"""3496_7""",0.3616361869455232
"""3569_10""",0.7331094495646875
"""9270_10""",0.5418165098176025
"""2811_3""",0.7484814685536978
"""9673_7""",0.38985089402292644
"""325_1""",0.1894106157334033
"""11741_3""",0.15767646465842355
"""10562_7""",0.7908074614075419
"""5687_9""",0.5817902818860315
"""4601_4""",0.36094032342379123
"""5698_8""",0.7197918967259065
"""11257_4""",0.32264154329436684
"""4391_1""",0.18489014039139046
"""4703_10""",0.7611830913705393
"""12191_3""",0.07590082478555489
"""113_8""",0.6355571136215397
"""9831_1""",0.1338071006705444
"""7388_7""",0.8348269327182267
"""1661_10""",0.6150942398239468
"""3703_2""",0.15764168470750176
"""6077_2""",0.46221723033260836
"""935_4""",0.31590816113954673
"""7617_7""",0.8200605157595438
"""7387_3""",0.34332896959283743
"""7889_7""",0.7371422926346963
"""803_3""",0.44682777466083423
"""9557_9""",0.7442013866292712
"""4299_10""",0.6922077184602038
"""6785_3""",0.35533056895905374
"""5185_7""",0.6031248077619356
"""9590_1""",0.4377362560568343
"""10811_9""",0.7739048707327939
"""34_1""",0.30110009184330894
"""12221_2""",0.23933369385161357
"""6436_10""",0.8091891149187654
"""8299_2""",0.1669660486827203
"""7242_9""",0.7612334909858318
"""3247_10""",0.44086285942630243
"""8466_3""",0.1222418388919864
"""5784_9""",0.7664517303681622
"""794_7""",0.7638724039694818
"""4986_3""",0.19319251107901558
"""7786_7""",0.5348978554785401
"""9324_10""",0.5730561348166378
"""2095_9""",0.6837151914424647
"""10798_1""",0.10530218214382195
"""4193_1""",0.30516397644362103
"""12063_10""",0.7435111348605423
"""3976_7""",0.4547100125705923
"""8657_1""",0.09419326929356878
"""2850_4""",0.20270498991930178
"""4522_7""",0.711685201582811
"""6028_1""",0.30136319730381433
"""6000_4""",0.6490427693632738
"""8712_1""",0.44042529043929485
"""3969_8""",0.166608691019152
"""4245_4""",0.6578604163482997
"""3873_7""",0.49328275369072094
"""68_9""",0.842803116926699
"""890_9""",0.5441199612543596
"""5922_1""",0.1956818699470845
"""2582_2""",0.23842657034365242
"""5704_4""",0.2382185491704844
"""9307_8""",0.6286239088398307
"""4114_8""",0.7022499170083875
"""5540_7""",0.7508712688323194
"""157_10""",0.5429371738974744
"""748_1""",0.4148491592139168
"""7045_1""",0.1353230115986322
"""9526_3""",0.276617146764325
"""6519_2""",0.4359209930132578
"""11254_4""",0.2030174502325899
"""9498_1""",0.22341388839672466
"""7192_8""",0.5632917084562741
"""2388_1""",0.37790916214889586
"""12002_8""",0.5458818994984098
"""8394_1""",0.2501216758989561
"""10656_8""",0.7524168002591807
"""7261_9""",0.6440078358229454
"""10434_8""",0.6966743112902614
"""139_9""",0.492314412024117
"""4538_1""",0.2543297325035121
"""4038_2""",0.07881014048616343
"""12228_4""",0.31879134986029256
"""3619_8""",0.8550861607172352
"""10411_3""",0.2990437814377433
"""7278_1""",0.14454247012419102
"""2304_3""",0.4272194219283043
"""5636_3""",0.5513251283010647
"""8833_9""",0.5717182434197323
"""504_1""",0.46965549717765404
"""12313_1""",0.06441621082662842
"""11161_1""",0.2530614383883807
"""72_4""",0.1625774204052768
"""4976_1""",0.5410674946404036
"""10018_8""",0.6121645920765257
"""12142_8""",0.7390337969681324
"""4821_8""",0.35427465709346195
"""9058_2""",0.44006653387298833
"""6347_1""",0.24705838877347958
"""3346_8""",0.6112638391413298
"""1481_10""",0.5599934088006631
"""10178_1""",0.3931443451092054
"""2851_8""",0.6828507415672188
"""12095_3""",0.11681340327981252
"""11978_3""",0.20893889141503916
"""7172_9""",0.810979310052573
"""8450_1""",0.13323251464278882
"""7464_1""",0.43225158677437264
"""12327_1""",0.5219912573044709
"""5622_4""",0.4709447210827545
"""9170_3""",0.576023637510747
"""10955_10""",0.45029775795244376
"""6161_2""",0.6035545619092184
"""11222_10""",0.8639466171424263
"""3844_7""",0.8929594403239824
"""11443_3""",0.4588499984716404
"""4004_7""",0.7573456314810123
"""11015_10""",0.7162373824157219
"""3860_1""",0.5797518956555568
"""11600_2""",0.7432573326682005
"""6849_8""",0.27168738992742225
"""1966_1""",0.15472055973314416
"""4828_8""",0.4896417827129692
"""675_8""",0.6313984849357027
"""9068_7""",0.30676309921346384
"""5924_8""",0.5723634541629842
"""10733_10""",0.8553899320763234
"""8369_7""",0.7800070616249357
"""5213_4""",0.6662220245606595
"""2558_4""",0.23678732455194715
"""47_10""",0.8927238768278711
"""2601_10""",0.5409101896964432
"""7360_9""",0.5465621133992756
"""1289_1""",0.22660696508210346
"""9875_4""",0.2931141584296321
"""2449_1""",0.2493899311504002
"""10020_8""",0.6757375415976797
"""6761_3""",0.24334187673411478
"""7544_10""",0.6782279973186677
"""4380_3""",0.39885896833545736
"""3946_10""",0.37114155493203715
"""6968_10""",0.4780483512819963
"""3006_2""",0.6148964246451468
"""11942_1""",0.3201003915389458
"""2715_9""",0.5956086973301585
"""6065_4""",0.8303721588339973
"""6866_1""",0.4860772819793454
"""6620_10""",0.6762889890596901
"""3177_1""",0.24027950987607355
"""4051_10""",0.48810804095306076
"""880_3""",0.20283696666664303
"""6504_1""",0.37322351940819587
"""12193_3""",0.12154951755901143
"""8570_3""",0.2198327025570704
"""8025_1""",0.1025225654276409
"""12316_1""",0.11535154887627616
"""10842_10""",0.8056073690901002
"""2066_10""",0.5804819856920403
"""4416_10""",0.4463423128035559
"""5327_1""",0.17196684448018862
"""3500_1""",0.4361787947180419
"""4072_7""",0.6227677856158726
"""5833_7""",0.46489288026186515
"""2989_8""",0.627354139577513
"""1905_8""",0.4403752523489877
"""5421_1""",0.2020014123560846
"""1479_8""",0.4470779458957513
"""5092_1""",0.38243822081963863
"""4840_1""",0.4569227901329977
"""54_10""",0.8852435147496746
"""9203_9""",0.3703528909454748
"""3949_2""",0.07872794516822518
"""3615_1""",0.13174339712956734
"""8748_10""",0.6691495721330953
"""108_2""",0.378330370046777
"""2280_4""",0.5208669662136554
"""6454_3""",0.4697492930921203
"""4071_1""",0.08056590643286503
"""2022_9""",0.8645604126727213
"""2600_1""",0.1971466019925722
"""2482_10""",0.5334755423398714
"""7347_9""",0.8492945817356768
"""7190_4""",0.40555586774025854
"""7174_7""",0.7575812002113907
"""5823_3""",0.26614437620892956
"""8051_10""",0.5454733925238807
"""7503_2""",0.4286520132391193
"""2341_1""",0.13350272913031738
"""516_9""",0.33775148978214736
"""8309_4""",0.2027009990714682
"""10789_4""",0.6480760119475422
"""11286_1""",0.3970104667493027
"""4770_1""",0.23211666529555555
"""7262_4""",0.5752530542789525
"""11636_9""",0.21914555773104122
"""2340_1""",0.1817639147794781
"""3407_3""",0.07335686564430016
"""2922_9""",0.8135293774192454
"""9708_2""",0.466108776433728
"""2362_3""",0.3018258232152002
"""3729_8""",0.732086110368564
"""2265_9""",0.7842015433293116
"""1439_1""",0.08867745255652937
"""8020_2""",0.28966580108272166
"""5581_2""",0.3982868759952819
"""6503_1""",0.5662917634715102
"""10101_9""",0.7795606150861123
"""7853_8""",0.8044426927841332
"""6229_1""",0.07941430382852395
"""1351_7""",0.6805781959848545
"""2764_10""",0.5480352457101607
"""4617_10""",0.4433421445265969
"""1265_2""",0.40284850729388183
"""11424_4""",0.3032932511688511
"""219_8""",0.6911488251946695
"""2241_10""",0.5900904189042847
"""8400_2""",0.47484472926195836
"""4399_1""",0.2934828022306515
"""9110_4""",0.25455551543181393
"""294_1""",0.44110257645829426
"""4646_4""",0.22530393230540852
"""8267_3""",0.6677591549997061
"""8829_4""",0.5300599718449704
"""3174_7""",0.8397144008741592
"""6557_4""",0.39814107310776065
"""8286_4""",0.5165235712570149
"""2611_8""",0.5508533865164945
"""3422_4""",0.3809501181541332
"""4632_4""",0.34107994586230395
"""6448_4""",0.42021892616123857
"""11485_3""",0.591349011751245
"""8526_7""",0.6412701872773414
"""10172_9""",0.8227952522936132
"""5043_2""",0.2481708963051109
"""7865_1""",0.3681698298445781
"""6343_8""",0.7801904052292555
"""9225_9""",0.8427965345423742
"""2764_4""",0.24277908282511645
"""8446_10""",0.4921961438804423
"""3329_9""",0.7024564978961674
"""9142_8""",0.5986993421119589
"""9567_1""",0.09850678449520521
"""7933_8""",0.6643399379581776
"""5655_10""",0.5272604933113754
"""12076_10""",0.7996300556375282
"""6455_7""",0.7629472264866294
"""7202_10""",0.4362838796738261
"""7747_10""",0.8220984824015634
"""9072_10""",0.4838380813826986
"""11374_10""",0.7867761725207671
"""3032_9""",0.6559153439796268
"""3065_10""",0.6305197768049912
"""1216_10""",0.3763453556665852
"""732_8""",0.7221299435798127
"""7586_4""",0.13383591859097738
"""12012_10""",0.6594008373657009
"""5280_4""",0.1762556002216903
"""2687_4""",0.39323688774238547
"""7659_3""",0.357745595365389
"""2813_4""",0.46824185187080125
"""6992_9""",0.4613965575368961
"""5468_10""",0.7910380537610241
"""10035_1""",0.08040991940877289
"""10283_10""",0.4449141246165614
"""5439_8""",0.595692048584798
"""8930_2""",0.1351309554667838
"""8681_7""",0.34826226805901944
"""8521_1""",0.1101983025997259
"""4213_1""",0.6424426820054779
"""9751_1""",0.15224596174345276
"""935_10""",0.6928754089514974
"""5082_1""",0.1863924474387213
"""1802_1""",0.2866702755574644
"""11455_10""",0.5119509615624139
"""1794_9""",0.5858221960021744
"""3708_10""",0.7357243665309238
"""6174_8""",0.6196893845536069
"""2210_8""",0.6696888885420629
"""6259_7""",0.666018698268456
"""12471_8""",0.9325346054353961
"""3260_10""",0.8416899431702108
"""4717_1""",0.05540995301010784
"""8673_2""",0.3476795198661683
"""6362_3""",0.1301598257735659
"""7986_1""",0.057673864226381294
"""10555_3""",0.25628795144827526
"""10468_2""",0.5016260792997482
"""5354_10""",0.30802938264110613
"""5760_2""",0.33744178486818316
"""1380_2""",0.5166265446454574
"""12054_9""",0.7548296234298371
"""3794_10""",0.6547261657992769
"""7842_1""",0.4110565966248575
"""2236_7""",0.5242324013376213
"""8449_1""",0.21386942363421899
"""9993_2""",0.36831932966450864
"""6947_1""",0.40314113054122475
"""11369_10""",0.8111543630399985
"""8186_4""",0.3811635773325467
"""7017_2""",0.6389740111939335
"""725_8""",0.5884897523402671
"""9298_8""",0.661054954462318
"""1695_7""",0.7939251434270066
"""7762_1""",0.4465506410413853
"""3466_10""",0.6696867616837491
"""1794_4""",0.15872236863173966
"""3804_10""",0.4098028015097006
"""7642_3""",0.3672699868812843
"""9538_10""",0.31875778783872916
"""10107_2""",0.05956732494901364
"""4755_8""",0.718429124949853
"""9679_1""",0.2325059162697788
"""11300_1""",0.16584955259269354
"""8747_3""",0.47454550275196744
"""4145_1""",0.0781476646622583
"""8066_7""",0.8046419528441646
"""6306_10""",0.5480844042358168
"""6021_10""",0.8991087209583621
"""4860_10""",0.8533679140071633
"""4608_2""",0.07351987823721629
"""2380_1""",0.22699316168312159
"""9709_8""",0.3917855055270331
"""8057_4""",0.5590423693268416
"""8624_1""",0.3485341965704903
"""6117_10""",0.8261188212256622
"""3641_9""",0.5797892380230465
"""8710_3""",0.576687109693899
"""9158_10""",0.788597860687526
"""1129_2""",0.4396431097661812
"""8320_4""",0.4268473967892145
"""10219_4""",0.41550891624949166
"""6625_1""",0.26089621316517403
"""1988_1""",0.42693697015171495
"""5032_1""",0.43192556425878004
"""1042_7""",0.7508193330835802
"""1895_4""",0.2131636873443935
"""10057_1""",0.5573960706196615
"""9898_10""",0.8559849552513397
"""3809_2""",0.19198640971600367
"""7994_2""",0.4391771015990713
"""2751_4""",0.5314911026427239
"""3102_1""",0.31530010652303986
"""12393_7""",0.7949869536094036
"""4521_7""",0.4962969956672859
"""11169_8""",0.789697814681271
"""7227_4""",0.7596881940881544
"""4956_9""",0.10611648350899007
"""7592_9""",0.7066378058338918
"""656_7""",0.7389347768468653
"""11534_3""",0.43667414529080245
"""774_8""",0.8491619114138501
"""7756_1""",0.143939517998044
"""2720_8""",0.7879236446513929
"""11227_10""",0.811519499312981
"""10462_3""",0.4154126156985899
"""4041_10""",0.5450130559840134
"""7327_1""",0.0733289493065073
"""4056_8""",0.8245067769917419
"""11684_10""",0.8172156288010777
"""5544_8""",0.8076349485357757
"""3799_8""",0.7885471387030413
"""3593_10""",0.6806621314003876
"""4602_4""",0.5889008435384769
"""2123_2""",0.11081093736384666
"""9773_10""",0.9202761580551453
"""10956_4""",0.22997494581226594
"""5139_3""",0.4811487779261185
"""8804_10""",0.7838533964465215
"""1784_2""",0.19008423571150382
"""11022_1""",0.2621136806388324
"""9366_1""",0.10542298541688304
"""12113_7""",0.6988940010936421
"""2375_7""",0.4944144199416305
"""3911_10""",0.9226140834503543
"""10834_2""",0.1523486305480785
"""9319_1""",0.13986222470649728
"""3923_3""",0.15756482648726972
"""4630_10""",0.566462056103465
"""2625_10""",0.840444181243241
"""10159_7""",0.8195323644556471
"""2339_1""",0.4187644085499598
"""8577_3""",0.2537920859293587
"""4062_7""",0.693756384198191
"""6677_2""",0.1319067809151842
"""7818_8""",0.7338533268316302
"""4939_2""",0.15954847344209783
"""6937_4""",0.31798368311920006
"""1286_1""",0.152473318317174
"""878_2""",0.6982045493868709
"""2357_7""",0.7945343304484049
"""3397_3""",0.5445820741225783
"""11214_10""",0.9093586324518971
"""8045_1""",0.39894644568823934
"""2943_1""",0.14929284679688148
"""1518_10""",0.578219866025144
"""2792_9""",0.8803929596004627
"""6437_7""",0.7236783091778911
"""8734_7""",0.5836055588550765
"""6165_2""",0.36345575277971265
"""11956_2""",0.09797756858794304
"""7021_1""",0.6691639751835621
"""3369_1""",0.39087857806604376
"""5829_2""",0.46110405265848464
"""11742_9""",0.8597249494609581
"""11370_1""",0.06281538688546118
"""1502_1""",0.40528123424636353
"""9933_1""",0.3108291496358927
"""4619_10""",0.6542981400799954
"""6842_1""",0.4984394955615448
"""2770_10""",0.43880573518313576
"""2343_4""",0.22267689157107562
"""3071_8""",0.6963222248382265
"""3046_8""",0.7569890628945992
"""8354_4""",0.662249828051906
"""5632_10""",0.6859606913574072
"""3901_4""",0.4518213611954389
"""6950_10""",0.8499781670796538
"""2431_9""",0.8070062256870044
"""10614_9""",0.9184229855693927
"""41_4""",0.3019439708302933
"""5039_3""",0.517187299722255
"""2827_1""",0.37929593995793426
"""2860_8""",0.3841965438388773
"""6868_9""",0.6450286743330312
"""4597_3""",0.5775610365438563
"""8795_10""",0.42973878099243706
"""11941_7""",0.5580396802852247
"""12442_1""",0.29132330468560136
"""9736_7""",0.5383010831312798
"""1102_9""",0.4931283871590686
"""4291_7""",0.7768579972607758
"""4523_1""",0.26770039398450235
"""5349_1""",0.5162200925878808
"""3363_7""",0.6902087202967473
"""11393_3""",0.3279412157705863
"""1647_1""",0.6222510986789545
"""6143_4""",0.5020492106927559
"""1863_1""",0.11699296876228367
"""10099_9""",0.2703555501968287
"""4163_8""",0.516249624348655
"""9357_8""",0.8480293881990325
"""10941_10""",0.5304847301529184
"""6883_10""",0.6521173963214708
"""11090_4""",0.6534255040745329
"""3480_1""",0.060157681455590035
"""10795_1""",0.5132563082277418
"""5865_1""",0.08326826239340977
"""2484_8""",0.5235746524778332
"""3023_4""",0.1975158319361904
"""2818_2""",0.1314716191481118
"""719_7""",0.4002576570303305
"""5297_4""",0.38556175623476674
"""12194_10""",0.7782082194302198
"""2929_8""",0.6061479078711237
"""7911_2""",0.18483847652307608
"""10619_9""",0.8197335256618511
"""5192_9""",0.4749136747605886
"""2170_1""",0.38875140621991
"""4659_10""",0.37983678630324497
"""8536_7""",0.5975275200297847
"""11119_1""",0.21606667790364306
"""7887_3""",0.8146314842230322
"""11742_1""",0.4018957981748785
"""5867_7""",0.4052405393026833
"""7538_7""",0.5586328727553096
"""1834_9""",0.7573442735676345
"""6499_8""",0.31042700254809336
"""2073_10""",0.5590807841773295
"""3881_10""",0.6989330246420862
"""802_7""",0.6173537194019257
"""1733_1""",0.12166174148782645
"""11527_1""",0.23246988875478194
"""4316_2""",0.05514733173450066
"""9812_1""",0.3125443643505132
"""8911_10""",0.45123058754893886
"""7687_10""",0.8979900811280993
"""4240_10""",0.5773097457146679
"""1778_1""",0.08360449527145476
"""11822_1""",0.22032503464489864
"""7820_1""",0.049708820827155664
"""235_4""",0.5589844047062935
"""8373_7""",0.8232879457645396
"""92_1""",0.1554478339155527
"""716_10""",0.7408100244090897
"""4028_7""",0.7511350421409386
"""5533_7""",0.6957033375263615
"""2605_9""",0.6339558258069106
"""6665_1""",0.33181432392896887
"""178_10""",0.7948001847033295
"""9886_2""",0.439198088193159
"""11779_10""",0.24266614346737606
"""5124_4""",0.2789746910323061
"""1956_2""",0.3575019488778598
"""2933_1""",0.5029135171501611
"""8737_1""",0.15279501307764062
"""8755_9""",0.8213426018312222
"""5032_8""",0.867209269780964
"""9246_10""",0.848520240341295
"""9610_1""",0.5223363008717126
"""7011_2""",0.46688164044155656
"""1602_1""",0.27003851233566395
"""3367_1""",0.27901552559840964
"""2756_8""",0.85854429634516
"""12042_9""",0.6843996127503067
"""2641_3""",0.06183486512163332
"""9202_10""",0.8806131704454097
"""1953_2""",0.30268145750338316
"""5303_1""",0.08340575302159477
"""975_7""",0.7976797016526475
"""2447_4""",0.3876356642458627
"""294_8""",0.5168872786554477
"""11643_7""",0.3949216551014818
"""8743_1""",0.17958306717259542
"""2661_4""",0.6804762682727926
"""8638_10""",0.7722891449871593
"""4793_10""",0.5903291208542395
"""7461_8""",0.35458442674457735
"""830_4""",0.2742644310323294
"""5770_7""",0.417077447519531
"""1989_1""",0.27547606125063295
"""5514_3""",0.09579564480067196
"""5842_3""",0.13842390995821646
"""11813_1""",0.15784041517083194
"""7811_10""",0.6192312330712497
"""7707_4""",0.14234630279877375
"""1205_10""",0.8893499142396641
"""10326_10""",0.5710247923827616
"""4881_9""",0.708328947306001
"""8244_10""",0.7357010193106511
"""7647_1""",0.15133333697430973
"""4376_10""",0.6365142427542719
"""6744_2""",0.45116146739842145
"""6769_7""",0.5616309949815599
"""494_10""",0.4118512077819185
"""6188_4""",0.43772833599545835
"""5859_1""",0.1030930490568271
"""6801_3""",0.7417528447418914
"""10990_8""",0.7679117179759636
"""6057_8""",0.2928228419566641
"""3017_1""",0.34178697462151897
"""7617_1""",0.4462598700900032
"""8340_7""",0.6391644690858219
"""746_7""",0.1641730594546231
"""9290_10""",0.3542643892631372
"""1525_10""",0.47218652023252594
"""11044_7""",0.7712828478712258
"""9367_10""",0.7337600768063129
"""5705_10""",0.7013487182055873
"""11375_10""",0.7208754408873613
"""11320_1""",0.19234490973295873
"""754_9""",0.44773980144189596
"""7040_10""",0.581027476567302
"""10740_4""",0.3439414335802513
"""8839_10""",0.5609856082589807
"""11614_4""",0.39353113181869115
"""10867_9""",0.5291521502023919
"""12406_10""",0.7248447248417632
"""12081_10""",0.7250239836807088
"""8763_10""",0.6989969904775936
"""4103_1""",0.08671817311391714
"""5600_1""",0.2451091592152198
"""5345_2""",0.06122377895831038
"""10679_8""",0.7447239749589499
"""11709_1""",0.2612434300922272
"""6872_4""",0.20736757254183025
"""9096_3""",0.5449694278452067
"""3417_9""",0.5101068483833899
"""5154_3""",0.6374073797903185
"""6071_10""",0.8641804610307918
"""5685_9""",0.3385853964114154
"""7937_10""",0.921599669717739
"""3628_1""",0.08690813132588061
"""7374_2""",0.2977233786964241
"""1862_8""",0.29292903894584366
"""6602_1""",0.5184717712200229
"""1401_10""",0.5908912382027789
"""12157_3""",0.3519467282311831
"""5636_8""",0.6839542100857898
"""2049_10""",0.6705376394614866
"""9402_8""",0.5732610739858324
"""12455_10""",0.8367027080356297
"""11062_2""",0.13370602930797826
"""9163_10""",0.7756472712126288
"""2879_7""",0.5515301102185219
"""2840_9""",0.6561904026774839
"""9893_8""",0.697690582108356
"""11857_1""",0.31834363446054526
"""7776_10""",0.7138260406568956
"""10365_7""",0.8120808229717434
"""6186_7""",0.7047335478781578
"""7071_1""",0.07412795852849494
"""5132_1""",0.15085741190238308
"""8971_4""",0.7073717111296333
"""3415_1""",0.13391364371940528
"""3622_1""",0.08682632203697725
"""7446_10""",0.34719216112609597
"""4644_9""",0.495488082912976
"""3923_10""",0.5278811899676732
"""3503_8""",0.42000092275013073
"""8685_7""",0.5759967068082529
"""1683_2""",0.23229711736764444
"""3417_4""",0.6045628062874617
"""10443_3""",0.3351142404896948
"""4620_3""",0.7809620813387235
"""5658_1""",0.22026751554910193
"""4185_1""",0.1379285775055031
"""3727_10""",0.7438944276133599
"""5334_1""",0.3079551966980673
"""7113_7""",0.2713440410819413
"""8713_1""",0.32879854702130273
"""2865_7""",0.4083044560955285
"""2956_4""",0.5928710241685168
"""2455_8""",0.7637614579835373
"""97_7""",0.6268454961694337
"""6789_10""",0.9511195753422308
"""8639_8""",0.8198249677525054
"""1563_8""",0.6998720834454965
"""3169_9""",0.6438476789353725
"""7627_10""",0.3127604704788904
"""1649_10""",0.8318543373806395
"""2287_10""",0.6808210676515094
"""9479_1""",0.25793496246491165
"""7705_1""",0.36632350932377583
"""10803_2""",0.2803525025972453
"""6076_9""",0.6866681932872912
"""4263_3""",0.5135900134464733
"""4726_10""",0.8916551873226264
"""11738_9""",0.9003484973790193
"""9250_9""",0.61103509820977
"""2638_1""",0.1440608867059624
"""11357_7""",0.41433454945396997
"""12135_3""",0.588504698399539
"""7296_10""",0.6343436568227467
"""10674_7""",0.5706831359133931
"""7674_9""",0.8128296319612225
"""5575_1""",0.0803880541377962
"""8120_7""",0.7344490220247826
"""1617_1""",0.11994759875041242
"""7090_3""",0.3678575743388949
"""3793_4""",0.2153930260582394
"""2658_10""",0.57768908370096
"""9942_3""",0.5986409911966176
"""9520_9""",0.5078127742531194
"""10638_1""",0.1714921419859369
"""9066_10""",0.6367756129053866
"""3408_4""",0.1682581972277162
"""7526_1""",0.5087583049783911
"""10821_3""",0.16242907650042782
"""5887_10""",0.7932914292143335
"""12470_3""",0.3772156429570637
"""4033_8""",0.8136957983045413
"""1949_10""",0.506517299637732
"""9859_4""",0.4249291414457852
"""11183_9""",0.8196272722680142
"""8533_4""",0.2701730111105871
"""10236_10""",0.22502026532898273
"""6111_3""",0.5281022952376968
"""5475_8""",0.6707844025771464
"""3342_3""",0.2586581032917218
"""8335_1""",0.564982808219824
"""4812_9""",0.7738270772803414
"""2306_4""",0.3921467645267823
"""4596_7""",0.2515123181358575
"""10431_2""",0.30380137637252536
"""5077_9""",0.8353563286697289
"""1301_9""",0.4226669870990862
"""8979_9""",0.4691891638457372
"""4226_9""",0.8729902950597946
"""5544_3""",0.19276489866392157
"""7954_2""",0.23364252954166806
"""3935_4""",0.6219154282993844
"""7076_4""",0.13248667192652408
"""10208_10""",0.7943482153740672
"""3737_3""",0.3031410760328532
"""1689_8""",0.6049437912368576
"""6585_9""",0.4972165407420782
"""6096_3""",0.2748811068100817
"""11052_4""",0.2909356727104002
"""7783_10""",0.8121455334521248
"""5157_10""",0.7044660503383158
"""5465_10""",0.7145481889954108
"""11361_10""",0.7789160461933949
"""7560_3""",0.6353090495847202
"""9781_4""",0.06996952141662768
"""11681_10""",0.6935014493752183
"""6127_7""",0.30825051987346835
"""1799_9""",0.6531132692669209
"""10849_2""",0.10509009391607593
"""4274_7""",0.5930543831168701
"""15_10""",0.3626802426435987
"""11338_1""",0.2692802163142725
"""5750_2""",0.29909846377935934
"""9335_8""",0.6140774158080837
"""8359_7""",0.6317801764045203
"""9527_7""",0.8737341431733026
"""1336_1""",0.29827292212029927
"""9893_3""",0.582776485988599
"""11229_9""",0.9160180759269029
"""5948_9""",0.35492214405106487
"""9733_4""",0.12764057586737304
"""6377_8""",0.7654108254331038
"""1427_10""",0.8090146250591969
"""9023_3""",0.25433525390479467
"""2151_2""",0.25123950306673354
"""1744_1""",0.1995416325621917
"""6367_10""",0.6871185376451018
"""9143_8""",0.5988820144370751
"""6176_8""",0.812517148945624
"""11388_10""",0.79420193539718
"""1493_10""",0.39026722856002694
"""6615_1""",0.270970108186055
"""4654_2""",0.40316910193815775
"""599_9""",0.8330310792942788
"""7256_10""",0.7651883784374902
"""11993_1""",0.2526267374660933
"""992_7""",0.8774603335021013
"""8871_2""",0.09068492280201473
"""11483_1""",0.062139026202028394
"""3322_1""",0.30954765786900224
"""9827_4""",0.830985536172271
"""8063_3""",0.17583377004962938
"""7397_3""",0.2364116325077663
"""3040_4""",0.4057069151269858
"""11682_2""",0.6241055564942442
"""8738_10""",0.841504390146667
"""9905_4""",0.13672468972335844
"""6437_1""",0.7038466916320837
"""4319_9""",0.7981292275936478
"""5353_4""",0.3318103089280656
"""12207_9""",0.7489789601485098
"""6166_7""",0.712088571013339
"""12243_4""",0.5073037163796922
"""1219_1""",0.06813211551948246
"""10292_10""",0.8947170348695599
"""10132_10""",0.5934286113747536
"""6898_10""",0.4755028478615113
"""8469_8""",0.4706981395733992
"""10393_1""",0.20891861607986456
"""7509_1""",0.329635717037493
"""9468_9""",0.560245338231764
"""9002_1""",0.09580276387519313
"""891_9""",0.5720026864549015
"""5156_4""",0.24512633036811782
"""2321_1""",0.3297748821588986
"""11859_8""",0.3894503490105495
"""12262_7""",0.49374742357606843
"""6198_4""",0.5776875046263504
"""5699_1""",0.13364703742855474
"""4252_10""",0.30363464905119775
"""10618_10""",0.6333986601179309
"""3226_10""",0.8149056142650595
"""7227_7""",0.3247793411884335
"""11047_7""",0.8062794210191413
"""9569_7""",0.6764970362462489
"""8933_4""",0.6677613202210324
"""4513_8""",0.5999959714832541
"""1271_9""",0.6573903900792192
"""6327_2""",0.2148943044162044
"""10012_9""",0.4577381311907123
"""10090_3""",0.4965984958497167
"""8564_1""",0.06866492986455752
"""10905_8""",0.7046369721127502
"""6828_2""",0.1763231878732964
"""1730_1""",0.3891176737574867
"""3404_3""",0.4321596989968463
"""12428_1""",0.15035436901252575
"""5180_1""",0.32400892675087084
"""10554_9""",0.6174267671717408
"""527_2""",0.6208640776426178
"""10296_8""",0.8451190550676724
"""543_4""",0.23155475462592334
"""10235_3""",0.46612284247316255
"""3743_4""",0.24709064981069442
"""8792_3""",0.28695632448241726
"""3597_1""",0.49410814315578205
"""12320_1""",0.24627244592498684
"""11672_8""",0.6809600465624693
"""7237_4""",0.2579648684049048
"""3726_7""",0.33031338475135597
"""6643_2""",0.4090299875366263
"""2743_10""",0.6915282994157667
"""10184_9""",0.7223540230214259
"""1929_1""",0.35902039297260635
"""666_7""",0.4997301817819496
"""4548_4""",0.165732281004551
"""4153_4""",0.42380257271726335
"""7356_4""",0.6996063029881338
"""8843_10""",0.5167962443213461
"""7552_8""",0.9031229196928594
"""6494_8""",0.48836000229851045
"""3547_7""",0.6917740203579009
"""810_1""",0.2803358504503427
"""7672_9""",0.715992555599983
"""4945_3""",0.33617094555296456
"""12427_8""",0.4350222323571278
"""749_7""",0.6311805188347903
"""10706_10""",0.7992390225584203
"""10969_1""",0.3512240292755229
"""340_9""",0.7665867846308027
"""2154_8""",0.933639139202168
"""3715_1""",0.2885932902262555
"""2388_10""",0.8007465101933827
"""5905_2""",0.3086176305753529
"""3774_10""",0.5676325077046023
"""3070_1""",0.10745166919132776
"""4789_10""",0.7004155921196376
"""1509_2""",0.046536157240841695
"""2350_8""",0.7889576320833602
"""11137_1""",0.05522447862733462
"""10987_1""",0.12728608627539673
"""5815_1""",0.22041960799857985
"""7272_10""",0.8150467569706018
"""4651_10""",0.7982386488046107
"""4184_1""",0.12742088612955696
"""9636_10""",0.15231837526175263
"""8592_10""",0.7397463907467038
"""3068_3""",0.06319083972797475
"""8899_4""",0.20750789505475903
"""10018_1""",0.2151996044891954
"""5821_10""",0.6506421210218777
"""3232_4""",0.33624446731959645
"""10795_10""",0.42234211732228344
"""7461_3""",0.14901498034041202
"""10874_7""",0.4101975938555422
"""9672_10""",0.7463529106670778
"""1908_10""",0.35809301608540084
"""4014_9""",0.5899583864763908
"""10488_3""",0.07149536542592892
"""2501_7""",0.9077946542997409
"""12339_3""",0.2576767828510311
"""2698_10""",0.6326062980344176
"""1674_1""",0.49386082097299855
"""10366_8""",0.705001600055171
"""12059_10""",0.4144083051653298
"""8285_4""",0.3544191506344724
"""4120_8""",0.5666777804780234
"""4238_7""",0.3535355181327753
"""10516_1""",0.11356267366066179
"""2478_9""",0.5571352281402224
"""7807_2""",0.38728239760771965
"""10704_1""",0.17724701144697863
"""791_4""",0.24072697166119408
"""2514_4""",0.603938535462867
"""3095_10""",0.622185438040618
"""1770_10""",0.6795143530812325
"""11115_2""",0.2984238472072145
"""10797_1""",0.5776341237216294
"""11347_1""",0.07378819028830308
"""7077_10""",0.793409524586309
"""403_1""",0.12712709819954982
"""5852_7""",0.45670165752321595
"""8451_8""",0.8292362993461879
"""7013_1""",0.5388048335663842
"""10346_9""",0.8435850670557349
"""3055_7""",0.43890010425955567
"""4687_1""",0.2199653722975148
"""8467_10""",0.556348330770212
"""11363_10""",0.7799484649296383
"""277_9""",0.786229150637612
"""1715_2""",0.1647228330192155
"""9249_1""",0.12141019069740441
"""1895_10""",0.3485869830223548
"""5505_3""",0.15381472494298226
"""1323_9""",0.8379414497649315
"""4200_10""",0.5303621208553113
"""682_4""",0.530505760821391
"""12020_4""",0.3552994607706452
"""5824_10""",0.5651297802238218
"""4475_10""",0.9362095580927127
"""891_1""",0.5854158134783977
"""2713_8""",0.8826297749968106
"""2084_9""",0.7294083840376148
"""1535_3""",0.28951004592060864
"""7862_8""",0.7189765860818867
"""8055_9""",0.7043068146765458
"""6604_7""",0.6620103738139718
"""7714_1""",0.3133814045594369
"""5606_7""",0.5672706601317801
"""7277_10""",0.711558799267623
"""3197_1""",0.06475832655741741
"""406_7""",0.5290351900670615
"""6948_9""",0.7249935351369259
"""4196_8""",0.35127291243182635
"""1723_10""",0.4620896934299733
"""11625_4""",0.6306465646951485
"""1259_1""",0.2771555035294557
"""5283_10""",0.7723026450286808
"""8407_4""",0.16225240278893086
"""5561_8""",0.41855753462495054
"""7653_3""",0.21567996736035325
"""8646_1""",0.3170624107281101
"""8053_8""",0.697529603892092
"""1879_7""",0.17385636825440995
"""1645_2""",0.4680144284408463
"""12222_7""",0.5615924403350765
"""3966_1""",0.27175399686364626
"""4754_1""",0.08186407628095109
"""8920_9""",0.49278673455836564
"""11920_9""",0.6114588522275217
"""4747_2""",0.194601478094646
"""2108_8""",0.38907413514104133
"""9017_7""",0.60940370822593
"""994_7""",0.8374934938854293
"""11155_10""",0.6321698543915494
"""6249_9""",0.8107166548750705
"""5926_9""",0.8714468349784561
"""12486_1""",0.6574620362345795
"""4918_8""",0.3891789712284639
"""1357_9""",0.7080839411448953
"""6051_2""",0.16041498248245797
"""4589_10""",0.14856079276052192
"""12401_4""",0.2189757955093657
"""4083_8""",0.7094265588763301
"""10373_10""",0.8593531907721804
"""7467_8""",0.7182129196770526
"""2220_1""",0.07373277519730444
"""6882_7""",0.6001575665189668
"""10551_10""",0.7646451131293464
"""4043_10""",0.7316943217631312
"""11078_8""",0.5850707341294349
"""4280_9""",0.9151445855802237
"""8594_10""",0.912504783680876
"""10652_9""",0.687505358129711
"""2206_10""",0.8869186753992502
"""9014_2""",0.0963591896441471
"""10215_4""",0.16272863849058244
"""3549_2""",0.20067048117441721
"""10445_1""",0.07164747398177358
"""10819_9""",0.7804312221539778
"""10691_1""",0.36661133173253474
"""3855_10""",0.7804514346868932
"""7809_2""",0.4956040205701423
"""3022_7""",0.5232997799111679
"""694_8""",0.5514302157316027
"""13_9""",0.6817921892341229
"""10972_10""",0.7947882398049727
"""9187_1""",0.5599242724371942
"""12354_3""",0.6395885935253356
"""4793_1""",0.2755539735350223
"""10696_1""",0.13081173329786838
"""12446_1""",0.06444799460271267
"""1488_10""",0.5197634077431058
"""904_10""",0.22948795842110767
"""11057_1""",0.5666188653536739
"""2132_8""",0.26303372857135066
"""1406_10""",0.7156712561148264
"""11366_3""",0.5316053615654552
"""9957_4""",0.38385485042611195
"""12096_1""",0.1195314175835597
"""3827_3""",0.1344801225053321
"""11686_2""",0.11848794159629432
"""4387_9""",0.9206691888769803
"""9955_9""",0.5265157480836217
"""12103_10""",0.7974770572012428
"""11506_10""",0.6325637873806325
"""793_1""",0.5353115078501033
"""8001_1""",0.07751727595595394
"""8823_4""",0.34722893285462075
"""1787_7""",0.8447157339426168
"""5484_10""",0.3027804197508479
"""3557_9""",0.5647358698804962
"""615_8""",0.6642364815239248
"""410_2""",0.2989169166161072
"""5800_2""",0.11487865292465976
"""3143_4""",0.4437288802147157
"""11359_2""",0.18431512231033353
"""7016_10""",0.6519122575334513
"""3711_2""",0.12559553670060306
"""8580_10""",0.6637612552554895
"""5615_9""",0.7051413203791909
"""9202_2""",0.06422391695440088
"""4776_2""",0.3882204634062944
"""8436_10""",0.8202006814671797
"""2097_8""",0.3675654925883982
"""6935_4""",0.77093061436418
"""2656_1""",0.11613116120010623
"""11446_7""",0.5847035092419509
"""5392_4""",0.2319413907744468
"""6451_9""",0.6961973269822644
"""11054_8""",0.8358312938844881
"""8677_8""",0.8584160093321387
"""8761_3""",0.20837965483985038
"""9297_1""",0.1481208522853696
"""12480_2""",0.17315045981856733
"""11736_9""",0.5842858866497618
"""4156_8""",0.7480934970725077
"""1955_10""",0.8051392214018271
"""12350_1""",0.4983207076204642
"""5439_1""",0.13534550623598113
"""1342_10""",0.6439758197500811
"""7271_1""",0.15673698654327844
"""1868_4""",0.2134495375596489
"""4497_9""",0.5537100938249443
"""1729_10""",0.6893051293460958
"""4593_8""",0.530623843885633
"""11296_7""",0.5276222910570686
"""9573_4""",0.6134458573021928
"""11678_2""",0.2370526383854238
"""6790_9""",0.7239047172934596
"""12298_2""",0.044599934462234564
"""9839_3""",0.628210005022415
"""1348_1""",0.5187390971643011
"""7004_8""",0.3317479793684697
"""10414_10""",0.6632704290586803
"""3826_3""",0.24181015477610376
"""9313_4""",0.6069621342178173
"""10543_3""",0.22574476286159986
"""6909_9""",0.7825762232653901
"""11377_10""",0.8477676889601543
"""2591_9""",0.6928388839813598
"""11355_2""",0.05787431388347627
"""9274_8""",0.5706459355808975
"""4521_4""",0.281274649465535
"""12208_9""",0.58022521113483
"""4948_2""",0.39307526128252157
"""3732_1""",0.29226591321352385
"""12096_10""",0.8204739432803361
"""7135_3""",0.46180171402387243
"""10310_8""",0.726142342310219
"""1959_1""",0.27901552559840964
"""10383_1""",0.11496979998126591
"""106_9""",0.697337793133901
"""7085_7""",0.7637923200785934
"""11070_8""",0.6894124628931213
"""6850_10""",0.8354848504955855
"""12476_4""",0.4805663231933919
"""1917_10""",0.5154904589431019
"""1341_3""",0.7575839586030364
"""4062_1""",0.37152140965644675
"""5594_4""",0.26057486046105455
"""11963_1""",0.28608575044442586
"""2777_9""",0.5082136029036082
"""9871_7""",0.4071710566338194
"""949_8""",0.37889240167620086
"""7436_10""",0.5210571219525535
"""738_10""",0.26783253738487106
"""4893_1""",0.2938112339109518
"""6100_10""",0.5113406048707333
"""10219_9""",0.37316799114689964
"""4004_2""",0.5290618540145385
"""5945_10""",0.811762313069591
"""10183_9""",0.8948351575298665
"""3465_10""",0.7190774336699641
"""4408_1""",0.07316083384212867
"""5810_7""",0.5195774167334732
"""188_3""",0.4460525750560307
"""7835_1""",0.4088298107984326
"""1648_9""",0.609098105855297
"""7971_8""",0.5647436315982945
"""11809_1""",0.387639384007672
"""5352_10""",0.304068199547917
"""1476_8""",0.7442625546568344
"""602_10""",0.6423022033258259
"""9669_2""",0.20656206892014523
"""93_9""",0.7243918300712072
"""10787_10""",0.47108996849532475
"""10958_8""",0.8366303716011226
"""6608_1""",0.15742811188653516
"""7058_10""",0.6792139659406383
"""4401_10""",0.5793125093026399
"""9315_8""",0.3606305751701533
"""9670_3""",0.46419195462062324
"""10537_3""",0.0962264674661554
"""1033_2""",0.30232813030174527
"""12085_10""",0.6250756931588191
"""9373_7""",0.41105660246788256
"""8302_2""",0.11639485024111709
"""10138_2""",0.10609797414729816
"""6814_10""",0.7034158654706607
"""9778_1""",0.07883180164256082
"""5149_7""",0.7796582332096904
"""6191_3""",0.6702296787820194
"""7466_3""",0.3235248605596704
"""10051_2""",0.1333727743976943
"""5262_2""",0.5473499226322168
"""2906_1""",0.13627498685937808
"""8625_9""",0.5987935139677547
"""2118_4""",0.4254155944156095
"""11547_3""",0.6872274708077052
"""11384_7""",0.7700871121587147
"""123_10""",0.7814327481980652
"""11115_7""",0.5527956059040509
"""9348_10""",0.40316726840196937
"""568_9""",0.43139779170080655
"""7731_9""",0.8953121095103199
"""6548_8""",0.6306319931397308
"""9235_4""",0.6032804787653473
"""430_10""",0.7433212380494141
"""10790_1""",0.11519080826124116
"""10691_10""",0.7392121178916956
"""2324_9""",0.7898699436458778
"""11031_1""",0.5643603087059244
"""5465_4""",0.58696553396166
"""5545_4""",0.7396358292578262
"""5546_10""",0.8953146149868673
"""9010_2""",0.4334470829332286
"""7205_10""",0.516567531705179
"""7580_10""",0.692141029182625
"""2052_3""",0.23040358759947416
"""6284_7""",0.48684471927759765
"""12001_3""",0.3127733320319923
"""3458_9""",0.91163849555651
"""9013_2""",0.3254955778514481
"""5839_4""",0.2858267339377394
"""10809_10""",0.8033681682055149
"""3077_2""",0.41836441151275294
"""11373_3""",0.43021516587228453
"""7083_9""",0.7742634692804201
"""10846_10""",0.7453199407116755
"""11815_10""",0.7438753400566973
"""4730_1""",0.30155914729333644
"""3320_7""",0.6139978768853037
"""4782_10""",0.63131026475463
"""3410_3""",0.38161279170265844
"""5142_10""",0.6507779204017432
"""3947_1""",0.20446720905059784
"""3016_8""",0.4489641402064956
"""12114_4""",0.4430768368802021
"""11039_8""",0.6539811823398232
"""5902_7""",0.8422301545711265
"""5351_8""",0.6613766729974649
"""1654_10""",0.7561515891558258
"""5731_4""",0.14648278044588822
"""10985_9""",0.82749739799371
"""8724_1""",0.12074968623352772
"""9854_3""",0.515079792842712
"""2054_1""",0.06334459950255289
"""11385_4""",0.6757825846661327
"""5919_4""",0.10760815972730478
"""9898_1""",0.16680428389445964
"""11874_8""",0.2029661472587648
"""4496_3""",0.6839240229108505
"""5231_1""",0.23168979511419166
"""10070_3""",0.3220125107659102
"""2345_8""",0.6276442988263409
"""9311_10""",0.7996910315137927
"""1036_10""",0.7406095086745169
"""6603_4""",0.37352730581816507
"""2138_9""",0.7084313200489925
"""10546_10""",0.6151778431536781
"""3217_10""",0.43300382122326353
"""12188_10""",0.45821446461456533
"""5986_2""",0.5691266977370217
"""352_10""",0.6220536249906835
"""8557_3""",0.23095035537821182
"""10453_10""",0.7003914353888514
"""4397_4""",0.14121474135777895
"""673_2""",0.45298335342830504
"""10305_10""",0.8032603372930359
"""11985_1""",0.07424621335144028
"""3457_1""",0.4518952105132279
"""500_1""",0.0891158296336893
"""10637_9""",0.8857454219467003
"""8144_10""",0.9267054899322426
"""8485_1""",0.3219091040652648
"""1632_7""",0.43928027651232915
"""2404_8""",0.6592456804548208
"""11489_10""",0.7713153403806777
"""7590_1""",0.1515400685793742
"""12460_2""",0.3886379969610719
"""11729_10""",0.267191829892943
"""2796_7""",0.6831559188900421
"""8015_2""",0.4167447925683627
"""8258_4""",0.2225543967613762
"""2272_3""",0.39479889925413963
"""7178_10""",0.6360268323301743
"""8476_8""",0.8771096324656237
"""3411_4""",0.41375816061708987
"""8319_10""",0.46463145323031313
"""11799_10""",0.7320484130661081
"""8585_4""",0.7505893133921103
"""4640_10""",0.8997531593625383
"""12199_1""",0.1850064447781853
"""8380_7""",0.7120977226441556
"""8712_10""",0.6010065331692358
"""12482_9""",0.869060505897003
"""4813_1""",0.14772089341133335
"""119_9""",0.7859878503528631
"""7850_10""",0.8480787549998021
"""5536_1""",0.13757140139946678
"""10576_1""",0.23970200238571004
"""2803_1""",0.10247438903394068
"""11788_4""",0.21704642915858016
"""6681_3""",0.4016669299488238
"""2503_10""",0.7417827277272098
"""88_3""",0.5152251438403345
"""7389_4""",0.25298784183377365
"""8793_9""",0.6838817593411349
"""4911_7""",0.88125649813795
"""6495_4""",0.5635087029424019
"""10670_1""",0.28169736295223147
"""2203_10""",0.7918606313227577
"""7588_10""",0.8428792452528847
"""7095_7""",0.9094144778943349
"""6748_8""",0.6697242520553867
"""10348_1""",0.3506215803515937
"""2568_8""",0.7450397116932393
"""10292_2""",0.3379427025800078
"""1112_3""",0.3031881250329292
"""5322_7""",0.7104575047491524
"""4291_4""",0.3086669367727521
"""1212_7""",0.6693161738921021
"""7963_10""",0.8790003404578797
"""6156_1""",0.42610117327766917
"""713_1""",0.5070338997475526
"""11606_8""",0.7606621256262954
"""10975_10""",0.6324396734546627
"""4638_10""",0.8629351342295779
"""800_8""",0.5946359991545617
"""1389_3""",0.46075528658541487
"""10045_1""",0.1190296296922272
"""3529_1""",0.4342362750085739
"""1921_2""",0.2460101327962714
"""4824_8""",0.39589968686566357
"""10688_10""",0.7285097966652438
"""84_10""",0.7981924572735086
"""225_3""",0.5568214107114251
"""9756_10""",0.7641741065977891
"""7601_8""",0.5985868873838046
"""6342_3""",0.4333730395377355
"""7711_1""",0.12043679847754662
"""12133_7""",0.6431406822876933
"""8026_3""",0.24843185731199305
"""4551_10""",0.7197533095651732
"""545_4""",0.31644766867583757
"""343_1""",0.2785607453076356
"""10788_4""",0.8015715021952254
"""8711_2""",0.34549079722997833
"""5493_10""",0.6464448447268303
"""9358_1""",0.5857090543152339
"""2185_3""",0.13910428021249288
"""9720_2""",0.1730605815609701
"""4481_8""",0.8604115485119156
"""6528_2""",0.21723034039860964
"""11928_8""",0.41030703389351175
"""6591_7""",0.7360772890507528
"""10876_1""",0.4138700865538383
"""11253_10""",0.590392726265272
"""2190_3""",0.6193299723982766
"""4281_3""",0.3863673551409791
"""7971_3""",0.35710754512673004
"""11649_2""",0.19705552173729093
"""5199_3""",0.2935938086168333
"""12258_3""",0.6871671845436509
"""5922_8""",0.7719933052979596
"""11136_1""",0.14930418329307982
"""7941_10""",0.7040735578393641
"""1412_7""",0.8309907186422513
"""11053_3""",0.2757373228412565
"""5586_10""",0.8196892671514827
"""5762_9""",0.35065710967431696
"""8328_3""",0.4872335157220002
"""10354_4""",0.5805446638839133
"""3563_8""",0.7303356250586879
"""8246_2""",0.5003290927694948
"""7740_10""",0.7984068895994605
"""4972_1""",0.7090376865654332
"""832_4""",0.5490917107714887
"""11386_10""",0.3971681518217811
"""1273_3""",0.15909225172715438
"""5085_2""",0.5925391469665886
"""11414_4""",0.23386995932541843
"""885_8""",0.6751736782545664
"""3943_10""",0.3308640618672075
"""898_9""",0.47528931536219815
"""8168_10""",0.6858554298413816
"""9779_10""",0.3087067838241122
"""830_7""",0.5417796149125439
"""77_10""",0.8308725413029976
"""648_8""",0.7193491987791703
"""10629_10""",0.6287840715627879
"""89_10""",0.8150747497428195
"""11955_9""",0.6663913988994665
"""7883_9""",0.6457587658024437
"""243_4""",0.2754502969981027
"""5148_2""",0.16737771366132065
"""1056_3""",0.7029894756938007
"""5206_10""",0.5414978650618616
"""8777_10""",0.546168608858263
"""2969_2""",0.13636558014949268
"""6729_8""",0.8080086654092742
"""11860_1""",0.21343930963419383
"""6307_4""",0.6368231463729197
"""11589_1""",0.44615892775336446
"""8016_1""",0.32412891951437617
"""3461_8""",0.6960676537732656
"""8767_1""",0.21613515186543072
"""7692_10""",0.6024306652443212
"""12281_8""",0.5364002460337209
"""7763_1""",0.4507266018417267
"""5301_9""",0.8175712984125374
"""5112_10""",0.5112710048168585
"""10757_10""",0.7355509798660153
"""1066_8""",0.8992597747195658
"""5413_10""",0.9025386931838484
"""2733_3""",0.37662665155849967
"""8534_10""",0.2965451081217494
"""5915_8""",0.6549294024280807
"""10566_3""",0.17073835373181245
"""10900_7""",0.7755474791673133
"""3120_10""",0.4835575799517221
"""4394_1""",0.16475247594561288
"""3090_1""",0.38690920958678776
"""4379_10""",0.8562339899174539
"""5259_7""",0.27131747020670094
"""10792_8""",0.589146448312521
"""2599_1""",0.22968015477532572
"""1912_2""",0.41010777941006055
"""2517_1""",0.7092470043109984
"""2946_8""",0.6921819642860929
"""3020_8""",0.5552145267753332
"""1850_4""",0.35068867011302873
"""9463_2""",0.13778390612971575
"""1721_10""",0.5582236739677859
"""7952_7""",0.7878571604075242
"""1806_9""",0.761004834769861
"""11403_9""",0.5683198929949809
"""2013_7""",0.608072650309765
"""5556_10""",0.7917192142925755
"""1746_3""",0.20403553181730325
"""11125_7""",0.4979225007296162
"""9270_4""",0.34338765896426326
"""7343_10""",0.7861580995916547
"""12465_10""",0.5681340890566694
"""8550_9""",0.6169676940388815
"""6213_8""",0.40705634234110705
"""10861_10""",0.6434944193061244
"""4109_7""",0.5744190717054114
"""8652_1""",0.0734420009731898
"""11546_1""",0.21916202665794746
"""9133_7""",0.554093917632044
"""5964_3""",0.11816295800729479
"""1575_1""",0.3689475069157553
"""1337_4""",0.7366350842451728
"""7610_1""",0.33146170039385475
"""49_10""",0.9093513723265138
"""6505_2""",0.3512970118035332
"""7177_10""",0.42149910557719217
"""5947_7""",0.33691464890794065
"""1723_3""",0.13935576701271665
"""9055_7""",0.45980382174723444
"""7972_1""",0.3922218389059754
"""5340_8""",0.4912665705011192
"""6938_8""",0.1524533502730597
"""12400_8""",0.5525692681155626
"""552_9""",0.4699784520822869
"""11844_9""",0.4231494859212994
"""1080_1""",0.23038046835787704
"""3078_10""",0.8564665654326745
"""8713_9""",0.6491763772019271
"""7300_1""",0.07501119755593937
"""12464_1""",0.09307009755596088
"""3812_10""",0.34681793010767387
"""3313_4""",0.6488278315220414
"""6880_4""",0.2928405100322543
"""5478_9""",0.6712452413391197
"""10951_7""",0.4419432306736266
"""3327_8""",0.4747271848524285
"""6332_10""",0.7445859384896445
"""4385_8""",0.8410638504342128
"""2387_10""",0.7503069371875287
"""5756_3""",0.39971052095272597
"""4020_7""",0.48987255482026426
"""6190_8""",0.6129701163185607
"""517_8""",0.7226925722436282
"""9018_3""",0.4775396315028852
"""9449_10""",0.8228761453463461
"""10715_3""",0.46245477479171415
"""8195_8""",0.5456510390429128
"""9605_10""",0.6190917352592676
"""4309_9""",0.6755381100295146
"""1783_4""",0.308112115261231
"""1658_10""",0.6606120344178139
"""1403_7""",0.587261440681042
"""4268_1""",0.25447583006421115
"""4822_1""",0.271553104061357
"""717_4""",0.48017899037094447
"""7768_10""",0.8261194224605447
"""7803_2""",0.16103677959513862
"""7190_8""",0.4158490171590724
"""11035_1""",0.16077277739726303
"""6288_10""",0.5892085500305566
"""10690_1""",0.13972151447903972
"""714_10""",0.8588861158862316
"""9210_10""",0.49451734552735876
"""12462_1""",0.05829411231241043
"""9325_1""",0.2409648340575644
"""8370_8""",0.9133210407927013
"""10583_1""",0.4001763227040464
"""4016_10""",0.8626572000210477
"""6465_4""",0.5841688308617106
"""1512_9""",0.4689098036914034
"""4769_8""",0.6705337759998089
"""11160_7""",0.43847263838466427
"""2175_1""",0.06239434230954512
"""12261_7""",0.7993123791559134
"""685_8""",0.5250859767899795
"""9208_10""",0.5148563871238889
"""6296_1""",0.1723196264305854
"""8210_4""",0.315508048982025
"""11237_4""",0.4894022011502362
"""8139_10""",0.7393175936787024
"""6996_3""",0.4539076764143391
"""5168_1""",0.2518772042106654
"""5528_3""",0.3082320995214022
"""6635_1""",0.49731063234710055
"""1670_8""",0.7062695919557516
"""7099_4""",0.4584274457457843
"""2239_1""",0.38583361607152505
"""7313_4""",0.2201439922933306
"""3304_2""",0.5689605352705412
"""10505_1""",0.14959933014921986
"""9681_10""",0.765659024692225
"""7569_4""",0.6038057769219697
"""9926_4""",0.34419486766555835
"""8339_8""",0.8657062973997308
"""8553_10""",0.734872042156475
"""387_1""",0.26670021965888696
"""4715_9""",0.7428974830901336
"""11447_1""",0.4328763744773628
"""7425_1""",0.6004770022211015
"""10514_1""",0.10746236494354491
"""6979_10""",0.3949864010354285
"""3104_1""",0.1522605733522549
"""6833_4""",0.4696229470604378
"""5931_3""",0.16080843993145183
"""12103_2""",0.18742345491432974
"""9413_1""",0.2528030654732941
"""2730_7""",0.5001639353169535
"""7293_10""",0.5848128950797786
"""8479_9""",0.6808651757258779
"""9099_7""",0.6980030507966927
"""2061_4""",0.40942796628998124
"""4680_7""",0.5105269150497075
"""4067_1""",0.11146876335594037
"""4663_2""",0.1486325531514538
"""3069_1""",0.058965560548867944
"""8739_7""",0.7442016933432636
"""8279_2""",0.29989109354527094
"""11078_1""",0.11216026033573909
"""7917_1""",0.406154579739241
"""7636_8""",0.7589684622949662
"""5071_8""",0.2995090992563478
"""1720_10""",0.5099933276512482
"""885_3""",0.7015803884564952
"""734_1""",0.08658399983803275
"""6309_9""",0.8609787996501168
"""4346_3""",0.3675348263935505
"""4087_10""",0.6770542617851255
"""678_1""",0.11215094214364316
"""8348_8""",0.6740683414017643
"""3572_2""",0.3372565988689204
"""10285_1""",0.4860986907634101
"""11126_4""",0.165575330663199
"""8071_2""",0.4706595534118248
"""8150_10""",0.7526148735290863
"""4652_4""",0.40261936342308074
"""3674_8""",0.5684412237292659
"""1046_9""",0.7757961393692092
"""1986_8""",0.6932441410980867
"""2516_1""",0.7809368413506149
"""11758_1""",0.2962214866258465
"""4747_8""",0.3856082741164853
"""10426_4""",0.6621912606204746
"""4331_1""",0.35823835978923585
"""9146_3""",0.2355025538865505
"""312_10""",0.6506916400286644
"""4160_9""",0.7529946014608196
"""5277_3""",0.44138207438248966
"""4896_7""",0.6251015108941657
"""4327_9""",0.5106768786990543
"""4136_3""",0.2748811068100817
"""2324_2""",0.5247456023574948
"""10407_10""",0.45950001413271024
"""5081_10""",0.9060374350237131
"""2892_2""",0.45126463915280224
"""367_3""",0.52807128436466
"""6523_3""",0.27787331318950953
"""9037_7""",0.5922812902310738
"""8790_1""",0.11842518680417922
"""1839_8""",0.654960616074476
"""4149_3""",0.42954468164168236
"""7950_3""",0.09232025750833632
"""1686_2""",0.385924985916337
"""7855_1""",0.11860513549926893
"""2844_10""",0.7441299300303078
"""4006_1""",0.345854747797304
"""1077_10""",0.6189808974169994
"""9294_3""",0.3711094644640116
"""8866_1""",0.23337637939966174
"""8414_3""",0.573983440950877
"""11736_3""",0.25613761190126033
"""11683_9""",0.7021722796978241
"""6399_10""",0.6854019021825768
"""4876_2""",0.07805430576101234
"""8818_10""",0.7776181727219921
"""8874_3""",0.5428201085098037
"""2595_7""",0.5417804764744529
"""9287_1""",0.635822677796017
"""11446_3""",0.4437401020559987
"""10016_3""",0.4123078896910911
"""10381_8""",0.7190751508861721
"""2222_1""",0.5285979641380325
"""10875_7""",0.622675771920188
"""5708_8""",0.5842443180731922
"""2727_9""",0.643126689244191
"""823_1""",0.4116523052705864
"""3616_2""",0.1632856623650356
"""10522_1""",0.2531002665867771
"""5340_3""",0.45149952305224805
"""4218_9""",0.6741696326878122
"""6551_4""",0.4525105708170589
"""4506_7""",0.4540974966923423
"""487_3""",0.3228205725922982
"""3215_2""",0.17655864468387641
"""3884_10""",0.8679684104234644
"""8163_1""",0.27157707584491053
"""4878_9""",0.3257728149147459
"""10428_10""",0.7192546738089445
"""6394_10""",0.8171038615847103
"""5318_2""",0.5913452489216369
"""4829_3""",0.4553071151349015
"""9175_8""",0.5886702616728692
"""10213_7""",0.3746612753738062
"""1484_10""",0.8211228099045667
"""9646_10""",0.5240960409142899
"""755_1""",0.3557508067620248
"""4988_1""",0.11799309992006818
"""10640_3""",0.3186949069818765
"""2780_4""",0.19986044563403663
"""5867_2""",0.2371150227610131
"""9212_10""",0.7623183187346513
"""8554_4""",0.2854511883267917
"""4703_3""",0.570887543688514
"""8779_8""",0.8935707439901539
"""953_10""",0.4015725410288926
"""10349_8""",0.8791019514337505
"""3280_10""",0.7576862204141952
"""3646_8""",0.7999964574831125
"""6054_1""",0.21021944643445165
"""4894_3""",0.5556916212032624
"""11235_10""",0.5244133743082342
"""513_8""",0.7282906585798962
"""4166_1""",0.29379397095863186
"""742_8""",0.23877233268867643
"""7671_10""",0.8500014625123095
"""2835_4""",0.544886996590159
"""8556_10""",0.7095774223852187
"""4764_7""",0.37860478275118964
"""1626_3""",0.053262376974374644
"""6883_4""",0.15010004967866808
"""1014_4""",0.37856492586536455
"""9419_10""",0.6632643368420039
"""7918_8""",0.4112509022909165
"""8912_2""",0.15258013161233833
"""7996_3""",0.41341974799484604
"""5045_2""",0.12203528626823874
"""9612_2""",0.5236405153935089
"""1658_2""",0.2673178513969687
"""4373_2""",0.11315000541494726
"""11771_7""",0.473808423574656
"""5458_4""",0.3662901514764284
"""10492_1""",0.09172889100475573
"""5551_8""",0.5724809491449381
"""811_1""",0.4340996007219761
"""12209_9""",0.3998758953803419
"""1514_1""",0.17814109046336257
"""6684_9""",0.8690353499494902
"""4604_7""",0.7981173265565928
"""3350_1""",0.30001773769536955
"""3336_7""",0.6990109102716364
"""9645_4""",0.23766623645709875
"""1664_9""",0.7508734156583284
"""5109_8""",0.5275844673438479
"""9294_8""",0.7677450400997446
"""7439_3""",0.15814168891928182
"""9098_10""",0.6506523712626633
"""10353_2""",0.19449710995828892
"""2356_4""",0.7547817978389851
"""884_1""",0.5226735977874297
"""704_2""",0.2999323119216253
"""9429_4""",0.6309002876007193
"""11563_1""",0.09918304756533754
"""10345_7""",0.6981232649485524
"""12301_4""",0.7189284236880836
"""1021_7""",0.47068064129707304
"""6353_1""",0.10674925367422634
"""2608_7""",0.700394007340702
"""10508_1""",0.14673169707925504
"""263_1""",0.15875311919435897
"""10127_10""",0.2602209182556176
"""11517_4""",0.682777594774355
"""4758_4""",0.7361964172865957
"""2210_4""",0.16185108605744092
"""12396_1""",0.10199446968405189
"""9405_7""",0.767868435795995
"""5945_2""",0.3512705139585255
"""1931_3""",0.7202921953509567
"""3972_9""",0.48892472877350107
"""7949_3""",0.3609371595240402
"""1958_10""",0.70479660135932
"""5834_7""",0.7903550813118098
"""11040_1""",0.10096337646379722
"""9453_1""",0.08948543864972962
"""5841_10""",0.7363524628003907
"""1144_10""",0.9041769737217612
"""5678_2""",0.6889657824107178
"""11361_3""",0.1713988503646789
"""5999_1""",0.2858973227208771
"""11810_4""",0.6590765601823722
"""10502_1""",0.05927728052406338
"""11821_10""",0.529313435126034
"""8270_10""",0.47696962561801537
"""4627_4""",0.6712520632993129
"""5588_2""",0.18227612717171837
"""4877_1""",0.06736833688728947
"""2289_8""",0.739960937434456
"""2582_10""",0.6183755391045156
"""8749_1""",0.3173352382686368
"""1653_1""",0.15382865618016886
"""7060_3""",0.7751027470299559
"""4299_1""",0.18428349455794113
"""7198_10""",0.6804583813008356
"""5597_9""",0.6843392168476278
"""11592_10""",0.8950597076021167
"""1516_1""",0.1888142882764541
"""1428_10""",0.4971625252316658
"""9349_7""",0.2609352138175278
"""4182_10""",0.6019283887421015
"""522_10""",0.3569491581342001
"""1942_9""",0.7707977441536101
"""2570_8""",0.8523212191394829
"""1188_2""",0.47531240200792807
"""7454_10""",0.7908734222523708
"""6859_8""",0.5102958475794486
"""4278_9""",0.8841014243882626
"""3538_8""",0.42249098581549127
"""6499_1""",0.37725455530630925
"""7715_1""",0.13107758568169817
"""5847_1""",0.4729087397677379
"""2109_10""",0.8813573708410813
"""7570_2""",0.35687321344901457
"""3725_1""",0.18256386595007734
"""8736_2""",0.5754091790791657
"""2007_10""",0.7305903552018117
"""9738_10""",0.5351736860490495
"""2763_7""",0.7138025148978433
"""9081_2""",0.5477315239046667
"""6647_10""",0.5992847850670993
"""11207_1""",0.4360595321439621
"""5182_3""",0.05085207184159417
"""2171_10""",0.6653681199863134
"""9091_1""",0.6840849710420609
"""3970_3""",0.2594695258862354
"""7432_9""",0.7528292877008187
"""2169_2""",0.05658400545105449
"""720_1""",0.3918665325240298
"""866_2""",0.04386020762149191
"""567_3""",0.47592377808191666
"""11812_8""",0.6994213220390041
"""11195_9""",0.7376224081630102
"""5877_10""",0.894483992263291
"""5526_9""",0.6846488599058287
"""792_8""",0.7422488104458226
"""8673_9""",0.8470517082814597
"""5163_1""",0.24667731907108031
"""4722_8""",0.6553496698435943
"""11423_8""",0.6234040940019411
"""3239_8""",0.8372705461677935
"""2235_4""",0.5953977287552681
"""5799_3""",0.30721480941199714
"""8592_2""",0.48067249820027624
"""5229_10""",0.3712305705178383
"""9285_10""",0.7383950967150341
"""6092_1""",0.5648479763662432
"""8940_10""",0.6284526743129045
"""12220_8""",0.4792328045711974
"""4417_10""",0.7999124143010152
"""10462_10""",0.6661443362663966
"""3241_9""",0.689906593618194
"""8744_10""",0.8988074674606442
"""1016_3""",0.3656528210413104
"""7382_10""",0.750835712941623
"""8458_8""",0.344159580248566
"""629_4""",0.44080499403468953
"""1971_3""",0.27991916016372487
"""4471_4""",0.3808165195528248
"""7890_2""",0.5149809414971556
"""10164_4""",0.5368957422767844
"""2176_8""",0.46213753027554977
"""2500_2""",0.34670764982658414
"""1155_2""",0.1259996044691262
"""7102_8""",0.5296294934567731
"""3618_10""",0.6625928412199685
"""4940_3""",0.33922404980358295
"""10263_3""",0.43411186161051174
"""12495_10""",0.5116863930243356
"""7170_9""",0.5903912451070741
"""7322_3""",0.8617268530519354
"""2938_10""",0.26509002742180093
"""8128_8""",0.9040390826827109
"""4900_1""",0.5520597573869563
"""5672_7""",0.2404602330178187
"""3387_10""",0.8408236813305772
"""806_1""",0.49091259072603033
"""7385_2""",0.0574129274573646
"""3043_4""",0.17564119931766722
"""6845_10""",0.6257183063212751
"""979_3""",0.7258475308000605
"""6853_3""",0.38398492772037346
"""4871_4""",0.44758199010833843
"""12172_8""",0.31963868882484564
"""4105_2""",0.2267615070286199
"""3171_4""",0.44192933676371654
"""8686_10""",0.7342462851843211
"""10187_1""",0.2753668729141462
"""5305_7""",0.77529428119793
"""1728_10""",0.5276098076274878
"""11284_4""",0.6895521917805216
"""443_2""",0.18536616147152837
"""8542_9""",0.8578266217524698
"""7634_2""",0.5199081506755536
"""2598_1""",0.4493414630964648
"""124_2""",0.385132868482253
"""10145_8""",0.7650813478433257
"""63_1""",0.057905005848013114
"""5522_3""",0.7101620517387777
"""1264_9""",0.7013602993301469
"""12181_10""",0.3905246874247964
"""6508_1""",0.11115045992509294
"""2146_3""",0.40023971512998213
"""5449_4""",0.10127802327104124
"""2660_9""",0.7225405690281623
"""6594_4""",0.5237526389680585
"""6285_8""",0.46349852084814264
"""12200_10""",0.32965880216555127
"""6710_1""",0.5572257442196257
"""10399_10""",0.8112047304687305
"""6703_1""",0.3288432339323235
"""5795_8""",0.8042975621555063
"""3427_4""",0.24986298983076216
"""11306_10""",0.6719260613747643
"""6641_3""",0.11359472202531702
"""9364_9""",0.7321909955805473
"""6963_8""",0.37613230968096745
"""6896_10""",0.7398632918782969
"""10154_10""",0.5632850544204295
"""4690_10""",0.7779691640838071
"""8125_8""",0.5804968530580884
"""4978_1""",0.38432167853905336
"""4999_3""",0.06285159862621774
"""8921_8""",0.5431133673165561
"""6089_3""",0.3643909181257991
"""12279_9""",0.7707276166267589
"""1209_7""",0.8078049449192376
"""2083_7""",0.7409108685411876
"""10162_10""",0.8202818586074766
"""1266_4""",0.48608061849075396
"""10892_8""",0.7165168987476764
"""4864_4""",0.510611597439772
"""10743_7""",0.5966969452955647
"""6427_1""",0.11396052319673128
"""8633_1""",0.3737013434025443
"""6158_10""",0.5643088794187343
"""4952_3""",0.09537370573266292
"""7508_10""",0.6014608900295577
"""637_9""",0.6180845439744338
"""6734_2""",0.6587124688041228
"""10685_1""",0.37349010469213584
"""6269_4""",0.468885960984232
"""9073_8""",0.6707119414565537
"""9551_2""",0.2742947638790662
"""5499_2""",0.25038639216159814
"""3573_4""",0.2924686380601184
"""12089_1""",0.6477797671665312
"""3962_1""",0.3989375571734519
"""2169_7""",0.6461507860577703
"""959_8""",0.5385862630197239
"""10514_9""",0.5519520661992292
"""4430_7""",0.8314318666185772
"""10802_1""",0.5255518754982665
"""280_10""",0.7772602663561515
"""8041_3""",0.4904069421698805
"""9040_9""",0.7276561969308939
"""10653_1""",0.6396746598396971
"""10783_7""",0.6877300094292841
"""4711_1""",0.070154238862444
"""1523_4""",0.48767586109829664
"""3903_1""",0.10489028705537792
"""4216_8""",0.49015317308518247
"""10108_1""",0.14237397117980802
"""4098_4""",0.23458209435106891
"""9433_7""",0.7015429370914865
"""11013_10""",0.64475197015051
"""3968_10""",0.3965191668909197
"""7916_3""",0.43945901741
"""5859_9""",0.6263640007496655
"""11194_7""",0.8115865747401115
"""9376_3""",0.22866950508862613
"""1808_4""",0.25639829086956334
"""12029_3""",0.45710535391006984
"""5854_4""",0.08857084535465518
"""6573_9""",0.7985846100264292
"""6747_8""",0.6823014775473603
"""4366_1""",0.3195383072861749
"""5868_7""",0.7882995007128613
"""7712_3""",0.11557433130505856
"""11617_1""",0.04607506971730655
"""5362_10""",0.5900630512528885
"""1950_1""",0.14023790631956937
"""9724_1""",0.16884566526654235
"""7537_8""",0.6797241593397684
"""6950_1""",0.1359372809935632
"""6035_8""",0.8850838045059447
"""11191_4""",0.6620467375184498
"""4759_9""",0.8094664401272754
"""1228_7""",0.23543527311445123
"""10380_1""",0.5389474503372402
"""271_7""",0.8382334525919635
"""7826_9""",0.7174028850251248
"""4336_2""",0.37064001565087823
"""4209_2""",0.3540846982432936
"""4898_7""",0.5703202946480679
"""2987_1""",0.053351146269417324
"""9976_4""",0.49942028339568717
"""7521_10""",0.7845843406633105
"""5680_2""",0.22914725136872588
"""4310_10""",0.726889755734585
"""4484_10""",0.5377102811365227
"""5748_9""",0.6310515972700923
"""6798_3""",0.4053234497522025
"""9598_10""",0.6192654139463368
"""4834_2""",0.31145062756182074
"""2505_10""",0.8772872966389148
"""1984_8""",0.6136048871647967
"""476_1""",0.3882265141113765
"""11578_1""",0.1506785691914981
"""2223_3""",0.3747177083693718
"""8215_3""",0.36686106689876946
"""3108_1""",0.3138999349175567
"""4371_1""",0.13237640725598968
"""12399_4""",0.1300001752747713
"""4913_1""",0.21557630871230887
"""8431_8""",0.5074525981489841
"""3445_10""",0.7867590212855692
"""8268_10""",0.7110266071761917
"""4271_10""",0.7057784945046108
"""2136_3""",0.23921769018293967
"""2479_1""",0.2714337102453198
"""11798_2""",0.28470283509887007
"""2893_10""",0.6471313697349482
"""7754_3""",0.6564931074740145
"""7568_10""",0.5049088594257735
"""6221_8""",0.7961573255744463
"""1687_10""",0.7596490604836632
"""4744_1""",0.08431232099213187
"""3730_10""",0.4979146320535577
"""7543_10""",0.5428414473010265
"""4449_1""",0.05833651795101818
"""2802_8""",0.7222002871213129
"""2834_2""",0.1516285565879131
"""11243_2""",0.6993831986576562
"""6638_10""",0.7553347317532796
"""3299_1""",0.21792880251719007
"""1378_10""",0.36752131881625894
"""1867_9""",0.8469290315970166
"""3371_1""",0.21600429273896046
"""1340_10""",0.6825578708964857
"""1810_10""",0.6623951145832082
"""11773_10""",0.40164745028793036
"""2111_1""",0.11083214769970316
"""2234_4""",0.6785263629729816
"""4958_7""",0.5125289385517408
"""3514_1""",0.2237125836530827
"""8488_9""",0.573759766037383
"""1650_4""",0.45960316149167474
"""6538_3""",0.4168386637642
"""9930_9""",0.7802828361715833
"""10594_1""",0.06225995352068772
"""6248_8""",0.49184632210721285
"""1384_9""",0.48072936878802375
"""11526_3""",0.4376982092067145
"""9847_10""",0.821133007410538
"""8994_1""",0.15326361199987215
"""11595_1""",0.15893289448251666
"""9840_7""",0.796435759847278
"""1027_9""",0.859235482362726
"""11691_2""",0.2138008704991094
"""1154_10""",0.5650014635945984
"""4599_4""",0.2576391504754081
"""2126_1""",0.25002242216880577
"""10719_3""",0.5847272352195039
"""11925_2""",0.0895632675129136
"""1938_2""",0.10663150156508636
"""7233_7""",0.3906380356610624
"""1747_8""",0.8005959230241352
"""4994_8""",0.667071973150008
"""10696_10""",0.3284791036955135
"""7348_10""",0.7163263683493345
"""9121_8""",0.7281533084641845
"""902_10""",0.38478472498931277
"""8046_1""",0.14204880986089174
"""3604_7""",0.519480018716095
"""4886_8""",0.7376373684886645
"""2821_10""",0.8751411539696214
"""10180_8""",0.5411469574348986
"""11376_10""",0.6485584864879922
"""11195_2""",0.17965735977779493
"""5625_9""",0.8126817733858052
"""9284_9""",0.7916828760868705
"""6747_1""",0.1562932827496625
"""3910_9""",0.28086514607407687
"""11412_7""",0.6573794211718094
"""2456_10""",0.7314386202109091
"""6105_10""",0.6423318198152778
"""5732_10""",0.4902150992385534
"""1960_9""",0.44861595580290087
"""6363_7""",0.4773296531165312
"""9596_10""",0.6824950422212275
"""8605_3""",0.14761124896108255
"""174_2""",0.3283515052157391
"""8251_1""",0.5475543395287968
"""8567_10""",0.3160449136689249
"""7007_3""",0.4399357784617093
"""2418_8""",0.7843046317454478
"""12030_8""",0.5382271914994338
"""7626_7""",0.5783550869915461
"""6070_3""",0.34879882891388314
"""802_1""",0.25190451579889567
"""10801_10""",0.7341141760869884
"""8559_1""",0.24333177391402264
"""2495_2""",0.35211753667128604
"""10777_9""",0.8387731270211227
"""2958_7""",0.46910056975539843
"""3701_10""",0.598154690729785
"""2754_9""",0.5439325153039071
"""1210_1""",0.3958351205702978
"""7830_10""",0.836689149740113
"""4523_9""",0.5666420864698032
"""12408_4""",0.6789936829953693
"""5748_1""",0.08168485000144082
"""3982_2""",0.06603552671733881
"""9658_8""",0.7873014544433811
"""73_10""",0.8436464580713587
"""3952_1""",0.4420244426025654
"""4064_8""",0.6444649576926261
"""9835_4""",0.6877876322545831
"""12463_1""",0.26596951170714866
"""905_10""",0.4764955056617024
"""5634_8""",0.7006177134792116
"""800_3""",0.3735843502534258
"""11576_10""",0.8858221502023939
"""8546_4""",0.5241325892591138
"""8456_1""",0.27628393533506596
"""163_1""",0.37711909871307187
"""7616_3""",0.37725167941991633
"""17_3""",0.5062630572568392
"""620_2""",0.16078753277066274
"""4250_4""",0.5997939861786551
"""4403_1""",0.1683326533800589
"""7107_3""",0.16778997816884783
"""9691_9""",0.6493940350187466
"""4069_8""",0.5887311357606554
"""3747_7""",0.6447343031881587
"""7930_10""",0.9310770797497961
"""1088_3""",0.4401518574920276
"""3683_1""",0.23132604645790295
"""11138_1""",0.28631067193804277
"""1825_10""",0.8549302417932709
"""9888_3""",0.092189186539845
"""8079_10""",0.45198402145266114
"""1508_2""",0.1987781849360265
"""2471_4""",0.6460107242367639
"""5238_7""",0.6880127704615466
"""4947_9""",0.5567230118945187
"""1791_10""",0.6761045311672301
"""5824_4""",0.4255549856447756
"""10408_2""",0.5912855894740615
"""6053_8""",0.43813491542175903
"""6811_4""",0.0678797768254956
"""6398_4""",0.4808249083205698
"""137_7""",0.5911915117883467
"""3920_9""",0.28857306132164473
"""8179_2""",0.48960127725788505
"""10602_8""",0.5123530164850765
"""10509_8""",0.2468703655959125
"""7346_3""",0.3790251692132417
"""2663_1""",0.3424877681752933
"""1342_2""",0.41639875368019047
"""5714_4""",0.31603585595793016
"""9669_10""",0.47233847438863774
"""6038_3""",0.5235909337310986
"""11957_10""",0.5887457133255896
"""750_2""",0.38074592716405287
"""12386_10""",0.11768626851597384
"""7178_1""",0.15291674651412418
"""8070_8""",0.6440955452099507
"""8993_1""",0.1292447536000056
"""1178_4""",0.276555616986002
"""10457_8""",0.8517148756623706
"""5287_1""",0.11729220997875162
"""3098_8""",0.7675311485623594
"""3505_8""",0.6281047307394083
"""10271_1""",0.45970850282047493
"""4354_3""",0.10807281830773885
"""4817_1""",0.2620603726096211
"""11313_1""",0.5883113850700165
"""9023_10""",0.4757425622619198
"""8404_1""",0.1844895758676973
"""11847_1""",0.10078964583478404
"""5374_9""",0.6705189975623803
"""1009_8""",0.47417206779840015
"""4197_1""",0.062247734928254736
"""10803_9""",0.5708074628280134
"""6609_9""",0.6984981314853205
"""519_1""",0.09141145018055404
"""7675_3""",0.23276213402695373
"""10204_10""",0.8673667441426188
"""10565_1""",0.21966519444376298
"""1641_1""",0.1401333856044177
"""11170_10""",0.6586646757920697
"""451_2""",0.23799172061783708
"""4526_7""",0.4867686026866179
"""5639_9""",0.8281078037496115
"""5642_1""",0.5794460518428933
"""9159_3""",0.596176102240251
"""11173_10""",0.6919118048907756
"""10772_10""",0.5828111121167506
"""11172_10""",0.7927482780249704
"""10213_4""",0.39909120020406846
"""11256_9""",0.6851903489310162
"""5863_1""",0.17535875818638064
"""5125_1""",0.797053585951005
"""5624_10""",0.5203565152242271
"""10355_10""",0.565706376112807
"""6623_1""",0.1290753074955998
"""3674_1""",0.5392939331266172
"""540_8""",0.3813727874093685
"""5202_10""",0.5806936276362352
"""9644_10""",0.726607217433999
"""4780_1""",0.3154257934877919
"""2002_9""",0.26102452490984096
"""7228_10""",0.5944057602162046
"""4036_2""",0.05413424930227109
"""9925_9""",0.5581118353553632
"""1137_10""",0.5414190974000676
"""5679_1""",0.3348716657502219
"""9162_2""",0.22016007037486512
"""2849_3""",0.07018287787095985
"""3546_4""",0.08101902014684384
"""7164_1""",0.3278427511412284
"""1749_10""",0.25715403849049223
"""11988_2""",0.17466636724136259
"""365_10""",0.5913489187124688
"""7340_10""",0.7698988249675013
"""1543_3""",0.18563329903722858
"""6008_2""",0.6323131733699636
"""2230_4""",0.48088932988258565
"""10105_3""",0.19379988569443618
"""5443_1""",0.3820461945299758
"""5024_1""",0.6952534831166802
"""5630_8""",0.6906112946683912
"""7603_10""",0.598441608333586
"""12205_10""",0.5158384291567314
"""5910_7""",0.8184890609420533
"""7006_8""",0.5758303292175833
"""3287_10""",0.6420773457752148
"""3136_1""",0.22016146786724078
"""6547_4""",0.5483839007889317
"""9329_1""",0.22376031978555425
"""1679_10""",0.581818350426217
"""1659_7""",0.5775869830360026
"""2015_1""",0.3294545586898552
"""5236_1""",0.2683336978794919
"""2201_2""",0.2107967808311654
"""6026_3""",0.6754466490993523
"""12093_8""",0.765831143155661
"""11394_10""",0.6838387967661563
"""9512_1""",0.6780818739652371
"""8401_3""",0.5763064931314636
"""5239_8""",0.7825389831497601
"""5018_10""",0.44395430753822707
"""38_8""",0.9042799550062598
"""2968_7""",0.44229019125331887
"""5359_3""",0.31037065595774427
"""10419_4""",0.7985205382163356
"""1551_4""",0.46294405729461624
"""11346_1""",0.42443261025903717
"""809_1""",0.500135184007172
"""9823_4""",0.3528225620930415
"""10125_8""",0.6495811609146211
"""8819_10""",0.5622701825611244
"""9038_4""",0.6437084567086999
"""1968_1""",0.33007698806400476
"""6642_2""",0.2594526268959612
"""9015_10""",0.8320928237039085
"""12198_2""",0.4463578966113675
"""2758_9""",0.6482191013715166
"""9206_3""",0.19397416583304253
"""4370_7""",0.8261388064321022
"""1985_2""",0.6724696460313482
"""3031_7""",0.7727452994941839
"""10172_1""",0.35055696287140065
"""4527_1""",0.0781114438105399
"""5458_9""",0.7008726487107101
"""6534_1""",0.13193913412166386
"""4347_1""",0.23643869830076686
"""11152_10""",0.7961691393472572
"""9238_3""",0.4645254436079581
"""6161_8""",0.8316091920794128
"""2299_1""",0.5708248205949448
"""1133_1""",0.8136039867915763
"""11774_3""",0.34759099061617066
"""1095_2""",0.3196333627187638
"""11311_10""",0.5885070794869949
"""1126_1""",0.2237607325748649
"""2385_9""",0.8295076683679565
"""10710_10""",0.8212804014964367
"""10106_1""",0.078806531736316
"""3363_1""",0.24097763762113034
"""11480_10""",0.7955620020620893
"""5183_1""",0.04346960184167099
"""7100_7""",0.3823572747583197
"""752_10""",0.7955134391661752
"""11958_8""",0.30510367754675216
"""2518_1""",0.22644102804248437
"""4744_9""",0.5981697090588465
"""53_7""",0.5527668215843985
"""12289_1""",0.4462171084926014
"""9239_4""",0.5785312692275856
"""8758_10""",0.6201656046228747
"""9050_9""",0.5514924133085856
"""10390_7""",0.8683016690512996
"""11780_8""",0.3122891300954124
"""9518_1""",0.2845990242392603
"""3442_1""",0.30024516476041735
"""6316_9""",0.7772499906963014
"""2826_9""",0.5032970297620392
"""5908_10""",0.8504816868531536
"""3720_7""",0.7971520296294049
"""8481_1""",0.08669264449472246
"""1188_10""",0.7831678818641719
"""2784_10""",0.2588447786743857
"""12352_3""",0.5467511883090304
"""1771_10""",0.7379914268483302
"""5255_1""",0.36904585087864467
"""328_4""",0.2425018655315679
"""313_10""",0.7646464066183729
"""10530_1""",0.16971216075348017
"""4866_7""",0.7465519342592873
"""8936_1""",0.1373590584306974
"""10029_10""",0.7800929720353339
"""12383_10""",0.2001702743669592
"""1922_1""",0.7476960120031841
"""3012_7""",0.45221092035290505
"""11593_3""",0.21227514612749007
"""8661_1""",0.7480090140964202
"""10457_1""",0.05881946964753383
"""8074_4""",0.6627651853897157
"""11993_10""",0.5997635090661521
"""6_7""",0.6039081737102729
"""2542_9""",0.5212353252148657
"""11454_3""",0.6616797908531443
"""6776_4""",0.6396054158270451
"""9466_1""",0.5659323116086747
"""11100_4""",0.14212208821104377
"""6429_10""",0.5669267450282099
"""11218_3""",0.237769988934618
"""8310_1""",0.5138083172077019
"""7432_4""",0.4833771933065737
"""10115_1""",0.15476209014059028
"""11127_7""",0.7982055151753726
"""3306_2""",0.2790855212504837
"""6998_7""",0.24666068158311746
"""12166_2""",0.21651091174813206
"""7792_10""",0.4840982006997753
"""9250_1""",0.2060989750768726
"""3351_7""",0.5194601504942
"""3350_8""",0.7512614964599053
"""2393_3""",0.6527663770120357
"""5473_3""",0.5318260476697437
"""73_4""",0.4677875270104054
"""1504_1""",0.050033687502663494
"""10317_10""",0.6917667862997967
"""5795_1""",0.3690536186908281
"""1511_9""",0.27272486070598584
"""2537_2""",0.1997029515837865
"""8010_4""",0.49949342229936705
"""1616_3""",0.38077996559455607
"""4332_2""",0.30552540606620715
"""8499_1""",0.48437586348695383
"""1636_8""",0.3946049364039697
"""7752_3""",0.5886358196923489
"""5848_7""",0.4681745217019144
"""5370_2""",0.21646229721543012
"""10600_10""",0.30018859431918954
"""5501_3""",0.15148731960071068
"""9948_7""",0.17626730562136902
"""10683_4""",0.2718351544954982
"""10013_4""",0.1578075807562899
"""11704_2""",0.09273273777881588
"""431_9""",0.5696571377747542
"""11855_10""",0.5059689963301119
"""2671_7""",0.6761544168448447
"""5831_2""",0.18999420250182478
"""7920_10""",0.631408378716246
"""276_1""",0.31602955888871476
"""6245_2""",0.13637638243875813
"""89_3""",0.5112041040934935
"""7871_1""",0.17464451271427223
"""1707_1""",0.20476198712452687
"""6640_1""",0.1115796041601527
"""723_10""",0.8879254631734813
"""11391_1""",0.4414257714416328
"""3534_3""",0.07658252425477727
"""10449_10""",0.484237745184469
"""180_10""",0.9536588095236255
"""5128_1""",0.24407208771997485
"""471_10""",0.8369117935945016
"""2341_10""",0.8248904746068753
"""3204_7""",0.8170139915703117
"""1818_10""",0.6867404621688444
"""4489_10""",0.5345753949661737
"""12034_10""",0.3914400892071353
"""11264_10""",0.7220664936324102
"""8077_7""",0.26120220208406564
"""12206_10""",0.3745516324785286
"""11549_3""",0.62837800783426
"""8993_10""",0.506902359638058
"""1937_4""",0.4462171795480225
"""7778_3""",0.21313229182237578
"""9714_9""",0.6389444386450256
"""7219_4""",0.09658659968353302
"""6518_4""",0.26022950528178934
"""8421_10""",0.7364394752537048
"""10563_2""",0.2964949057406703
"""2527_9""",0.5094734513354724
"""11147_10""",0.8049424072260343
"""832_7""",0.45648512861765517
"""8972_7""",0.6750168032719476
"""2311_9""",0.7037480334220858
"""6794_1""",0.2976850871958159
"""1769_10""",0.7827456871043215
"""11130_1""",0.16579973914753396
"""8331_3""",0.4186409474836589
"""5564_10""",0.2514906182055698
"""2594_10""",0.6478588006127688
"""11037_1""",0.42746242185509226
"""6679_9""",0.5737292496351073
"""419_4""",0.46569557236037307
"""2635_10""",0.44040684696743987
"""4436_4""",0.7518146586017622
"""10972_1""",0.48503127257469403
"""708_3""",0.3815009434074789
"""9113_1""",0.2412653821536661
"""1438_9""",0.8267531667384587
"""2048_4""",0.06330701163894269
"""4488_10""",0.6707675617108219
"""7889_3""",0.5104518561315367
"""11498_9""",0.8776379154533623
"""8780_1""",0.2417028186434794
"""2036_7""",0.6264679730940367
"""1861_1""",0.38258880460994876
"""581_4""",0.6031874150097651
"""9253_10""",0.6766011817550163
"""977_4""",0.46794202826007125
"""5693_7""",0.6412654703499514
"""6515_9""",0.6918806511386799
"""9378_1""",0.24454332241031998
"""6695_2""",0.5877477894978544
"""8507_1""",0.24202802742040042
"""829_2""",0.28720422885565766
"""11023_8""",0.6905990720752797
"""70_1""",0.35569229949188363
"""3669_8""",0.3349023693377701
"""10033_8""",0.827126819500173
"""9158_4""",0.40636857975312746
"""817_1""",0.2189320528267994
"""4679_1""",0.5381791176714738
"""8133_4""",0.5570403452170813
"""3531_1""",0.2137709323988157
"""10742_1""",0.20653226164948502
"""5579_3""",0.08100260256758123
"""9041_1""",0.39173002093348663
"""4938_1""",0.055726580541022204
"""4246_9""",0.35765840006714833
"""4275_9""",0.5774973690546732
"""6819_3""",0.09322025361505305
"""6327_7""",0.7780438691952933
"""6101_10""",0.5946747976340696
"""11852_2""",0.06731690203676444
"""10252_10""",0.5624692499345054
"""4348_8""",0.30696464913452215
"""5328_4""",0.3182740526974386
"""11964_9""",0.7397021438823262
"""8634_1""",0.47649530471645696
"""3702_8""",0.7444605492418707
"""1677_2""",0.12016805403535324
"""5907_1""",0.5463348029554523
"""8432_10""",0.4108185544008697
"""3570_3""",0.5193953763617997
"""9624_10""",0.49902113992597436
"""11466_4""",0.6967161899779702
"""9062_10""",0.8596263873750296
"""12336_1""",0.13674549821378132
"""3476_1""",0.4523769332615025
"""7033_2""",0.10327862567358753
"""2660_3""",0.45001966832855844
"""741_1""",0.29425564809312804
"""11490_1""",0.3012221550084918
"""6580_7""",0.658913945298606
"""1807_3""",0.30891298731690947
"""4785_1""",0.10929868382911026
"""6319_10""",0.3498887438272581
"""4437_8""",0.8402216264071245
"""3533_10""",0.7294385643907328
"""12119_3""",0.5772192745511507
"""151_8""",0.7568210680800561
"""7829_7""",0.19868332623596413
"""5497_1""",0.23337400210896536
"""7477_10""",0.5687277874056188
"""5879_10""",0.8398695444726322
"""8068_10""",0.6562815307943021
"""7989_3""",0.4285808757455514
"""8480_10""",0.6749556609755945
"""10352_10""",0.44363228918391534
"""120_2""",0.18860580059119605
"""10135_3""",0.2572649164857251
"""8091_1""",0.1664456179136792
"""8505_8""",0.5954588321704545
"""3282_1""",0.74150693330048
"""11570_10""",0.764005294160272
"""11052_8""",0.7714879704007493
"""5549_10""",0.8380926551162996
"""3891_8""",0.753512313021544
"""3537_9""",0.6098812715016734
"""8503_3""",0.425298275709007
"""3995_4""",0.4113320561367473
"""10979_3""",0.13910428021249288
"""11681_1""",0.5208554354574397
"""536_7""",0.607398150787556
"""11739_8""",0.8107306274312179
"""6951_10""",0.7897119609406752
"""6210_2""",0.4870757222815547
"""1449_4""",0.4215544971062806
"""11860_10""",0.5246198781895519
"""11149_8""",0.7901804133120909
"""4021_7""",0.4697972059809853
"""5104_3""",0.26729517576377115
"""2989_3""",0.2538294879880398
"""10112_10""",0.8802545733686585
"""6718_1""",0.12274711586308865
"""7654_4""",0.3720969632811036
"""9481_10""",0.6509805554322335
"""7984_2""",0.07073233261054028
"""1348_8""",0.5788040480717938
"""11079_8""",0.5242345609690807
"""9554_10""",0.5458470679761462
"""8617_8""",0.6783729541673155
"""315_8""",0.6952343910578185
"""6085_8""",0.8244607614832676
"""1823_9""",0.8307041576706014
"""3208_10""",0.8299533704422254
"""924_4""",0.5284897570810864
"""6479_10""",0.6710663723469952
"""7017_10""",0.5870001917537259
"""8595_4""",0.43438541347289816
"""4532_10""",0.7714718163162101
"""5145_4""",0.6431081086478174
"""2358_7""",0.5513138777478246
"""11151_4""",0.3458020074559302
"""10238_7""",0.4526679527830557
"""564_9""",0.44423520881983647
"""4054_10""",0.8695751651248399
"""8852_9""",0.7902149871920175
"""10137_10""",0.7659203885728416
"""7014_3""",0.5749900958911337
"""1533_4""",0.06432754333897284
"""8257_2""",0.4274131535567865
"""8719_8""",0.6329678457885217
"""5041_1""",0.06509252476666776
"""1469_9""",0.5196758344384207
"""11726_3""",0.30146121011530214
"""2002_1""",0.14540984703132154
"""12293_3""",0.4698587414911244
"""3672_1""",0.1349813835059318
"""11110_10""",0.714741439534839
"""3931_1""",0.6099853759853986
"""6972_1""",0.2707932914146425
"""10186_1""",0.2961717410087172
"""9265_3""",0.6061909439260847
"""7412_3""",0.21624381128810455
"""5427_2""",0.2739270075292453
"""5006_4""",0.7077432199197458
"""3199_1""",0.08889048657426432
"""6256_8""",0.1826533040515316
"""418_9""",0.6637927348182542
"""8834_9""",0.8586732164580785
"""5093_10""",0.8153618245189979
"""3190_2""",0.14634131971943176
"""12360_4""",0.0756221686139778
"""9477_1""",0.5543031052222667
"""6085_1""",0.2342382742546011
"""7773_10""",0.6012006269132387
"""255_4""",0.45721886108855864
"""1661_1""",0.08413635774693486
"""1627_10""",0.5871126868743077
"""9204_2""",0.32353713202866463
"""3704_8""",0.4186473292689971
"""11898_9""",0.6759254253731514
"""1137_1""",0.3189870893978029
"""101_9""",0.33841501628250514
"""1142_1""",0.17399268268832072
"""5314_8""",0.7758702357709049
"""10932_4""",0.2657618451122496
"""9639_2""",0.33085564011186713
"""12125_7""",0.7852348047082474
"""10998_1""",0.18525335184358938
"""5186_7""",0.6306817450776709
"""10340_1""",0.6496106434655158
"""7419_8""",0.5298307801565313
"""6929_3""",0.5368378856618033
"""7238_4""",0.07401304038955303
"""10869_7""",0.6947931550792081
"""4106_1""",0.0671922748781745
"""6589_2""",0.5598123193905995
"""9619_7""",0.488717200468847
"""7116_4""",0.5413920085768331
"""8889_1""",0.05228520755287914
"""3901_9""",0.7178201042783172
"""7052_7""",0.3651663252641383
"""6439_1""",0.12949915923096111
"""5309_1""",0.6499339388481951
"""4515_3""",0.4422080554536091
"""3029_4""",0.5103130360105436
"""10310_1""",0.19033189374996165
"""12350_10""",0.7984522930762797
"""532_8""",0.39316235622955176
"""11145_8""",0.7413836438405725
"""75_10""",0.7933966100283
"""6137_3""",0.2089225522566217
"""1637_2""",0.07696660821214522
"""12327_10""",0.9249183049441875
"""2177_7""",0.6080860378826508
"""1879_1""",0.637972039115834
"""8745_2""",0.11490510180272213
"""3099_8""",0.7358991711249824
"""7354_4""",0.2212056915646541
"""10103_1""",0.07219538023204387
"""3296_10""",0.5899601218577727
"""8494_9""",0.7507085444812034
"""3423_4""",0.5841136305652749
"""7609_8""",0.3508534798406084
"""4265_10""",0.6452370473514327
"""1872_7""",0.7909216081728087
"""10987_10""",0.6826083072972609
"""2849_7""",0.7299687536850038
"""628_1""",0.5159007193427295
"""1391_1""",0.12975252576160418
"""7456_1""",0.06289886272234878
"""12150_1""",0.4350272819653361
"""7718_9""",0.7465642308657476
"""5787_3""",0.5026236696259118
"""12162_8""",0.6978870197878727
"""11670_7""",0.4911100359159936
"""1784_8""",0.46047488163647576
"""7483_8""",0.5773947494918847
"""9564_9""",0.5004208002299895
"""10832_9""",0.49936957036741403
"""12230_1""",0.17169325707010874
"""2291_8""",0.802880064022948
"""8416_3""",0.5656260530059799
"""9486_10""",0.7895338751438706
"""8153_10""",0.5158933565942391
"""5164_10""",0.7887565475027951
"""6347_8""",0.8047151023872936
"""7773_2""",0.28366754096256463
"""12215_1""",0.11978517483207733
"""10039_8""",0.6096436327753524
"""9803_9""",0.5654709005416688
"""1589_1""",0.5474553395007319
"""1615_9""",0.7685334064716993
"""119_3""",0.28541419406959767
"""623_8""",0.7601299173074154
"""10427_1""",0.5268745682938563
"""11697_4""",0.41956043957976624
"""6168_2""",0.3743360681306998
"""2658_3""",0.5038493957841311
"""1841_4""",0.2786312786399003
"""10572_1""",0.2699461287248203
"""6964_8""",0.2630437606111964
"""5172_1""",0.3585187796539857
"""989_7""",0.6306149962352928
"""159_10""",0.7130264156980154
"""5240_1""",0.21465437161083042
"""11777_1""",0.07703307979316562
"""8350_3""",0.15043501451947772
"""2565_1""",0.2865074815002884
"""7694_10""",0.7696792085203925
"""7759_1""",0.24436562879917323
"""3003_4""",0.7795630145113803
"""7128_2""",0.09465220931953303
"""8147_4""",0.30023881464460506
"""6595_9""",0.7158493654742102
"""8949_3""",0.5926916411471476
"""9848_4""",0.4387015686295792
"""7496_8""",0.5968676809518567
"""11857_10""",0.6661345792214786
"""3237_1""",0.2502075743110197
"""5404_1""",0.13421552230866057
"""10699_8""",0.4832394562082743
"""6138_4""",0.45067987990893627
"""909_4""",0.6746264629749129
"""11833_10""",0.8801035581527792
"""11817_10""",0.7020586667661571
"""171_2""",0.19969393040729042
"""2517_7""",0.5991531235858677
"""10307_7""",0.749720752976124
"""370_2""",0.14299115151967332
"""5995_8""",0.5632202870653368
"""4612_1""",0.460052310351043
"""6561_8""",0.6460508873180788
"""7454_1""",0.1544183438121837
"""2951_2""",0.17281370646932484
"""8860_1""",0.347060838811027
"""411_3""",0.30150202002026866
"""664_3""",0.04762674869817895
"""4345_10""",0.28621653007082887
"""4452_1""",0.6729200125913622
"""2833_2""",0.14523746869915397
"""10374_3""",0.40989840921012755
"""9322_1""",0.40121197986274315
"""9923_3""",0.11599442011459037
"""8687_3""",0.38321952226209566
"""7567_9""",0.444043205746636
"""137_3""",0.20121935750431746
"""7872_1""",0.09094347732544567
"""6968_4""",0.43361319692579714
"""1540_10""",0.6919437493511796
"""9157_10""",0.7363465541810128
"""4102_10""",0.7387238168322169
"""6645_1""",0.5431085825997048
"""7630_10""",0.6548058204050846
"""3958_9""",0.8987301447716003
"""11437_9""",0.7483141965722144
"""6982_1""",0.22047041860994
"""4870_2""",0.3090151138165505
"""3545_7""",0.7337717049349252
"""204_1""",0.06500584600152196
"""6844_10""",0.3848041678421344
"""4736_1""",0.1923316754383134
"""9120_9""",0.6670084911254083
"""1608_1""",0.42111786001084595
"""1251_10""",0.9233460226938603
"""12315_10""",0.7736711590228874
"""11754_10""",0.8393173615273962
"""2399_3""",0.3896225131110224
"""11499_8""",0.7648298949351097
"""3870_10""",0.6391328794719112
"""5503_10""",0.7464618934343465
"""4045_10""",0.44088961395939635
"""3063_1""",0.1283756683813273
"""10914_7""",0.5341644261260599
"""8509_10""",0.6576862206209245
"""5872_1""",0.2246342523844492
"""5729_4""",0.3260909466416808
"""10865_2""",0.13603776806144766
"""10218_4""",0.621367632971873
"""2096_4""",0.3955578240973064
"""11344_1""",0.5753761177734161
"""10623_2""",0.29260370287758397
"""11241_10""",0.4674205144582051
"""7254_2""",0.36988346704457475
"""7892_1""",0.12630589736462022
"""3472_8""",0.5842171675455506
"""11637_4""",0.6976494250010734
"""11853_9""",0.7985881688214047
"""1096_7""",0.7765516773425465
"""8508_3""",0.56870568384155
"""9400_10""",0.7838248011942412
"""1128_10""",0.6600000868083018
"""5989_10""",0.7927980221957278
"""8021_1""",0.07741841199561679
"""7860_10""",0.8083115046439846
"""1131_10""",0.40613295746025374
"""5589_1""",0.376370200598688
"""5662_8""",0.7035245380487519
"""2161_7""",0.6869356095090869
"""323_10""",0.8434633021691902
"""2431_1""",0.49740157148492004
"""10147_7""",0.854130762831177
"""2956_7""",0.5581329843683657
"""12005_3""",0.2800499791597468
"""477_2""",0.3720317804432418
"""202_9""",0.7189965706405248
"""5710_10""",0.9172077821974728
"""2262_7""",0.8880137275169462
"""7103_8""",0.339870997866395
"""10237_3""",0.36970455168200206
"""12151_1""",0.5065120761031539
"""7485_2""",0.3392249687887133
"""2438_10""",0.7620407460021972
"""4069_2""",0.12474719559188349
"""5593_2""",0.4603584333876595
"""11163_1""",0.5481931431711695
"""6754_10""",0.6556023877080162
"""9147_2""",0.6329483083115734
"""9614_10""",0.7160458664819123
"""4427_7""",0.843953524502921
"""1382_1""",0.16691451512497266
"""11132_7""",0.7347416621587152
"""6371_3""",0.3353009988089672
"""11221_4""",0.548993154894613
"""10071_2""",0.4123286820698811
"""4936_2""",0.14254672430322649
"""1797_3""",0.612162060454336
"""6692_4""",0.5471685611396739
"""5816_1""",0.4823768122576022
"""6163_2""",0.2012775259819111
"""2042_8""",0.7155615482394306
"""856_3""",0.11685946711390754
"""1233_10""",0.901227917507667
"""9537_10""",0.8809649064624442
"""9504_9""",0.6236536515002989
"""788_10""",0.5941270299459397
"""3399_8""",0.8529681365699017
"""7142_4""",0.20306744935500276
"""10371_4""",0.2784035354238373
"""760_7""",0.5289976953501452
"""3614_10""",0.8680989176157153
"""3314_1""",0.491652659399907
"""3447_10""",0.668908864181004
"""12240_10""",0.46593953312955283
"""10083_10""",0.8349900121202147
"""9936_10""",0.43682794569962874
"""7651_10""",0.6923630106151545
"""1470_1""",0.23647478960090212
"""2703_7""",0.5324536043342823
"""5637_10""",0.7242532926474625
"""6102_1""",0.413957913581379
"""8991_8""",0.6916125819011778
"""9606_10""",0.7117391569163627
"""10568_4""",0.17237082716979263
"""7126_10""",0.6398366213603548
"""4203_10""",0.6003811186232055
"""4486_2""",0.22816043189836918
"""3408_9""",0.8023692501439212
"""2867_8""",0.6685262308758442
"""7338_8""",0.743035543913246
"""8065_4""",0.3291758902479534
"""2510_3""",0.2157788009368801
"""2110_7""",0.47395030553652373
"""4097_4""",0.4127784930963773
"""7484_8""",0.3939307064994775
"""5789_10""",0.4951131259100744
"""8070_2""",0.1170166013384629
"""867_2""",0.25858884991951975
"""1364_3""",0.4364307257674484
"""10654_2""",0.07896789706155614
"""12417_4""",0.39124881994493604
"""10470_10""",0.7358245689017167
"""6544_10""",0.2787132209226627
"""8904_8""",0.40548179701327747
"""10282_2""",0.2908355484104572
"""497_9""",0.39320759376524755
"""2659_10""",0.5521518350399713
"""9609_7""",0.8886005034513182
"""3010_3""",0.45437433855027104
"""9134_1""",0.24929596962150846
"""8990_1""",0.45576750082838907
"""6960_4""",0.49783080008791003
"""9566_9""",0.3048392023486396
"""7923_4""",0.3411203903534375
"""4542_10""",0.694753610863827
"""7185_3""",0.16490098629006728
"""1918_10""",0.8134413052915471
"""2316_8""",0.2751184327705585
"""5846_10""",0.39272119898779834
"""1023_10""",0.6306135354615643
"""7141_7""",0.7289263608420902
"""3724_10""",0.6546729942270437
"""3617_2""",0.3042369586668471
"""7095_1""",0.12531366184366294
"""12201_10""",0.7189457056026579
"""10309_2""",0.22985415090548564
"""5584_8""",0.7987028157072266
"""2063_10""",0.5421949632964955
"""10874_1""",0.20570407273797853
"""4084_2""",0.2685816225176138
"""2765_1""",0.13069736222687892
"""11390_3""",0.7018384198043595
"""4676_1""",0.4567823379497283
"""2130_7""",0.6222642529952467
"""12032_7""",0.27546487037960127
"""9671_3""",0.13184379878879157
"""816_7""",0.7914800847404484
"""11320_8""",0.394368269102876
"""1458_8""",0.9200545445834071
"""1938_7""",0.6984538644897361
"""2861_8""",0.6724516410049526
"""5768_9""",0.770605305909115
"""5049_9""",0.8221041800506089
"""8083_1""",0.4022274244486117
"""4825_1""",0.12949915923096111
"""1740_9""",0.7637697149595517
"""3034_10""",0.670796032237635
"""9977_7""",0.3467397820498574
"""8459_10""",0.6101794016103382
"""1103_10""",0.6560861732063014
"""3783_10""",0.9279302996473591
"""754_2""",0.47920157349860754
"""5580_10""",0.6736081199249497
"""3472_2""",0.4919277818501526
"""2640_3""",0.33549937627296894
"""5400_2""",0.5114081247372634
"""5881_10""",0.7696457931460722
"""10970_4""",0.9158362710007265
"""8842_1""",0.23708744995263425
"""5336_8""",0.6065065244926565
"""1398_1""",0.46913307159261874
"""12310_10""",0.8241208579712647
"""6012_8""",0.638245647643006
"""1508_7""",0.20268313415135533
"""2981_8""",0.6814330364669838
"""576_8""",0.5270329974171278
"""9683_7""",0.5274913415692892
"""10336_1""",0.44080557038460993
"""3345_3""",0.2842288320435953
"""7683_7""",0.7618113255748795
"""6366_9""",0.46671834940336865
"""6741_9""",0.8886996343140688
"""11396_2""",0.823926892022032
"""4964_10""",0.5518862783301749
"""12285_10""",0.7705361216461558
"""11018_9""",0.48628786182577416
"""3902_9""",0.6990167287332403
"""4147_8""",0.6093661021497415
"""1748_10""",0.6583440115247757
"""10084_3""",0.2685211072677043
"""3265_7""",0.7199393071281959
"""6160_1""",0.3475500070200212
"""2984_10""",0.8885359169781714
"""1305_1""",0.07895373312918652
"""9075_4""",0.6390947693177298
"""11710_7""",0.7211329430677825
"""2443_10""",0.8394021136122961
"""938_10""",0.6776672523978969
"""1392_7""",0.43405040966222136
"""10406_8""",0.3813377638572711
"""4302_7""",0.798282906709225
"""2836_8""",0.7384390849546041
"""2365_3""",0.26016498795803356
"""98_1""",0.39939330061306444
"""8325_10""",0.7507717848284675
"""300_9""",0.7036480312903174
"""7667_1""",0.4981981732210316
"""4313_10""",0.3423123360375378
"""12450_3""",0.5954688996057503
"""8582_1""",0.5852550696030814
"""11325_9""",0.42913210774819044
"""8482_1""",0.28311596348594015
"""7304_8""",0.8196031727433771
"""9439_1""",0.04988414138953987
"""2656_10""",0.794736349696975
"""4306_3""",0.1531470974798651
"""10079_1""",0.0643410682255312
"""11172_1""",0.1422367195484667
"""6095_9""",0.6612818217818738
"""5698_1""",0.2336903079600395
"""35_1""",0.7298384224206532
"""6043_3""",0.503084851743514
"""2261_1""",0.38857436194680395
"""4784_10""",0.7290926447471706
"""10936_7""",0.7068385819534061
"""5316_10""",0.6079937906288032
"""8361_8""",0.575118619935829
"""10373_2""",0.6386618790212953
"""500_10""",0.40525650010057235
"""371_4""",0.19817039898750857
"""3434_4""",0.07189219970416189
"""3654_2""",0.07845188612599126
"""11280_2""",0.6467530169929658
"""6542_9""",0.48877063921626634
"""10313_10""",0.7620415525850898
"""7267_1""",0.3706306062437415
"""11897_3""",0.7287843650430484
"""7321_2""",0.18766312662928414
"""1516_7""",0.17670852234561238
"""1640_1""",0.3796046037915643
"""9456_10""",0.49313998044256907
"""2769_10""",0.38411373017132133
"""6280_7""",0.4633265411322963
"""12399_10""",0.7205142774586615
"""6206_7""",0.7315457679934607
"""8836_4""",0.44724688256555595
"""5254_9""",0.6213906545902301
"""10903_1""",0.1502440839528816
"""3966_10""",0.35835233198942185
"""4048_10""",0.8569286388380783
"""1528_9""",0.6966818948774117
"""6219_10""",0.7902082887233367
"""8280_4""",0.39776972463688204
"""7974_10""",0.6669944972521091
"""6956_8""",0.8673850701623204
"""5975_10""",0.807283262575224
"""6759_10""",0.6833554623371514
"""963_2""",0.5172743828567662
"""12158_10""",0.6786725097933187
"""148_1""",0.3504615010212596
"""8831_1""",0.4835319358833371
"""11556_9""",0.30801550053489657
"""9038_10""",0.763223259046419
"""4421_10""",0.8727112530668036
"""5236_8""",0.6777035706243584
"""3753_10""",0.5545188097052933
"""9334_3""",0.5104557654172915
"""2444_4""",0.13313812360959995
"""2890_3""",0.2435360370785948
"""9132_9""",0.6876398319959058
"""11413_10""",0.4784447047445648
"""3424_4""",0.5992984455988932
"""1258_3""",0.37962242414820657
"""5277_10""",0.5613353238471163
"""706_10""",0.8956065749186973
"""3527_10""",0.7628993820781944
"""4081_9""",0.3582709204987893
"""3895_2""",0.669735631337805
"""11528_2""",0.1676880905624852
"""7285_9""",0.5286546693309074
"""12339_7""",0.5228687660500557
"""729_1""",0.18018353354234434
"""6291_1""",0.49609599293926215
"""12296_9""",0.30801550053489657
"""5913_10""",0.9137398579754192
"""7770_10""",0.8586113501419419
"""9546_2""",0.16243990354147791
"""2383_4""",0.6433936541665044
"""6802_7""",0.8404059752995121
"""5445_2""",0.36847981770194693
"""687_3""",0.26298957572251697
"""9982_8""",0.7311839897091867
"""11830_10""",0.5165429423695128
"""4271_1""",0.2151566214185828
"""7279_10""",0.4398354082652752
"""1599_7""",0.5762684880544419
"""10880_10""",0.5904728517348637
"""2838_10""",0.7182524834572901
"""4234_9""",0.6498899637435517
"""7674_2""",0.1306378489904139
"""6156_8""",0.6070947548987612
"""11657_4""",0.28379408315553584
"""11738_2""",0.41361953678534763
"""11962_8""",0.5107101583784683
"""10966_8""",0.6887659728271526
"""6421_1""",0.15828559572381945
"""1476_3""",0.26797479537721874
"""7022_8""",0.8686929430853172
"""11500_8""",0.5566337321474288
"""6263_2""",0.22241120425303493
"""8989_9""",0.49799544985319666
"""2395_9""",0.604923086374424
"""9311_1""",0.1971495674266393
"""6386_4""",0.1286272197013635
"""91_4""",0.7007265498824087
"""3759_3""",0.21832650561496272
"""11766_2""",0.6145657357283049
"""11290_7""",0.5336416691480655
"""5627_3""",0.24255704163908945
"""3278_1""",0.1694564251559903
"""9682_9""",0.6371054464024307
"""11894_1""",0.2051280837425316
"""10387_9""",0.6950807568146357
"""884_8""",0.8850993496852054
"""8408_2""",0.1689165078965692
"""5772_2""",0.4382750045845378
"""11422_1""",0.15870756702119482
"""9709_1""",0.7690146105294082
"""701_8""",0.7402273011143863
"""2721_8""",0.829384512330657
"""4875_3""",0.3612035460905251
"""6356_1""",0.10092747896358265
"""7446_3""",0.21842974109775037
"""2440_4""",0.5261020377410556
"""9732_1""",0.3393557691561782
"""9109_10""",0.49177508093954936
"""7578_2""",0.5587479620629131
"""11017_8""",0.4190394195863596
"""12498_1""",0.07147153529233802
"""4942_2""",0.2186754093765567
"""4939_10""",0.8021392488710748
"""8451_4""",0.3997422142418195
"""6274_1""",0.09221354185264868
"""11635_4""",0.4994516467375657
"""8931_1""",0.24957978495143793
"""109_4""",0.7134520577816532
"""11744_7""",0.8109150409427656
"""5351_4""",0.6062397496407936
"""1120_9""",0.6147771485848821
"""10494_2""",0.3333312466393545
"""5317_10""",0.5725169436367562
"""6139_2""",0.5395755614203267
"""12322_8""",0.7390057744845551
"""11239_3""",0.1490766264755347
"""4815_7""",0.5358968547704002
"""11979_10""",0.07347580640107021
"""254_10""",0.5402336201599509
"""10286_3""",0.296812901339517
"""6457_10""",0.8089728084619976
"""4662_8""",0.7617220686805862
"""6298_4""",0.14039415452170043
"""2704_4""",0.7103801201085806
"""11313_10""",0.6318909714474488
"""187_10""",0.8903547247028996
"""1166_1""",0.12539333645735928
"""12126_3""",0.15007318274052622
"""1813_9""",0.7105757870466824
"""6282_10""",0.5412820327263038
"""10525_7""",0.809530625177061
"""8887_1""",0.1021331819841216
"""11605_7""",0.5589780281707742
"""6533_1""",0.1092096460682313
"""1210_8""",0.567567088445383
"""11904_8""",0.5178399246128337
"""10659_10""",0.8151676606807492
"""7004_4""",0.053684517322483166
"""10260_10""",0.7172935465496311
"""11997_7""",0.6666965539318284
"""7850_4""",0.6928020477731062
"""2085_3""",0.6684412046129192
"""11839_1""",0.12141179206442172
"""419_9""",0.8743145617600092
"""4157_10""",0.762886475316964
"""8253_8""",0.6992974703482436
"""11268_2""",0.10262830744271223
"""12119_10""",0.7397067579652747
"""10259_10""",0.5251195347474455
"""978_1""",0.6442769820714421
"""6848_4""",0.6053635212304485
"""9368_4""",0.17782337716739588
"""7863_9""",0.6357877339249098
"""4157_3""",0.37460941020296773
"""4184_10""",0.4831209346308264
"""2888_1""",0.30931750971410493
"""8073_4""",0.25511645466801963
"""1755_1""",0.4535405092798455
"""7688_2""",0.2805378050343375
"""5966_7""",0.6965567896561374
"""10673_9""",0.8897746962799491
"""4110_7""",0.6311749436687681
"""699_9""",0.7322280217717058
"""9240_2""",0.2835291102757937
"""3651_10""",0.7664577903207216
"""3933_7""",0.5647097302723177
"""2960_7""",0.695818887420408
"""10664_1""",0.15661702681489922
"""358_9""",0.7414969724625269
"""11200_10""",0.7571029290449328
"""4471_8""",0.8543696338260385
"""11661_2""",0.5347123840137111
"""12304_1""",0.1295692173913634
"""2442_4""",0.6532720000186459
"""7134_9""",0.7331893277426604
"""4214_2""",0.31496356348991084
"""4869_8""",0.3823415263389465
"""6372_1""",0.6760712279008605
"""10236_4""",0.6111443814058355
"""12189_1""",0.3163407024680788
"""9715_8""",0.6883953339581926
"""5751_10""",0.37892488332649454
"""166_7""",0.3937122189470631
"""11889_2""",0.3796288602815124
"""5098_1""",0.6549304567127189
"""8126_7""",0.6440772531464156
"""9302_7""",0.6038839931060314
"""10430_10""",0.605506055759393
"""445_9""",0.911495035126981
"""4550_10""",0.6827109990355195
"""10995_10""",0.8293794073501763
"""7154_1""",0.15817474452302308
"""3983_3""",0.22841242566081413
"""1446_9""",0.6546771460617995
"""865_10""",0.577394325924083
"""3012_1""",0.2307675215423158
"""3562_3""",0.2178896253179153
"""2551_1""",0.28239469267231715
"""6440_1""",0.2906338236068576
"""10241_10""",0.6104709607192284
"""1542_7""",0.5833123692139914
"""1405_2""",0.5196519332797186
"""11835_10""",0.810508990190559
"""4023_3""",0.4425593024200174
"""1287_1""",0.21577541111580062
"""11059_2""",0.16280896759233227
"""2583_8""",0.43975254376037376
"""1550_2""",0.36682381364019023
"""11382_3""",0.5309767458796018
"""5567_10""",0.7741829923231712
"""11033_1""",0.22145750009665743
"""5543_1""",0.0792531162174707
"""8631_10""",0.5537759629180207
"""10871_1""",0.04720355319976801
"""6955_9""",0.875594539090137
"""6254_4""",0.40216088507476655
"""2179_4""",0.4057179224675677
"""7559_8""",0.8119121885080969
"""12431_8""",0.42378052079156164
"""279_10""",0.515568947239584
"""2127_8""",0.5712959268893857
"""3803_10""",0.5332699084666035
"""12200_1""",0.4295385093033759
"""3480_9""",0.6487328830210347
"""5156_8""",0.7293280443923699
"""1718_2""",0.21686588437388363
"""12145_9""",0.8376947436059303
"""1560_4""",0.42327510960590503
"""11646_1""",0.10706481669183007
"""10378_4""",0.41496516739195904
"""8281_3""",0.08202137605175086
"""10393_9""",0.23220595767450378
"""1402_4""",0.7463658754697116
"""3958_4""",0.29235527453937904
"""3676_1""",0.12694352891945943
"""3709_1""",0.049785162738837124
"""10668_7""",0.6006205337060183
"""11972_1""",0.23436179757233883
"""4842_1""",0.2143142274630342
"""1889_8""",0.5332349746596328
"""3990_1""",0.13287117654059577
"""6467_7""",0.8280244483349519
"""5928_4""",0.5481251510534488
"""4639_10""",0.7217556568906072
"""4748_8""",0.5886974449782274
"""5417_10""",0.8214063893787213
"""2351_4""",0.23977574765836335
"""4365_1""",0.0998362725676659
"""3591_2""",0.361114724353998
"""5914_10""",0.6581238472908997
"""8099_2""",0.1814374709602531
"""5510_1""",0.05138725796608061
"""314_10""",0.7061280489576204
"""8544_10""",0.5758237287613174
"""3799_1""",0.46777672972379236
"""5650_2""",0.5033125599790993
"""1646_7""",0.6468576859451237
"""11586_9""",0.5325027145128302
"""2389_9""",0.7479585251916001
"""908_3""",0.5226722469810029
"""654_9""",0.8437461045720085
"""6323_9""",0.764112885916428
"""3014_7""",0.5394919098283183
"""11312_9""",0.5325073833212753
"""5457_3""",0.27612876463322267
"""6071_3""",0.7053011768144792
"""12459_1""",0.2433174270670224
"""8639_4""",0.21595941174511427
"""3600_8""",0.6616144442390295
"""9052_3""",0.18156735714597463
"""528_1""",0.2254885775592622
"""7692_1""",0.3823143322524448
"""6885_3""",0.6938342410663172
"""11395_4""",0.8381079951948393
"""11763_1""",0.4679579282580921
"""3631_1""",0.549337375462028
"""4296_3""",0.4736779465780703
"""4810_3""",0.5270379542960808
"""6660_2""",0.10485770221924805
"""850_7""",0.6809810667092967
"""6731_10""",0.5192866776009649
"""12129_1""",0.3488090971025472
"""11525_7""",0.607389203092621
"""5782_10""",0.5864431553722858
"""4613_2""",0.36256798999099127
"""4460_8""",0.5982335267831115
"""2992_10""",0.5696302738519694
"""570_9""",0.5126600533622617
"""5908_4""",0.7124806978541045
"""4677_4""",0.5009281246326318
"""5791_10""",0.5582424526842372
"""5718_10""",0.7137088248143418
"""12453_10""",0.40158395553835385
"""8364_8""",0.4904996202653617
"""7761_10""",0.7136110986969567
"""3459_1""",0.10537171098348866
"""9169_1""",0.14749056324610477
"""12022_2""",0.2571997112237451
"""10869_1""",0.18659364400301567
"""4997_1""",0.06699107716455871
"""2430_8""",0.6574816730669109
"""5011_4""",0.3379905017000706
"""3011_1""",0.2632254076017162
"""8425_3""",0.5460470741459077
"""6517_8""",0.8397073233519321
"""9300_9""",0.7197504101823193
"""840_8""",0.40673776518638577
"""2662_10""",0.7784776349751948
"""2724_1""",0.33847588907574455
"""5654_10""",0.6169731467524648
"""5574_10""",0.4578047355628094
"""5606_3""",0.13971051541652948
"""7717_8""",0.7769445091599594
"""11202_10""",0.5209404520170416
"""6889_10""",0.8082831006159157
"""3712_10""",0.8326080598512836
"""3042_3""",0.2923548921112927
"""7858_8""",0.5288211487816132
"""4902_8""",0.7906793363931639
"""11885_1""",0.3078590891778209
"""7582_1""",0.482201212290824
"""8450_7""",0.4900233890791395
"""9368_9""",0.5975239442583034
"""7616_8""",0.8587643475495735
"""4443_3""",0.49716218956983144
"""2344_1""",0.08827128396017736
"""11861_9""",0.37006304022999187
"""7738_8""",0.9453916273873944
"""327_10""",0.8195531489068434
"""8175_4""",0.392791265424454
"""10189_10""",0.6444517256282077
"""8691_1""",0.37808521247018895
"""12236_2""",0.12539594921084593
"""7341_3""",0.8192170323361363
"""3261_1""",0.1296530943680566
"""8809_4""",0.3176142253235669
"""3735_3""",0.34036424280342253
"""9339_8""",0.5803870438211974
"""8242_4""",0.590338553849492
"""6787_4""",0.5010345580521672
"""4379_4""",0.20037908455050718
"""5967_4""",0.6086623833549822
"""5568_8""",0.6313044068107171
"""4579_4""",0.45190950507703187
"""7066_1""",0.16051428432959708
"""12323_1""",0.2786154593116512
"""2673_9""",0.07946127647291927
"""2639_7""",0.6517513820257551
"""8323_10""",0.4429221914932564
"""246_10""",0.6723835834409435
"""653_1""",0.6539596898669131
"""2407_1""",0.21906633489104735
"""2795_1""",0.0997896087395107
"""11793_4""",0.11044160118043178
"""2848_4""",0.3711192173982936
"""6040_4""",0.31738614781397345
"""9388_2""",0.25903911273426194
"""909_10""",0.8774731458809059
"""2567_2""",0.3320638893441221
"""4473_8""",0.698901575121138
"""4451_3""",0.6349257013755616
"""10296_1""",0.2503740071011591
"""5111_7""",0.6312073787980609
"""8281_9""",0.8520065936103353
"""4957_8""",0.41453077481275885
"""8249_1""",0.3607093779768129
"""1572_3""",0.8229286881426405
"""5718_2""",0.4176724239896948
"""5959_3""",0.3878063411650544
"""3013_9""",0.42834660083252674
"""3544_1""",0.12372403531836047
"""11250_10""",0.7209974515729831
"""5162_9""",0.8208314516565042
"""8872_9""",0.6624140674279901
"""11122_8""",0.7962971773574188
"""991_4""",0.4558451488450989
"""6322_9""",0.6378523784527845
"""7065_8""",0.44489964391413744
"""9704_7""",0.27117334410706706
"""4317_9""",0.7254867239401922
"""11622_10""",0.8553410773961038
"""10725_7""",0.5032702268154051
"""6549_1""",0.08950029391124012
"""9062_3""",0.36485976073441834
"""10253_7""",0.6423020286688722
"""4035_9""",0.7723371544121523
"""5437_1""",0.2902531935809834
"""1779_1""",0.11819307883015036
"""8740_2""",0.21914700444863291
"""10175_7""",0.5592026940870197
"""5331_4""",0.39708602220087047
"""9506_3""",0.5818338865223756
"""11199_4""",0.5515728796883211
"""9948_2""",0.17474231195430584
"""252_9""",0.681956666762464
"""1094_3""",0.5778303563145797
"""9145_3""",0.5422438271714669
"""506_8""",0.4197867259506698
"""7126_1""",0.17898129852664524
"""3317_1""",0.296932029276694
"""11439_4""",0.34338498686777685
"""6583_1""",0.37135832000484714
"""2805_8""",0.8048616405606
"""1841_10""",0.7954511064547445
"""2698_3""",0.2032513201958901
"""6956_4""",0.5657410890087479
"""7664_8""",0.7836877966791542
"""97_1""",0.5014346785800186
"""4588_9""",0.31848415084354065
"""5220_1""",0.08434419931706019
"""45_2""",0.2738304941894584
"""5812_4""",0.6176303941442314
"""6625_8""",0.7818354021162844
"""2816_9""",0.6732156886732115
"""11463_1""",0.5073086224427157
"""158_9""",0.8072172635918488
"""6633_1""",0.13792615531634456
"""1184_10""",0.7356312654274216
"""3967_1""",0.608904955625442
"""6653_7""",0.774164015677758
"""6093_1""",0.2749521707541986
"""2932_7""",0.6269780583329224
"""1522_1""",0.18401381692303953
"""2529_1""",0.4433166719313386
"""1475_1""",0.600506950283179
"""2027_8""",0.7311802288908039
"""1854_1""",0.39072195307860563
"""6269_10""",0.3202344179052998
"""2184_7""",0.5856334735910237
"""4923_3""",0.5706894596866109
"""10827_9""",0.782854193696369
"""10885_10""",0.7117355293544793
"""3281_1""",0.25450215207842636
"""1468_7""",0.5471620785547957
"""104_1""",0.07503134163772623
"""3898_3""",0.30743636592002466
"""10973_7""",0.6896904626062289
"""8900_7""",0.7896200263716351
"""10735_1""",0.4576387133968777
"""4992_1""",0.17653523327569526
"""368_8""",0.849453790673725
"""6709_4""",0.14526686048100482
"""10453_1""",0.29649081873709304
"""139_4""",0.6363819465407009
"""12079_1""",0.07470160106267311
"""7001_4""",0.32288018325534273
"""10533_3""",0.375832590937527
"""2307_8""",0.7612204907792305
"""7241_9""",0.6633233465417767
"""7717_3""",0.1397034685824578
"""6223_2""",0.45131515472311007
"""9500_2""",0.12382513988706194
"""669_10""",0.4154777992916226
"""1596_3""",0.19873716562337382
"""3576_7""",0.47823796000519164
"""8263_8""",0.8673135291815669
"""6832_4""",0.4201089746072947
"""5158_9""",0.7842618479753897
"""5899_10""",0.8326951749063006
"""5794_4""",0.6466087340482254
"""8854_10""",0.7364771081771212
"""11036_7""",0.7243721122604441
"""8803_3""",0.5195717351756154
"""5733_4""",0.25475345547537087
"""5268_10""",0.933180614105686
"""12297_2""",0.3069080440564539
"""6862_1""",0.4515952674821894
"""5515_3""",0.17051915098060924
"""3382_10""",0.7616263278876653
"""6738_2""",0.06434877180889169
"""3832_1""",0.3417237821729177
"""10210_7""",0.8573774436969281
"""12080_3""",0.5681519038140074
"""7748_2""",0.16221899486909994
"""4788_1""",0.7305783804295808
"""182_10""",0.5929571796868477
"""4478_4""",0.2228368303359533
"""6544_1""",0.14811729899755874
"""2705_7""",0.652156676142223
"""10334_1""",0.08791586948899204
"""10374_10""",0.8387901172432014
"""2031_1""",0.13620480496033865
"""4671_7""",0.7296205729404892
"""6231_9""",0.1145549315567417
"""9077_3""",0.27224916990554743
"""6381_1""",0.2785759175807567
"""216_2""",0.09463189934980477
"""9956_4""",0.46516303545286947
"""10882_9""",0.645998194241341
"""6192_10""",0.3924491351544405
"""10442_8""",0.6409089703192591
"""3199_10""",0.5906840940665706
"""7649_3""",0.2991835904321773
"""1793_9""",0.7915780729615087
"""7987_1""",0.2922871994515524
"""1678_1""",0.18547962684539027
"""8176_4""",0.38712889601308365
"""4674_2""",0.24791133789713307
"""5751_3""",0.6582903436860346
"""6904_9""",0.33618761334338904
"""8869_1""",0.1687290416794833
"""6844_2""",0.15308488643976909
"""8744_2""",0.2358241093343057
"""5430_3""",0.27384482571796026
"""1556_9""",0.7423219225018002
"""10830_9""",0.8958478195263077
"""5642_8""",0.5540797290361144
"""3337_1""",0.38842731993432106
"""5339_1""",0.1281071329198135
"""9198_1""",0.4369406779006837
"""5759_10""",0.6620107576802434
"""10632_9""",0.8354625855964205
"""2067_9""",0.7682355578770275
"""3442_10""",0.7616672868278687
"""3341_4""",0.6779919734894021
"""9055_4""",0.37145950397870126
"""5793_8""",0.8338817800067023
"""896_8""",0.5863059645508781
"""1804_2""",0.4430478241127505
"""1134_8""",0.5396043604243844
"""5532_8""",0.7987576969859882
"""2453_9""",0.6784205025193188
"""8113_2""",0.2708783523197006
"""12046_10""",0.6444883494598611
"""11873_8""",0.8105083394000298
"""4525_8""",0.5941927466993004
"""10377_2""",0.5653612847790097
"""2008_1""",0.20882319245784683
"""10288_1""",0.394361579803115
"""1083_7""",0.7037902332288275
"""2415_2""",0.416099238565662
"""6688_9""",0.8395966124835708
"""4448_9""",0.639910728979799
"""9407_10""",0.7343340510953377
"""3976_4""",0.31784160448947535
"""3930_8""",0.38877947508805255
"""3950_10""",0.3394831279810382
"""5645_3""",0.4206498606483107
"""6064_9""",0.7843017194234797
"""8064_1""",0.32424979867713577
"""3643_1""",0.08156234714550466
"""10321_1""",0.5411506101866868
"""5858_1""",0.3750297617597272
"""8535_9""",0.351803670441935
"""3643_7""",0.5255355720754462
"""10041_1""",0.2582812769921929
"""11014_10""",0.55451576169413
"""11776_4""",0.3060172936543802
"""8227_7""",0.8767846560767677
"""11445_8""",0.4485536636107152
"""8756_10""",0.5513194956456584
"""9328_10""",0.6337813233272738
"""11734_10""",0.7375057617904561
"""10118_1""",0.13069074400244454
"""9690_2""",0.5312085124542796
"""7713_8""",0.8118191847115936
"""545_7""",0.604554225630102
"""10603_8""",0.4086722335134219
"""5925_9""",0.6610972345184972
"""3105_1""",0.07338411529405815
"""10134_4""",0.46719792014052786
"""6354_2""",0.25958746899441243
"""9866_2""",0.16083026067328315
"""7553_10""",0.8695038754372484
"""11324_2""",0.5562661778478022
"""10532_1""",0.20522603502027922
"""439_1""",0.0689085459940825
"""11265_10""",0.8336233328174377
"""6568_8""",0.5073003234897244
"""9218_3""",0.42778514324898814
"""1939_2""",0.2286452456176581
"""4215_7""",0.28404578538984515
"""9968_10""",0.7220666565579187
"""12022_10""",0.6121445756083594
"""897_8""",0.4370168203100528
"""7129_8""",0.43790204762986357
"""7414_4""",0.1320066904471484
"""8118_9""",0.6056535563805676
"""6179_4""",0.24267500248477947
"""10124_8""",0.6031656628398806
"""7379_7""",0.7069516430516317
"""1075_9""",0.6581776463491643
"""2594_3""",0.28793294494993055
"""11482_4""",0.35160893265252474
"""7675_10""",0.7188814441993375
"""3127_8""",0.8312289013080322
"""7440_10""",0.6831548197847114
"""10215_10""",0.5688683294590681
"""5098_10""",0.9069798720879626
"""10534_2""",0.0628016885725478
"""12364_7""",0.37558581529895824
"""5191_1""",0.20317222026316956
"""4179_9""",0.3853364032004223
"""1433_3""",0.5038194741561373
"""12177_8""",0.6094902335395878
"""9519_8""",0.8826188999175107
"""5781_7""",0.38924837513989496
"""10031_8""",0.7675166097147498
"""2631_4""",0.19040271154476884
"""195_4""",0.5159525084723966
"""11432_7""",0.8277587488712206
"""3952_10""",0.7253367168559093
"""5805_2""",0.4684975252018769
"""5555_10""",0.5036222348410311
"""7161_4""",0.5208281638105076
"""1399_1""",0.6964045718806404
"""8332_3""",0.6612777763663245
"""2132_2""",0.39999124180596446
"""12031_1""",0.30887949895885414
"""8480_1""",0.33232676732874533
"""11103_4""",0.6672193910315943
"""12124_3""",0.5410061209508346
"""12072_9""",0.6662378216318949
"""9371_9""",0.458084027707867
"""2144_4""",0.3882368892088784
"""5668_10""",0.8881577460031148
"""11790_10""",0.8295049860499131
"""6933_7""",0.1863945430941894
"""4932_10""",0.7065652710211491
"""216_10""",0.537986518723045
"""5862_7""",0.5753504630872538
"""11669_3""",0.552789894367958
"""7488_4""",0.3238040250411
"""6402_10""",0.7854631404818261
"""3244_9""",0.3492267168625011
"""5108_7""",0.8495005674103986
"""10854_1""",0.18153807014383438
"""3404_10""",0.7791939359093207
"""4282_7""",0.5826804676760212
"""483_10""",0.6466582290393695
"""2110_4""",0.20614012703111684
"""6199_8""",0.5784566716054781
"""7942_10""",0.7018505425268987
"""314_2""",0.15832819662644088
"""6395_3""",0.42906947397637624
"""274_1""",0.06806787213298375
"""3421_2""",0.34228284334671244
"""4100_1""",0.07310332160535196
"""9232_1""",0.19421560311486044
"""7152_10""",0.7947036719987749
"""10721_7""",0.9141389602572799
"""3565_3""",0.21401392312840012
"""4223_1""",0.16202649856984916
"""3543_10""",0.5071369031623485
"""1256_7""",0.7746333447237045
"""6567_2""",0.18443975590309833
"""10658_9""",0.6629047321227353
"""1381_1""",0.320945977338179
"""2591_1""",0.16138262080064195
"""4775_2""",0.28230127828127555
"""1743_8""",0.6442360623671293
"""3004_1""",0.5057668019686162
"""11712_7""",0.34578778138591176
"""2966_2""",0.3831952994943561
"""3139_1""",0.2185053774604722
"""989_4""",0.44928067394040366
"""2141_1""",0.36239057071663455
"""8224_1""",0.24006256234563986
"""10222_8""",0.4277718866938892
"""6540_1""",0.3611351387263808
"""7427_10""",0.8749383231947878
"""5519_1""",0.5744965481405624
"""945_2""",0.4002465461136193
"""3996_3""",0.3174113106516298
"""10202_9""",0.8805463461171567
"""1328_9""",0.4449639745748619
"""11425_2""",0.36093574879172236
"""1252_4""",0.5364042751914857
"""10086_1""",0.5018188543151669
"""3946_3""",0.5054536045439529
"""11834_8""",0.8177060560551329
"""10710_1""",0.44814130717130474
"""1858_8""",0.6026779618716305
"""1532_10""",0.5666136718112578
"""7082_10""",0.47153903075292325
"""9813_10""",0.8109301755414298
"""38_1""",0.06827665297191231
"""271_4""",0.27559696253255495
"""7184_1""",0.21012042930483077
"""11866_10""",0.6101002440429778
"""5983_1""",0.19230429501812454
"""5026_10""",0.7836328700831389
"""9030_1""",0.10489601074906889
"""11133_1""",0.16826630921636213
"""10130_2""",0.399940244746584
"""8357_2""",0.27724226826812154
"""9824_1""",0.5660596997419802
"""7264_4""",0.6824468975399424
"""12449_2""",0.08739026145640917
"""1735_1""",0.3539777859236918
"""618_7""",0.47317122700219827
"""6421_7""",0.670811278213875
"""6294_4""",0.33919887883074457
"""2174_2""",0.30201051326031064
"""5985_2""",0.5028078693316881
"""7121_10""",0.35238777835285157
"""7912_7""",0.8284446195450924
"""5015_1""",0.30584388756113
"""6476_2""",0.3938651916282192
"""9954_8""",0.6063132172947333
"""10122_10""",0.6235830016630449
"""9334_9""",0.6921740136968626
"""11751_3""",0.19054974891133167
"""11607_7""",0.8740850857349177
"""11310_10""",0.7123601315138308
"""300_1""",0.07589558047183727
"""6520_4""",0.11914480292288526
"""6735_10""",0.8715171268161268
"""10008_8""",0.6661505817815342
"""7817_7""",0.38629991177152645
"""3634_10""",0.8549387291829976
"""5927_2""",0.27625048545470393
"""3414_3""",0.05174525168779684
"""12266_1""",0.30126386590593285
"""11276_7""",0.37749335024466973
"""5478_3""",0.5446627760691718
"""6992_1""",0.05672949205633038
"""8039_8""",0.5364869626378468
"""11491_4""",0.6070637353888457
"""7823_7""",0.7001387352597175
"""8662_9""",0.773056939868202
"""9921_2""",0.6390356358465472
"""2058_9""",0.6777297461836319
"""3321_9""",0.8227609457564656
"""8634_7""",0.5958827653193302
"""2161_4""",0.605183242690655
"""3441_9""",0.8323955670872744
"""10096_1""",0.20756810769492215
"""774_4""",0.39109443618670875
"""12086_9""",0.7908761009505502
"""1968_8""",0.5019838939551512
"""3269_1""",0.14311512533001428
"""2988_10""",0.631011497391321
"""853_1""",0.11460817422533945
"""5303_10""",0.7228821753398433
"""11628_10""",0.43177669647822314
"""7772_2""",0.38469790194151876
"""2712_1""",0.17508975190900028
"""7362_4""",0.10389304495322105
"""3681_2""",0.12361993501197083
"""2066_1""",0.06077982081298106
"""7089_3""",0.6657899176497886
"""7393_10""",0.3518783015865441
"""7284_1""",0.4427451273004014
"""12199_7""",0.6424267065052025
"""3512_1""",0.3488347668846517
"""4349_2""",0.5241374458431212
"""11825_1""",0.4395266650557988
"""8351_3""",0.3070313873198031
"""467_3""",0.5500821498740365
"""2523_10""",0.6964124996058088
"""12078_8""",0.5651983378383901
"""1418_10""",0.824548986652403
"""6552_10""",0.7422878155741914
"""10070_10""",0.7454205242468457
"""10031_2""",0.14875712276012243
"""7179_2""",0.22095593490420143
"""4533_1""",0.33184023598674367
"""11788_10""",0.8535282783963773
"""833_3""",0.45535947567451274
"""9777_1""",0.4904462500271938
"""6930_7""",0.12402006292174708
"""2310_10""",0.6197127696813035
"""2924_8""",0.7443256156299847
"""7252_10""",0.8387187874911275
"""10216_10""",0.49145980988802457
"""104_10""",0.7204585076414288
"""4283_4""",0.36637318502860844
"""6351_4""",0.26367897466407436
"""1272_4""",0.5161885263150413
"""11226_9""",0.7899670615576392
"""3342_10""",0.5920780735832781
"""3326_9""",0.3885214026424585
"""3541_8""",0.7900063107719749
"""8142_10""",0.777864376441464
"""6491_10""",0.6143764498756802
"""2125_10""",0.6653706469302737
"""7008_10""",0.6916841221645044
"""5347_9""",0.7899191462600273
"""8420_9""",0.4399758905915013
"""10767_3""",0.5748402739148144
"""12094_1""",0.12213314667659309
"""11904_1""",0.11032306262771854
"""2635_1""",0.15483407610067632
"""4074_10""",0.36200999465102496
"""2470_1""",0.2950733232539646
"""5888_3""",0.47959614740142703
"""9164_4""",0.39269060899404296
"""11312_1""",0.0946051453858322
"""2588_3""",0.30208633300646875
"""9177_1""",0.6157472475856033
"""10361_9""",0.41189407216202656
"""9216_10""",0.5893216190174587
"""5754_3""",0.46343966842954076
"""12314_10""",0.9153326752627566
"""9044_3""",0.3926227927997386
"""5677_2""",0.3246136906663637
"""6664_4""",0.2104067776669632
"""2308_3""",0.37543510429238625
"""7377_3""",0.472670848332301
"""9149_8""",0.7016966732791468
"""5244_3""",0.46511131472111394
"""10656_3""",0.5556745233417462
"""10885_1""",0.05215211328653661
"""4296_9""",0.5360926454805517
"""1770_2""",0.37033060988963656
"""4940_10""",0.49824793349243923
"""3984_10""",0.5877528642351276
"""2976_10""",0.6704920940600096
"""2767_1""",0.082847436247042
"""11848_2""",0.09817090395546291
"""3096_10""",0.7594352128968502
"""9792_3""",0.5053217551427449
"""9785_10""",0.2314042170109966
"""10264_8""",0.5888066106583502
"""12277_7""",0.6372762231087483
"""8110_8""",0.719896888596115
"""10396_8""",0.827167629949073
"""3233_2""",0.3226679589770473
"""1903_1""",0.42821308351517046
"""4743_10""",0.48180112755759763
"""1417_9""",0.3804817165086431
"""2662_1""",0.08398119810147563
"""11231_4""",0.788986919470822
"""9747_10""",0.6072141004536727
"""27_4""",0.5570756458326166
"""3310_2""",0.553507673558743
"""3212_10""",0.7827364463134365
"""5608_3""",0.09133654337514603
"""1241_4""",0.4028489303177175
"""5543_7""",0.6284937137931164
"""7945_9""",0.8645461162529626
"""3705_7""",0.6848747982081178
"""1598_10""",0.5408828427335921
"""4273_10""",0.7469493370908509
"""5985_9""",0.688052632348805
"""531_2""",0.3242279419108406
"""6744_7""",0.7879885833744004
"""10270_1""",0.3414516626471443
"""11199_9""",0.7767106771780083
"""9755_4""",0.558650193584134
"""12080_10""",0.8099280801908193
"""5600_10""",0.8213326500447633
"""12216_10""",0.4881224180297443
"""10783_4""",0.7018606402708447
"""3307_1""",0.20007734737051155
"""10954_7""",0.5738744606716095
"""9959_4""",0.21794082293174813
"""10223_10""",0.4911581448900471
"""12130_1""",0.7768734919780006
"""11939_7""",0.21982290956281397
"""12318_10""",0.8164775743699519
"""6204_10""",0.5815105698348437
"""2927_9""",0.3597691826239259
"""2779_10""",0.5127094258359322
"""3661_1""",0.3202603238133186
"""9068_3""",0.21668987606321163
"""1970_2""",0.5191828212717569
"""7539_10""",0.796058766528453
"""9241_3""",0.29548511791501264
"""9350_3""",0.07937369269565568
"""7885_8""",0.795746998635681
"""1078_9""",0.6336343598819124
"""6062_2""",0.3859274527723677
"""1215_10""",0.5222867444339636
"""1561_3""",0.3856326243305602
"""2159_1""",0.30976658752386366
"""8637_10""",0.833269450718887
"""8375_4""",0.4498637159147185
"""2864_1""",0.35553861466461184
"""186_9""",0.8047714356084031
"""1669_9""",0.8121367322263634
"""6936_9""",0.2665357365042642
"""7541_3""",0.32362648248767445
"""1515_7""",0.3131586937086262
"""5039_7""",0.5295061821195389
"""9269_1""",0.23491915440115643
"""4965_10""",0.649912897708644
"""10028_3""",0.1700533526950618
"""3547_4""",0.5594098703574428
"""6070_10""",0.6968036783189596
"""11334_7""",0.9072557455472382
"""4980_7""",0.7437955233473081
"""5063_2""",0.2685949389319107
"""11637_8""",0.5939217538293647
"""310_1""",0.3664818809904331
"""9847_1""",0.44431080743273654
"""4433_9""",0.8598029929070597
"""4535_1""",0.6377326688668097
"""11209_10""",0.5269088278410288
"""242_3""",0.11963222363341894
"""6150_7""",0.7434882317942985
"""7499_2""",0.13793085290084695
"""10073_7""",0.29646111631558014
"""7352_3""",0.05462926301837693
"""6616_2""",0.37544589748850726
"""2148_1""",0.18855964934783637
"""322_1""",0.19939189254370698
"""638_1""",0.2442669005134018
"""3236_10""",0.4938042000124126
"""11913_7""",0.35572682760485286
"""7188_4""",0.2500187016452594
"""3999_2""",0.11379765942563287
"""1397_1""",0.2230407766685144
"""11768_8""",0.6659174298454533
"""10301_2""",0.3057554741929102
"""7486_10""",0.7414395670583445
"""7915_2""",0.4717462639766587
"""103_10""",0.8529993230402478
"""2249_1""",0.48431234184914596
"""11559_9""",0.5852402220206919
"""11374_4""",0.4852001128055671
"""7639_3""",0.16477068606354434
"""11922_3""",0.3453742701440073
"""6068_10""",0.7732974950809687
"""7681_3""",0.49886380912972345
"""3097_1""",0.12223928434066732
"""10233_3""",0.3085825847921024
"""9111_1""",0.10281131383155247
"""7240_2""",0.09335952162798312
"""10394_9""",0.7250323051375083
"""792_2""",0.5502445919998336
"""440_1""",0.121683579210807
"""11141_1""",0.131524977477543
"""7488_7""",0.5530068027752467
"""2731_4""",0.2999736433892636
"""11632_10""",0.12104723947782833
"""7577_3""",0.30423143291311616
"""12047_8""",0.6584004026405371
"""7055_8""",0.6471564687224781
"""394_9""",0.7965622375226551
"""777_2""",0.5128123853528067
"""6460_8""",0.5974307670103185
"""10412_2""",0.2029783569870607
"""9910_8""",0.22719419963838788
"""826_8""",0.2915489457276093
"""7381_1""",0.2805179540787675
"""1700_8""",0.3416997302540936
"""1131_2""",0.5335359752590365
"""6796_10""",0.6593146034610686
"""7084_8""",0.46276382769752794
"""5735_1""",0.1535396940029852
"""6290_7""",0.530731312140952
"""10506_8""",0.36893994209509756
"""2276_8""",0.4803707308376302
"""6221_1""",0.8367892462615276
"""1404_4""",0.32653916109324094
"""1440_1""",0.17330089801663262
"""8199_9""",0.7420559500550757
"""1145_2""",0.5036975299738997
"""5546_4""",0.3059590293937269
"""816_3""",0.6701171474305159
"""10535_10""",0.7008156781670407
"""2_3""",0.41850996709422866
"""6735_1""",0.08822759138979126
"""2684_4""",0.1399199268152667
"""1765_10""",0.788314719651058
"""4346_7""",0.6797560087056063
"""1157_9""",0.35337932330022714
"""4216_1""",0.38857436194680395
"""3937_8""",0.7958970633686597
"""11140_10""",0.582690439987686
"""1635_1""",0.1482435561948855
"""4457_10""",0.4009470117459195
"""7250_8""",0.8263791204261035
"""3801_7""",0.4726835149681927
"""7892_10""",0.5932479305513605
"""11022_8""",0.7925602663481324
"""5856_7""",0.424786622779542
"""345_7""",0.4381463950606296
"""10809_3""",0.22393958447042028
"""9474_4""",0.4180234919974846
"""5775_10""",0.6943076348053835
"""2845_3""",0.2856013059891088
"""1383_10""",0.32140156389518315
"""9171_7""",0.7304616207284654
"""10866_9""",0.7322756721976665
"""12161_8""",0.5876113717730185
"""9118_1""",0.5002633958433964
"""9122_8""",0.6793919443727882
"""5142_1""",0.056823737522481654
"""2798_9""",0.8898583399637886
"""2260_8""",0.623720420164862
"""11677_10""",0.7377440913983248
"""2788_1""",0.10775917441253374
"""8896_8""",0.7072427807959911
"""7685_10""",0.6541704988874727
"""760_1""",0.07572318436107611
"""7811_4""",0.45132790701135533
"""1964_8""",0.6762400242274663
"""5059_10""",0.4563169955723771
"""4568_1""",0.1366133924810136
"""7475_1""",0.21708882742366556
"""11400_3""",0.41833256771017646
"""6082_3""",0.16067795850655336
"""7961_4""",0.3986554157314779
"""7502_8""",0.5880454787652591
"""11351_10""",0.7581750106615633
"""9851_8""",0.7402883403442323
"""1172_1""",0.3770353358388688
"""1815_10""",0.40506665374932704
"""6218_8""",0.7029506264096514
"""9628_9""",0.6783064404398675
"""2312_3""",0.4610703942594812
"""5014_10""",0.5887334940740363
"""7845_8""",0.7264783522288932
"""4468_9""",0.6100921063235842
"""2247_10""",0.734342999897125
"""4408_10""",0.8511442472514507
"""2957_2""",0.7558496960985295
"""4716_1""",0.1678005061886152
"""9909_1""",0.07424093181462575
"""8611_1""",0.47488248196863525
"""5055_10""",0.5107619712453527
"""5828_10""",0.5217665205638023
"""1147_1""",0.5831134606829839
"""11716_10""",0.37493105279752775
"""5289_8""",0.8256373420878295
"""5566_10""",0.6870629564484974
"""3389_2""",0.23605699239268496
"""6169_4""",0.15367245480632177
"""12019_10""",0.7477349067376228
"""4136_7""",0.7635166694320153
"""2421_3""",0.1942513576430353
"""607_10""",0.8433891119472942
"""4084_8""",0.6411865566112833
"""7333_1""",0.27619279952416886
"""8208_7""",0.27243551504370944
"""2971_10""",0.7206209411252318
"""7508_1""",0.30312190761684765
"""988_8""",0.9189104633463455
"""1124_8""",0.6764108721525883
"""3658_10""",0.8583700589490337
"""5155_7""",0.8625573513726098
"""11362_2""",0.6153307167509463
"""8776_10""",0.7307923860381549
"""7294_10""",0.5974773410031524
"""10853_8""",0.8801691707088551
"""871_10""",0.8185851066492857
"""11513_1""",0.1859658434757726
"""5605_10""",0.3809761165693773
"""1235_8""",0.4482649320481365
"""623_2""",0.43452634642752813
"""1271_2""",0.8367557461867186
"""7590_7""",0.85218719430943
"""5075_4""",0.1676555725542641
"""6175_4""",0.21865454861091518
"""10629_1""",0.27870848560640005
"""1474_7""",0.5234051728501347
"""9077_9""",0.5723578931662932
"""11630_7""",0.19494324617223022
"""11060_2""",0.061280154326040955
"""664_9""",0.5128777653330355
"""4778_10""",0.7428382812318185
"""3535_1""",0.09467076383395283
"""1130_1""",0.07421482343380345
"""10718_1""",0.12145828507116181
"""3334_1""",0.1750304095219688
"""7133_2""",0.2427859486557611
"""12073_1""",0.4810074763755848
"""7877_10""",0.5731496456504062
"""12286_10""",0.604979538070236
"""8675_4""",0.8220308079360088
"""8968_7""",0.4025096834376472
"""8118_1""",0.06460476696571135
"""12109_10""",0.7028906437944639
"""6476_8""",0.8818967829919111
"""12248_2""",0.30811240694521963
"""9444_1""",0.18796215644754832
"""9932_10""",0.6617225144197539
"""6863_9""",0.6667610300976499
"""7810_1""",0.1850894422248929
"""5463_1""",0.055510437652681766
"""8385_10""",0.6346460238121526
"""5560_3""",0.15290318880238365
"""12391_2""",0.2393522966847361
"""3644_9""",0.4662146237326093
"""1225_1""",0.5784718024517023
"""375_1""",0.170889933488526
"""11515_7""",0.6401127147075191
"""3812_1""",0.24792987918199433
"""10747_1""",0.2643349020152289
"""8059_8""",0.511402295866959
"""633_1""",0.10640953245618716
"""9189_10""",0.42851451828510023
"""11404_8""",0.5758447185958396
"""11871_8""",0.7354639780088092
"""2883_8""",0.7713680537742998
"""9048_4""",0.3529608973829732
"""1066_1""",0.51345641625577
"""630_3""",0.2856880205198846
"""61_9""",0.8846096685811091
"""9264_10""",0.8982472879347386
"""5132_9""",0.779221423460947
"""5796_9""",0.8085719921776969
"""11232_2""",0.11485562514123387
"""327_1""",0.5675086505858984
"""9787_8""",0.8002956438828686
"""7780_2""",0.3595195092787933
"""2533_2""",0.16274673105405
"""7349_10""",0.7324116423512337
"""2593_1""",0.5801394295851895
"""4672_8""",0.6420978962726422
"""11191_10""",0.4127877570375197
"""1301_1""",0.16727052087623423
"""10632_4""",0.5115312185678133
"""10750_1""",0.18080937988513338
"""2621_2""",0.6546265301855269
"""12045_4""",0.7014529287071931
"""4276_10""",0.8472550724229281
"""9960_2""",0.21800688082169162
"""3307_8""",0.5553046136922252
"""3007_10""",0.6709394388759926
"""7204_9""",0.3611993001500668
"""3988_7""",0.8406167823442607
"""4129_8""",0.7818012458666366
"""2071_1""",0.3746686438669875
"""7310_3""",0.4272824174463093
"""855_9""",0.6387259288705799
"""5380_1""",0.4764882245068176
"""5067_2""",0.04930833417275969
"""6320_2""",0.48939020068418265
"""1019_3""",0.22552793061981913
"""8216_2""",0.16559403249529708
"""3814_7""",0.5744503612591153
"""7888_4""",0.783872894825612
"""3419_2""",0.5728402615374256
"""3039_8""",0.676000179294433
"""12039_4""",0.4364828667368977
"""1191_7""",0.9140205402984525
"""2361_1""",0.20143988977287675
"""8291_10""",0.8670918761120664
"""4954_3""",0.5803700707116646
"""12430_1""",0.38927296634572595
"""7634_7""",0.4627336739897271
"""11902_10""",0.793439705783829
"""1603_10""",0.4803344308360377
"""9395_8""",0.41748858083587637
"""9384_2""",0.6880201915171209
"""11687_1""",0.10880388784722798
"""4148_3""",0.25378190992724964
"""171_7""",0.524639618638886
"""11814_4""",0.15006440417843162
"""8124_3""",0.35634181517002333
"""11387_1""",0.3214327731481075
"""3249_9""",0.7315263272632067
"""3591_10""",0.7438752579765248
"""10171_8""",0.9306174252854303
"""1100_9""",0.6414332724870054
"""7144_4""",0.6970424179439096
"""8060_9""",0.7749184167576588
"""11063_10""",0.802776913876258
"""3481_2""",0.1374394520583191
"""7413_4""",0.25329450248021207
"""11121_2""",0.10141563662419988
"""4700_2""",0.43142524207030175
"""1566_4""",0.5683811691856107
"""11731_3""",0.3370237738858941
"""7346_10""",0.6378845438590861
"""7890_10""",0.23869491191754502
"""11704_10""",0.6421045053403419
"""4635_10""",0.32126479097880484
"""2369_8""",0.6110284888051012
"""9655_10""",0.7409577234041871
"""2115_2""",0.15507162338861924
"""6408_7""",0.2503176885926907
"""10470_1""",0.3310569360156333
"""11512_8""",0.5161943300821451
"""11523_7""",0.5976491835567839
"""10379_3""",0.21408037947174288
"""9164_9""",0.6676811114829851
"""3150_1""",0.45323691367903185
"""2880_3""",0.36147365891136574
"""1608_7""",0.7152536883302412
"""2406_9""",0.5256858673388407
"""260_10""",0.8683992299397444
"""10658_3""",0.11875958886993629
"""10609_1""",0.23874345224687613
"""6861_7""",0.33942150053999554
"""10058_2""",0.4549213718107367
"""11618_10""",0.32137991880178723
"""3727_4""",0.13980224417871556
"""1924_10""",0.7577764976232174
"""7471_1""",0.5343167904047194
"""1856_7""",0.49074203395499777
"""10132_3""",0.384501999684481
"""4010_2""",0.2661726794304289
"""11752_2""",0.48747454020152614
"""11122_2""",0.10037653359012115
"""11065_1""",0.1664319329596904
"""1211_1""",0.11078738569575979
"""8973_7""",0.4682908217125013
"""1888_9""",0.6062497651508907
"""8521_8""",0.6744538500322534
"""6671_4""",0.7240185196399636
"""4241_3""",0.28329626847976974
"""10925_4""",0.23795751984725513
"""4030_2""",0.11032961839691847
"""9410_1""",0.08807509295555402
"""10004_2""",0.07642168797927588
"""599_1""",0.14130629966300923
"""8656_1""",0.1706620024598891
"""10087_7""",0.6269418811170522
"""5118_10""",0.5950674140410692
"""9780_4""",0.1836262566188864
"""586_2""",0.45367078778169423
"""6464_4""",0.3017648872457838
"""7482_1""",0.22581116653716343
"""11075_8""",0.669093960422139
"""11984_1""",0.5255359868007495
"""6808_9""",0.8619034266745121
"""6178_10""",0.7425207083045917
"""12196_7""",0.5177325308116041
"""7771_10""",0.9230793765176399
"""10801_1""",0.20411110652514
"""1243_2""",0.2582379496690901
"""4028_2""",0.06100674419463901
"""700_4""",0.7244483617844982
"""758_10""",0.9252637086422368
"""5393_8""",0.7762533636114408
"""3552_4""",0.5997419882812521
"""3440_10""",0.8777635471336732
"""12357_7""",0.7086361966503181
"""10850_2""",0.534363854354362
"""5083_10""",0.2200438520485985
"""790_10""",0.5054058866463393
"""302_3""",0.15941728707627612
"""11160_3""",0.24122770836290142
"""1170_1""",0.3013702040134161
"""6341_3""",0.04723883907354329
"""289_1""",0.34876215294596724
"""3075_7""",0.40699089388131343
"""12016_7""",0.7276378030101585
"""5998_3""",0.4942505967084921
"""5295_1""",0.10231809221614573
"""9712_2""",0.4142903020916446
"""9689_10""",0.6449023609373699
"""9441_1""",0.0738586463332115
"""7426_10""",0.8970472738690599
"""612_9""",0.8118773458064531
"""4331_8""",0.3792162370102309
"""1016_7""",0.212595121936674
"""4463_7""",0.5313563985441885
"""9520_1""",0.39991877569137174
"""1557_10""",0.31955804494970436
"""6277_1""",0.08706708224736398
"""2279_3""",0.5481253339079868
"""11591_10""",0.7312915963882911
"""3503_1""",0.2756353754347247
"""9814_1""",0.3994721989957102
"""11342_4""",0.38120702794916833
"""5133_1""",0.04966167017695006
"""11189_10""",0.5046311819916023
"""2343_8""",0.5411217363804849
"""2234_7""",0.8186437848247199
"""926_4""",0.18711406977037334
"""9829_2""",0.5419525900309562
"""3338_7""",0.47084269559419495
"""4272_9""",0.828250903345161
"""4826_1""",0.2906338236068576
"""10529_3""",0.573182164581569
"""12398_1""",0.08002065104572226
"""6965_10""",0.41440047992478213
"""10737_9""",0.7944155552704397
"""9356_1""",0.13389732189117873
"""2087_3""",0.18151408413915507
"""5802_4""",0.4362663945974014
"""6514_8""",0.6831823188008574
"""11607_4""",0.5328224707214555
"""9117_4""",0.5349970373624475
"""2011_10""",0.6337919301546583
"""11952_4""",0.5908551408552861
"""8753_4""",0.40673838072088536
"""5338_8""",0.6272914628781863
"""10799_3""",0.2664947474147132
"""6388_3""",0.47569413693764545
"""4667_1""",0.42683446196091235
"""11302_9""",0.8101210998896329
"""6587_4""",0.4658360389227705
"""6822_8""",0.7343481430727407
"""9725_10""",0.8934846319856894
"""7237_10""",0.5109829486374816
"""7710_1""",0.12704291206383095
"""6090_1""",0.07113229966895813
"""9864_4""",0.41666216834771197
"""9759_1""",0.10879713447529166
"""8926_10""",0.49770651014786
"""2454_1""",0.41604407892913164
"""4364_1""",0.47473031181529757
"""10672_1""",0.2091455051258893
"""7703_4""",0.555055735420133
"""7289_1""",0.19452953363145706
"""6370_2""",0.5096326746599772
"""8898_7""",0.6235724067710635
"""245_8""",0.6358769740808243
"""7786_2""",0.5963073877219935
"""12092_8""",0.5953017829587748
"""12495_3""",0.3374752577090066
"""2762_2""",0.23822507980103771
"""11009_1""",0.1295477423279862
"""7735_1""",0.6877730022269507
"""5377_8""",0.5553074175983121
"""6074_3""",0.27419737796188276
"""2133_1""",0.07602070756252555
"""2291_1""",0.07647828897048628
"""767_1""",0.47202539270367105
"""2677_3""",0.2797169689470668
"""5801_2""",0.2460305084441031
"""11416_7""",0.5541753822485777
"""7083_3""",0.588350993462984
"""7268_1""",0.6411816216939701
"""8613_1""",0.18791659194843202
"""446_10""",0.7694657411513139
"""6513_7""",0.4995992886619114
"""11229_4""",0.4223998383034973
"""11155_4""",0.10794322321366653
"""10298_9""",0.5511614369672556
"""1521_8""",0.6218293370507562
"""5682_1""",0.6240373313571073
"""11575_3""",0.08350044943695373
"""10144_1""",0.14760545277256287
"""5819_10""",0.7522422252337115
"""7287_4""",0.4501884476086177
"""11507_10""",0.568287039843241
"""10458_7""",0.43725120875884693
"""5935_1""",0.3430019378919561
"""4126_1""",0.08691719361347726
"""3777_10""",0.5555070913143865
"""1720_3""",0.16998219204156567
"""11112_2""",0.0885156302784762
"""6222_9""",0.8655939984203743
"""8019_1""",0.6544248871055988
"""10067_4""",0.3206008557414777
"""5991_9""",0.7362558900962962
"""10203_10""",0.6677597424950248
"""2485_1""",0.13880835910879255
"""5910_2""",0.33902288557869825
"""3940_9""",0.8657235605155879
"""9140_10""",0.4598185168171877
"""9558_10""",0.83732149114081
"""4582_7""",0.4289429707901292
"""3323_1""",0.36816869884848713
"""5038_4""",0.3171475062472199
"""12405_10""",0.7271425862338199
"""11620_4""",0.3764026363143337
"""8774_7""",0.760560741865437
"""10164_9""",0.6830437130956106
"""4112_3""",0.15476244796831662
"""629_7""",0.19053914568272914
"""2732_7""",0.6912543312969057
"""4356_3""",0.41163405349094717
"""514_9""",0.4933127208335303
"""168_1""",0.07498737084041142
"""7157_1""",0.20295848004566683
"""11193_7""",0.6054617718734702
"""12163_1""",0.13096273373063416
"""259_2""",0.14153163205575256
"""9977_1""",0.19454070932486078
"""5169_10""",0.7586123660933504
"""7439_10""",0.8423629129450271
"""10261_1""",0.1843121454579444
"""6623_7""",0.7269333340008649
"""2834_9""",0.6919485670158302
"""2930_10""",0.5667505229224603
"""3232_10""",0.4513251987665231
"""533_10""",0.646045347454716
"""6006_4""",0.1971685378965117
"""9029_4""",0.5648457415733609
"""7738_4""",0.3449677825147198
"""52_4""",0.3024679731233607
"""374_4""",0.6623510103136232
"""4502_1""",0.4351690017710527
"""10309_8""",0.9042906076571411
"""7541_8""",0.6702126016001057
"""1874_1""",0.7140605604614803
"""6884_1""",0.2213617189396958
"""7285_1""",0.4905910968570133
"""3385_2""",0.13214259433359957
"""7078_2""",0.501602967337249
"""10788_10""",0.7512586870056872
"""6361_7""",0.7329546365048306
"""5761_10""",0.8240284065054637
"""8946_1""",0.07184906919463853
"""393_1""",0.3565264762231966
"""458_4""",0.5322469152319467
"""7435_10""",0.5254440386052202
"""10816_2""",0.13551415397502165
"""1606_10""",0.8144601566205606
"""1742_3""",0.30938221801355803
"""7167_8""",0.41382558751940485
"""1249_9""",0.7219380832310927
"""473_9""",0.7754152664102136
"""3475_9""",0.6471219811400322
"""2316_3""",0.5533697673514985
"""3739_2""",0.6432207401183063
"""4746_9""",0.773111431848951
"""9924_8""",0.446444212963147
"""2202_8""",0.7672463676195254
"""11531_1""",0.16224866936030558
"""11138_7""",0.7779713072472856
"""3402_1""",0.3976365901004108
"""4547_10""",0.6789312610395579
"""2786_2""",0.3935898304268433
"""1570_8""",0.4094172822030589
"""3095_3""",0.16980818265239336
"""4745_1""",0.2999179749819997
"""165_4""",0.2663892566600626
"""1578_4""",0.6306122540661294
"""495_10""",0.4080028312939845
"""12414_1""",0.37451355832496236
"""1383_1""",0.5986327517419835
"""10438_3""",0.30831187824539547
"""812_3""",0.38414417139511003
"""9588_9""",0.47293304056068985
"""7785_10""",0.5805426359264565
"""11169_4""",0.21276889068006874
"""7476_10""",0.6874605425743663
"""8196_1""",0.059446758717485296
"""6526_7""",0.3947644653070014
"""1695_3""",0.38143483683188123
"""11077_10""",0.5748665085952593
"""7642_7""",0.6439818657860482
"""7618_3""",0.746385130029081
"""353_10""",0.6450951423092621
"""210_9""",0.6399467056805428
"""9455_10""",0.45249145441947847
"""520_2""",0.09040588968314388
"""7615_10""",0.6678708646868019
"""7475_9""",0.32963898269180886
"""6894_7""",0.6881131789851557
"""8622_2""",0.31677282982792915
"""11149_3""",0.12003211297664014
"""6154_3""",0.5282836408466306
"""2514_7""",0.6885224923890712
"""4359_1""",0.37976280940856094
"""8797_4""",0.22772232160010047
"""10023_8""",0.5240080564292317
"""1212_4""",0.5456924873641477
"""9985_1""",0.40099130306459174
"""4182_1""",0.2873498327033453
"""10662_10""",0.7447016047493547
"""3907_7""",0.7279742491856703
"""11342_10""",0.7941396109030014
"""1483_3""",0.15721958854245774
"""10510_7""",0.697283052160644
"""8522_2""",0.1248889504849271
"""6049_4""",0.36052303824267395
"""2687_9""",0.8285589060422831
"""9766_7""",0.6907766276761107
"""6792_1""",0.16348813837409337
"""5990_10""",0.6188208195345948
"""11699_2""",0.5290287807582683
"""3446_4""",0.299989496872824
"""10448_7""",0.4362975756761766
"""5629_1""",0.2781717430118255
"""2831_1""",0.12997042464358688
"""4351_10""",0.8038419292253057
"""2547_1""",0.5355024326336516
"""2778_2""",0.1289409517551471
"""7307_10""",0.5981556048896717
"""11148_3""",0.05847414920240368
"""907_3""",0.3291726921936985
"""2184_1""",0.3129303117084823
"""2030_8""",0.7199840003838172
"""11051_4""",0.33253040573236686
"""9150_4""",0.43051132931335623
"""12418_7""",0.5030830951785389
"""10724_10""",0.8377480963102582
"""8876_8""",0.9225555059068031
"""1620_7""",0.3963605832539182
"""12423_9""",0.7089421285741999
"""3642_1""",0.37177570466069926
"""10214_10""",0.6333357196527973
"""4575_3""",0.6121434952597802
"""2692_7""",0.6344365094050074
"""3919_1""",0.33746689609041225
"""11971_8""",0.38774683229973206
"""11676_10""",0.6086365570178983
"""8047_1""",0.1378593262234977
"""4009_8""",0.5430646041190026
"""7929_9""",0.5401036576640329
"""2432_10""",0.81670789432792
"""8933_8""",0.4167521921919511
"""1375_1""",0.46630323170197924
"""1861_7""",0.7444553968123984
"""10897_10""",0.6027316319237737
"""2828_10""",0.25952936149645933
"""4568_10""",0.905933999710403
"""1535_7""",0.6330834590526319
"""7282_8""",0.48220900461551486
"""12365_10""",0.7443370375537949
"""6682_3""",0.42089076567020617
"""1393_8""",0.5349939084655522
"""7270_1""",0.053064488146486316
"""1680_10""",0.7321914048688914
"""8207_8""",0.7103896792732565
"""8612_2""",0.2928600050113726
"""5640_9""",0.6805083404898289
"""96_10""",0.8437332091131841
"""12093_2""",0.6730825431376255
"""2068_9""",0.8862228356695145
"""9799_10""",0.7729367938571963
"""8730_1""",0.11881736942635682
"""1000_3""",0.46892640845777017
"""742_2""",0.7210874521031314
"""10432_10""",0.7725100067182771
"""9425_2""",0.22137545524718275
"""11636_3""",0.5323723761277371
"""6564_2""",0.22056762026601273
"""5706_9""",0.8137925496405068
"""8594_3""",0.12955603271857577
"""9488_9""",0.7165755267674345
"""12283_8""",0.5099965299173932
"""6579_3""",0.2738921846550147
"""6738_10""",0.8741136179360106
"""9007_2""",0.16807878217293182
"""2723_8""",0.8597667814815066
"""5115_3""",0.3070012405042436
"""9469_10""",0.37244627888850906
"""1444_1""",0.1615501194612686
"""5688_1""",0.13240594711525713
"""12390_4""",0.5670936006780524
"""1681_1""",0.2439491964134228
"""9048_7""",0.5990674256087949
"""10207_3""",0.19455588032273421
"""3817_9""",0.6545492842969074
"""2200_10""",0.635336927628586
"""4250_8""",0.27255232833825405
"""12213_10""",0.8000754734203898
"""11602_4""",0.744136953503133
"""4507_4""",0.5083271943035931
"""3817_1""",0.332836484399826
"""9394_1""",0.769957960961567
"""9129_1""",0.497428279722659
"""3675_7""",0.7885895668189291
"""1670_4""",0.5133423426650757
"""1151_1""",0.48070749781830086
"""8818_4""",0.12579021969951001
"""4810_7""",0.6515342742339156
"""4979_1""",0.16827531396478954
"""80_4""",0.644306971094409
"""5506_9""",0.329609120231396
"""7451_10""",0.5923159202309095
"""4539_10""",0.4494618525023952
"""6914_10""",0.5860945634776197
"""2807_10""",0.5367517021105467
"""10229_10""",0.6280099086822989
"""10908_8""",0.6277105268558374
"""7709_9""",0.7241979745584827
"""10872_9""",0.7467190197989929
"""8487_1""",0.15380395317215267
"""1140_9""",0.5773756074416998
"""558_10""",0.5184777763906852
"""9935_8""",0.4698450186846288
"""1084_8""",0.6891164833313908
"""6185_9""",0.7551257172955368
"""9278_7""",0.6768697234072708
"""3756_7""",0.6460020639656854
"""4308_1""",0.0604970872404406
"""121_8""",0.6408635161341247
"""11072_8""",0.5367488648240927
"""9420_7""",0.39366035374828423
"""3955_1""",0.2431789445236296
"""9591_10""",0.35089283509348357
"""11176_1""",0.6983918486548446
"""11882_2""",0.7295398092239636
"""12458_10""",0.6205975446464309
"""303_10""",0.8796913791358
"""3779_8""",0.5925456840227934
"""1805_4""",0.3858454141772703
"""12054_2""",0.11247620173494263
"""1990_4""",0.20877300798582263
"""7331_1""",0.43733186338577973
"""6243_8""",0.46874204980633893
"""7201_1""",0.0487596408755801
"""6230_7""",0.5299033362899418
"""11252_3""",0.11368133338925959
"""8379_8""",0.716745045527254
"""11890_1""",0.5211450834709764
"""6977_1""",0.15672966514796502
"""5481_1""",0.7647077662858272
"""6013_7""",0.7268727427464725
"""11638_4""",0.49537508535557895
"""3302_1""",0.3101412805160184
"""4837_4""",0.5699850816639355
"""737_1""",0.10374020950251729
"""6128_3""",0.7792016664377374
"""3749_4""",0.27854140117995807
"""580_3""",0.4823942476991302
"""11031_10""",0.7615996565203094
"""6644_1""",0.2891222480566097
"""8517_1""",0.24715036082965294
"""4883_3""",0.1561128238754251
"""4273_4""",0.3308439788650127
"""404_1""",0.07302335252988089
"""12108_10""",0.8003978304136931
"""10005_8""",0.5849650162242067
"""7140_4""",0.5554192733822602
"""258_8""",0.7576544883465922
"""6746_7""",0.5852058568996943
"""7189_2""",0.6297647480883941
"""11626_4""",0.6642951604619256
"""10785_10""",0.5760360161335487
"""11007_1""",0.5975889218859549
"""8987_7""",0.5026438278277154
"""275_1""",0.3334928721026041
"""2554_10""",0.8347344444686148
"""2682_1""",0.06147569528769739
"""3797_1""",0.13144237048504728
"""7383_1""",0.20505614201848413
"""9816_9""",0.562922556409058
"""11057_8""",0.6673835737584567
"""11901_3""",0.7651183134549794
"""11501_3""",0.6765496282427726
"""11999_2""",0.25151943929405257
"""740_3""",0.4937335736932878
"""3109_8""",0.7635448123500065
"""2773_8""",0.7664603274236019
"""5725_4""",0.5353074265610309
"""4423_3""",0.31525493655160897
"""4035_2""",0.08096687980334531
"""6550_7""",0.46059262133866985
"""711_4""",0.5502584898913203
"""10773_4""",0.7192476379270033
"""11202_1""",0.21687623822536814
"""1054_2""",0.09034203254836565
"""2207_10""",0.759585445700705
"""9809_4""",0.30361642132158845
"""11349_10""",0.7234291861406699
"""5195_4""",0.6262072723330087
"""6881_4""",0.1034729963725951
"""7537_3""",0.5585255067333841
"""99_3""",0.5896126874685668
"""6589_9""",0.9071323545558074
"""11781_10""",0.4355069306233403
"""4337_3""",0.24774884563210456
"""4928_10""",0.7868782432102098
"""6310_1""",0.6098080199223511
"""11867_8""",0.6663486453461648
"""9462_2""",0.1500352157298189
"""12224_9""",0.24162599606525903
"""1195_3""",0.31641553063157707
"""11324_10""",0.7473525276529461
"""11272_4""",0.4442150573051081
"""2461_7""",0.8287986364064706
"""4034_7""",0.6844828367252286
"""2340_10""",0.8695236354641236
"""9827_9""",0.5872437806425588
"""4660_4""",0.426865707600141
"""2448_1""",0.08336163226192692
"""7485_7""",0.44334243779111226
"""7003_10""",0.4538646412270444
"""6204_1""",0.2680160922821911
"""1920_10""",0.7056487284526186
"""6824_1""",0.32747379484845884
"""6668_10""",0.6036847350988144
"""7359_1""",0.5574086285736173
"""2753_4""",0.43227000955458456
"""7320_10""",0.47233737449231206
"""3661_10""",0.8534826103291145
"""1059_1""",0.4986261421470819
"""5067_10""",0.688533628688742
"""5724_3""",0.2196989945488391
"""11265_2""",0.2880066534456689
"""11331_1""",0.10947734936398291
"""5398_10""",0.6230785740587046
"""9328_2""",0.37256081896191245
"""100_4""",0.35733261128379207
"""6118_10""",0.3335001213130163
"""320_3""",0.10209122012785472
"""4395_10""",0.5892657287649645
"""7256_4""",0.24846829465583972
"""3949_10""",0.8081543753087237
"""7097_1""",0.5544022384129764
"""6971_2""",0.18563700917275347
"""9855_2""",0.36193334725081394
"""457_8""",0.8651700306932041
"""9929_7""",0.7067851480542712
"""9574_10""",0.4396945206966593
"""12261_4""",0.15637172151712575
"""5228_9""",0.6975047126416029
"""11684_2""",0.08126567147702408
"""7913_9""",0.8405502776888519
"""9595_3""",0.3955375427960085
"""10501_10""",0.4518907684520139
"""10610_7""",0.5287239572939435
"""8573_7""",0.3728913093213457
"""1823_2""",0.7483003824202247
"""12070_4""",0.8124302473312429
"""6995_8""",0.5191907164856867
"""4929_1""",0.12437541277807045
"""2555_4""",0.5801497005212145
"""6583_7""",0.5298771430875476
"""2490_1""",0.11096213565762887
"""8203_7""",0.4559487264309751
"""7861_3""",0.1317640512107698
"""2548_2""",0.40534935286052654
"""12291_7""",0.7862623251338499
"""756_1""",0.184661918386225
"""9275_7""",0.5889141701991273
"""9234_9""",0.5671135239062033
"""10598_10""",0.5813179146289046
"""8252_8""",0.6113406701980234
"""3585_2""",0.19421029606221932
"""11561_1""",0.17211526663061394
"""690_10""",0.47593043298981885
"""7203_10""",0.7793455337300821
"""11141_10""",0.5071996831661492
"""5583_10""",0.7755506506568601
"""7341_10""",0.8389659797151162
"""10623_8""",0.8199728217000224
"""868_4""",0.1684344729085607
"""778_9""",0.8637289703729364
"""4653_10""",0.5237375110496266
"""7450_4""",0.5258847017838356
"""8836_8""",0.5581600242411912
"""226_9""",0.5862861106052368
"""464_10""",0.827512967218103
"""2850_9""",0.7086020464793562
"""10242_8""",0.6765996405877863
"""2403_10""",0.8696257924643466
"""3397_10""",0.8117035585031221
"""1003_4""",0.7629124987591485
"""10940_10""",0.35304329242447385
"""3349_10""",0.8681421932538064
"""5909_1""",0.5178462705157302
"""12021_8""",0.650959376757302
"""5019_1""",0.3905965367757734
"""1809_7""",0.6770085883224602
"""4435_10""",0.758619818549484
"""10029_1""",0.07242851972606983
"""8234_2""",0.2613678985569697
"""3760_1""",0.0902006397894788
"""10952_10""",0.7805971695892673
"""1487_9""",0.6138487708124363
"""46_10""",0.7348530979888374
"""4917_4""",0.35511950698305406
"""2000_9""",0.4679931820033748
"""10974_2""",0.7053444077030184
"""11275_8""",0.3672868544001712
"""1816_10""",0.8100729263628225
"""4848_3""",0.6711931258427931
"""11730_3""",0.410106006551392
"""1903_10""",0.7042434905281294
"""12331_9""",0.5669739784739742
"""10360_9""",0.6503009886412204
"""9243_10""",0.2894586505676475
"""10115_8""",0.7991051319599927
"""11417_3""",0.07143071659587004
"""6259_4""",0.24423952220424344
"""316_10""",0.8351545389962421
"""1100_4""",0.2573415918610662
"""7919_2""",0.41060074693192056
"""1871_2""",0.05041147011542149
"""12488_8""",0.6573793909451825
"""10239_9""",0.2581784621865168
"""7832_2""",0.07889744997103607
"""8808_1""",0.0757219474674249
"""7241_2""",0.102123147339078
"""4412_2""",0.34508366164589677
"""807_10""",0.6181412893296934
"""9728_8""",0.7403242112124846
"""5665_2""",0.5087310098492713
"""491_2""",0.30389249397676765
"""7938_1""",0.23014198548101905
"""3513_8""",0.6486459972689532
"""8942_1""",0.1502400307095268
"""11520_7""",0.8894681287204041
"""11478_3""",0.7615427330513973
"""5627_10""",0.5893344446258557
"""3462_2""",0.7877312267798952
"""5161_10""",0.8629532554906758
"""6545_2""",0.5077928696097942
"""6513_4""",0.4437409745944281
"""3032_1""",0.09743368526931898
"""7403_2""",0.4810530559370988
"""11878_3""",0.13488704768938375
"""11348_8""",0.8249467701591864
"""4979_7""",0.7960156945526556
"""7131_1""",0.10993097213747108
"""3972_3""",0.25584262618398446
"""2925_2""",0.37386428811446926
"""5346_3""",0.22185616907281322
"""10709_3""",0.2663117017524471
"""10999_2""",0.20896883233269029
"""5974_10""",0.8973392250875369
"""9008_10""",0.6134543036795688
"""1324_10""",0.8857085858729691
"""10454_8""",0.23681517513542924
"""8336_8""",0.5461039281131989
"""5869_10""",0.7689485194011315
"""9922_3""",0.2305584476356852
"""2081_2""",0.5536218169696351
"""5811_7""",0.7943303031703859
"""1619_10""",0.471451920134989
"""5461_7""",0.7825533432791063
"""9152_2""",0.5367178988217074
"""9071_8""",0.8119994174321848
"""4688_10""",0.770092654385703
"""8956_10""",0.6905785402172416
"""1883_4""",0.2002162842097993
"""5707_1""",0.09194508964024545
"""7529_3""",0.3404972226153262
"""83_1""",0.1372007122600716
"""10440_1""",0.08441531361497427
"""3673_1""",0.2406781553708965
"""6983_4""",0.1885088629165251
"""2546_4""",0.3258157681175659
"""6698_3""",0.573696259825627
"""10689_3""",0.24490154415285542
"""9986_10""",0.7339174010440985
"""5614_10""",0.6190798847754126
"""10094_4""",0.49577813979852614
"""12468_10""",0.5422624438834357
"""3828_10""",0.7074489433040039
"""10524_2""",0.27174424494971633
"""2016_2""",0.1799661436164354
"""7583_4""",0.5686162387963261
"""4795_8""",0.6571957765106086
"""7564_3""",0.31076860272593865
"""1366_3""",0.2859737014825394
"""508_4""",0.3500354002971673
"""9509_3""",0.6127483539261223
"""1587_3""",0.36896665980896154
"""12376_4""",0.2940315000771133
"""2525_8""",0.7177396576675824
"""2877_2""",0.432544856721926
"""9485_9""",0.7325127925354691
"""12023_8""",0.7807318732024714
"""11544_10""",0.7340593027025798
"""198_3""",0.3878020308036483
"""4390_1""",0.24545964379280616
"""993_8""",0.6532991587735058
"""7965_9""",0.7316973168856127
"""8865_1""",0.12254459872714465
"""6638_1""",0.27363735748515916
"""141_8""",0.438292160791531
"""136_2""",0.14835848683611969
"""3004_10""",0.6834381053047452
"""3457_9""",0.6437924344971173
"""11488_1""",0.586193009696757
"""644_2""",0.3610751271659814
"""8387_9""",0.4976457645010216
"""5026_3""",0.5970451656736236
"""8936_7""",0.5543578038238256
"""453_4""",0.7557896438636288
"""8547_3""",0.39240576444184155
"""10542_4""",0.10044542551102886
"""5231_9""",0.6065055409710888
"""9592_10""",0.47535768431200415
"""8591_7""",0.8565664834950764
"""6686_10""",0.4874734038465744
"""7246_10""",0.6762279800407875
"""2194_4""",0.19151797050286923
"""11533_9""",0.6232863909519571
"""6109_10""",0.7039446751586904
"""9092_3""",0.3097153558105339
"""11223_8""",0.8012824776108164
"""10829_9""",0.7649204538023119
"""9857_3""",0.3891488022788118
"""2223_10""",0.2994614266685408
"""8052_10""",0.7060509624243392
"""11604_3""",0.7116731973519304
"""4448_1""",0.13687370406236898
"""5394_8""",0.687665654561838
"""10168_9""",0.832582672582448
"""11943_4""",0.477202171657883
"""7311_8""",0.5662132236019789
"""1362_9""",0.5086447503224735
"""9165_8""",0.8456335027865101
"""12294_10""",0.7090269961735907
"""6086_9""",0.8922710990452533
"""608_8""",0.8929267512640818
"""4592_10""",0.6966137785812981
"""708_10""",0.6863025798004295
"""6548_4""",0.6165411042555387
"""7552_4""",0.48767586109829664
"""9263_8""",0.7596153760427328
"""5393_1""",0.20818000771815562
"""220_10""",0.46051289469209844
"""10640_7""",0.7245493601169732
"""4086_10""",0.6322777627750824
"""11026_3""",0.3497914800157793
"""12466_10""",0.8172400700279284
"""905_3""",0.3291726921936985
"""92_8""",0.7000685217490732
"""11362_10""",0.7903013013758617
"""5030_8""",0.7067150436185297
"""2909_7""",0.7633564168777575
"""8402_7""",0.7469931712375643
"""4046_10""",0.6467728918560337
"""4065_9""",0.6095193482372168
"""6460_4""",0.44439873723970275
"""11108_1""",0.33815970403092266
"""1139_1""",0.1172492024181456
"""2457_3""",0.4384676498565368
"""2675_7""",0.32196350340068575
"""9360_1""",0.17877749308682625
"""5750_8""",0.6049081979852143
"""7125_2""",0.24533218941967191
"""6637_8""",0.7442623008633362
"""3290_7""",0.6832459918289107
"""3979_8""",0.2485233986552145
"""2100_1""",0.18199242010924693
"""10836_1""",0.09864992975237889
"""10904_3""",0.17991307318141714
"""5226_7""",0.7061578432910168
"""22_8""",0.7331082318089606
"""2726_10""",0.6218973500210639
"""11405_8""",0.5666629598338482
"""11204_2""",0.17955556203884762
"""6201_9""",0.6906687199148301
"""1653_10""",0.748403565472035
"""9500_7""",0.6516318316440303
"""12104_7""",0.7279296942741577
"""1499_3""",0.14542433226370272
"""1415_1""",0.12145798486817444
"""11285_2""",0.7726713701503499
"""4481_1""",0.4282163257119916
"""10249_8""",0.7110825875785555
"""2391_9""",0.829467168113578
"""2186_3""",0.4784705376838157
"""56_10""",0.8620771035787793
"""127_10""",0.8084934397605575
"""5509_9""",0.5129321712240922
"""9855_9""",0.23852898377517173
"""7522_10""",0.6938931673307774
"""11751_9""",0.8135382229282476
"""3330_3""",0.22643221283392215
"""4055_8""",0.867849414118886
"""3694_3""",0.19972534000665856
"""6911_4""",0.22603046221060435
"""9677_10""",0.5887673044591878
"""9706_1""",0.2372997259943089
"""426_4""",0.28887931582340026
"""2995_2""",0.43374265583102667
"""7914_8""",0.6151023627592519
"""11344_9""",0.8913381907712502
"""680_8""",0.3452833770694521
"""2094_3""",0.2423516886404892
"""2009_9""",0.8836122029244216
"""7309_7""",0.7539603480433087
"""138_1""",0.1617073408927813
"""2689_9""",0.9167484101865975
"""6050_2""",0.2076755339058137
"""8987_2""",0.42450070556851843
"""2053_8""",0.8059929841072766
"""12245_4""",0.3025727989318636
"""12020_10""",0.23136582172177017
"""10364_10""",0.587386652778951
"""11581_1""",0.14312398877580493
"""12079_10""",0.6482538881088489
"""6537_1""",0.16432580004052866
"""2739_10""",0.6910945492173345
"""8719_1""",0.4408695305735732
"""9436_1""",0.22316926537786222
"""5029_3""",0.4005224539473206
"""8321_10""",0.508756131253463
"""7135_9""",0.3851793383819445
"""9512_10""",0.6107521043996137
"""6397_7""",0.5829648385924172
"""9457_9""",0.4674170482808491
"""7740_2""",0.18211341417289925
"""10591_2""",0.12543947641058
"""9856_4""",0.2731156286495523
"""2456_1""",0.6154846884476118
"""10543_7""",0.22971036990379715
"""544_4""",0.6448743524899424
"""3679_10""",0.8923373349509144
"""9042_1""",0.16852727779370594
"""5368_8""",0.7483803662519246
"""8276_3""",0.17136210990237147
"""1984_2""",0.2329454944027895
"""4205_7""",0.5830023019959407
"""5765_7""",0.47373177020808527
"""5202_1""",0.22981335749117737
"""4127_4""",0.33299227188537955
"""12316_9""",0.790343465662825
"""657_1""",0.13628199252623951
"""12205_2""",0.43583940665691906
"""3426_10""",0.7069295609710242
"""5616_10""",0.8144009998373894
"""11644_3""",0.4884158926617508
"""795_10""",0.5201646716299735
"""12416_2""",0.20169309210116165
"""115_3""",0.2830985533126347
"""55_10""",0.7115839810475109
"""11187_10""",0.33202277459464485
"""9072_4""",0.31856046826242146
"""875_4""",0.671385613658216
"""4196_1""",0.203184251549433
"""293_10""",0.5081562202873084
"""5564_1""",0.3259667190396723
"""6811_8""",0.3348587712614187
"""9135_3""",0.32555417304165557
"""9964_8""",0.7033363240105445
"""981_9""",0.22509377304782363
"""8506_10""",0.6193258623181156
"""4459_9""",0.4969555196891929
"""7609_1""",0.07941020929280423
"""6246_10""",0.5630555012137984
"""5989_4""",0.17370300363762148
"""11839_10""",0.7147177061578545
"""9186_2""",0.49312648695217376
"""3411_10""",0.7205609417081439
"""8677_1""",0.7537766101619361
"""9125_4""",0.46014936598011114
"""2166_8""",0.36846929330312855
"""11827_4""",0.3221096191987226
"""2574_2""",0.44829552239226833
"""4789_4""",0.6159834975454878
"""1093_4""",0.3291743110854061
"""8195_1""",0.14378822836854988
"""11011_10""",0.6701816631323116
"""3944_9""",0.5405786174684457
"""10606_10""",0.35150633469943643
"""5029_7""",0.29783173165837
"""9496_8""",0.43435164906664137
"""9256_8""",0.8294734986989404
"""5640_3""",0.2577113095773994
"""8164_8""",0.8125050399532182
"""10413_3""",0.4786761586607856
"""4838_2""",0.18384890413649826
"""12265_9""",0.5506447740732685
"""6222_1""",0.1725809397164123
"""883_8""",0.7064657828566405
"""395_8""",0.7981811381394354
"""1182_7""",0.7974933449389162
"""8701_7""",0.3085285978425074
"""8863_4""",0.05936909822079978
"""10943_3""",0.31458887904851685
"""10692_10""",0.37845928696949327
"""11872_7""",0.5747008536658696
"""4729_9""",0.5216590682416208
"""920_10""",0.5694510170983752
"""9352_4""",0.4306296062696348
"""10095_9""",0.4883798923468533
"""8986_2""",0.43370867202897456
"""7061_2""",0.45407386077891154
"""2746_1""",0.09307537158183773
"""10359_8""",0.6373819899173974
"""6826_7""",0.16870825092025382
"""7075_3""",0.2557924852274694
"""8237_10""",0.7583187683639291
"""9103_10""",0.6368921809106862
"""6538_9""",0.2931695464129204
"""3085_4""",0.5771949786091738
"""10759_9""",0.6475233250522574
"""12249_2""",0.11515518713989112
"""6774_4""",0.4454895552102476
"""3564_2""",0.37095389743376267
"""144_2""",0.06325468017530272
"""12112_3""",0.22410091010578992
"""8166_10""",0.6778105561633346
"""10817_8""",0.7428155498613661
"""7462_10""",0.45681214192723696
"""7626_2""",0.12991187672121618
"""8221_2""",0.5058020246614737
"""2528_10""",0.7257634330541204
"""6765_3""",0.30531098205908813
"""1267_8""",0.5603835545868044
"""8257_10""",0.6532215850126678
"""11501_8""",0.6602560048740628
"""11196_10""",0.681504399448875
"""10006_7""",0.862164506094627
"""2104_2""",0.04223761870177932
"""9067_8""",0.5108932931843
"""4760_4""",0.6896211949588253
"""4372_7""",0.5917804050933789
"""3441_2""",0.3762417172917745
"""10439_3""",0.6151144531896441
"""6604_1""",0.32051259627270645
"""10689_10""",0.5122885162743208
"""11289_4""",0.3563508368761334
"""2051_7""",0.38040186771588125
"""42_10""",0.8866022215287895
"""1567_7""",0.6084436265466879
"""4890_9""",0.7393566480194994
"""2583_1""",0.10219147146804865
"""5376_2""",0.2816164917034574
"""2539_10""",0.7393005274183807
"""390_4""",0.4653777029435309
"""11509_1""",0.11721808453064929
"""7481_8""",0.5407081713264181
"""10840_2""",0.4439184572032177
"""9433_1""",0.5711643422397983
"""7774_10""",0.9124624360679054
"""2654_7""",0.23098975631894836
"""9582_7""",0.7087821036426578
"""1780_3""",0.0995546987437377
"""4032_8""",0.40593944640654067
"""3130_9""",0.800825474413458
"""1920_3""",0.5576951893122594
"""5056_7""",0.776661108584572
"""4537_10""",0.5967007899251567
"""2505_1""",0.543942891801025
"""3942_2""",0.12396261708981421
"""483_2""",0.12749196220738848
"""2771_3""",0.10671294974150218
"""4872_8""",0.6922694562669112
"""7897_1""",0.12266716056707089
"""12039_8""",0.5453197758509741
"""11008_4""",0.6394128787487542
"""4090_7""",0.5883907646525404
"""3051_4""",0.5095710540775527
"""5700_1""",0.09275446354032375
"""3498_10""",0.6049938529207355
"""5676_7""",0.3796193231905647
"""5565_1""",0.1420995535755422
"""9347_10""",0.6033128896043521
"""4178_1""",0.1290480732528165
"""6303_4""",0.6144288779562703
"""1579_7""",0.3748072682608223
"""5783_9""",0.7387674002103108
"""4001_8""",0.7881285229412848
"""11698_2""",0.4552917904379688
"""7029_3""",0.4119316944900616
"""268_3""",0.08311315908331891
"""7098_1""",0.6129423057800608
"""6608_9""",0.7892501326841967
"""1123_1""",0.5810459271227957
"""7523_10""",0.6186995042444924
"""10647_3""",0.342529177097577
"""12232_8""",0.5990062861525383
"""8103_4""",0.3735510215539881
"""7336_7""",0.6300666704706793
"""7049_8""",0.5461106788537554
"""9694_3""",0.21940712013461638
"""5894_3""",0.19442669089050085
"""10981_4""",0.46736719520174846
"""10104_10""",0.8726602161521975
"""5752_7""",0.4979246157616702
"""2622_2""",0.3838838400517298
"""11529_2""",0.22750855337542045
"""5040_1""",0.14876660043808532
"""1870_8""",0.7824221483740454
"""7368_3""",0.5524065801905418
"""843_1""",0.5012920357552934
"""4972_8""",0.6155659272188658
"""4615_9""",0.7840931573666743
"""8191_10""",0.7561840424306961
"""6940_10""",0.48581364458037607
"""4924_4""",0.6751169434797974
"""10392_2""",0.044931962952362105
"""3339_7""",0.540089688822943
"""3594_10""",0.7429647971446225
"""10354_7""",0.21824868455476246
"""6594_10""",0.8808448660308527
"""11311_1""",0.2643231073444385
"""4409_10""",0.6236866197899734
"""1669_4""",0.7284073013640189
"""7819_1""",0.5125556510834516
"""6704_1""",0.23958818996218534
"""667_10""",0.338978851633458
"""6444_1""",0.4598105371489819
"""1223_3""",0.20031361168286213
"""10089_9""",0.8231447335058556
"""6699_1""",0.12331570105639438
"""814_7""",0.5080650345676193
"""2363_10""",0.45723939690525706
"""1697_2""",0.6880748324816953
"""6345_4""",0.11648708989727487
"""10109_1""",0.06422131285368447
"""4563_7""",0.7182902152103056
"""1924_1""",0.2819370936023611
"""11416_2""",0.11484874276488592
"""539_7""",0.5777597787138311
"""5937_9""",0.7998367572414383
"""1912_8""",0.28037327190050515
"""4135_3""",0.24297877697704995
"""4141_7""",0.7276891231482964
"""7217_2""",0.3848879369519335
"""5538_3""",0.650258719384516
"""2657_10""",0.6569807823112042
"""6279_4""",0.48351043960473833
"""7706_1""",0.17584474810893785
"""10409_10""",0.37961900555028066
"""6780_1""",0.1364073771127027
"""6251_10""",0.8276329416656439
"""12227_1""",0.4287910788143003
"""1146_10""",0.6570706475421157
"""10977_9""",0.7106866381025564
"""3857_1""",0.15593011447438307
"""7622_8""",0.48116934275335355
"""2548_7""",0.7421605935376673
"""8602_9""",0.48739334634572445
"""8885_8""",0.6598849452407427
"""472_4""",0.5908832442196938
"""11700_9""",0.6644570817453368
"""10268_3""",0.44568958377233736
"""7569_10""",0.7908037855432517
"""475_1""",0.4909165680039625
"""4719_1""",0.10659744210961643
"""8851_3""",0.23988124674429318
"""6320_10""",0.49297923510333175
"""4290_7""",0.4273480900864282
"""7936_10""",0.6581392165395096
"""4616_1""",0.3810843606273385
"""3616_7""",0.6275928539809247
"""4849_3""",0.6283740039099204
"""3689_7""",0.6909765593712359
"""11224_7""",0.7258718468115408
"""8893_7""",0.5836061878084696
"""11126_7""",0.5745260453293956
"""4816_8""",0.7964947084302386
"""5895_3""",0.41984154821739894
"""9373_1""",0.24652310797196922
"""2445_3""",0.5006056326445231
"""556_1""",0.39344894238338596
"""11855_1""",0.33361051963424865
"""11346_8""",0.6677463427936893
"""8621_8""",0.6249063295693363
"""10259_3""",0.25661930071617595
"""2354_3""",0.5105628541901333
"""8477_10""",0.6452128007455886
"""11408_7""",0.37455763205054254
"""8490_1""",0.1918071951265767
"""175_8""",0.5056042581474464
"""3376_1""",0.33007698806400476
"""3888_7""",0.5705203762104945
"""11655_2""",0.5696681476409456
"""9630_10""",0.6051264302677333
"""8121_1""",0.22034971532585093
"""10758_4""",0.6464900457777201
"""1979_10""",0.6494119706872884
"""9702_8""",0.6052558132682677
"""1064_1""",0.37027826403885294
"""850_4""",0.2629642734565131
"""1624_1""",0.3568075034069207
"""5885_10""",0.7766694935874193
"""8246_8""",0.6102703147370088
"""4073_7""",0.549020145477088
"""5116_2""",0.44818331663416044
"""5379_2""",0.42900369584761167
"""75_1""",0.22473396348340663
"""5895_10""",0.8668935559201523
"""10651_9""",0.6753014854848868
"""1776_7""",0.5938936794983691
"""8500_1""",0.1295281560951646
"""11026_9""",0.6011239927923259
"""12195_1""",0.20966311927425077
"""1832_7""",0.9382866428537548
"""11424_8""",0.4517078641143549
"""1744_8""",0.8924091991984539
"""9699_1""",0.08274882834123347
"""11840_10""",0.44974744726520544
"""8955_1""",0.5013701953648634
"""1571_4""",0.7151174901634724
"""6434_9""",0.8463946499605509
"""7214_10""",0.5371468876948344
"""153_4""",0.3800514203777957
"""3914_1""",0.2164605913705741
"""5005_8""",0.4795663334885687
"""8283_4""",0.23112792554160547
"""8846_1""",0.0732377378105776
"""3708_1""",0.20025902238829807
"""5123_10""",0.6778237417286331
"""2868_7""",0.30278440008973
"""6395_10""",0.8683811529078741
"""5788_4""",0.3694035313956662
"""2380_8""",0.4539250046261175
"""462_7""",0.7036626182136128
"""11697_7""",0.8540548186749305
"""3577_3""",0.6219229181028869
"""5569_4""",0.356570376317451
"""348_1""",0.14606160725974937
"""9194_10""",0.7937024336767684
"""1001_4""",0.5042900877233949
"""6869_4""",0.21257165235515504
"""7182_1""",0.5330993743527673
"""2089_4""",0.12016222048097236
"""3496_1""",0.4235561231528849
"""938_1""",0.24899253245399577
"""10325_9""",0.42136917036825033
"""786_10""",0.669124457255107
"""4562_9""",0.553955350659027
"""2566_9""",0.5726825925769475
"""10732_3""",0.37713594935206574
"""7621_1""",0.31948421935068677
"""11747_10""",0.9159781243904992
"""11271_4""",0.7058761711547552
"""9057_10""",0.8867190634749824
"""12374_3""",0.17935838646768298
"""9130_9""",0.6226644436284476
"""9735_3""",0.2770868882839687
"""4305_7""",0.6666383358078629
"""10477_9""",0.8929053761884133
"""5498_9""",0.9062815867998407
"""4452_8""",0.7619840383391251
"""7993_1""",0.12061310697411358
"""3245_9""",0.8446281884374998
"""11289_10""",0.3623201546489582
"""2678_10""",0.6869532170155382
"""6836_1""",0.24666714410869195
"""10936_3""",0.10067226833154998
"""6870_4""",0.3636122914364352
"""10109_10""",0.6351429923420273
"""9907_7""",0.14907033267228795
"""4801_2""",0.16775119002359978
"""3684_10""",0.8823106739208602
"""12305_9""",0.7987848491178932
"""530_10""",0.6877203622312389
"""10977_2""",0.5398664897614536
"""9819_10""",0.6169902889492063
"""5057_1""",0.10045968439084095
"""8703_10""",0.7102002670189165
"""8997_2""",0.1474404175292315
"""5766_7""",0.3968971632376549
"""9436_8""",0.4856886133033225
"""39_9""",0.9345078469669313
"""6052_4""",0.12197532982260074
"""9748_9""",0.5698203903262822
"""8395_1""",0.09985502553956352
"""688_7""",0.40412305255162656
"""4688_3""",0.4882584788605832
"""6287_3""",0.3470550317078122
"""1945_8""",0.7298279718892582
"""11830_2""",0.5142110643932668
"""4042_2""",0.12029168018620982
"""10160_3""",0.47755538015268784
"""2069_4""",0.6607997563286685
"""11039_1""",0.22890981137363098
"""6675_3""",0.5145648719048532
"""9189_2""",0.2612483591292646
"""3683_10""",0.7668200349507296
"""5536_10""",0.5821420347025635
"""11089_1""",0.17568432997108246
"""9064_7""",0.48094429118810467
"""2079_1""",0.20994815391593963
"""648_3""",0.4660077701941154
"""12300_10""",0.7098893687959333
"""5755_8""",0.6080883638428821
"""3460_1""",0.11407075307567885
"""151_2""",0.28914914835448396
"""6990_4""",0.2687914257111259
"""11356_10""",0.9143863543884734
"""3062_2""",0.06752583287511552
"""4310_1""",0.23246988875478194
"""9393_9""",0.42836942635994385
"""5886_1""",0.13641603503578406
"""7359_10""",0.540852585774945
"""3210_1""",0.1733509269419686
"""4689_10""",0.8520842352543201
"""11111_10""",0.8125809818744305
"""1413_3""",0.5186259455744527
"""2502_8""",0.6879217498057631
"""10737_2""",0.3460805676306466
"""6525_10""",0.5533504420103755
"""4416_4""",0.08144142012581743
"""1705_4""",0.48074022604996086
"""1485_10""",0.6348877165433647
"""4406_9""",0.7396129167316648
"""3365_8""",0.8199303810090547
"""6825_9""",0.6307853092666346
"""9214_1""",0.484849202116541
"""8171_1""",0.5287919860305932
"""12138_7""",0.25429802904646587
"""2421_8""",0.7523052841488623
"""7727_4""",0.07974255340117573
"""8236_8""",0.7079370242029606
"""4802_8""",0.741488520551711
"""5429_2""",0.469805787736485
"""6584_1""",0.3993594500783512
"""5429_8""",0.6938368812375458
"""2124_8""",0.9115445237369884
"""11670_3""",0.40474628934513823
"""7527_1""",0.3818693988464663
"""11193_3""",0.6444219359236102
"""3647_10""",0.3375883223901263
"""2084_3""",0.4048524357689241
"""8481_10""",0.646951549066543
"""2458_8""",0.8352291733194295
"""8705_1""",0.6827141186041856
"""4919_4""",0.4277222021121594
"""1621_1""",0.06808382269507508
"""6059_1""",0.3038459518019957
"""4132_1""",0.5648479763662432
"""10953_9""",0.37404669604245105
"""6692_8""",0.7875814309410242
"""3604_3""",0.36838766105910614
"""6432_1""",0.11772973841308457
"""10932_8""",0.8775810100986082
"""7248_3""",0.4644856356152031
"""3837_4""",0.3219143825478361
"""8770_8""",0.8695183882350599
"""12067_7""",0.749243948804997
"""7351_1""",0.4803036825975284
"""11556_1""",0.43109510423645203
"""8220_1""",0.4630027046122398
"""8008_4""",0.3115906960203988
"""6500_1""",0.37689968901937826
"""8303_4""",0.2746950775860354
"""6765_10""",0.7071295862432188
"""4701_3""",0.6395540215944541
"""8956_1""",0.3254592272199688
"""11443_8""",0.5382339057120413
"""7119_7""",0.32684654797561913
"""11761_2""",0.6093947612363578
"""9921_9""",0.5566858309943773
"""2275_9""",0.8992420892249363
"""8849_2""",0.2961394007522329
"""2791_3""",0.13079573070306336
"""9105_10""",0.4564290166961102
"""1991_7""",0.5303918049248886
"""41_9""",0.95336218353804
"""9259_1""",0.5445530216761524
"""3785_3""",0.44366594295037165
"""12335_3""",0.13215081815791563
"""7020_1""",0.2760353221036025
"""9490_4""",0.5840809612199793
"""11296_1""",0.22336635927662435
"""7641_2""",0.5414455287770409
"""8163_7""",0.9054872545014718
"""7342_10""",0.6649967981278777
"""766_8""",0.8905512423121109
"""5399_1""",0.1320976440563014
"""1565_7""",0.5671781998376174
"""12_9""",0.7013891493271517
"""11574_10""",0.7181627742045613
"""8194_8""",0.598593961143778
"""6110_10""",0.4255529135497128
"""8108_1""",0.29539200816897415
"""3852_4""",0.18403270600580268
"""11474_2""",0.09175559117831429
"""11554_10""",0.7090269961735907
"""1798_3""",0.7862918838028164
"""11814_10""",0.749893489575397
"""5072_9""",0.3585039166654655
"""4389_10""",0.5913250168026731
"""8148_10""",0.5215477754764581
"""5840_2""",0.26373148439417277
"""1972_7""",0.5090357363346425
"""10169_3""",0.30769910768015807
"""8651_1""",0.1758216693507957
"""6399_3""",0.3588303928366417
"""8965_1""",0.43811886115197646
"""8853_1""",0.0713236447905613
"""2841_9""",0.8262445363409934
"""6658_1""",0.16382976242731606
"""11515_1""",0.1439760571396785
"""4474_1""",0.34357931420736565
"""8221_10""",0.6994182047907951
"""12204_10""",0.5837244840543113
"""10671_1""",0.2296131765379648
"""7335_3""",0.6490719825949067
"""4050_3""",0.44012421706997307
"""9465_8""",0.4419889130163955
"""11620_8""",0.6029168818946159
"""11998_8""",0.6370033351886524
"""11188_2""",0.45965699039008406
"""6656_1""",0.12636623051002943
"""3416_4""",0.8121507615177177
"""11558_9""",0.766963073870223
"""2752_4""",0.46517776667609034
"""10330_9""",0.6891403692854885
"""9323_7""",0.9039782273321387
"""12232_4""",0.08936542472785015
"""5699_7""",0.7532680691866845
"""1020_2""",0.6272580243484646
"""1161_1""",0.2464863344284685
"""10187_10""",0.626270238049011
"""4585_10""",0.24814479766602152
"""7570_10""",0.6617167481031943
"""9752_1""",0.4684653825310422
"""4956_1""",0.06977648872940641
"""1355_2""",0.494305650544051
"""10456_1""",0.11076174824261839
"""8757_10""",0.5966375532667163
"""2286_3""",0.4696802819840326
"""1297_7""",0.4687319965608709
"""5326_8""",0.9391097840103373
"""11535_10""",0.8843685139237988
"""4783_10""",0.5595629558575387
"""4292_2""",0.4125498382733776
"""2856_1""",0.08660074846135563
"""450_10""",0.8336676699807971
"""9611_1""",0.4046756161050644
"""2403_1""",0.6078218169316277
"""2037_7""",0.7383094726774767
"""9580_1""",0.31030923805273597
"""1694_7""",0.7202387353580721
"""11385_10""",0.5350735555875059
"""493_1""",0.6635218379351818
"""9013_10""",0.6166005382113577
"""11235_3""",0.7384041505851036
"""10793_3""",0.5196070434593628
"""2197_10""",0.828836969651832
"""1887_2""",0.19324926388446292
"""6617_7""",0.49064698613860225
"""12028_1""",0.1359733004066471
"""5413_1""",0.1218655575513489
"""1134_1""",0.26677045296423646
"""1290_2""",0.4072914632605544
"""12241_8""",0.49965209744408634
"""965_3""",0.6056206513743816
"""2044_10""",0.7142428968713054
"""7782_10""",0.4437116915646612
"""6087_4""",0.33299227188537955
"""3600_2""",0.5794546277973283
"""1588_3""",0.32027827159888084
"""10421_8""",0.7214946258274644
"""3390_10""",0.8410093182220603
"""6531_1""",0.3644891390649391
"""9792_10""",0.529468999149768
"""3755_9""",0.6876269184709445
"""11471_7""",0.5032119199687992
"""10427_10""",0.713241523892351
"""4011_3""",0.5384598955982244
"""8784_7""",0.20506600910004052
"""10714_9""",0.6802830596403185
"""6031_9""",0.7040131214579561
"""8130_10""",0.8913881902124804
"""4772_9""",0.526333450346997
"""6599_7""",0.49482443657821756
"""11335_2""",0.24253059659060208
"""6412_1""",0.15107621650884226
"""998_7""",0.8516663107762557
"""9542_10""",0.8648482005286118
"""1490_3""",0.4734379877570683
"""4142_10""",0.6692816954352939
"""8371_10""",0.7858527929886489
"""5457_8""",0.7578297583480905
"""5001_8""",0.5713147289614041
"""150_9""",0.49189428727039064
"""8487_10""",0.7076888514447772
"""10024_3""",0.09271341211441943
"""3687_8""",0.7270638247473891
"""6171_10""",0.7913428668056735
"""5462_8""",0.6263295804532699
"""1372_4""",0.39500911380203946
"""7361_8""",0.46138412514875904
"""1030_9""",0.8177481026345387
"""3341_8""",0.3184744839304741
"""7677_2""",0.14686588716673532
"""6584_7""",0.6840910296226516
"""2372_10""",0.5469735046847836
"""5898_9""",0.9370786749308118
"""7370_7""",0.3762571837769321
"""3018_9""",0.8981117886664575
"""4899_9""",0.5856234996511452
"""2385_4""",0.5843069126073825
"""8433_9""",0.7066140780873789
"""1989_8""",0.5153892621323759
"""10401_7""",0.7599886308175604
"""5668_1""",0.4494446552751938
"""11516_3""",0.12995827201797844
"""12419_1""",0.26289447117324594
"""5402_7""",0.4786824629432766
"""10537_9""",0.7249628216536037
"""117_10""",0.8331603476075542
"""6756_4""",0.4726800343865811
"""4051_3""",0.26987242367635234
"""9687_10""",0.4149589200941706
"""11011_2""",0.11241007051401244
"""8460_8""",0.6283871900574985
"""5155_3""",0.4515752418837559
"""2473_2""",0.27801610536859667
"""4074_1""",0.2244626462325224
"""4730_10""",0.7114659517554487
"""5310_2""",0.1565426292718065
"""6630_10""",0.8528998665291028
"""4363_1""",0.08322606648022175
"""1022_3""",0.5832911767627165
"""8247_10""",0.5898028838402553
"""7437_10""",0.6242537632189173
"""3846_7""",0.7472965879140722
"""7298_1""",0.07736368997034858
"""11955_4""",0.6159077577784036
"""9448_10""",0.523582921417383
"""142_1""",0.055090650627539234
"""2260_3""",0.14791738501522825
"""9012_4""",0.142912871151154
"""5321_9""",0.6882037179801651
"""527_10""",0.635081200234939
"""2898_3""",0.23779081857844012
"""12302_9""",0.8551334142934148
"""1463_4""",0.4045334674261066
"""5278_1""",0.08057124026131263
"""6450_1""",0.4917414793176064
"""9704_1""",0.3593855605841442
"""2673_2""",0.08426753730286381
"""10175_2""",0.3094194269031998
"""8006_2""",0.7480318641732872
"""9492_4""",0.7319531647721194
"""4595_3""",0.6361194671621342
"""9499_2""",0.21287203598625498
"""7869_1""",0.11860780256658433
"""4047_10""",0.8016795326839035
"""4962_7""",0.6116706443258804
"""4052_2""",0.2961804131921738
"""1423_10""",0.6655177809016185
"""7376_2""",0.47203220021986
"""1067_9""",0.8112493407629939
"""3289_1""",0.40006712579063475
"""5780_9""",0.458836943444821
"""2965_2""",0.5211676822115822
"""4127_10""",0.6347092192786263
"""10156_3""",0.19129256614498127
"""11164_1""",0.47917432603526305
"""1422_10""",0.6655177809016185
"""9470_4""",0.7435869820512151
"""7733_3""",0.5974561425448733
"""3814_3""",0.23633635551530827
"""9900_1""",0.2087340910132611
"""5363_3""",0.1739564225174905
"""2878_7""",0.3267571531929699
"""11647_2""",0.18420409438367447
"""1729_1""",0.19487620297356364
"""2263_1""",0.6227788478652186
"""11707_2""",0.4734939012955986
"""10722_7""",0.705116889600292
"""6321_9""",0.5124201289259511
"""7339_10""",0.716338179346803
"""8003_9""",0.5122732174227418
"""11009_10""",0.5856992378053149
"""9458_1""",0.3870402390093874
"""10359_1""",0.08932127628218416
"""5530_3""",0.2667926463313529
"""3377_9""",0.8155420082826342
"""2256_9""",0.39329519092225246
"""9036_1""",0.09721666803737528
"""7621_7""",0.2602386965298433
"""9992_4""",0.344464899182221
"""1004_10""",0.8273161596342402
"""6339_3""",0.4261862859807206
"""5554_10""",0.6031688832970704
"""10128_10""",0.752265323284176
"""4540_10""",0.6758894369668691
"""1410_7""",0.7845148957400478
"""7072_1""",0.157214319511262
"""4324_4""",0.41961247173041555
"""9611_7""",0.18491792085729525
"""7571_10""",0.6691980887865047
"""11337_1""",0.4459490257200497
"""1169_1""",0.3687876427384868
"""10881_4""",0.24910892378445296
"""8782_4""",0.45319313944387546
"""5357_10""",0.8789701154496484
"""9318_7""",0.7555050071578454
"""9071_3""",0.6846965942518906
"""485_4""",0.7048407363969161
"""3164_2""",0.5557223780026219
"""1343_10""",0.5005460911735178
"""571_10""",0.7430775350825052
"""6749_10""",0.3543412169359763
"""1945_4""",0.23985279369888765
"""8132_3""",0.44686995088879117
"""12380_4""",0.11210737329960971
"""11183_4""",0.7891145853786206
"""10526_10""",0.6530855505928017
"""7234_10""",0.6453684222966011
"""3054_7""",0.4597595295317804
"""5217_1""",0.1171086292934933
"""7106_8""",0.2810536467958095
"""11043_10""",0.8626084939680126
"""8447_2""",0.45124321096145537
"""9744_10""",0.6391766169054007
"""10638_9""",0.7568482725654434
"""8778_10""",0.8251817950873792
"""3666_9""",0.8004045167118728
"""4223_10""",0.6490057224798137
"""1642_2""",0.4527720926288744
"""10541_8""",0.30009338500478494
"""8067_1""",0.3386481379851163
"""11116_10""",0.7828793355278906
"""8701_1""",0.36412082366493714
"""6422_8""",0.7056511688258985
"""9168_1""",0.45880883575561987
"""4130_1""",0.07113229966895813
"""8492_1""",0.16889478648569753
"""6430_3""",0.4330635226867942
"""9306_8""",0.6116019393730057
"""10487_7""",0.6114069867195346
"""6687_1""",0.5657028932241949
"""11869_1""",0.09078979684940991
"""9224_10""",0.5643112680411986
"""1625_9""",0.6635635735353298
"""8651_7""",0.8268960321774789
"""3702_4""",0.29242093215815546
"""4470_7""",0.6436634829660426
"""31_4""",0.27508822223333335
"""11316_10""",0.6483369371910492
"""5961_8""",0.7225346728374055
"""4428_2""",0.3520764168676913
"""2540_4""",0.5807480116341565
"""4855_2""",0.8183512611175635
"""9997_2""",0.29938135342735744
"""12214_2""",0.22273795217216708
"""12383_2""",0.10782285472779586
"""12344_4""",0.5259008619371939
"""8147_10""",0.6879248266229533
"""2019_10""",0.6343003577878098
"""8161_3""",0.38693593856341574
"""7312_10""",0.7499981100644257
"""9310_8""",0.2733022037932612
"""11966_1""",0.056065270965481695
"""8962_1""",0.18213781061036483
"""5661_4""",0.36235832476881014
"""5765_4""",0.17201597653572842
"""10934_8""",0.6999746146090245
"""5801_9""",0.3350912651846932
"""190_2""",0.6642839522438018
"""880_8""",0.7392418255076377
"""10677_10""",0.6142485135547667
"""10520_10""",0.7325119817383212
"""6697_7""",0.38581568298833785
"""11582_1""",0.14425327903953034
"""1986_1""",0.19356015802547571
"""6021_4""",0.5953402277109855
"""7220_8""",0.671816844482409
"""5870_1""",0.16053740649276993
"""1459_7""",0.4331976095713165
"""1733_8""",0.6584442417435568
"""7060_9""",0.5683371919936255
"""5249_9""",0.8590825284655442
"""8845_9""",0.8543205586255405
"""10133_8""",0.6775321127147802
"""3041_9""",0.7098089254518274
"""11504_1""",0.3401548909702822
"""6261_8""",0.7747620369908194
"""2942_10""",0.8203808618218552
"""5522_10""",0.804209680404908
"""4260_8""",0.5599164589897629
"""1600_2""",0.3993946730438768
"""1698_10""",0.4657619269345269
"""5823_10""",0.5386544405856766
"""2413_9""",0.731675260470984
"""7316_9""",0.3989295381738096
"""5963_2""",0.0844321458456274
"""9960_10""",0.7548104559157962
"""6014_9""",0.8294119237785073
"""2357_4""",0.3845235578816685
"""9788_10""",0.35738891028123226
"""8100_2""",0.24712658061059345
"""4099_9""",0.44979383509393506
"""10894_2""",0.25194848890714927
"""7940_1""",0.344992466599826
"""3605_4""",0.38570153702966664
"""11270_3""",0.41440118648785684
"""2306_8""",0.7977219584989677
"""3825_10""",0.4953488738205529
"""161_7""",0.08044796367452849
"""12121_9""",0.5717582346800886
"""7916_10""",0.710467844829471
"""10598_4""",0.29847227778193486
"""3484_10""",0.5820721252578919
"""8967_1""",0.4617208619828132
"""4005_2""",0.15286625299187995
"""10355_4""",0.441856597897077
"""5215_10""",0.6853027542389288
"""943_3""",0.1354156239106263
"""11786_10""",0.6128389780660555
"""5938_2""",0.22156415141380958
"""998_2""",0.4025545423094762
"""4333_4""",0.32715756707174587
"""6606_9""",0.6449186081507386
"""5251_2""",0.14378784507929845
"""4152_4""",0.821691186006951
"""3148_2""",0.604859429934979
"""3344_7""",0.5199247619250393
"""9832_3""",0.6534768279288447
"""2689_3""",0.4761186143310111
"""3400_10""",0.8277698946854696
"""4000_4""",0.25457655308235483
"""3934_3""",0.7399041161218046
"""9014_9""",0.4472506846128106
"""2339_9""",0.5691186577306095
"""8833_1""",0.2812261775436579
"""10197_8""",0.5248901674363105
"""8811_1""",0.3291880817011675
"""1805_7""",0.7770565074137211
"""2238_7""",0.5640569694613391
"""2487_9""",0.42686014498363706
"""1737_1""",0.04866453123865182
"""4085_2""",0.327496921826788
"""5665_10""",0.8277139573540794
"""9721_4""",0.14830701509410388
"""10577_9""",0.7054450686568963
"""8892_7""",0.580778445952757
"""4503_10""",0.942209539838059
"""9348_3""",0.10005282002192749
"""10382_10""",0.6757262944393632
"""8339_3""",0.08858926248829282
"""5199_10""",0.6563871412382524
"""1897_1""",0.13722902438606302
"""3578_9""",0.8534309596650079
"""9192_7""",0.7240212262581142
"""12154_2""",0.0838941645802024
"""5089_2""",0.24408146037887374
"""8988_7""",0.3435411713515139
"""10170_8""",0.6948124887402624
"""6690_8""",0.7893003328001111
"""2549_2""",0.26567571350246266
"""6546_3""",0.18880432633782412
"""5283_2""",0.16014954776131685
"""8131_9""",0.6202345206902284
"""4745_8""",0.6242942504386924
"""7251_1""",0.5097455148290228
"""1829_8""",0.7655966339415237
"""11922_9""",0.5755896727936596
"""10322_1""",0.11682645242730619
"""3163_4""",0.5467817822963895
"""11849_9""",0.6631514214560612
"""11809_10""",0.46253615153869804
"""1275_3""",0.4383551428537451
"""11694_4""",0.28114377262053347
"""12112_8""",0.65706796759965
"""11212_4""",0.4875339476483645
"""5124_10""",0.5008255490787719
"""5362_2""",0.08646963767329613
"""2680_9""",0.7666162642601826
"""11181_4""",0.7037623864803804
"""4345_1""",0.37155275743418215
"""8916_7""",0.6874512645793699
"""10042_8""",0.8445632140054933
"""10324_8""",0.5845151018447878
"""4425_3""",0.44186821212599575
"""9133_3""",0.6911965832004627
"""11028_10""",0.9013736645567542
"""1941_7""",0.2928992730569973
"""10142_3""",0.5441783259758918
"""4572_1""",0.3166076263962856
"""10512_1""",0.05610326156810405
"""7180_7""",0.5066870001785478
"""3948_1""",0.2084875578800342
"""1238_4""",0.6212567686902785
"""5269_9""",0.8339969490989746
"""12346_8""",0.6573049447890924
"""11481_4""",0.5499307850221693
"""1943_3""",0.1230774851428607
"""4742_1""",0.10842238942903115
"""2433_1""",0.3478630750952707
"""4422_3""",0.34129984447339384
"""342_1""",0.30438511526936446
"""736_8""",0.14049813211702375
"""3036_10""",0.4272747995277385
"""9336_7""",0.48421808063059735
"""9205_1""",0.05873600981410756
"""9923_8""",0.7007572152434071
"""8875_2""",0.2925926339737386
"""2023_7""",0.6492599346074978
"""4102_1""",0.3654471562054367
"""11345_1""",0.1658842613477955
"""6736_9""",0.9456403694603597
"""7839_8""",0.606460396594755
"""8572_10""",0.495011361108321
"""7211_1""",0.1845445488571195
"""6666_2""",0.36283525419585966
"""1978_7""",0.6332478724767221
"""3156_1""",0.27032649349423393
"""3333_7""",0.7535687199735329
"""3720_4""",0.6990345387629646
"""1450_3""",0.7283233825391523
"""8563_10""",0.4948918147737696
"""9087_9""",0.7612494496961737
"""6843_10""",0.8122234520664542
"""3485_7""",0.38576148584333725
"""4259_10""",0.8147330877262229
"""10186_10""",0.6060958984121187
"""3312_3""",0.29877587716533827
"""7624_4""",0.27584262270882765
"""7930_3""",0.22727854239820458
"""8407_10""",0.41819046589178543
"""1771_4""",0.3991892410135031
"""11919_4""",0.18333709437154475
"""425_2""",0.3240029332199291
"""11795_2""",0.2405962337994129
"""6767_1""",0.23431139041917726
"""2996_9""",0.7325902079467177
"""990_1""",0.21211175335527602
"""3757_3""",0.600697868027704
"""2981_2""",0.3827746827083823
"""10277_2""",0.38405001004038747
"""662_9""",0.2791090807741343
"""5311_3""",0.19747800721806097
"""3796_10""",0.38102116703488625
"""3846_1""",0.2364916347511709
"""5651_2""",0.13013727079925297
"""6649_3""",0.33034422499994653
"""10779_2""",0.2633260048727928
"""4548_10""",0.5067237674913248
"""7275_10""",0.6786590881008228
"""1605_9""",0.7925418086972005
"""3580_4""",0.32147192370508754
"""5712_2""",0.09041849225875014
"""5287_10""",0.7851523809229275
"""3230_9""",0.6631552204771503
"""7936_1""",0.1440747103490952
"""9983_3""",0.12705161622870947
"""9959_7""",0.7687744440424978
"""5739_4""",0.45345307637147164
"""4308_10""",0.6200643691673102
"""4854_8""",0.49723492523862345
"""8620_7""",0.6622147779530465
"""7923_9""",0.6740257770973436
"""11686_10""",0.5785344818496853
"""8253_1""",0.34531497197392014
"""11030_4""",0.802803309496039
"""3995_9""",0.7999521642513032
"""10763_9""",0.8400122992479304
"""6780_8""",0.7604753521703553
"""10895_1""",0.11510169149972894
"""11778_1""",0.39052218775121306
"""8512_10""",0.46573549756637633
"""1061_1""",0.06130926674061187
"""10584_3""",0.25177483458748734
"""212_4""",0.19551022115235844
"""1908_2""",0.24733802307478833
"""10958_1""",0.2519965533004098
"""980_7""",0.6446029015907335
"""2686_10""",0.4023489895560121
"""2088_1""",0.2374397617762312
"""6075_1""",0.26575386850200705
"""9782_10""",0.8111057174505958
"""9180_3""",0.553938339122502
"""2478_3""",0.15054652422185655
"""1634_2""",0.04491141841589337
"""6810_8""",0.5557328035179427
"""2562_10""",0.5322926569898175
"""3841_7""",0.6210454409902204
"""5387_1""",0.18140352829675538
"""9047_7""",0.7856964143657958
"""4962_4""",0.3000758387064268
"""8597_8""",0.7880588500115606
"""1515_1""",0.18634014234960705
"""1974_1""",0.7336236897962487
"""9935_3""",0.8219036785050734
"""2404_4""",0.40075226125434277
"""8638_1""",0.07606027115949945
"""8720_1""",0.5152426313913844
"""11411_2""",0.06935540853288763
"""7676_3""",0.424676275664684
"""11756_9""",0.7401382899372786
"""4195_1""",0.08125706145386256
"""11787_10""",0.4457567705011807
"""11838_1""",0.44553341857831114
"""11748_1""",0.3111237633162052
"""7309_3""",0.756574790771667
"""502_4""",0.6011979358449424
"""1239_10""",0.39525300982507033
"""8925_4""",0.21292400516118223
"""4242_1""",0.3560163407683218
"""2112_2""",0.08876173930221379
"""6359_8""",0.8601253083917029
"""8034_9""",0.8623353554940523
"""807_3""",0.4939791667990069
"""7852_4""",0.5870424516544069
"""8014_10""",0.44466665017887214
"""4823_8""",0.4748916622409386
"""8448_10""",0.3907774926603955
"""3564_8""",0.3939492686151888
"""858_4""",0.838397847231289
"""8529_7""",0.6881035984527712
"""6515_3""",0.5078616942689282
"""2646_10""",0.40097312084303177
"""4278_1""",0.6319185276361269
"""5641_7""",0.5237550306604374
"""5382_4""",0.3500637610287456
"""3300_8""",0.39648298490784056
"""4849_9""",0.5651134720452387
"""12013_1""",0.29787739612184544
"""107_4""",0.20908268660189555
"""10046_10""",0.6329976694156465
"""9141_10""",0.6314404528320176
"""10297_10""",0.7581661610618479
"""634_10""",0.7478288980652043
"""438_2""",0.5436709297581561
"""11794_8""",0.8279021527699147
"""3937_4""",0.6993967864767651
"""3602_4""",0.3886838543693344
"""11851_1""",0.4033482651388496
"""8690_7""",0.7317122820711129
"""2697_2""",0.2758196190272329
"""805_10""",0.7590367453883409
"""7572_1""",0.12999438626173532
"""10553_1""",0.4356123661348553
"""5246_2""",0.19930545948736875
"""2064_8""",0.21480876499768706
"""11856_1""",0.20322183131934626
"""9026_7""",0.6992093349839413
"""4449_7""",0.5227749757129494
"""8579_10""",0.6409394419839181
"""8503_7""",0.7882625330899776
"""5734_1""",0.36763220141180514
"""11507_1""",0.2723781872335702
"""7956_10""",0.4278043411230076
"""11245_2""",0.14310511276885163
"""6142_2""",0.6063488604196235
"""10657_1""",0.13471256676810214
"""7992_1""",0.40165006231744654
"""11347_9""",0.6597081108580212
"""5278_8""",0.8742246642368531
"""6362_10""",0.49933279731076985
"""10214_2""",0.28393475744050367
"""9184_7""",0.8318849189042591
"""2666_10""",0.5389240729577562
"""7527_7""",0.5949867067177426
"""2001_1""",0.23819226598563856
"""12000_4""",0.24320892448973624
"""10302_3""",0.7222442837311334
"""7160_10""",0.6730208451017379
"""2757_10""",0.6469034946417713
"""3792_3""",0.38108575159259395
"""6199_1""",0.15890822784272435
"""10467_3""",0.3899460752311989
"""531_10""",0.7373125836853841
"""8193_9""",0.7605933353200584
"""248_7""",0.8052772943990614
"""187_1""",0.41330352815978083
"""5193_8""",0.591094359521644
"""5138_8""",0.646750493593288
"""8467_1""",0.6513791269673432
"""11029_8""",0.7772022478116161
"""667_4""",0.1927768188641356
"""3714_1""",0.4398964412082811
"""8102_4""",0.4179569540481532
"""9195_4""",0.09349188462468325
"""1432_3""",0.10324259138010873
"""9095_10""",0.33945404015279856
"""11510_2""",0.3547564023636605
"""5644_1""",0.5624441233336741
"""2556_8""",0.6632198191992011
"""11887_2""",0.4935996142065779
"""5374_1""",0.5017770417513907
"""5356_3""",0.3452938476219915
"""10209_1""",0.2912831258912732
"""2001_8""",0.5664569585545282
"""6088_1""",0.3059475339591943
"""6140_4""",0.6568886004581707
"""11494_4""",0.39082498683918876
"""11631_7""",0.409475769948798
"""4818_1""",0.5557082847276692
"""10914_1""",0.07008039992146121
"""4472_8""",0.8041297006301119
"""8735_9""",0.7101969825771871
"""11190_1""",0.35089733717694593
"""462_4""",0.12604422042778152
"""6566_4""",0.3464802034159874
"""4598_4""",0.4720862431605209
"""11566_1""",0.2822825968672136
"""2560_3""",0.4792539090766386
"""11969_4""",0.15515446246031725
"""8765_1""",0.3317355537039257
"""9957_10""",0.5962385258141976
"""5210_10""",0.6460338700760829
"""5007_10""",0.6857047816816622
"""10290_10""",0.8650736144101389
"""10319_1""",0.17012013229289852
"""1848_2""",0.07106192365152603
"""1319_3""",0.4153374962587777
"""11248_10""",0.7030196871993216
"""379_1""",0.04971209649354171
"""3469_10""",0.7126141156062207
"""437_2""",0.09276202400213679
"""3648_1""",0.4650146579119601
"""8834_1""",0.1738223349366932
"""3316_1""",0.25940235926820987
"""9563_2""",0.5908873015380485
"""4500_9""",0.924355022168595
"""6226_3""",0.47402621670701334
"""5653_3""",0.4435267669411823
"""5415_2""",0.09871088849440106
"""6725_4""",0.1599633663833599
"""9462_10""",0.754468869155749
"""3471_3""",0.6809979481300769
"""7259_2""",0.21389452095722955
"""8181_3""",0.49038605513237693
"""10749_1""",0.5218206543566964
"""12283_1""",0.1072369433946208
"""402_1""",0.06287450875009375
"""8024_10""",0.6672215412943386
"""11114_1""",0.150901408597108
"""461_1""",0.14098909712965493
"""10025_2""",0.15199252484191764
"""3358_4""",0.6764046938290786
"""2022_1""",0.29343844368535615
"""12493_7""",0.6636721117221698
"""4131_9""",0.7894267639545538
"""9852_4""",0.18165190868728484
"""7122_1""",0.10811830503080237
"""1994_10""",0.6849294755087546
"""10723_9""",0.6450789455029635
"""3900_8""",0.8700058351277165
"""7741_10""",0.8760180602068559
"""4287_9""",0.7535595877242827
"""10195_10""",0.3778620698345226
"""10941_3""",0.20464682534381973
"""1615_1""",0.20286347111070796
"""12337_3""",0.5579711614779843
"""2259_2""",0.31496356348991084
"""6179_10""",0.884744420211002
"""138_8""",0.7949921220103449
"""6482_3""",0.5508980501315611
"""10362_4""",0.07210226648711825
"""1341_10""",0.8857221527075907
"""8299_8""",0.6698503830883237
"""7839_2""",0.20884201415951875
"""6659_7""",0.5992590490720915
"""7143_10""",0.9635696259031309
"""12445_1""",0.06717169794648963
"""3796_3""",0.33508319801795494
"""4180_10""",0.6989504186935533
"""7775_10""",0.6544026562358783
"""8946_9""",0.6785279344137857
"""1936_7""",0.6905825862180579
"""8387_1""",0.10516679658145767
"""10092_8""",0.5049554682476429
"""5729_10""",0.5549847089090546
"""1399_7""",0.48484247843858974
"""4011_8""",0.819618074341325
"""7868_8""",0.8043023791117637
"""3546_8""",0.5534761927403851
"""8643_9""",0.7415158304645495
"""6033_1""",0.3290183416078209
"""428_10""",0.4154269764495902
"""3385_10""",0.8487194366588614
"""3073_2""",0.05560443319889434
"""4169_8""",0.5879417249600827
"""8191_3""",0.20895658460121797
"""211_3""",0.14854805998892492
"""297_2""",0.5370767638579428
"""4286_8""",0.7583906700450868
"""535_10""",0.7464780904074495
"""4851_4""",0.7366110933981065
"""9707_1""",0.4295502026180968
"""9740_10""",0.5541914382413643
"""5410_1""",0.04352967287276578
"""1436_1""",0.1641209371608199
"""3766_10""",0.6247376201074806
"""2483_9""",0.6850404417324475
"""1937_10""",0.8523341621352499
"""2939_3""",0.5059554327911595
"""3372_1""",0.046793744595540955
"""7825_10""",0.5632882005914681
"""7780_10""",0.9361245380766731
"""7656_10""",0.754330384987369
"""4850_7""",0.869803989887336
"""5083_4""",0.42804976332224465
"""10429_1""",0.370648001742251
"""8009_2""",0.30209972763676396
"""10879_4""",0.2549725401353909
"""7328_1""",0.21189497618344177
"""10055_1""",0.5345709557616276
"""11715_7""",0.666361213823174
"""1547_1""",0.11105613446735867
"""7665_9""",0.3994807198735899
"""6061_10""",0.33748107273598316
"""10800_1""",0.40972777903581004
"""10234_3""",0.18264681808043168
"""11334_2""",0.31508079594792
"""3106_1""",0.08798297994257957
"""12173_3""",0.3581474066191428
"""2076_10""",0.8826319264881196
"""4414_7""",0.3553560290581844
"""7679_9""",0.4097337611203162
"""2010_1""",0.05192774818419364
"""9460_9""",0.6078778536683959
"""11261_4""",0.5644202573101126
"""7500_10""",0.5894852571172704
"""9503_4""",0.22227026669477634
"""5937_4""",0.6333278368927596
"""87_10""",0.5042037146093826
"""2968_1""",0.07609549972777974
"""6728_9""",0.7129680670859437
"""9954_4""",0.3048347199865809
"""5875_8""",0.8357391134223954
"""12429_10""",0.16611325094356894
"""11247_10""",0.3418526903905127
"""8879_4""",0.694346715878237
"""2999_1""",0.12292213692888788
"""11448_8""",0.45687975777614115
"""3629_1""",0.07914386351321663
"""1302_1""",0.49265744629591574
"""10851_1""",0.6800599641361476
"""9533_4""",0.15099137249145125
"""4078_2""",0.5047539803141882
"""7813_3""",0.6265863371662748
"""11284_10""",0.6431673642233536
"""3509_8""",0.8249492237704046
"""11198_3""",0.18353456604770219
"""9197_9""",0.8254057193895451
"""3603_3""",0.7770796338868098
"""6472_7""",0.8340689617391205
"""2410_2""",0.15730334389009243
"""10240_10""",0.318483472068555
"""6507_4""",0.41900012315447355
"""1511_2""",0.3243088627584278
"""5475_2""",0.6020010509084515
"""5728_1""",0.1513062509327003
"""5294_1""",0.23640861880184624
"""12024_10""",0.8041081232844046
"""2355_1""",0.6410762122709645
"""4088_9""",0.8700948186760858
"""2580_10""",0.731211081155517
"""9423_1""",0.14143521106270016
"""6836_7""",0.659644419445766
"""11806_1""",0.06780922106196334
"""8412_1""",0.20187330146646246
"""770_10""",0.7317270995075177
"""1029_10""",0.5897386505724728
"""11288_4""",0.3312099955461326
"""690_3""",0.7125172817951198
"""1925_9""",0.7402375718917438
"""2116_10""",0.47220613782634635
"""8597_2""",0.48582030353250005
"""8734_4""",0.41983640430244756
"""5549_3""",0.33720993398601107
"""5447_7""",0.39734264443323064
"""2519_4""",0.18917920195955415
"""11323_7""",0.3421552978452229
"""9338_1""",0.1005388769797691
"""3299_10""",0.9135073919144745
"""10585_8""",0.3786096125417125
"""3945_7""",0.46882964577359787
"""813_1""",0.2680747943386036
"""1300_9""",0.6312059468604286
"""5849_7""",0.6886795271290199
"""5535_8""",0.6784961248760288
"""3612_2""",0.18735778758498378
"""11064_2""",0.13733714759928894
"""376_10""",0.3976371037452607
"""8504_2""",0.06189761776533288
"""8198_1""",0.4807097377777205
"""6485_1""",0.09501934994613186
"""9011_3""",0.14793769837532
"""6766_1""",0.360327314243559
"""7282_3""",0.30864257544353835
"""1450_10""",0.7402755949256733
"""10644_8""",0.530640060091717
"""5424_2""",0.5393412364369908
"""86_3""",0.6215967141751785
"""1221_1""",0.20385501553819207
"""2309_3""",0.2433443265685955
"""5190_4""",0.26035997371040015
"""11498_1""",0.24576668442279495
"""11959_10""",0.7758653073103037
"""10465_10""",0.7102188839099755
"""3922_4""",0.4747285594972974
"""9710_9""",0.4058294867680465
"""2014_1""",0.13643753083853702
"""3791_9""",0.6449602140693176
"""3548_4""",0.3945515496700267
"""6001_3""",0.7162355473527218
"""11920_4""",0.5729807811853093
"""10152_9""",0.8526253923541708
"""10305_1""",0.5282544349579855
"""10626_1""",0.20953421332604072
"""3057_3""",0.5596106125505695
"""5387_8""",0.4064547040405126
"""8138_2""",0.27811096935677593
"""11134_1""",0.09674774240027414
"""8341_2""",0.15972978723190417
"""6687_9""",0.48012689654116963
"""671_3""",0.5774607670396279
"""1156_2""",0.13140985626527413
"""11841_9""",0.8243654361784521
"""7193_9""",0.8297720081199956
"""2257_10""",0.8008167356670651
"""5261_3""",0.4078310333687959
"""10475_2""",0.2161658850585491
"""11175_2""",0.3739195832914002
"""8122_9""",0.6442529205054913
"""6266_7""",0.9116325208660414
"""4340_9""",0.4296931082904708
"""331_4""",0.10712844935143523
"""854_7""",0.40371580823390685
"""6800_10""",0.7065370215078249
"""982_8""",0.6996807562461327
"""5916_7""",0.8802784562424364
"""5871_2""",0.16746471523227865
"""4106_9""",0.66654915697778
"""8506_1""",0.14334772350941732
"""4610_9""",0.6973619239476693
"""5086_4""",0.701838014704209
"""453_9""",0.5205449275625633
"""4611_3""",0.4167203603475304
"""3764_4""",0.16405896012927162
"""7644_4""",0.3285893072814953
"""4037_2""",0.06610738177898559
"""1595_10""",0.7038758416562381
"""7792_3""",0.2859713619772134
"""10068_3""",0.16267955926797895
"""7199_10""",0.43693667509390766
"""2050_3""",0.16475054264845196
"""2460_7""",0.8017228974055677
"""9299_1""",0.1275027551817626
"""6297_4""",0.5305818991680129
"""7797_10""",0.5129772681934882
"""11272_8""",0.8181466166909586
"""7808_9""",0.5725916057087379
"""5806_3""",0.5671679436097085
"""4573_10""",0.36360528546975496
"""3935_7""",0.6201063306631098
"""3502_1""",0.20846786784556187
"""5744_10""",0.08547091799239848
"""10548_10""",0.8206492192272649
"""3746_7""",0.7239946048167026
"""3851_10""",0.7775153693184153
"""2648_2""",0.3352697714177414
"""11397_3""",0.3261888327741619
"""1024_4""",0.3904509584132516
"""4034_2""",0.04749676839410154
"""7010_10""",0.6841398440132727
"""10429_9""",0.662860291413812
"""8086_1""",0.1018967889895562
"""6463_4""",0.6401502357769623
"""3540_3""",0.7357078101753318
"""7608_8""",0.4380451145661851
"""5123_4""",0.6236112171976385
"""8139_4""",0.5420093686428128
"""2535_10""",0.6432403928973021
"""4187_1""",0.12114374827965785
"""1711_4""",0.47490978561325037
"""6197_4""",0.49603896005350584
"""4953_7""",0.5499407680455538
"""578_9""",0.5184379161189397
"""4244_10""",0.31584268713400154
"""3893_8""",0.7699323982001993
"""4903_7""",0.7543573080906678
"""9850_8""",0.6856880938390129
"""11450_3""",0.1928539824756027
"""4926_8""",0.6795872880751425
"""804_1""",0.28123732404503315
"""5933_7""",0.6288446982465544
"""4407_1""",0.2295541366104965
"""7951_7""",0.8867591720974802
"""9759_10""",0.8102587765429743
"""3936_8""",0.7244154629555978
"""6998_1""",0.613920675314723
"""8967_7""",0.6622210512604768
"""5061_4""",0.8455050011445151
"""7787_3""",0.28607042530320853
"""8320_10""",0.6348178688102716
"""967_7""",0.14904810369986246
"""11996_7""",0.42729823412426815
"""4233_8""",0.2451020807211957
"""2494_8""",0.6605095605590858
"""6804_8""",0.7177806035661983
"""1452_3""",0.6358163260335276
"""10327_7""",0.7295040174021034
"""1510_1""",0.31600480721168017
"""7223_4""",0.5699589612974703
"""2280_10""",0.5784922301008608
"""4092_9""",0.9266509959170764
"""11305_1""",0.195155799943542
"""10599_1""",0.1162623037525237
"""9545_4""",0.583388098611804
"""6423_8""",0.47657293689581465
"""12314_1""",0.2854545637429583
"""8470_1""",0.29985704013623793
"""8957_8""",0.8015300745578271
"""1725_9""",0.7313425612582668
"""11127_1""",0.06855194406716288
"""6570_8""",0.5005068945867354
"""10477_1""",0.31669196761702123
"""5503_4""",0.37263529240834203
"""12251_8""",0.6112869073266425
"""3474_10""",0.9022501397954353
"""7269_1""",0.0694988338098673
"""997_3""",0.36032165051547876
"""10781_10""",0.46274711225441756
"""6598_10""",0.644285508706057
"""9225_1""",0.2201375483713756
"""20_9""",0.71588970857329
"""9671_9""",0.4434360751233131
"""8627_3""",0.3515097033677305
"""12404_4""",0.4219315143695607
"""1110_7""",0.9165352464631172
"""6979_1""",0.5057282726788348
"""9082_1""",0.4864048782774574
"""3626_7""",0.7600868685548262
"""4856_4""",0.8768816010415575
"""11510_9""",0.41674255072318844
"""7024_10""",0.7807005987361897
"""1501_9""",0.8059386939587888
"""4185_9""",0.6761504571328395
"""8671_9""",0.8370827562531172
"""2225_10""",0.4840139695697121
"""199_4""",0.77514734521009
"""6027_9""",0.8041619059977667
"""359_4""",0.2968132072128784
"""4065_3""",0.27681332058040153
"""12333_7""",0.38042226340389634
"""1963_10""",0.6896628259151284
"""9106_1""",0.1107206613604749
"""10478_1""",0.2881643646234454
"""10859_9""",0.6281348900645594
"""357_1""",0.2608164305080969
"""6982_10""",0.42223512564366605
"""460_8""",0.738322587170956
"""9266_2""",0.23117058285619027
"""351_10""",0.5709564368442559
"""9562_10""",0.3470794267572784
"""9784_3""",0.1722391231592236
"""5949_7""",0.7348957537426568
"""6489_1""",0.4467308715447096
"""1607_9""",0.7323336070311703
"""4482_10""",0.8453734409538771
"""8816_8""",0.376096006106613
"""2427_1""",0.39292809755708724
"""4838_9""",0.9107708804434048
"""10961_9""",0.6568467494851569
"""6708_10""",0.6404995178899913
"""1045_9""",0.8254959350602769
"""3607_3""",0.3211806791048222
"""4325_9""",0.7998755642149085
"""4779_1""",0.162955070061708
"""4624_9""",0.44758572385643164
"""4564_10""",0.6527831971896417
"""7132_9""",0.27352458015242886
"""506_2""",0.06727096076861871
"""5939_1""",0.37254683998871085
"""3219_10""",0.7222135005856392
"""8620_4""",0.322325534187875
"""2049_1""",0.0878995877509115
"""3367_9""",0.6207482990668182
"""7408_9""",0.6570802274306794
"""8850_2""",0.17004701178631926
"""870_4""",0.7171369514476212
"""8056_8""",0.5545404437455871
"""11367_10""",0.7039293398841654
"""6160_10""",0.7972539661662924
"""6712_8""",0.3137507356090417
"""5267_8""",0.6279933098282777
"""1191_1""",0.32173390363965304
"""1513_3""",0.21412539418833987
"""4741_10""",0.38851299197591055
"""9807_2""",0.35816215008056823
"""6926_10""",0.7681981981025955
"""6382_10""",0.7107127530861969
"""6636_8""",0.7368315042244865
"""6592_10""",0.9318568060527519
"""11308_10""",0.5484961813714926
"""10853_3""",0.3175218258906678
"""1774_7""",0.8604518536966893
"""8259_10""",0.8219420940670714
"""8649_8""",0.6101106217869087
"""10739_2""",0.3796525622402926
"""9843_7""",0.6247448484367085
"""5984_10""",0.9048879981106519
"""8658_1""",0.7921838458938969
"""10386_1""",0.43397836800341283
"""3271_4""",0.6771734496795946
"""6167_1""",0.10054962436180755
"""529_1""",0.19222021110237475
"""5696_2""",0.19199126656577595
"""1601_10""",0.6329041253000033
"""10744_8""",0.7268979604245355
"""6121_9""",0.632163118241892
"""2598_10""",0.6966211771799816
"""9209_10""",0.7846969051921614
"""3831_1""",0.12502768053181573
"""7171_9""",0.7403618497550974
"""1850_10""",0.628809365297232
"""8728_7""",0.7390332134477453
"""7698_7""",0.7920610214889746
"""5954_10""",0.7179004618693245
"""7104_7""",0.29315451475615817
"""5617_2""",0.2563081026486839
"""3896_1""",0.541775281942172
"""4355_1""",0.14645840530130574
"""4212_7""",0.6468028663772485
"""622_1""",0.1876268080528841
"""3368_8""",0.6735844218197863
"""2870_1""",0.2057753727011665
"""12107_9""",0.807706288429324
"""8016_8""",0.6378179877093257
"""8752_4""",0.24597012742544852
"""10653_10""",0.5381220340098045
"""7245_10""",0.8651057064244353
"""9742_9""",0.6510283159599426
"""7637_4""",0.642798110999756
"""11903_10""",0.5618639489717969
"""9818_3""",0.5456704693301531
"""373_2""",0.2869943371314881
"""110_10""",0.7711707692727675
"""2450_10""",0.8128920996951625
"""9009_3""",0.13389319992549506
"""9132_2""",0.5617332075456585
"""11076_1""",0.13665118655627237
"""4285_4""",0.5616395971217419
"""109_8""",0.4905522795860331
"""2585_8""",0.1141989884737315
"""7781_1""",0.2643560633184822
"""1359_10""",0.5547810523434066
"""9773_3""",0.30171059917498133
"""10328_10""",0.692925376707283
"""12063_1""",0.2876965706140169
"""12061_1""",0.06451302953384493
"""555_7""",0.6457897699604875
"""2288_4""",0.25536183828819836
"""1259_10""",0.1145159875301218
"""12098_1""",0.2927245490190461
"""6493_9""",0.8391082458222333
"""324_3""",0.3052354788655391
"""7834_8""",0.31212000160068465
"""8918_7""",0.1665081008655453
"""10736_9""",0.8134999801218177
"""5272_3""",0.26755273569943616
"""4302_1""",0.3439168041915692
"""646_1""",0.32762406720231174
"""10868_9""",0.5227965792221471
"""9654_8""",0.7597789980215173
"""10790_10""",0.6897371372858282
"""10589_3""",0.3380027946161336
"""6364_10""",0.4724093892998537
"""8477_1""",0.14268718166205097
"""6938_2""",0.23703390846291789
"""9420_3""",0.6409028005702972
"""1527_10""",0.4565718142267259
"""5769_1""",0.36211986815219743
"""1655_9""",0.8234370201182221
"""3917_10""",0.6436277741016913
"""8666_4""",0.626290617511631
"""11820_2""",0.5102154994625443
"""11633_8""",0.36584927539016504
"""6136_4""",0.20963424434237066
"""10293_1""",0.18050623265190655
"""1084_1""",0.15893985479082978
"""12287_9""",0.5300986246234413
"""11297_1""",0.18331074662243535
"""6913_1""",0.14932323072799103
"""11371_10""",0.682359024100372
"""9937_4""",0.19121197751712934
"""11341_10""",0.7138287491578624
"""5233_9""",0.6336718043758249
"""4358_10""",0.9100990089237275
"""10735_10""",0.8131146907400626
"""5234_1""",0.43371135269219574
"""7523_1""",0.16433011312338094
"""5758_3""",0.17907207654080753
"""11916_10""",0.8223544619184123
"""10276_8""",0.45432518527321925
"""5950_4""",0.1732794734840976
"""10329_10""",0.5526460718453512
"""8419_1""",0.2017489751956388
"""3343_4""",0.13162612528516082
"""3640_3""",0.4224252510472606
"""10160_7""",0.8291076207619307
"""1181_10""",0.6555353741499319
"""9181_1""",0.5963156165593315
"""5778_7""",0.6326870626108745
"""3659_9""",0.8127531073541688
"""4695_10""",0.737231857839651
"""25_10""",0.8213118138036909
"""6127_2""",0.3105241737267479
"""1343_2""",0.5606178964263239
"""1110_4""",0.3106818618356309
"""12166_10""",0.6002447616543627
"""1853_8""",0.8786597895523256
"""6651_1""",0.3943006526820245
"""4927_1""",0.14274740439483663
"""10933_3""",0.404568525615031
"""6911_9""",0.8197439893610554
"""467_9""",0.40950875047795604
"""2267_4""",0.4681188039075063
"""9005_3""",0.5272129719452494
"""10493_1""",0.20267068025946697
"""8159_7""",0.8308741228374943
"""10039_1""",0.26704652547847263
"""5147_1""",0.5389860417760551
"""12176_10""",0.5679793660508861
"""9299_9""",0.5201525847351668
"""2824_10""",0.5315072705513962
"""7695_1""",0.4974168702413062
"""8870_9""",0.8028645942426453
"""4063_8""",0.3915455016167697
"""396_2""",0.31604430174419224
"""9016_3""",0.3958644813837737
"""10148_10""",0.8487956687913579
"""2028_8""",0.7648353147130588
"""3738_7""",0.8428327856942697
"""11365_1""",0.2855600493016412
"""9987_9""",0.8455455583067958
"""4050_10""",0.7549861497308421
"""8028_9""",0.5664648349872413
"""10161_7""",0.7308223540279216
"""5997_3""",0.5034564675971286
"""7771_1""",0.5770637471599214
"""765_9""",0.7749857135832253
"""6558_1""",0.3084780550387994
"""9148_9""",0.6758842925069165
"""10100_10""",0.5601612496595724
"""11870_3""",0.41528117509884305
"""143_4""",0.44216021362829117
"""5865_10""",0.4779903926590351
"""2364_10""",0.5625180273139105
"""4695_2""",0.20887090249542478
"""3150_10""",0.8161004475779875
"""4181_10""",0.45589802587852574
"""8121_8""",0.6230476059913994
"""3263_10""",0.5811248081616881
"""9178_8""",0.6953357851747924
"""11323_2""",0.5576455230367848
"""8922_10""",0.7077635652120476
"""7884_3""",0.3081874158100865
"""6474_1""",0.3991729891379133
"""9697_8""",0.5562644951024623
"""9184_1""",0.5787731762246864
"""9483_9""",0.770478049663402
"""5353_10""",0.7765532181926872
"""5978_2""",0.3824206362439461
"""7162_4""",0.6239958078262602
"""12175_3""",0.11941090504151555
"""8229_8""",0.6372891441229637
"""8618_2""",0.06530268068728534
"""854_1""",0.11668777701337732
"""1379_10""",0.28426215405289385
"""10833_9""",0.46827808919397595
"""2244_4""",0.3118858955983959
"""8145_3""",0.4666810646470759
"""9069_3""",0.5521246164868607
"""691_7""",0.5780061222656889
"""421_1""",0.7264718672138918
"""951_1""",0.6417352703245491
"""4966_4""",0.32377819784816636
"""9116_10""",0.5183135824035804
"""7903_10""",0.8820244905032161
"""3684_3""",0.39206393304782244
"""9435_1""",0.37016498392464187
"""4998_1""",0.07550179123616249
"""9698_1""",0.24743491272079635
"""209_10""",0.741003204722611
"""10314_9""",0.7119578755611239
"""6677_8""",0.46582791515358957
"""3044_7""",0.6179495633107697
"""1322_1""",0.1493563166762573
"""3185_1""",0.11336036272674654
"""6619_1""",0.24446965451798466
"""3765_7""",0.3171427198297293
"""3348_9""",0.38721015681171506
"""11833_4""",0.7027991393829202
"""2250_1""",0.17967499244492754
"""7760_10""",0.5519665676732557
"""8619_8""",0.6216076952981988
"""5790_9""",0.43659456623401105
"""9197_1""",0.412960964691176
"""4350_2""",0.2928774617941391
"""11545_10""",0.798392424514833
"""12448_10""",0.5976269521482555
"""7160_2""",0.3796317226782199
"""5966_4""",0.21643994885480722
"""5284_10""",0.6445883649356925
"""5276_8""",0.3444590203417082
"""7498_1""",0.5719987004817417
"""10729_9""",0.8402306836450493
"""1827_3""",0.11996076311036061
"""3111_1""",0.13378724186579924
"""8298_8""",0.2578327599779224
"""12447_7""",0.5853787684674114
"""8035_3""",0.40677278273263673
"""1203_7""",0.806082543783191
"""7620_1""",0.4312734603513844
"""2375_4""",0.369863463810769
"""4026_2""",0.16865953905191808
"""1925_1""",0.17251219812069454
"""3658_1""",0.1264686772418121
"""114_10""",0.6359585300334295
"""3386_2""",0.5375041593868203
"""377_9""",0.6204429440263106
"""8855_10""",0.40289302764057994
"""10476_10""",0.9210708539560176
"""9073_4""",0.30393985331932233
"""3255_2""",0.2170427840310299
"""2918_9""",0.7409561844397081
"""5221_7""",0.672274702582315
"""7546_1""",0.12453672998060257
"""8080_7""",0.6344783854617985
"""7434_10""",0.627271675114474
"""1772_1""",0.23240569526556087
"""2690_9""",0.7995117379651959
"""7133_9""",0.5705653664389234
"""9947_9""",0.375251024265419
"""11865_1""",0.3419538457579428
"""6346_10""",0.8162371492515004
"""2945_3""",0.4512109289353169
"""3625_8""",0.4555830422820039
"""694_4""",0.567118459232454
"""6795_10""",0.6099997595697854
"""9353_4""",0.7130734674925548
"""12345_10""",0.4659260645286995
"""5316_2""",0.24488809789587912
"""12204_2""",0.2839063461025177
"""2186_10""",0.7253636362085397
"""5568_1""",0.17902767707056128
"""11080_1""",0.1732647668947468
"""228_1""",0.3679966113233094
"""7795_1""",0.5124574906310047
"""4886_3""",0.55884864405625
"""11547_9""",0.7150788569375323
"""7494_2""",0.5229606437885996
"""5466_2""",0.17534803255217177
"""3655_8""",0.9225656806812047
"""4790_1""",0.2315920249808469
"""12370_10""",0.837611639411374
"""546_3""",0.788780995427233
"""11818_8""",0.8011871562577001
"""9426_7""",0.6575684440126882
"""1524_3""",0.49983108798293197
"""6486_3""",0.06412477910005526
"""5288_3""",0.23629915818686423
"""6797_3""",0.3089542752790905
"""8130_4""",0.6430276307069149
"""4064_1""",0.16466198248436123
"""4832_1""",0.07047445007793289
"""7232_1""",0.3922025193041458
"""7279_3""",0.23624560068619566
"""8356_3""",0.6805754733861243
"""3556_4""",0.6443060469497359
"""4097_7""",0.7643599360162647
"""7801_1""",0.5923888872689901
"""8393_1""",0.4398093499626303
"""5847_7""",0.46659279648967483
"""4470_4""",0.21819908801608723
"""6922_3""",0.11554359743803638
"""1094_7""",0.4361933709808675
"""10740_10""",0.840923334958904
"""4933_8""",0.7251099372194253
"""7794_10""",0.7979522460583642
"""7218_1""",0.36656833766440244
"""12470_7""",0.7593933486305362
"""2980_7""",0.8896165841571037
"""10896_4""",0.4789157560051835
"""8652_8""",0.5503001787389005
"""3638_4""",0.4739230629400136
"""9497_3""",0.504604529333058
"""9266_8""",0.7983857453555879
"""7392_9""",0.5085051002503898
"""10_7""",0.540793314457343
"""2466_7""",0.6584586437741945
"""1612_2""",0.3833907094228783
"""10262_7""",0.5801017531065189
"""2193_4""",0.5668357263646954
"""179_10""",0.8437847537028553
"""6025_4""",0.7509050350670634
"""7633_7""",0.5594711314581569
"""9716_1""",0.06946274846563583
"""9487_10""",0.47772132957926766
"""9800_9""",0.689956918616806
"""6424_8""",0.4891891683218602
"""835_4""",0.5462819530885256
"""11351_4""",0.5401300964903144
"""5508_2""",0.2550618897717499
"""12395_1""",0.1651220409844352
"""11986_7""",0.577074196501295
"""9947_3""",0.5662323367138167
"""11529_8""",0.7493353393022443
"""93_1""",0.15546835274967113
"""9914_8""",0.615660883628842
"""7953_9""",0.6729826732827601
"""9418_2""",0.17104419850966113
"""9089_8""",0.4667461227472786
"""10337_10""",0.9155456717258924
"""4440_1""",0.339728395698247
"""890_1""",0.1368661449918165
"""6965_3""",0.17129119398009632
"""6540_7""",0.7830574142240926
"""7693_10""",0.841571172280448
"""6470_2""",0.42712743875468173
"""9262_3""",0.5554280430606957
"""1901_10""",0.4378758923138205
"""5107_10""",0.8890835453888322
"""6013_3""",0.5132224694837745
"""9295_3""",0.505538749346463
"""3450_9""",0.8615280623432188
"""820_9""",0.36609177462874876
"""3207_10""",0.7367839864440312
"""2620_9""",0.5515139156341041
"""9175_1""",0.3227862161239778
"""3058_3""",0.1483428513349189
"""4648_2""",0.2620542330243069
"""2012_9""",0.5230725323564811
"""8131_1""",0.08936616075678425
"""4808_4""",0.07456807701743261
"""9182_7""",0.8789226132381712
"""6829_3""",0.13725805495388552
"""10736_3""",0.41341050402775387
"""12347_10""",0.5964792899324144
"""9973_9""",0.8351021579622562
"""5320_4""",0.7115546483552808
"""4462_2""",0.31138257122257523
"""2573_10""",0.48029703150076963
"""5580_1""",0.05732610403996098
"""11771_1""",0.18708011505254293
"""10782_2""",0.5083922221588754
"""7719_3""",0.25872366515356543
"""1897_10""",0.5506950909999021
"""8797_8""",0.6695895833691479
"""5464_10""",0.8236542197307689
"""6480_1""",0.23782136026831893
"""10346_4""",0.23045716480452139
"""9386_7""",0.5202701125165002
"""1027_4""",0.40139369751706716
"""11905_10""",0.5430681284883613
"""7804_10""",0.7162217083079895
"""1491_1""",0.4877657024516461
"""6521_1""",0.0673762094656036
"""11835_1""",0.08366629016471169
"""9661_3""",0.3487599571511216
"""9476_7""",0.38140057121878845
"""1398_8""",0.5806045903466568
"""7373_2""",0.12886865960310165
"""10278_7""",0.712110949608331
"""1422_4""",0.39882386587772983
"""2823_1""",0.5200039090746404
"""2691_3""",0.4951071077143021
"""5825_4""",0.3365695579582622
"""4113_1""",0.31001849530409925
"""10081_10""",0.45641856811038045
"""6700_1""",0.4288706456429538
"""4482_3""",0.19227678665960707
"""652_8""",0.7096633973401485
"""5364_3""",0.4079755343240823
"""2853_7""",0.8418061665550957
"""4328_10""",0.6651976202114973
"""2636_7""",0.5518385691592225
"""10850_10""",0.7076976536438063
"""12059_1""",0.3806019360524698
"""4135_8""",0.7964289271688167
"""6311_2""",0.5967170103945544
"""12379_3""",0.12382453733524777
"""7288_4""",0.2646008643872672
"""1463_9""",0.6760312445247293
"""2112_7""",0.7381261426868471
"""3942_8""",0.7701732096662995
"""7693_1""",0.4157345228168303
"""2451_10""",0.80095929223895
"""11441_10""",0.8074523120503333
"""11331_8""",0.6681612471940055
"""7233_2""",0.17545896522155563
"""649_2""",0.35223866521780883
"""6388_10""",0.5226062520458574
"""3861_10""",0.5125054299482961
"""4188_10""",0.6793608425718078
"""10556_10""",0.7573659570175283
"""5855_4""",0.4847467930934913
"""7153_2""",0.2039424456505311
"""9710_2""",0.5288554175971192
"""7607_10""",0.8213745808010107
"""4534_7""",0.473601269159311
"""11074_1""",0.1158139914345852
"""9650_7""",0.5708290421090504
"""10921_4""",0.5956477587941866
"""6121_1""",0.441566864523611
"""10458_1""",0.1847602856855249
"""9602_1""",0.05201986751070131
"""9693_3""",0.6902487158504736
"""9188_3""",0.7250221978625501
"""6333_9""",0.6535971584940852
"""8905_10""",0.8128217249198751
"""1335_7""",0.5214070234892939
"""11513_10""",0.566683241176148
"""6925_10""",0.6526311443028433
"""10928_10""",0.6928079731710822
"""12454_1""",0.5752440295748518
"""6286_10""",0.4570715449814891
"""5163_10""",0.755674254188118
"""10200_7""",0.6739182477681545
"""3501_10""",0.6868845706246935
"""6574_3""",0.493217993724505
"""5169_1""",0.5682506164824113
"""2640_8""",0.7071957380552257
"""7117_10""",0.5664348268306264
"""3569_3""",0.5353167174222129
"""9810_10""",0.3385172408370213
"""2080_2""",0.7050237501365909
"""3437_2""",0.15866040818292274
"""7503_8""",0.8350888591342795
"""3753_3""",0.14647766558788988
"""10868_1""",0.23810246420057066
"""12385_10""",0.40481011429434505
"""11870_8""",0.723809418833933
"""6694_9""",0.5901156678775209
"""11824_10""",0.8713203110570479
"""1750_4""",0.44737360816101585
"""572_10""",0.7645871171170487
"""970_4""",0.2982081688751884
"""12211_10""",0.2652227975778923
"""6972_7""",0.746267256566336
"""1554_1""",0.6968993688675645
"""8868_7""",0.5320483150923203
"""501_1""",0.35837929562273657
"""2023_1""",0.11311623628972305
"""4272_3""",0.45064184866294155
"""2536_10""",0.660706748811776
"""2819_7""",0.23676021646390166
"""1810_1""",0.3026459017956086
"""11364_3""",0.31861055276980677
"""6086_1""",0.08691719361347726
"""1901_3""",0.14901634594623375
"""2847_3""",0.4839950107778081
"""6224_1""",0.2796795279782196
"""4305_1""",0.11114837454868264
"""3685_3""",0.16493005274620928
"""6292_2""",0.6935740611056121
"""10626_8""",0.6702821163662769
"""10721_4""",0.6861125422600596
"""8086_9""",0.7266672060420712
"""7886_8""",0.8349108712530345
"""6601_2""",0.5604007845993645
"""3806_8""",0.35801116749056644
"""2611_1""",0.3845168894775866
"""1696_10""",0.3950382977426903
"""3823_10""",0.5076353361840424
"""6917_4""",0.17503672188756247
"""9469_4""",0.6032770507027087
"""9498_9""",0.6094843151753306
"""11046_1""",0.198615592031578
"""6519_9""",0.7298672115353176
"""10676_8""",0.6435102427478938
"""3139_9""",0.7639889708310664
"""1098_9""",0.864495462317347
"""2588_8""",0.40800548732988307
"""9924_1""",0.2572424660952847
"""2131_3""",0.36371279746049867
"""236_3""",0.6050150453885607
"""5390_2""",0.3322562686477682
"""11292_10""",0.5158605912811045
"""4149_8""",0.6480698434894936
"""610_1""",0.391777040744202
"""10184_1""",0.14134382148660696
"""9123_3""",0.2841121139202907
"""3220_3""",0.5217815758332686
"""9124_2""",0.3863337686887002
"""9103_1""",0.36834399993817324
"""2896_10""",0.7079357933212722
"""8478_1""",0.06700017997999602
"""11845_2""",0.45012266305587867
"""3646_1""",0.4363185606820026
"""12254_7""",0.6571561527147619
"""857_7""",0.7021799385421188
"""592_3""",0.5460873611030784
"""1276_9""",0.6488168602685591
"""5096_10""",0.881569614364306
"""10725_1""",0.4509806945608754
"""8426_4""",0.32964316920128617
"""10244_2""",0.15687442532204496
"""4786_9""",0.6518009611791186
"""8358_7""",0.4933794872074604
"""5266_7""",0.8088278241968938
"""3581_10""",0.6355318935947638
"""12349_1""",0.3944515072515747
"""3429_4""",0.6250333912443846
"""9807_9""",0.5389483126677043
"""6631_2""",0.10540478139250208
"""4981_1""",0.07958488874188371
"""273_1""",0.29501245576807866
"""733_7""",0.2760428782693938
"""4982_3""",0.21676636964201135
"""2347_10""",0.5189109694541203
"""6263_10""",0.6642750700209318
"""3699_9""",0.5555420788046938
"""2270_8""",0.8958669819191072
"""8095_10""",0.7619306652705161
"""3347_8""",0.7876682406685157
"""4161_4""",0.8234964530319498
"""3331_3""",0.08422876537916338
"""6845_3""",0.28214742633695966
"""9272_4""",0.41992830772536727
"""997_7""",0.7923541510614781
"""1798_10""",0.7725885877827632
"""4262_10""",0.392406682839596
"""4868_7""",0.5470276502798878
"""7487_1""",0.3079639643024684
"""8262_10""",0.7576212326129389
"""12397_1""",0.09680012597351859
"""4786_4""",0.4136587884665151
"""3240_9""",0.6835456005695062
"""10992_10""",0.9027415107899176
"""8209_1""",0.38718392369660876
"""6089_10""",0.805209848582237
"""9735_7""",0.5728786620212827
"""2554_4""",0.2475498045341303
"""8995_10""",0.5916629101610252
"""5732_4""",0.24215840631819124
"""1088_8""",0.6838725753157818
"""12345_4""",0.33819079801571156
"""9364_4""",0.5422264184023995
"""12348_1""",0.5279818802220093
"""3311_2""",0.20566732713186764
"""6707_4""",0.38877527077894514
"""7048_7""",0.4003062232717249
"""9736_4""",0.6250955582157544
"""2975_10""",0.7206209411252318
"""982_4""",0.6842862934038972
"""3227_4""",0.3989940499211862
"""5185_1""",0.05980737419237293
"""2131_8""",0.7425486103642649
"""6941_8""",0.680029483407707
"""11936_8""",0.3654323930619527
"""2383_8""",0.33072790949035835
"""3057_9""",0.8947842051180082
"""8058_1""",0.09668234102380062
"""4622_8""",0.43757956378998963
"""2208_10""",0.6651609211872994
"""12144_8""",0.8050963660412432
"""2737_10""",0.8075210648631743
"""3550_3""",0.5660563804598313
"""2789_8""",0.9302138173558067
"""11757_9""",0.9506887949932391
"""10676_4""",0.26017036557064765
"""2855_2""",0.06717972489461375
"""2740_3""",0.15028419282416006
"""8609_7""",0.6556584803396326
"""2147_4""",0.6812786397659437
"""8093_2""",0.15514242413203183
"""10335_1""",0.444167873054391
"""1098_4""",0.4449647597318785
"""6255_10""",0.4749198573184181
"""7276_1""",0.19419476824975718
"""11301_10""",0.6848745040812565
"""1334_3""",0.6037435777441099
"""8983_9""",0.783861875133507
"""1694_1""",0.503392959224636
"""9658_1""",0.15729316607069388
"""8438_8""",0.3117291511388155
"""536_3""",0.1150403539682408
"""7074_10""",0.8638280661122139
"""1992_2""",0.5013181384490482
"""5040_8""",0.6696516907447853
"""753_2""",0.5833614250465698
"""7967_4""",0.549606731668741
"""3763_2""",0.3369939557412833
"""3953_2""",0.2781807646019874
"""3351_4""",0.4519254318185273
"""1704_8""",0.8029850812783691
"""6817_10""",0.7913994285778597
"""11914_4""",0.38651388054183095
"""12071_10""",0.7313503503189976
"""6969_4""",0.4168549814675343
"""11992_1""",0.3096189099266798
"""11532_4""",0.23790203074696795
"""5253_9""",0.6652085267442258
"""5596_9""",0.7507858211697725
"""6560_1""",0.29200358390879255
"""8082_1""",0.2087085843764396
"""864_2""",0.27944748731290286
"""5929_8""",0.533252217229319
"""10217_4""",0.2591271835011366
"""11277_4""",0.686320371689717
"""10701_10""",0.48386737695426335
"""1245_8""",0.6593225115957612
"""10024_9""",0.4750718624455381
"""3344_1""",0.45162768841742024
"""12006_10""",0.6484106853129501
"""1031_1""",0.1952590874548802
"""665_10""",0.26131333419873615
"""10460_1""",0.2305973341052492
"""7038_9""",0.6043496526915285
"""7843_8""",0.581162868076792
"""5095_9""",0.8390095710902159
"""11426_3""",0.24310426307267197
"""265_9""",0.4768249272977225
"""7163_4""",0.3199934831858143
"""77_2""",0.11691550299425443
"""4709_10""",0.7707148411836151
"""11151_9""",0.5730931491312821
"""2269_1""",0.511315513334412
"""820_1""",0.12173230949204847
"""1451_7""",0.6412557553508418
"""281_1""",0.14025507626394196
"""6598_1""",0.22611237415215124
"""4341_1""",0.21944537958965324
"""9560_3""",0.4787576898822874
"""4698_1""",0.3819346035047068
"""7408_3""",0.14440002043360525
"""11729_4""",0.15004651074888745
"""11489_3""",0.4636131688327677
"""9711_1""",0.22172718245760678
"""9994_10""",0.7628397771139916
"""586_8""",0.6535199955895489
"""8047_10""",0.6718448061365483
"""4531_7""",0.6574922403701574
"""1293_1""",0.08436116251050692
"""7581_3""",0.15735918063122953
"""5129_4""",0.6133487377320365
"""1748_1""",0.09690175367892173
"""8155_1""",0.11172540251036615
"""8827_7""",0.20064789409323325
"""6616_8""",0.624159900861215
"""1040_9""",0.737071780183056
"""10942_1""",0.5755479703229103
"""5306_1""",0.15017188581043273
"""8168_1""",0.4205939297986903
"""291_9""",0.7698297140947684
"""383_9""",0.8000209978062517
"""11908_9""",0.6227663929173293
"""7898_10""",0.3837940639951438
"""4043_2""",0.09166761470696186
"""3376_8""",0.39200952653845816
"""3067_7""",0.6928315340330414
"""11496_8""",0.7193697054672137
"""9885_2""",0.23617636615200024
"""3554_10""",0.7318307891313096
"""2986_3""",0.5134948390191633
"""1332_7""",0.350185929282614
"""5585_8""",0.7980647911663664
"""5981_3""",0.17017365617236194
"""1556_1""",0.07850073833528733
"""8523_10""",0.6593855434727439
"""11792_1""",0.050582521281548616
"""7610_10""",0.5733489300909587
"""12114_9""",0.5785675625811295
"""8589_1""",0.2250761293453342
"""3898_8""",0.8253443608951373
"""5101_10""",0.8494550695646765
"""9607_1""",0.5136381388682779
"""6673_8""",0.7342543504555837
"""7662_1""",0.36328566840127374
"""2241_1""",0.2668004870563646
"""6674_2""",0.16643722058152186
"""7797_1""",0.6326849207745554
"""6400_2""",0.4777049363354118
"""628_8""",0.257731292043877
"""4898_4""",0.7929296509792397
"""11592_2""",0.24827205537783667
"""1311_2""",0.20955434554260852
"""5494_3""",0.7056174415557497
"""7067_10""",0.675507618199866
"""11267_10""",0.8076554290286961
"""6797_10""",0.8014487586266127
"""9987_1""",0.08697513321481205
"""9740_3""",0.3912683273379085
"""6743_1""",0.26676233941707345
"""5302_1""",0.12776484678418626
"""8464_8""",0.5910550676361499
"""7846_4""",0.6047269976471972
"""5990_1""",0.14941881133490542
"""10889_2""",0.12306710394047107
"""11406_8""",0.49286866319088857
"""9093_4""",0.2939655094777859
"""8501_1""",0.32772149645369447
"""8431_4""",0.44547390411543525
"""8076_1""",0.2662363903584604
"""6831_8""",0.7093480902325724
"""984_8""",0.8276028311801439
"""369_1""",0.19982901308663453
"""9668_10""",0.7894246769043238
"""2972_10""",0.7486636281597394
"""5611_1""",0.23784205427949892
"""659_1""",0.12375730591429564
"""6360_7""",0.5585087369774151
"""7628_7""",0.27503519541678534
"""5311_9""",0.5020513111180319
"""2005_10""",0.7316056394560303
"""5396_1""",0.5198111343456706
"""1308_3""",0.09974030631981941
"""4737_3""",0.2159797158808307
"""8042_1""",0.19810780670524164
"""11585_3""",0.18182268678387078
"""1182_2""",0.3313535331399527
"""2581_9""",0.8380944807740979
"""10496_1""",0.15650610745308438
"""3561_7""",0.7112640129298644
"""8272_1""",0.36559201603706293
"""6571_4""",0.5982407056328555
"""3125_7""",0.8897566823906499
"""9120_3""",0.1801927181366322
"""12220_1""",0.3318867851022368
"""5783_3""",0.48337274750818116
"""105_8""",0.792232997447561
"""11885_9""",0.4868706184873018
"""11317_1""",0.36845635264495713
"""7999_7""",0.504523713041282
"""5800_7""",0.6522433823830154
"""2811_8""",0.44355541245927455
"""7381_9""",0.5992451607462665
"""9828_7""",0.6449504432039
"""7849_4""",0.8414555749205654
"""8174_4""",0.5573393868968874
"""9320_1""",0.10214526958141787
"""5747_7""",0.43757123607753895
"""11097_3""",0.04620419895685656
"""6472_2""",0.3287583411973293
"""1200_10""",0.54699755017746
"""10125_4""",0.37615612843926255
"""5422_10""",0.6507045449987996
"""9889_9""",0.8806028008651211
"""7370_2""",0.49880945627793644
"""696_4""",0.34714683533597035
"""8609_4""",0.20186213465693342
"""11850_7""",0.6113467708746492
"""889_7""",0.5038225770626358
"""8695_2""",0.21150697542161198
"""4944_1""",0.18891847192629693
"""6899_8""",0.7300518070746829
"""3388_10""",0.6918779988755667
"""1051_1""",0.2129002814605181
"""431_2""",0.1020977574463024
"""2353_1""",0.7613456775427013
"""5131_3""",0.18766631864740893
"""482_9""",0.8195689611471145
"""1283_10""",0.7844446488212058
"""10884_1""",0.15411510718277463
"""221_9""",0.5387014792232714
"""8688_3""",0.2247398192323346
"""9891_10""",0.7170115717038387
"""705_10""",0.8267969133474464
"""5604_1""",0.16247670972647563
"""4960_3""",0.30591901599768867
"""12439_1""",0.20276473110532467
"""8897_1""",0.16439309172245228
"""3549_8""",0.7053763835564232
"""7301_7""",0.7011563283384831
"""8183_3""",0.37774003406433876
"""7751_10""",0.7287561179997469
"""9084_9""",0.6731132363198791
"""3048_1""",0.05610489787692097
"""8443_1""",0.10512310975979337
"""3373_3""",0.2021320860946018
"""3867_4""",0.5545508260759155
"""604_3""",0.07852085389364749
"""2162_1""",0.13437611926865006
"""4367_9""",0.7677132011178187
"""10255_10""",0.858218099067998
"""1909_9""",0.4024905680068982
"""1446_3""",0.10922505910292367
"""1247_1""",0.46539124409787674
"""2703_1""",0.2061502270878861
"""921_1""",0.3766657469033368
"""156_9""",0.6505324404998326
"""7516_4""",0.453653948576424
"""6155_4""",0.32934216183492837
"""8991_3""",0.5996635573432524
"""3813_3""",0.23796878076712055
"""551_4""",0.2321796680067486
"""12326_1""",0.16266681969962182
"""5102_3""",0.8116134032675079
"""10901_3""",0.08760418914950899
"""1517_1""",0.12453672998060257
"""8762_10""",0.6262572474974184
"""1282_10""",0.7388674671251961
"""2531_9""",0.6229674132996018
"""7764_8""",0.7760287225629756
"""2906_8""",0.8042931607390106
"""6730_7""",0.4335117573415587
"""7749_9""",0.5827597786029799
"""7765_3""",0.524363324278747
"""12412_7""",0.6039184041823551
"""582_4""",0.43735950283747693
"""5792_1""",0.5266377046258401
"""2174_7""",0.523815093006422
"""7605_10""",0.7826367562885852
"""2721_1""",0.3381780726715183
"""2151_10""",0.840763821115321
"""8152_1""",0.111430201031274
"""6488_7""",0.8403283227862262
"""9446_8""",0.3947275349277326
"""10617_8""",0.7033444806073303
"""12455_2""",0.44015331481184705
"""7377_10""",0.6262894889033992
"""11891_2""",0.33787676117601995
"""4319_4""",0.0990895166860027
"""1050_9""",0.6820994225648371
"""9109_2""",0.062163869996512855
"""10500_1""",0.08442919223214208
"""11749_7""",0.897425404896181
"""12250_2""",0.4711535981467641
"""1193_2""",0.7256869874157911
"""8313_8""",0.703591167305336
"""8918_4""",0.07468863318149087
"""7122_10""",0.7207050886072858
"""6210_8""",0.774419533419366
"""10050_8""",0.8841328719433222
"""4921_10""",0.7910004620848389
"""1857_7""",0.7840996332313572
"""9718_10""",0.918799565874574
"""2482_1""",0.09389620872546173
"""2624_1""",0.20941923184362315
"""3284_2""",0.21054367247033365
"""11435_3""",0.688606229896796
"""10971_7""",0.640305524370406
"""2606_4""",0.4402220475683537
"""7540_9""",0.8834174022398965
"""10929_4""",0.7204497841598929
"""8566_8""",0.345333527281824
"""4693_1""",0.16845323134396525
"""1281_2""",0.6927823129641234
"""267_1""",0.04443515505060238
"""2133_10""",0.8806368190393756
"""6762_8""",0.5806982561469637
"""1043_9""",0.8016611098570366
"""2812_4""",0.09773445991462607
"""6981_4""",0.10845788179306284
"""4038_9""",0.7235206274820923
"""4256_10""",0.6836854565575367
"""8206_1""",0.1700624508854116
"""2060_2""",0.3527700185620031
"""7372_1""",0.6756373816102199
"""732_3""",0.19738901841672526
"""5367_7""",0.6190987419768412
"""9765_10""",0.8872096004174775
"""8843_4""",0.44621537444190446
"""9723_10""",0.7752985706812481
"""11966_8""",0.6587576735027676
"""5087_8""",0.8055115266088337
"""9379_9""",0.6251311865594847
"""9615_2""",0.2647620629011703
"""991_7""",0.8187756257170784
"""4461_4""",0.2180897029602029
"""5857_1""",0.38255847041981644
"""2358_3""",0.4090796035326155
"""5247_10""",0.5706078822339677
"""12430_8""",0.31084177176294553
"""5943_4""",0.3957073301407633
"""11917_10""",0.39629245158960075
"""4144_4""",0.1434608192567085
"""3128_7""",0.8129571239932544
"""5152_10""",0.5109065344245277
"""8028_1""",0.1862977238426844
"""788_1""",0.05986821416705679
"""9552_2""",0.3250139751603799
"""12051_4""",0.32211601540404317
"""701_4""",0.6859922004552235
"""5738_7""",0.367836287927489
"""5953_1""",0.09018174898829821
"""3694_10""",0.6828299667037498
"""12371_10""",0.787653448779995
"""650_10""",0.7641024872901192
"""3772_8""",0.4603676219773948
"""3919_9""",0.3944939799172122
"""12420_10""",0.2142744605934084
"""6164_1""",0.1768455420214931
"""12202_10""",0.6259491263989091
"""4142_3""",0.3044814811846574
"""285_4""",0.4106158172647504
"""9190_4""",0.3181613051645099
"""9297_10""",0.6597945030432717
"""2857_1""",0.14721155666428984
"""5576_10""",0.6075949018231773
"""7603_1""",0.04219493533122864
"""1987_10""",0.7183936575529439
"""6978_1""",0.08748624008904084
"""2390_3""",0.42947986300318114
"""662_4""",0.09364390696386357
"""7957_1""",0.49918226919795883
"""3009_2""",0.530698014517381
"""9574_1""",0.05909387144323687
"""703_2""",0.3624433294130725
"""11871_4""",0.14186055458389482
"""8056_2""",0.4629162066824179
"""11468_2""",0.3306411847414189
"""7549_10""",0.4093869065593252
"""4506_1""",0.11290548901936882
"""160_1""",0.3151635355926044
"""2400_1""",0.49715120042876365
"""146_8""",0.5326845923869935
"""1174_7""",0.8263291028818578
"""1623_2""",0.21644649477753197
"""2909_1""",0.15419184795602756
"""9284_3""",0.3407412763204156
"""753_7""",0.475733721044465
"""456_1""",0.2953786623932379
"""329_1""",0.29214906514844846
"""1996_10""",0.38284561059200256
"""7468_10""",0.6947700308557916
"""11219_3""",0.41171690927734317
"""5749_8""",0.3673495467467168
"""1563_2""",0.40602764960971477
"""9713_8""",0.2899925849980326
"""12467_2""",0.49153865086408877
"""5686_2""",0.12284544405642656
"""6424_2""",0.4145438419346678
"""11137_10""",0.631978206092561
"""5613_7""",0.6778128325193307
"""2113_2""",0.26353175461311407
"""8623_8""",0.6514877178052056
"""2086_10""",0.9158936671804797
"""6846_8""",0.3131254199507644
"""3230_2""",0.2227089759651473
"""4973_4""",0.4694687524158514
"""2935_2""",0.32195049137103576
"""12176_1""",0.3097840034216498
"""6272_9""",0.43952961271852586
"""728_10""",0.5816910502330864
"""9843_2""",0.3933169536896881
"""4897_2""",0.3780516687626009
"""12121_3""",0.4965849085688472
"""11934_4""",0.4477047704097996
"""1453_2""",0.07941450710900816
"""9676_9""",0.6813139409285468
"""3072_10""",0.7906861065157245
"""6667_2""",0.6717731049294444
"""8932_9""",0.8708324961555117
"""9452_10""",0.4614577158928783
"""953_2""",0.5780190278033879
"""3268_3""",0.5645351688979992
"""6276_1""",0.1815456755540126
"""2522_3""",0.35776762641408444
"""2630_10""",0.8653390695473726
"""2031_10""",0.7203980116198595
"""3754_10""",0.6989247671729931
"""10791_1""",0.2448967226568288
"""7755_3""",0.4175054267093926
"""11180_10""",0.6134922851241909
"""8020_9""",0.43062098747290856
"""3767_4""",0.6098943183967619
"""3519_10""",0.4311489728824297
"""8180_9""",0.7621148818943587
"""11639_4""",0.33384629114561265
"""7540_2""",0.5950571461857427
"""4746_1""",0.08136922061493232
"""4027_1""",0.04708583975662732
"""952_1""",0.41228665560936956
"""4070_1""",0.06768855722614171
"""8346_1""",0.32561736840597555
"""1499_9""",0.679968815089685
"""1601_4""",0.46745977641310565
"""1698_1""",0.5956581190240681
"""3055_3""",0.2785710288211108
"""7744_1""",0.3373744944726682
"""3183_8""",0.8446535617237098
"""9482_1""",0.3020014344477151
"""3712_4""",0.12689898784958048
"""9260_4""",0.5852884900406168
"""10042_1""",0.1577901792688182
"""3873_3""",0.25512976706332946
"""11273_10""",0.4907057998280233
"""2918_1""",0.8011221341826921
"""1292_3""",0.10756485395861694
"""1837_2""",0.17858509972465136
"""4650_4""",0.06485980561641941
"""8686_4""",0.4779027777512414
"""11307_8""",0.6691198355143853
"""10044_2""",0.1682954697354504
"""12035_1""",0.19376715327895053
"""2259_9""",0.7851800857900514
"""6582_1""",0.5980368451877541
"""10194_1""",0.12732206692197173
"""7932_10""",0.5462589821577635
"""8064_8""",0.7220907288054811
"""5017_4""",0.7664830921982575
"""6456_9""",0.8268931861284754
"""10768_8""",0.7128135949940487
"""9479_10""",0.7069418386923668
"""9734_4""",0.41689625287690746
"""2245_1""",0.3409865297876125
"""7275_3""",0.6037022656440579
"""1193_10""",0.7614888171451074
"""3883_4""",0.5202355282424489
"""5456_3""",0.692639286610534
"""10014_2""",0.1426493292539278
"""8045_9""",0.6763635947525916
"""9093_7""",0.3792297768287747
"""9971_1""",0.4476324528235407
"""1052_3""",0.49551763380338604
"""10952_1""",0.09062054616230011
"""3449_7""",0.32681733958669384
"""2488_1""",0.47213436056750063
"""8422_3""",0.33710366613060555
"""1541_10""",0.8031427501606018
"""11863_1""",0.36601476346399714
"""10102_2""",0.6018715177865456
"""3838_9""",0.753238876415122
"""8538_3""",0.4355081147604006
"""12432_1""",0.0680988402484511
"""6339_10""",0.703867787804514
"""1860_10""",0.7808811252547472
"""11402_1""",0.42840157298096565
"""10770_2""",0.5385327106172274
"""8046_8""",0.6597034345703482
"""2748_3""",0.7605122075117561
"""361_9""",0.4726894378095142
"""8427_10""",0.42005161589728907
"""11792_10""",0.7164863706591312
"""10331_9""",0.701689095835571
"""3506_1""",0.06866999370498764
"""7374_7""",0.7605550098468886
"""5658_9""",0.5150251978928579
"""7170_2""",0.30095249598822027
"""6144_1""",0.21147868729469352
"""5035_7""",0.815588757237982
"""4566_3""",0.4040814490802772
"""9544_1""",0.1914888495843747
"""1959_9""",0.6829733427155495
"""2390_9""",0.8289492395374711
"""4960_9""",0.6811212423645984
"""3425_2""",0.36103754472008526
"""4000_10""",0.9125655850781006
"""12418_3""",0.5485534902318832
"""9771_10""",0.7595327352125355
"""621_7""",0.4094880236668066
"""3510_1""",0.09711776448601511
"""6893_7""",0.33296420490153755
"""3680_9""",0.8367396167149096
"""3118_9""",0.8844418657087887
"""5433_7""",0.71953391407916
"""8381_9""",0.3375261254480679
"""10205_10""",0.7603294602522783
"""1437_1""",0.22677473183053415
"""5675_2""",0.34810280110964037
"""1597_7""",0.542922821630915
"""1549_1""",0.31990813203925017
"""11391_10""",0.6747196544246624
"""12101_8""",0.8689466794566931
"""9356_8""",0.8400078074768641
"""10128_1""",0.1932013312976348
"""11249_4""",0.3108705897660557
"""12441_2""",0.06276518124517656
"""7486_2""",0.27156056108987725
"""4905_9""",0.7361176110671935
"""5441_1""",0.5161805670925265
"""2613_10""",0.42517180787508413
"""10351_3""",0.17862874869313766
"""10459_10""",0.8384542683398134
"""2565_8""",0.8074988004200806
"""1338_1""",0.1905298477493874
"""823_7""",0.4342357325939075
"""8924_7""",0.7419460183381652
"""1382_10""",0.11783238056952333
"""4150_7""",0.44357551164428616
"""6004_8""",0.6838659566642555
"""2508_10""",0.8750974260405188
"""10935_8""",0.843869643263651
"""692_7""",0.5804326258228124
"""7778_10""",0.8069333652832112
"""2016_10""",0.6953113034469438
"""1042_3""",0.28159990379342276
"""7823_1""",0.2682726650090859
"""149_1""",0.30701964831562056
"""5551_3""",0.24522231793536606
"""366_8""",0.7914539885786018
"""3483_10""",0.7938390371358944
"""278_1""",0.11935219931475462
"""9951_4""",0.11909835551626617
"""2731_10""",0.7920361519253436
"""4403_10""",0.6074751826012357
"""5307_1""",0.08546228098338698
"""8185_9""",0.8654453051215328
"""11059_8""",0.6356722743616054
"""10273_10""",0.7343644412980295
"""5336_4""",0.3738860262807262
"""5147_7""",0.4303612983206368
"""1525_1""",0.18856893351571158
"""8507_7""",0.3585662287733127
"""8501_10""",0.6831326524344774
"""2424_2""",0.4895376527560095
"""8959_9""",0.8873286581780435
"""11318_8""",0.7172428759893225
"""1270_8""",0.647182520238265
"""1655_1""",0.27031755228009025
"""10161_1""",0.17168581239050573
"""8531_10""",0.165992730465396
"""9144_4""",0.5827553926602589
"""1201_2""",0.1338721029464174
"""11822_10""",0.8231382725543829
"""11486_3""",0.20918564160307426
"""8038_10""",0.7511590796134623
"""1981_2""",0.275946762683483
"""11901_10""",0.5309533745779469
"""5441_9""",0.6024659878670522
"""11709_9""",0.7312441318017946
"""9333_8""",0.7159521784533266
"""7881_3""",0.3019471802361516
"""2815_9""",0.7555701606990695
"""3251_3""",0.5751570468523902
"""1792_3""",0.04415890082124206
"""8625_2""",0.36110810802877724
"""4221_3""",0.618560892831768
"""2742_10""",0.6814591543614299
"""11118_4""",0.26171912464608077
"""11613_3""",0.19555480185463345
"""6104_1""",0.6900421271904891
"""3046_1""",0.0839157348808533
"""8729_4""",0.6979365365287711
"""1827_10""",0.657931881248648
"""762_7""",0.5139050468235037
"""8855_2""",0.6069272565005592
"""7573_3""",0.3155092526201247
"""8616_4""",0.20545621873337377
"""4830_7""",0.7812603828055157
"""6646_1""",0.44143201669450355
"""8746_4""",0.4763210456414816
"""1875_7""",0.4330663347019417
"""1221_10""",0.7947978736923689
"""11842_2""",0.15880961899416307
"""3002_1""",0.4669516682980291
"""5776_1""",0.4565954533473334
"""5479_10""",0.7960445566551606
"""6034_4""",0.19614839382947666
"""10984_1""",0.35915805934728867
"""12043_2""",0.22321080755159228
"""4961_8""",0.7167735732268844
"""9601_10""",0.3381281834701722
"""2216_4""",0.21858311741684036
"""1189_10""",0.8630096946573902
"""8461_4""",0.4180438593801099
"""2575_10""",0.48782847940581886
"""3782_1""",0.16702822918906718
"""8927_8""",0.7805973099362619
"""7006_4""",0.16026414268990322
"""6103_7""",0.6915155953281613
"""3218_10""",0.7627602781329686
"""797_10""",0.4756898204588471
"""76_4""",0.37204915487641516
"""9497_7""",0.7545145737370098
"""9637_1""",0.5940153377832715
"""1070_10""",0.8492960109264327
"""9732_10""",0.09663527710625579
"""8144_3""",0.12067416551093946
"""6247_10""",0.12791011457635718
"""10230_7""",0.41182648636357316
"""10731_3""",0.4120280889363333
"""740_8""",0.5463559300109775
"""2145_8""",0.4956634321113912
"""834_8""",0.6342284457765092
"""6621_10""",0.7720292724093842
"""1749_4""",0.15048999217616235
"""5730_10""",0.44310431742884937
"""11167_4""",0.3876379446976393
"""1106_9""",0.8506242424367549
"""8152_10""",0.8051422979389445
"""11968_8""",0.5765604659391902
"""7728_9""",0.7725774735943027
"""237_1""",0.17913540595504987
"""10754_1""",0.5791630983529341
"""1055_10""",0.875302016752409
"""65_7""",0.6699091276754818
"""4092_3""",0.3436391853389536
"""3337_7""",0.6276538569840416
"""3163_8""",0.5540983505156805
"""7645_1""",0.0819057076659104
"""10883_1""",0.12094974439987795
"""4597_7""",0.6321711876782371
"""11850_1""",0.31554107055936764
"""1025_10""",0.8784387690206351
"""11908_2""",0.4351996452166001
"""7838_4""",0.2800598551944001
"""7725_7""",0.7626363191717345
"""8146_9""",0.6368627546418751
"""3741_8""",0.8123634219064337
"""323_2""",0.390315727716962
"""8244_3""",0.1147156784885882
"""4593_1""",0.08401110929186975
"""6902_1""",0.21191392811632898
"""1791_1""",0.2103186629603634
"""11490_10""",0.5464205180206948
"""4200_1""",0.12912559252144173
"""1611_2""",0.2693570866533807
"""3215_10""",0.7216247834162764
"""5864_10""",0.2667062349987641
"""3776_1""",0.3955518187829627
"""6356_9""",0.8196484708853733
"""9139_10""",0.9116428262955076
"""5115_10""",0.6564965662869002
"""3064_10""",0.826385070605586
"""149_9""",0.8601051465921628
"""2873_3""",0.6553880205259992
"""3790_1""",0.1522802489970098
"""3136_9""",0.7698208240785039
"""1696_3""",0.7447783420233154
"""4961_2""",0.5906684329006426
"""11918_10""",0.8041465711447009
"""3663_10""",0.9028184440191604
"""8115_3""",0.5515548181628372
"""3690_8""",0.36635139079519446
"""11431_1""",0.38018551434894454
"""3830_10""",0.6646380717237139
"""11896_10""",0.6124478537232457
"""8753_10""",0.6819623402168636
"""10121_1""",0.4657725089028071
"""1142_7""",0.48813629604285047
"""7188_7""",0.668565299111658
"""7044_1""",0.18908309186178396
"""11750_4""",0.4643805458182711
"""7688_10""",0.9140072025010975
"""12292_10""",0.7996099735406319
"""5533_1""",0.5029584179448695
"""4147_4""",0.505267469527485
"""8515_2""",0.4065722932626962
"""10756_3""",0.155962834564168
"""11899_10""",0.676156964103066
"""11867_2""",0.2805043032511121
"""7814_8""",0.6844286952005525
"""1855_10""",0.9254291840182728
"""10357_2""",0.1663032727470545
"""5218_1""",0.3405222297246339
"""6641_9""",0.87443444496216
"""5777_10""",0.6963064887934471
"""11982_1""",0.06685010121287506
"""10980_10""",0.7132253247922138
"""8585_8""",0.6500807427283729
"""941_2""",0.15985672111326693
"""1697_7""",0.404059996980379
"""9872_8""",0.7582788267193586
"""2377_4""",0.1928338253163485
"""2033_8""",0.702460996184911
"""5864_1""",0.35600295866260157
"""4295_7""",0.8705095981491157
"""2610_1""",0.2657647159325663
"""1730_10""",0.48703651001020876
"""11095_8""",0.5952018215246349
"""1699_8""",0.3318642374246108
"""344_9""",0.8524208966203016
"""7136_3""",0.09997912257467739
"""2402_10""",0.6799850245473011
"""472_10""",0.6814417868817328
"""170_7""",0.4892343211695466
"""7019_1""",0.7636075829426672
"""11798_10""",0.7858403665077909
"""7549_2""",0.3383590729306248
"""8414_10""",0.7449318157445534
"""573_3""",0.42478362818296483
"""6678_1""",0.23532996273192786
"""10002_3""",0.18198381213325884
"""3905_3""",0.4536427791785807
"""1849_4""",0.247095254835866
"""7959_2""",0.44100909375066055
"""597_4""",0.3368564359961852
"""2719_8""",0.8171758095933994
"""10519_1""",0.5448704802563923
"""6112_1""",0.07153945103914655
"""1322_9""",0.8147826904346442
"""12415_8""",0.4227800203066866
"""6727_1""",0.1555622339347853
"""12393_1""",0.31759487457698193
"""8545_9""",0.6541393883755418
"""528_7""",0.8175177604191645
"""12267_8""",0.7274611342168975
"""5842_10""",0.5378507594774693
"""8471_2""",0.12095865117470268
"""3912_9""",0.36287897371814604
"""4831_8""",0.6797336017886316
"""5767_3""",0.2484374422122106
"""10631_9""",0.9000943062605026
"""8069_8""",0.7333428905453886
"""190_9""",0.7654550774544475
"""12343_7""",0.613141546501679
"""645_1""",0.08280177691249438
"""10326_1""",0.2652089024057555
"""11271_9""",0.5184920280837191
"""11808_8""",0.7527259546660701
"""3200_2""",0.25355154506235655
"""4518_2""",0.13880133023328076
"""8307_2""",0.29178081688452107
"""2057_10""",0.5893302540622057
"""3705_1""",0.2911341791225916
"""11581_7""",0.6810401559327715
"""11777_9""",0.4912015302584456
"""1367_3""",0.6781418701588389
"""12248_9""",0.8602127324059521
"""2994_8""",0.812380505470825
"""5170_1""",0.5617586491768156
"""8781_7""",0.7382529208135625
"""9137_1""",0.3034863700797502
"""9970_4""",0.6331435274300367
"""3412_7""",0.48382322610267986
"""9399_1""",0.10890705547859073
"""7917_8""",0.5419738601302286
"""1157_1""",0.25113839657999026
"""12489_10""",0.7691354375805309
"""5365_8""",0.7005162806077009
"""9295_10""",0.2265516356137166
"""11505_1""",0.10807005239394471
"""8647_4""",0.4228294736328408
"""6609_2""",0.18229778564243126
"""6859_1""",0.6894805393532712
"""2436_10""",0.7812698374699003
"""4255_4""",0.35068867011302873
"""12347_1""",0.6023029517424374
"""4237_4""",0.07920179543771026
"""11687_10""",0.7212742319288623
"""2964_7""",0.274729906370828
"""2836_4""",0.2784504468101499
"""1944_4""",0.37219793376500815
"""3218_1""",0.5533589902310814
"""2752_10""",0.8146336160741308
"""9994_3""",0.5251953884425936
"""11566_8""",0.8105031785714358
"""5741_10""",0.7859048580133421
"""7127_10""",0.46566928977976935
"""11864_2""",0.1515019435014722
"""5159_9""",0.6758717675373547
"""658_3""",0.3824542810695813
"""10177_3""",0.39238339485256646
"""4843_1""",0.1751174745926785
"""1441_1""",0.33351034884404024
"""2741_2""",0.18994060502288856
"""6045_3""",0.20240184461370972
"""7020_8""",0.8202571965662812
"""2120_1""",0.1965336745054445
"""2336_1""",0.2620070519945771
"""10167_9""",0.8614358601456079
"""10251_3""",0.33741334886404123
"""9335_4""",0.4006136255600815
"""6670_3""",0.786528017660651
"""9937_7""",0.3407372621359791
"""3258_7""",0.6989401718345545
"""3234_7""",0.8203946539265214
"""3601_1""",0.31372831941285695
"""5635_9""",0.5389690533639677
"""11427_7""",0.4740066167085369
"""3349_4""",0.22827038506256767
"""1334_10""",0.6157910368945472
"""10474_10""",0.5340064919452392
"""2361_10""",0.6480629800971286
"""1471_2""",0.20629651717641692
"""10705_10""",0.6569677506758945
"""10559_7""",0.7505054015188503
"""3070_10""",0.48729326965640113
"""10087_1""",0.2506031148485787
"""1952_7""",0.42641938320829226
"""682_9""",0.42047361583886855
"""6576_10""",0.7966637175396706
"""956_3""",0.17539333321499714
"""3960_1""",0.4479564486960242
"""62_2""",0.0713429148544515
"""3200_8""",0.8621682325902867
"""2127_1""",0.0779043712903464
"""6878_9""",0.8240584365383787
"""1600_10""",0.5776268857079536
"""11995_7""",0.5826084810054197
"""5239_2""",0.41423219616528184
"""6018_7""",0.848145012047674
"""9185_1""",0.4633253760728191
"""4707_7""",0.6730446188017483
"""12407_10""",0.5465170090325033
"""5831_10""",0.5865593467634139
"""2264_7""",0.7099545217035118
"""7226_8""",0.48218340897979045
"""6337_7""",0.6085148947080298
"""5047_3""",0.3685592543683736
"""228_10""",0.556619263093594
"""4230_1""",0.13540685567952562
"""4058_8""",0.7895478185676407
"""5634_4""",0.1648699828676218
"""11680_1""",0.4578535600047463
"""1320_9""",0.8725529868154723
"""12461_8""",0.7257785228962892
"""10076_10""",0.7917464823980128
"""9170_8""",0.7978801102446563
"""4519_10""",0.6717690592894037
"""5906_2""",0.41457065957958006
"""2065_8""",0.47913860994604707
"""8453_10""",0.5139835937938614
"""262_1""",0.13688474632936337
"""454_10""",0.7278284061862008
"""11532_8""",0.8155976060925805
"""8169_2""",0.5796930216439666
"""6873_8""",0.6776185141156197
"""10061_4""",0.48459892604644833
"""11565_4""",0.3987552737888549
"""258_1""",0.38136901583837374
"""5896_1""",0.20835087472037372
"""4395_1""",0.1391306704808208
"""3774_1""",0.28349795621968343
"""12340_8""",0.4210584612593862
"""7497_8""",0.4461291385189478
"""4321_2""",0.250136598293646
"""6258_2""",0.07382523288515251
"""3950_1""",0.12907076754507313
"""9998_8""",0.8918825436704312
"""3524_8""",0.6222976615744203
"""2003_10""",0.7426802011610494
"""10366_3""",0.45267430846863044
"""2602_10""",0.5854158896088374
"""8684_8""",0.7475640924605762
"""12268_9""",0.8387428750553085
"""4846_8""",0.8066071398397285
"""5969_1""",0.45614590067996724
"""173_4""",0.1810425183119435
"""2790_10""",0.8776664004609332
"""2637_1""",0.16339821412858466
"""10239_1""",0.32734468486278545
"""5120_9""",0.7415516256353268
"""3802_10""",0.2455342858138155
"""6897_7""",0.6595745678489391
"""8478_9""",0.6997681769098364
"""2441_4""",0.2922724226808963
"""4827_1""",0.4598105371489819
"""4326_1""",0.22844824146526274
"""252_3""",0.11342558148106902
"""7201_8""",0.2049084076200071
"""801_2""",0.5063586901900915
"""10008_4""",0.6257403703117326
"""6740_10""",0.7025046180246857
"""674_3""",0.2685211072677043
"""6341_9""",0.7580574130384035
"""1882_7""",0.6875086950223657
"""10843_10""",0.6752012522925351
"""1593_4""",0.3839495230987828
"""3592_1""",0.3035446796262665
"""4658_4""",0.2074018076424663
"""2564_2""",0.24010410612433955
"""7229_9""",0.3242123135908483
"""4186_1""",0.19308187527337303
"""10227_3""",0.56805893224474
"""4580_3""",0.27021665244686444
"""10367_3""",0.34542270799113395
"""10034_9""",0.6614352534433685
"""6834_10""",0.845831415728076
"""11326_9""",0.6300619022359186
"""4683_1""",0.32978698502302417
"""5596_1""",0.15560818373727706
"""4238_3""",0.42306994948201193
"""11881_10""",0.4838677472540313
"""11910_2""",0.6702330221073308
"""934_1""",0.0563044044165061
"""3660_8""",0.8887909960257661
"""365_1""",0.3731113135363517
"""3677_9""",0.7990581494356307
"""6522_10""",0.5267068155801359
"""3167_10""",0.7105106641629798
"""6104_10""",0.5369321151896164
"""2584_2""",0.39601861165507013
"""4264_8""",0.3779992396069742
"""5648_9""",0.6053399415618758
"""1863_9""",0.8664752084909108
"""7464_10""",0.4944675709436484
"""7643_8""",0.6934655648251319
"""7030_10""",0.6920632318356322
"""2768_2""",0.09417475485270314
"""3845_1""",0.2637903241647647
"""11590_10""",0.7448894902590246
"""8578_3""",0.49298205264476314
"""8733_9""",0.816696853555431
"""4099_1""",0.4575815180551648
"""5810_1""",0.4551452540481833
"""442_3""",0.22803861858688118
"""1374_9""",0.42324172735972465
"""7704_10""",0.43374214984202486
"""4526_1""",0.32769210403179355
"""2978_8""",0.6381646131327521
"""3096_1""",0.2463801606267063
"""1589_9""",0.8595840362724594
"""11197_7""",0.9133005268879733
"""6751_8""",0.4826349737581767
"""10043_10""",0.9006035234070228
"""4045_2""",0.05394713964151106
"""7706_8""",0.5730641300719551
"""1876_10""",0.4496711232690047
"""4224_9""",0.8073124003682831
"""10833_1""",0.2244808922049879
"""11549_10""",0.6896663922271451
"""7081_8""",0.8527467671540567
"""6410_8""",0.7224021503928982
"""10609_9""",0.581842923747238
"""9910_1""",0.31961667737285837
"""4474_7""",0.6250657621020597
"""9775_9""",0.6077612725904629
"""9245_10""",0.7207708095258422
"""11514_8""",0.7820270555511182
"""3182_4""",0.4302312687310277
"""3127_3""",0.4433630428139728
"""7311_1""",0.5563503274802293
"""4266_10""",0.7127216088128914
"""12410_10""",0.6925781741681631
"""7548_1""",0.19087562095689556
"""10446_2""",0.2117558513804908
"""4854_2""",0.3037435414573343
"""1152_8""",0.6389212713415879
"""11660_4""",0.5593354842234209
"""3452_2""",0.700030246999916
"""2401_7""",0.7597039737383152
"""11703_7""",0.6878670964831063
"""4053_2""",0.2341788948420684
"""4882_9""",0.5269366005673461
"""8050_7""",0.5616762481100674
"""9053_4""",0.2876327461442301
"""12313_10""",0.8474402928481548
"""12085_1""",0.3904130404542076
"""2130_2""",0.11939477777392256
"""8499_10""",0.8136334076288815
"""9230_3""",0.5081536083990076
"""2697_10""",0.7821832535671746
"""7682_3""",0.6006335568356158
"""1473_7""",0.3225519441406988
"""3124_4""",0.13162612528516082
"""10694_10""",0.5211460392996176
"""11541_9""",0.7915126127847614
"""7033_10""",0.6987849691448521
"""305_10""",0.7418547530213263
"""12164_8""",0.6322882881192071
"""7594_2""",0.34277066663212596
"""2101_3""",0.09898332730195039
"""9579_2""",0.31712771827846925
"""1482_4""",0.3709451857992978
"""4362_1""",0.13733162892084014
"""1263_9""",0.6042093327284987
"""2543_9""",0.70530418302994
"""8642_1""",0.35041618850562206
"""229_1""",0.19226133666669842
"""12045_10""",0.713756486073505
"""810_9""",0.7879347380473392
"""5188_7""",0.5490214513536292
"""2690_1""",0.6998144745658614
"""922_3""",0.15952817697689414
"""10957_10""",0.5970019183075863
"""9275_3""",0.3040480782888118
"""7289_10""",0.7773429392601323
"""1809_2""",0.2772358926086466
"""11846_1""",0.382438374988414
"""5888_10""",0.9226234652114832
"""1506_7""",0.3438269017341986
"""6255_1""",0.07142087122293235
"""4995_7""",0.729806057263619
"""2423_1""",0.21461861618081837
"""4030_8""",0.7074546332886754
"""4839_7""",0.5124728587907575
"""364_1""",0.08955554026230848
"""3510_9""",0.3784645417506463
"""2092_10""",0.5800752100873982
"""600_1""",0.2049493041001894
"""5490_9""",0.8392888818959069
"""9442_8""",0.5011941115592798
"""5330_8""",0.5452439308785396
"""10858_10""",0.6669878676867278
"""2746_8""",0.7115306941627147
"""848_9""",0.6715447618197581
"""6713_1""",0.1075439848578958
"""8274_10""",0.8188705837026474
"""2507_1""",0.18043413146656417
"""4558_1""",0.17920753614016355
"""957_2""",0.43108942429914243
"""11667_8""",0.4901681789200254
"""2374_2""",0.35091097497282
"""8156_1""",0.11195536013985921
"""1080_8""",0.6181930237149369
"""11274_8""",0.41675405469453514
"""12467_10""",0.742335343945401
"""5941_1""",0.40308628069001834
"""6205_1""",0.39151624304424376
"""4517_9""",0.8075282264464362
"""102_4""",0.5804946592652064
"""6022_8""",0.7783661167038314
"""10054_3""",0.22330818552591697
"""3907_3""",0.24948962936127247
"""5232_8""",0.5711620491378491
"""10064_2""",0.3460243236184036
"""6529_1""",0.2935505518738257
"""11003_1""",0.08937330009365009
"""9151_7""",0.777395588366617
"""6612_8""",0.5153587978843412
"""12189_10""",0.7575277157280155
"""6510_2""",0.09148942512900149
"""3129_7""",0.6611758921690284
"""7864_2""",0.4322961638201811
"""11603_3""",0.7273188231990503
"""10741_9""",0.7989874339084914
"""2235_7""",0.3717769501618546
"""2125_2""",0.21436685043635026
"""2050_10""",0.7517550329878598
"""8397_1""",0.30398610793746816
"""5275_1""",0.47089404912447747
"""7755_10""",0.650037894693644
"""12065_4""",0.09119850554911546
"""269_8""",0.7662552092576935
"""1933_2""",0.53590982776439
"""9182_3""",0.3826787407227452
"""3153_10""",0.5483047897368923
"""3922_7""",0.5384707746232364
"""2674_3""",0.24609121456627275
"""7407_4""",0.0842130204806164
"""737_7""",0.3113154012750503
"""5223_1""",0.49828419146087183
"""10937_1""",0.14292370206685004
"""9026_4""",0.5622165589927649
"""1564_8""",0.7047385298813593
"""1724_10""",0.7251887623822826
"""1224_3""",0.5675722655123375
"""8536_4""",0.07578837462885332
"""11215_8""",0.6561388656306206
"""3063_10""",0.7277214955489337
"""9559_9""",0.5447256218219138
"""5165_2""",0.13242324964377647
"""9396_1""",0.6059081685335103
"""6404_1""",0.06648795206306678
"""6019_1""",0.5862735856324346
"""7249_8""",0.7715955119546094
"""1765_1""",0.15761147312905852
"""7685_4""",0.5812227071032607
"""8196_10""",0.7473619256412715
"""11749_1""",0.3715350572155661
"""1257_10""",0.3654615586292891
"""3488_8""",0.7098752376643379
"""8605_8""",0.41031185080878285
"""6697_4""",0.6536415202039084
"""11540_1""",0.08194919742789936
"""6262_4""",0.183591213176074
"""1998_8""",0.22586863913609365
"""3019_1""",0.41906539434970097
"""1087_2""",0.4075540038827392
"""8356_8""",0.6712889776055698
"""10036_10""",0.6864744835934428
"""10547_10""",0.744702998202763
"""2562_1""",0.23932049645550924
"""5096_3""",0.6118806799487607
"""12128_1""",0.5035839231774708
"""2574_10""",0.6240793630422651
"""10144_8""",0.843370304325189
"""3678_1""",0.25166860222273485
"""2579_2""",0.4374397054835395
"""6695_7""",0.6467312752314469
"""1465_7""",0.7994235117565494
"""11846_9""",0.21560566705326523
"""1219_9""",0.8586620252925248
"""4936_9""",0.7584518690076044
"""12382_4""",0.3081354849824174
"""8807_1""",0.35613561945959304
"""7700_1""",0.38441755720029697
"""4209_8""",0.8732864769536216
"""10178_10""",0.5906058362698681
"""9835_8""",0.42669833133501084
"""161_3""",0.49598399140014754
"""670_3""",0.543920932276185
"""7158_10""",0.42634749475127154
"""9502_4""",0.09621570486540947
"""9880_1""",0.31791580189893465
"""39_3""",0.14766294868707538
"""11161_9""",0.5635052517505104
"""12026_9""",0.716975544787583
"""4439_3""",0.5343444955207163
"""8303_10""",0.32459401557700684
"""408_7""",0.6821794446239845
"""1065_9""",0.8346838692140848
"""5188_2""",0.1964644822613052
"""929_10""",0.7753884006962213
"""4765_7""",0.8078019917697574
"""2117_4""",0.6561651990210159
"""6653_4""",0.2620738658139711
"""2342_1""",0.3015465048744899
"""8445_1""",0.055680299880016465
"""1708_1""",0.17088460332364463
"""7995_10""",0.7894174349240923
"""1104_4""",0.1748917660750078
"""3847_1""",0.1774296831003051
"""7276_10""",0.803832201595015
"""11269_7""",0.36714033630058457
"""3158_1""",0.4232797409724436
"""11061_1""",0.047087037619338835
"""851_7""",0.5199488942029349
"""8214_2""",0.1928702295989228
"""9174_1""",0.5562235547263346
"""7040_3""",0.48759050617840693
"""4082_4""",0.5414935037953443
"""3553_8""",0.6605312991670522
"""6733_10""",0.6157825322742135
"""4910_3""",0.4393670506015371
"""10149_1""",0.08760697758661103
"""5609_4""",0.43774133294846856
"""4174_3""",0.06365173901692213
"""9213_1""",0.4627112619304961
"""2881_9""",0.5827985590672856
"""1408_3""",0.5533597912510956
"""10832_1""",0.2448755437736258
"""7216_3""",0.2872636366809257
"""9905_10""",0.9236096879063345
"""9050_3""",0.36782241818257705
"""3789_4""",0.10050719666710023
"""6490_8""",0.3107903066997988
"""7649_7""",0.6495811125003021
"""6901_8""",0.5340202664902408
"""11597_9""",0.9354066810230397
"""3259_1""",0.21504924169936998
"""5936_3""",0.7292412884842611
"""1214_2""",0.5603851692991263
"""2840_1""",0.09925614173332248
"""1956_10""",0.553312962906024
"""2392_2""",0.1693249371121189
"""239_9""",0.862906381136928
"""6860_8""",0.4845888413735456
"""1716_9""",0.566452595145595
"""9595_10""",0.5987622309592159
"""1630_1""",0.2142662854160077
"""11293_3""",0.32024792434825017
"""8288_10""",0.8509931532528627
"""6618_7""",0.7889786961839252
"""12378_1""",0.28745688458051605
"""11560_1""",0.1645710005821372
"""12124_8""",0.7845517263690079
"""486_10""",0.47767185325896777
"""6654_3""",0.3252744133977399
"""6915_10""",0.7520577778611721
"""8773_1""",0.3202002337006577
"""10211_4""",0.25772174533437675
"""5769_9""",0.456087906634869
"""10038_4""",0.14149996735972054
"""3737_9""",0.8789099484752994
"""11512_1""",0.6475443954327555
"""8025_7""",0.44087903845894166
"""397_7""",0.8289311533492659
"""10670_9""",0.7510316051901637
"""11648_4""",0.3097862362775215
"""10361_1""",0.10116615997887553
"""12439_8""",0.6962556616771812
"""9958_8""",0.6901829367577099
"""8659_1""",0.2989548061542042
"""12400_1""",0.19758322012068613
"""10680_7""",0.5582321142659363
"""2435_10""",0.7303052306749565
"""5506_4""",0.30700258336301117
"""9025_3""",0.470526665821845
"""5749_4""",0.4980003192011692
"""5090_1""",0.28444718753465253
"""2688_9""",0.5514781689941965
"""8397_10""",0.6752951835121696
"""8610_8""",0.5256150674851158
"""9398_10""",0.7366751539743867
"""5144_10""",0.38324075022856846
"""10797_10""",0.5794040990656901
"""9623_2""",0.6399081213354544
"""3269_8""",0.6571453174915247
"""5480_7""",0.5927391211685646
"""43_1""",0.23726723742581488
"""4156_1""",0.27647162328646063
"""1629_1""",0.13735757072791605
"""6536_10""",0.5222598998410019
"""8384_1""",0.1415128980617238
"""2820_10""",0.8668719407131293
"""7976_3""",0.20523150203412627
"""3745_10""",0.535304887259268
"""11258_8""",0.48127657063136886
"""7908_7""",0.7509123131847848
"""9166_7""",0.6982404030507573
"""8976_8""",0.7235121845489103
"""3692_1""",0.3213033878040742
"""4937_4""",0.2733540481597847
"""11935_9""",0.6349473961659069
"""7722_7""",0.7915445361225659
"""8757_4""",0.13140256712613602
"""1218_10""",0.7670205512026794
"""3620_8""",0.35189494524352
"""9017_4""",0.3811378314156576
"""8300_3""",0.3096170502720995
"""11325_4""",0.23612294490622396
"""1093_8""",0.893893149576354
"""166_4""",0.6866503970665936
"""6088_10""",0.8574411469762175
"""2149_10""",0.8000257265921823
"""4884_9""",0.4971024779827843
"""9786_1""",0.13859255375326332
"""4258_3""",0.377835446911566
"""9890_1""",0.3976497908989245
"""8911_1""",0.23688455731570784
"""11618_3""",0.5210088916474207
"""4510_1""",0.2687501382299128
"""3173_4""",0.5636163015429054
"""10418_1""",0.14601584816187654
"""8954_1""",0.2976850871958159
"""723_2""",0.15703258489517538
"""1164_1""",0.043969200138943926
"""11404_4""",0.33397684957316476
"""5737_3""",0.19775272460304857
"""10073_3""",0.4110659325524214
"""1900_8""",0.7237200350723683
"""9532_10""",0.7673219204767251
"""839_4""",0.42635857586737635
"""4562_1""",0.15238657268648426
"""3963_3""",0.3958929669242166
"""5220_10""",0.456040772863552
"""663_9""",0.6675080781942259
"""10156_8""",0.5320567135344421
"""3759_7""",0.3454994811194308
"""5153_4""",0.3714093940289663
"""7580_3""",0.18880174100050526
"""12403_10""",0.5566134885149091
"""4893_8""",0.6122729366042918
"""892_8""",0.41900351708363287
"""79_2""",0.44557375700000806
"""10716_8""",0.8426373049629771
"""11452_7""",0.45227672366396043
"""1214_7""",0.5072768882053194
"""8901_10""",0.6851090031581593
"""12221_10""",0.6595047094833957
"""2055_9""",0.3816647253542766
"""5911_3""",0.26237582995602066
"""10866_3""",0.3593548409587871
"""10063_1""",0.08791243698500456
"""10563_9""",0.3106691853280148
"""11931_8""",0.6477509990315607
"""1180_1""",0.11243066394962231
"""8194_1""",0.270077518321734
"""7837_4""",0.3924915293138961
"""1876_1""",0.23405783345325162
"""9203_1""",0.11617604022089995
"""10091_1""",0.32154805670175723
"""2434_9""",0.9169297434531218
"""7908_1""",0.11637729494462973
"""8591_4""",0.8405241700838928
"""4222_7""",0.48714379320144957
"""11430_4""",0.7971881386706048
"""757_1""",0.10244567088356885
"""6442_8""",0.7214610363068502
"""10056_8""",0.5768176125437346
"""3179_2""",0.37756481279101434
"""3130_3""",0.558643586245285
"""11921_7""",0.9175768388353631
"""4139_9""",0.723427934246408
"""195_10""",0.7172035416786603
"""6286_1""",0.5875133629651497
"""5701_2""",0.4258730774583054
"""7470_8""",0.5896817330841312
"""9205_9""",0.4325645631292525
"""10683_8""",0.4684689852208064
"""672_4""",0.8893641352477464
"""604_10""",0.9462394724185796
"""7757_10""",0.738990350164264
"""5228_4""",0.8043434026105721
"""3998_10""",0.6135854320074461
"""7444_4""",0.6008617549675541
"""9684_10""",0.7195377138193839
"""8455_7""",0.7974685691910679
"""3989_8""",0.7294924614685395
"""1115_3""",0.2899951670996382
"""6469_4""",0.4614197642114254
"""4524_8""",0.2869504399984118
"""3103_7""",0.2954825780473726
"""3108_8""",0.7105723165714388
"""2219_10""",0.7946090990409616
"""10269_8""",0.7339944644924665
"""838_4""",0.5897650149809164
"""5367_1""",0.28548363536944804
"""9110_10""",0.5352711297400801
"""5736_1""",0.3337750852531027
"""5100_4""",0.5954594774481842
"""3399_4""",0.4725623937698995
"""7575_9""",0.8361569463476078
"""7954_9""",0.6509022939438546
"""870_7""",0.7076555622545267
"""3811_9""",0.5413758995986276
"""8011_9""",0.6824992113649745
"""8172_10""",0.7728203716189883
"""3209_4""",0.29568618109733813
"""7380_10""",0.19974720643342692
"""10210_3""",0.42589219821027574
"""8162_9""",0.724361122579085
"""10784_9""",0.4033021534658652
"""482_1""",0.09767953040086846
"""1452_9""",0.8158893490549849
"""2686_4""",0.45245387972693185
"""543_8""",0.6291244319275264
"""495_2""",0.3260002068793939
"""2887_9""",0.7658590849243787
"""11780_1""",0.13885055988390932
"""9742_2""",0.05886549758636059
"""1762_1""",0.09858017285870266
"""5264_9""",0.7821594675060787
"""7958_4""",0.6275449871044789
"""6010_10""",0.924818688429403
"""1284_9""",0.5737844131493873
"""10420_3""",0.1284070142017899
"""7736_7""",0.8463532800531055
"""1178_10""",0.8296647256764104
"""529_10""",0.8434418759102426
"""4063_4""",0.11853735479803237
"""10480_8""",0.6596671277316708
"""2412_2""",0.13493840476662827
"""5206_3""",0.1465425460597013
"""11963_9""",0.6267240684122671
"""663_1""",0.21201561184173479
"""352_4""",0.6480613949893924
"""7504_3""",0.6401375841387431
"""8678_1""",0.5882902174878467
"""2330_2""",0.7011374248948973
"""12282_1""",0.0818396972822681
"""6485_10""",0.44634771423299674
"""9306_1""",0.15873003593865667
"""7468_4""",0.24207620327040374
"""12207_1""",0.5171384143278377
"""6701_7""",0.3537536792695205
"""9861_7""",0.3564521450874259
"""6318_7""",0.7772156715373596
"""11612_1""",0.6117918242089049
"""4800_10""",0.6246657476247086
"""5360_3""",0.3674895827160197
"""4977_4""",0.7560498501853707
"""1678_9""",0.6712180756250469
"""5017_8""",0.642040825197759
"""3087_9""",0.6542176470449317
"""1915_8""",0.7005212675560547
"""574_10""",0.3810244231674961
"""6062_8""",0.813633973519299
"""2860_4""",0.38202555408484407
"""1800_4""",0.3476102465719811
"""1928_9""",0.8380192466882477
"""9890_10""",0.8042547082129994
"""12159_8""",0.8097918548668289
"""649_7""",0.5107895388345954
"""8708_1""",0.401686836551912
"""8181_10""",0.8795578766510904
"""3495_1""",0.15997079493500116
"""11612_10""",0.571747685412031
"""6919_10""",0.6300389690249253
"""12217_9""",0.7195156865148271
"""9276_4""",0.3344739890051532
"""3520_9""",0.4547342772718316
"""6492_4""",0.6693807848715756
"""3900_2""",0.22281092770167202
"""12298_9""",0.766963073870223
"""12394_1""",0.2902701623149726
"""4873_8""",0.3312984359703939
"""4797_1""",0.5312853084095368
"""3197_9""",0.6786492356558099
"""2474_10""",0.3055304696243035
"""4042_10""",0.7536715192723171
"""10641_1""",0.24592099985447682
"""10882_2""",0.07981326078248197
"""4803_4""",0.36223167012854396
"""7459_10""",0.7843500370661312
"""1828_1""",0.07048437343601403
"""1718_10""",0.600809916467524
"""9603_1""",0.1465694902663437
"""940_7""",0.8316887714335232
"""3074_4""",0.363884358773978
"""8802_10""",0.840208063312367
"""7180_4""",0.1710259949187888
"""5250_1""",0.36139314244754855
"""2734_7""",0.7484590683575096
"""2354_8""",0.44729813917440464
"""6805_1""",0.6108212126701609
"""11156_4""",0.3906318123775616
"""2734_3""",0.08655824992898266
"""12216_1""",0.35595304806902417
"""660_8""",0.5295929011057529
"""8978_10""",0.5794465026190221
"""6272_1""",0.23097630111107545
"""8294_4""",0.1297234300358505
"""11956_8""",0.457224840935326
"""3265_1""",0.06830475131011593
"""705_2""",0.443522643682751
"""9058_9""",0.6457845256435892
"""3582_3""",0.5970266894392596
"""6985_1""",0.37497185075551676
"""5611_9""",0.773454668514961
"""9491_3""",0.5464805288630911
"""9945_3""",0.05553461528474757
"""1840_10""",0.8561837305504412
"""12280_3""",0.2551297729453081
"""1932_10""",0.7817720799961898
"""8682_10""",0.7246152577236856
"""5418_9""",0.7076741823626148
"""3354_9""",0.5706171446176957
"""8078_3""",0.13263868111407354
"""7747_1""",0.16975174962218112
"""2669_7""",0.779531129312268
"""9180_7""",0.8355170516924346
"""1320_1""",0.08921127787487645
"""7742_8""",0.7025948280206141
"""6232_9""",0.4446803006907277
"""3459_9""",0.790140911372054
"""1008_2""",0.3300010179658576
"""7987_8""",0.6744080343706013
"""5078_7""",0.5420239834956498
"""10660_10""",0.6552568756847492
"""10325_2""",0.24918541144578168
"""4951_3""",0.3317078340239395
"""10502_7""",0.25122778485516584
"""7548_9""",0.1262152801279731
"""2870_10""",0.35583867690222626
"""8136_4""",0.8031600146310738
"""9870_8""",0.4690604245680158
"""7588_4""",0.30940949218320557
"""7845_2""",0.19595949611921953
"""10334_7""",0.4563429445785195
"""4860_1""",0.2547642280375915
"""4855_9""",0.8666539803843039
"""1337_10""",0.2282129225366918
"""6403_3""",0.6467817464302814
"""9447_10""",0.4037606749035658
"""4724_3""",0.07894983101997723
"""10895_10""",0.7084395444075711
"""2171_4""",0.5484375987932743
"""5361_9""",0.7835021987516052
"""11056_2""",0.10309291476148856
"""9772_10""",0.6576939727824904
"""5719_8""",0.8393139426169374
"""3050_7""",0.5936976315976163
"""4406_1""",0.3679739403501887
"""9833_4""",0.6684713140350296
"""1217_2""",0.28606476979413437
"""2632_1""",0.19419643593484667
"""3250_1""",0.4473758410118169
"""5130_9""",0.5979806568850922
"""3526_7""",0.46883373386553306
"""2793_3""",0.10498363617987846
"""10708_3""",0.22232613107690433
"""6415_8""",0.6396265948592084
"""11258_2""",0.5279012038699696
"""11451_1""",0.6952369248320871
"""7724_2""",0.20829693738362784
"""4276_4""",0.2715775542634739
"""6058_1""",0.19048252394906975
"""4086_1""",0.2036124551722959
"""3670_8""",0.8363793657521842
"""7125_8""",0.3977098948837767
"""9377_8""",0.6564648907731712
"""763_2""",0.386825954821058
"""7882_8""",0.6077025915358534
"""757_9""",0.542045509987085
"""389_1""",0.4153441412966975
"""9102_10""",0.7059191347462885
"""9384_7""",0.19290819183001418
"""5684_8""",0.5358702669825179
"""12090_4""",0.41935531801015535
"""12002_4""",0.09775561154767173
"""5443_7""",0.6364361993887631
"""8782_9""",0.8345395070919663
"""9878_9""",0.6542331369126141
"""9640_1""",0.5573090019435311
"""999_3""",0.6463671209695506
"""6249_3""",0.4044037890612912
"""1656_7""",0.5440322189194191
"""6649_10""",0.5034608964103884
"""4630_1""",0.34295518344452175
"""11300_8""",0.3466420401757428
"""5894_10""",0.8376971671726133
"""3198_1""",0.272306837365414
"""7924_2""",0.40601391980022966
"""6318_1""",0.6048320528535228
"""8075_2""",0.3755863757870253
"""10005_2""",0.283677778714297
"""6431_8""",0.771431601371344
"""635_2""",0.49114221208380165
"""1803_3""",0.3809760032624439
"""5721_4""",0.08661094779054596
"""1116_7""",0.7678057202105615
"""1456_4""",0.7910653918195437
"""51_10""",0.9209563115485224
"""7155_9""",0.6542304998939896
"""929_2""",0.2729349045090641
"""12269_1""",0.13739603675067028
"""10597_1""",0.11634923174421345
"""9005_7""",0.5365145338826911
"""10467_9""",0.6620065927226843
"""2251_9""",0.78570153068456
"""1977_9""",0.6278177463587776
"""8539_8""",0.32926067554383465
"""2416_1""",0.43409278512523825
"""8508_9""",0.6691597324159584
"""10401_1""",0.24398129242535163
"""12217_2""",0.6788844338651743
"""5484_1""",0.3575458197915646
"""3833_10""",0.7300029714569202
"""465_4""",0.39246350759287674
"""7591_7""",0.5708649184843615
"""11485_9""",0.46579697226320194
"""3728_1""",0.13945080959058792
"""5538_8""",0.7175334483281608
"""10751_4""",0.44657230496712486
"""8883_8""",0.5232875913453521
"""6581_1""",0.3020590650876266
"""5476_1""",0.6071072939028587
"""4338_9""",0.6054726649065089
"""10343_1""",0.20726292044037145
"""2914_10""",0.6966445162964908
"""6103_1""",0.5857931939948068
"""7691_1""",0.5786833595136461
"""3444_3""",0.3893876108574339
"""2397_8""",0.6417231008136018
"""8255_8""",0.7071791157449541
"""1660_1""",0.2588719552798922
"""10154_2""",0.28933783021375586
"""2138_3""",0.11365934025290951
"""9614_3""",0.10523914931675224
"""2682_10""",0.6755395253458283
"""1813_3""",0.33700204934285466
"""10581_3""",0.23164377252711904
"""3733_4""",0.15520882732737504
"""5210_4""",0.659877414843736
"""11961_8""",0.6526294358947269
"""7928_4""",0.4490424426345031
"""12156_4""",0.5457951090228708
"""11025_4""",0.8442893864122909
"""11233_10""",0.91086264490611
"""473_1""",0.11894227864511482
"""6648_2""",0.3251698973467818
"""2451_1""",0.1335447748541359
"""7679_2""",0.2750479034870534
"""2954_9""",0.7824595538939846
"""9652_10""",0.6236195910129013
"""724_3""",0.40447184546198384
"""7592_4""",0.3181203776519372
"""7669_9""",0.9249118632009278
"""3816_1""",0.05019176217101969
"""1401_4""",0.14617927470357184
"""8551_2""",0.3583026782011569
"""7901_8""",0.6392054117030441
"""10552_4""",0.6917642225308022
"""330_10""",0.8071302948862692
"""232_4""",0.43262597037632516
"""12351_8""",0.6779981830774672
"""12451_10""",0.7694383311251417
"""5884_9""",0.9058452309088854
"""603_4""",0.2441742870536627
"""3415_7""",0.6700211055505839
"""8727_1""",0.48255038183446464
"""10099_4""",0.4684664190163373
"""7989_10""",0.42484274152219015
"""2329_2""",0.6085705559076184
"""5774_1""",0.054191497362396965
"""8201_3""",0.38161821362355836
"""3491_1""",0.5155997499307687
"""12210_10""",0.5678518278024663
"""7604_8""",0.4098264057354167
"""1676_10""",0.9037312954423231
"""6477_9""",0.6854589200514799
"""2521_10""",0.8768548803649209
"""9140_2""",0.09038808400707789
"""2463_4""",0.19505143914326709
"""587_8""",0.6646048910380868
"""7120_10""",0.5705909901470871
"""7734_10""",0.8148935775443255
"""7322_10""",0.6038638938260807
"""3803_2""",0.43375682637534235
"""2417_4""",0.10855762064607831
"""7757_4""",0.16010077451928645
"""478_9""",0.377612402627076
"""12269_9""",0.8633269749228153
"""10472_3""",0.352388426147773
"""2858_9""",0.6740476873599871
"""414_9""",0.3955207576647632
"""2552_4""",0.06457174324810364
"""11615_8""",0.39883084578649913
"""201_2""",0.23373661991056538
"""5624_3""",0.19162416578494199
"""5080_8""",0.6771326497096514
"""4507_10""",0.6523919575979659
"""1527_3""",0.6281568024570645
"""6282_1""",0.19247871982509693
"""3911_1""",0.1809494368066904
"""4616_9""",0.37998240929460003
"""9562_4""",0.8304669996933698
"""9975_8""",0.3378332034823269
"""7584_10""",0.8228965192423796
"""1121_1""",0.4513099760317094
"""382_10""",0.32309419422136787
"""11309_1""",0.1266266606769681
"""5424_10""",0.40698801926912287
"""8697_8""",0.6420777344483828
"""12420_2""",0.20449662075172437
"""5052_10""",0.8471351701888525
"""1037_1""",0.39624900545140046
"""346_7""",0.26493160942968985
"""2285_8""",0.5134734777916009
"""10867_1""",0.13480104465045004
"""4335_9""",0.40877563868196554
"""9088_7""",0.6568580855917868
"""11037_8""",0.68518658869341
"""1993_4""",0.37498114453675596
"""11469_3""",0.5183229615566561
"""1834_2""",0.083008887110136
"""10723_4""",0.43775353299556785
"""5377_3""",0.5446366842440333
"""1812_1""",0.2507633628013359
"""2760_8""",0.6000483694110564
"""12062_10""",0.5182989962010663
"""1847_1""",0.06819107782105886
"""1280_3""",0.5501652476606342
"""2106_8""",0.3619410306469035
"""5414_1""",0.23248478515556095
"""4930_10""",0.8032228548489937
"""5024_9""",0.8500427592460734
"""5295_9""",0.7753005387267038
"""5427_10""",0.8241407494307706
"""10526_2""",0.4098304818054593
"""5517_2""",0.23335165533944568
"""3971_8""",0.4465086823355553
"""12260_7""",0.5989449104263658
"""3676_10""",0.5628670192591719
"""4132_7""",0.59517671529051
"""6721_8""",0.5314109672619175
"""2381_7""",0.43459951757308524
"""818_1""",0.17542847481333076
"""6503_7""",0.485894761581508
"""12068_7""",0.5616616378097623
"""8847_1""",0.10825060220781035
"""10698_8""",0.40956905535221
"""2347_3""",0.272547737297753
"""9337_10""",0.389455986570506
"""9070_4""",0.7204320132214028
"""7962_10""",0.7864717715150514
"""12183_4""",0.29716580091058903
"""12410_3""",0.5341765694923106
"""7988_9""",0.5806743322002142
"""8980_8""",0.7137113236688615
"""8568_4""",0.18837903537938988
"""8374_7""",0.7537599678986966
"""3561_4""",0.4924391805202771
"""692_4""",0.680928623151325
"""4259_1""",0.1700528848765064
"""1627_1""",0.1027442027739744
"""7064_9""",0.7314830706249499
"""5410_7""",0.6521036124172923
"""10003_3""",0.5992691327125904
"""12068_3""",0.2615055201381
"""8048_7""",0.6859150617703058
"""2590_1""",0.13109000602386522
"""3464_2""",0.3619978793479461
"""8423_10""",0.4480195012813328
"""5036_4""",0.5966371608591182
"""10030_3""",0.1763188254501389
"""5500_9""",0.6769923717402412
"""10129_10""",0.629724819855631
"""1549_10""",0.8602963029392217
"""6463_10""",0.8429241638852867
"""1026_2""",0.11578162574919892
"""6681_10""",0.6457228334920133
"""11004_1""",0.08878210585951664
"""6191_10""",0.5360486745200463
"""9253_4""",0.7320619555660446
"""3193_10""",0.8781589954461287
"""7563_1""",0.1896826638042416
"""3104_7""",0.44835900666193984
"""6369_9""",0.8015177032613966
"""606_1""",0.34060141835044677
"""6069_10""",0.8861940903640394
"""6966_7""",0.19611059139637874
"""8945_4""",0.5964252098095334
"""4920_1""",0.12265726964589499
"""7358_10""",0.715399853910899
"""9665_10""",0.8376006530808027
"""5005_1""",0.3934368427434133
"""12324_2""",0.2681968709538042
"""1878_1""",0.048824023979193915
"""5917_2""",0.3920496292257646
"""11912_7""",0.7313291430625997
"""11692_1""",0.4962134887467298
"""11505_10""",0.5742589653304537
"""5416_8""",0.6128969085627872
"""12072_1""",0.45790584399361234
"""4436_10""",0.8579909886833706
"""11762_1""",0.37262798667232455
"""5805_10""",0.7891723540336788
"""9464_1""",0.12476031695349298
"""9412_2""",0.17811940683839655
"""11262_4""",0.5051253848065741
"""853_7""",0.6556102703013263
"""7087_4""",0.3675416638951335
"""1896_10""",0.47318982274771393
"""9749_4""",0.10194709746461805
"""7431_2""",0.38355690978234036
"""10253_3""",0.1794587403408482
"""10675_4""",0.46005489276429273
"""4275_4""",0.41603268592533127
"""5399_8""",0.9033345065716466
"""9388_10""",0.3462668281165099
"""7019_10""",0.7656132304491018
"""10223_2""",0.4507098094005648
"""10216_1""",0.09485610570561917
"""2097_3""",0.09807179755877829
"""4243_3""",0.3167652998159083
"""8672_1""",0.3579993432613392
"""1260_3""",0.452967246381221
"""1734_10""",0.5818241526391021
"""2955_9""",0.9128980538153542
"""12033_1""",0.1993582791809619
"""8243_3""",0.31544394933297315
"""8741_2""",0.6216805755764815
"""6481_7""",0.6655834394443464
"""7053_1""",0.14699186537353537
"""1624_8""",0.6593917196250554
"""2900_1""",0.25730473652571734
"""4328_1""",0.5696713296518168
"""11732_7""",0.6496866793007631
"""746_1""",0.6987074037842155
"""6004_3""",0.20907971851355867
"""6162_2""",0.28915864390023555
"""9375_4""",0.20707199496218137
"""10924_4""",0.46901008002649114
"""6304_4""",0.42357045632856744
"""10035_10""",0.8737927277511656
"""8867_2""",0.10581974240968794
"""9781_10""",0.41828214133363256
"""8902_8""",0.6065290196899962
"""1006_8""",0.540263592691543
"""7230_1""",0.09946004010120485
"""8788_9""",0.7892271369973568
"""2079_10""",0.5729534873322119
"""11987_3""",0.0893085907603054
"""2724_7""",0.7334896546141104
"""8534_2""",0.34644866011929937
"""7052_1""",0.31782476797832765
"""4390_8""",0.6652354908387109
"""520_10""",0.59132924320852
"""3936_3""",0.5739214488279735
"""5160_3""",0.42115576353062417
"""10519_8""",0.5981554047202692
"""8906_1""",0.2500761225827886
"""8750_4""",0.3232126908798128
"""8606_3""",0.40024341496398574
"""12038_2""",0.4443821275420003
"""2939_8""",0.6835316495090583
"""5721_10""",0.6949029121171193
"""6798_8""",0.5597772534509027
"""11820_10""",0.6042259700948435
"""6435_10""",0.15302042158947712
"""404_8""",0.8166391132730898
"""6066_9""",0.879301100217083
"""7921_3""",0.18425155144287383
"""5468_3""",0.31227481919450134
"""7034_10""",0.7554911961624822
"""4309_3""",0.4376982092067145
"""8201_7""",0.5835668794460634
"""3656_10""",0.7756989339590302
"""8786_4""",0.6772565566720314
"""10564_3""",0.19692198718021764
"""7401_4""",0.38330654831273187
"""1163_1""",0.38843193311339647
"""9915_10""",0.7248725512232101
"""11080_10""",0.5864227361231984
"""4710_10""",0.8932048631293064
"""131_1""",0.4993362442470819
"""6387_3""",0.263198251379936
"""3906_1""",0.08044318017852227
"""2075_1""",0.17289911007221767
"""11663_10""",0.8620945099728949
"""6149_3""",0.23546181847762426
"""6703_8""",0.7261093292380797
"""2440_8""",0.7865408113932034
"""10500_7""",0.28350748928952435
"""7349_1""",0.33802337978445957
"""10695_1""",0.17494305106613697
"""6905_1""",0.16730823677185364
"""4902_4""",0.5147450444489854
"""5298_9""",0.7963800853715566
"""6701_4""",0.417455847540977
"""1344_10""",0.6527766932139101
"""284_10""",0.702331708025374
"""9114_10""",0.7098427153664345
"""12102_10""",0.6801314697750006
"""11448_2""",0.35805979353232026
"""1053_10""",0.9003161100663251
"""8341_10""",0.45662781473311476
"""433_1""",0.2467722984281718
"""9534_4""",0.42717622525714155
"""6471_2""",0.3155044593895369
"""8971_10""",0.8345051836528853
"""433_8""",0.7517676821470453
"""298_10""",0.550218408752156
"""5965_1""",0.09241419186847724
"""10408_10""",0.43057489875028077
"""9112_3""",0.49029552691044936
"""6726_9""",0.8888670909327651
"""1048_8""",0.7822898975329534
"""11046_9""",0.7180707491812379
"""4808_7""",0.7253132965040605
"""7027_9""",0.9236142968687392
"""12435_8""",0.7661157429751771
"""5480_1""",0.7494056017015736
"""8823_8""",0.5953975625796919
"""554_9""",0.791528825219118
"""7167_2""",0.22723548612623773
"""10762_3""",0.4195097175275013
"""9036_8""",0.5644541798590204
"""12185_4""",0.6231608172742163
"""7763_10""",0.77246121926614
"""10271_8""",0.6790991923149461
"""1159_8""",0.7458726488228697
"""11063_1""",0.18596741450670787
"""12479_4""",0.2773684891439008
"""11179_4""",0.6517318871139881
"""1736_1""",0.17501393733098056
"""4840_7""",0.6817865081935048
"""8233_2""",0.6941217045331682
"""1082_9""",0.7770247230532508
"""8378_7""",0.596847738999887
"""7777_9""",0.9101136752465164
"""1883_9""",0.4777777976525544
"""7350_10""",0.5635430560789021
"""704_8""",0.7237408899435368
"""6554_8""",0.4564525804099631
"""1750_10""",0.809194393827589
"""4969_2""",0.08096971720745277
"""10339_8""",0.5044453827139963
"""1902_4""",0.6371130785089519
"""5578_1""",0.10465492303157359
"""5502_1""",0.1396414015112378
"""7250_2""",0.3859398919860027
"""8856_4""",0.30277013286224974
"""10840_9""",0.6698215394861299
"""9730_10""",0.29500011501364704
"""11146_2""",0.14827123245183305
"""5988_3""",0.23117665643272756
"""9734_8""",0.6217686778104554
"""12338_8""",0.47402580948993384
"""9813_1""",0.2599468020296859
"""8928_2""",0.23500758538599512
"""5431_2""",0.15256284059548025
"""9467_9""",0.4705605294627344
"""4933_4""",0.32907626358452174
"""11280_10""",0.22334522078046326
"""10279_9""",0.6846915437851858
"""7024_1""",0.07028688221255176
"""9115_3""",0.2979098166120089
"""5701_10""",0.7001225052054835
"""9539_1""",0.1258642873628167
"""7655_7""",0.8402221937828849
"""4518_10""",0.6432002102649341
"""3039_4""",0.33724277442540357
"""8654_3""",0.513505185487883
"""8893_4""",0.3113591603134386
"""3598_9""",0.7618304797018693
"""6443_1""",0.33642292251434086
"""3843_1""",0.08580332440498094
"""3848_9""",0.7125200243256216
"""3149_1""",0.12013724148636301
"""2152_1""",0.11057269308375017
"""11564_1""",0.2096597835250779
"""4391_8""",0.36791419948063253
"""950_10""",0.576698984583896
"""10531_10""",0.8545609670025435
"""904_3""",0.3762628844717801
"""5293_9""",0.7383690961039916
"""2173_1""",0.09019970588819513
"""5992_2""",0.17160147928653813
"""782_3""",0.4019858188822492
"""1295_8""",0.6668170781135029
"""9659_1""",0.05604692493644648
"""2214_3""",0.21280229130658918
"""10772_3""",0.3706169196494708
"""7515_9""",0.6417180822187609
"""7294_2""",0.4168132759041923
"""7761_1""",0.6646910916440931
"""9027_9""",0.5979108159281428
"""6595_1""",0.1993038043136562
"""11003_8""",0.6392680770032895
"""601_10""",0.7194919570327621
"""2991_8""",0.5075225269466057
"""10937_8""",0.7734577039908508
"""7545_1""",0.1888142882764541
"""9747_1""",0.15448794628266269
"""7653_7""",0.8304731005719649
"""6886_1""",0.08551323648668342
"""8054_8""",0.6490537795121173
"""7299_9""",0.8513462616133887
"""2289_3""",0.42949542642260546
"""6569_1""",0.12852883609227836
"""10909_2""",0.5641385348765374
"""4022_7""",0.6161951746356407
"""5407_1""",0.15679739252608824
"""10211_8""",0.7359921143875147
"""9194_1""",0.3103188101872798
"""8113_8""",0.8185455215911078
"""12010_1""",0.1856125219394913
"""7373_7""",0.7725165310635679
"""3535_10""",0.5353419454396161
"""5265_10""",0.5263099428327276
"""7032_1""",0.6501461781846481
"""3391_10""",0.7719226493983524
"""969_9""",0.6717489049787511
"""450_2""",0.48045153373872457
"""12296_3""",0.48333012299839107
"""10855_10""",0.8639967445744786
"""2741_10""",0.6947286804844404
"""12403_1""",0.20194347333105864
"""6118_4""",0.5873926437309219
"""9001_1""",0.49614116683320203
"""172_4""",0.6094074366306264
"""4405_7""",0.624272113951043
"""8923_8""",0.5217003104744498
"""5396_10""",0.637174889238384
"""7183_1""",0.1941377149405628
"""3261_7""",0.7128006089792018
"""7445_10""",0.690733514349497
"""11412_2""",0.2259484219169039
"""4765_3""",0.5705114097851771
"""5248_9""",0.6888400933378641
"""3172_2""",0.2681460574306692
"""10813_4""",0.25471642607146316
"""8054_1""",0.2074134851812805
"""5535_1""",0.30399224674049236
"""1306_8""",0.582849724439934
"""135_3""",0.3275324644719605
"""10646_10""",0.320154508396064
"""9906_1""",0.30482701568966936
"""8156_10""",0.7062406990819963
"""2806_1""",0.5685308482777969
"""9501_4""",0.2662747012317932
"""1882_3""",0.45882036915461977
"""11895_4""",0.2005196425827629
"""5420_10""",0.649967907859639
"""11791_10""",0.7338013009634524
"""3798_2""",0.06871660446366624
"""3282_8""",0.5269089570259998
"""1278_1""",0.2664941163801331
"""1011_4""",0.23722382585885732
"""5263_9""",0.6083749533241813
"""11301_1""",0.07343101820044338
"""1946_7""",0.7093947988559743
"""3246_10""",0.6593973370548508
"""4130_8""",0.6931268259592497
"""4172_10""",0.6358710778333838
"""2619_2""",0.10898030700414832
"""5197_4""",0.7637812115303122
"""6060_9""",0.626830794080729
"""7430_1""",0.05806100186653881
"""3511_10""",0.47616915134591253
"""6970_1""",0.15849477133228554
"""931_4""",0.3026277778091721
"""12374_10""",0.675228295596357
"""10217_7""",0.40088265301257814
"""964_7""",0.43562987190349667
"""4859_1""",0.24698749951251248
"""5525_1""",0.1405631619259519
"""11471_1""",0.4124321701672665
"""5030_4""",0.259530685523716
"""12177_2""",0.3795754441098706
"""8892_2""",0.1734933679900153
"""1073_4""",0.44217074151907965
"""7406_1""",0.06691873213577203
"""6345_9""",0.6861595919124207
"""7395_7""",0.5343385340068236
"""9952_7""",0.6710701534217285
"""5851_4""",0.36325323555717154
"""6880_7""",0.4206953852500923
"""642_9""",0.5761790476608862
"""6271_9""",0.5438949795868081
"""10983_1""",0.20782348688231497
"""5602_1""",0.15056494449773594
"""3834_1""",0.24169278290845672
"""6961_3""",0.6569374104974177
"""10102_8""",0.5683066006724772
"""6988_1""",0.08706073666169527
"""5803_9""",0.8055458937214516
"""6009_1""",0.09851817364100623
"""10294_2""",0.24816828293125706
"""9811_10""",0.5273831763392125
"""11298_8""",0.5927352235537623
"""4625_10""",0.8019869933184424
"""11263_3""",0.14352825470187708
"""11502_3""",0.6085188836410179
"""9690_10""",0.47747517659876787
"""4453_10""",0.8209417382207027
"""9741_10""",0.5274753408736206
"""12191_9""",0.7411910728515322
"""8019_8""",0.7198288346039361
"""2298_4""",0.25607109860285654
"""1489_4""",0.47640115465450245
"""4228_7""",0.42089010642678687
"""10905_1""",0.07072096051209151
"""5103_10""",0.9180428487965757
"""5641_1""",0.23118513026672208
"""11567_1""",0.09712639462128463
"""4040_10""",0.8393634154014299
"""4777_10""",0.7850893446809564
"""9612_10""",0.7667168945045926
"""3830_1""",0.2996788774649533
"""8781_2""",0.11594193576599617
"""9415_3""",0.5787526986765402
"""9171_3""",0.4402698527819174
"""478_3""",0.4243402148224745
"""10979_8""",0.6129338573220092
"""7073_4""",0.25987816349262516
"""5419_10""",0.34276700903620294
"""8505_3""",0.1878106669963378
"""7559_1""",0.7155091729040325
"""3827_9""",0.5056313614979879
"""9242_1""",0.14770720959858136
"""3133_10""",0.6738862873491418
"""9051_4""",0.26997291868538903
"""8604_10""",0.7199615157514649
"""4811_8""",0.7161706202329065
"""10697_10""",0.3382379408577947
"""6142_10""",0.7475257457914818
"""6740_1""",0.49627464945096383
"""7806_8""",0.7329659641849579
"""8326_4""",0.46708757664359773
"""12425_3""",0.14243680011994836
"""11113_1""",0.08722460962845821
"""8096_1""",0.1047213017780523
"""512_8""",0.41252138194816124
"""11144_7""",0.7123266506078617
"""2073_4""",0.5071935920927565
"""6966_4""",0.1171967171774425
"""12122_3""",0.4283043434048611
"""429_10""",0.31524625170729287
"""10294_9""",0.7871136726158519
"""9955_3""",0.2179204459345303
"""10878_10""",0.6239661201970198
"""9365_1""",0.08667578150259554
"""7317_8""",0.5685749985934136
"""2863_8""",0.27753425139193033
"""11935_3""",0.34393846249185667
"""2180_2""",0.752198244261038
"""267_10""",0.74710971501028
"""72_8""",0.6410777699174787
"""936_9""",0.6882572776706505
"""2363_4""",0.14591721145241934
"""11722_9""",0.6545175413794783
"""1353_7""",0.6902339459173795
"""3883_7""",0.7250024036532132
"""9475_8""",0.7195231578199323
"""2328_2""",0.37589291082382803
"""11982_9""",0.6381440474294541
"""10413_8""",0.6969251589186993
"""1277_2""",0.3618215522700258
"""6299_4""",0.6352464895557101
"""7536_9""",0.6443287725079253
"""8368_2""",0.5020590824312247
"""634_1""",0.1402639138879048
"""10095_3""",0.6187431880229163
"""8821_4""",0.17876543525137442
"""5669_10""",0.8489656457531168
"""4600_8""",0.2938314307005135
"""10859_1""",0.23125575179581082
"""140_9""",0.2308636729159468
"""153_8""",0.6056553478677099
"""8013_9""",0.6256844911350171
"""12389_1""",0.7344040133988373
"""8443_7""",0.39637338330912186
"""12290_10""",0.4393429373844795
"""12152_10""",0.6826707023574903
"""6442_3""",0.4520136201792792
"""7557_4""",0.6004021318323751
"""3699_4""",0.39199865823282076
"""6461_2""",0.6487308859506601
"""8641_10""",0.8050786693262318
"""10771_1""",0.701039499125624
"""10539_2""",0.14729165033787397
"""10406_1""",0.2464593655148683
"""9617_4""",0.3847662787809673
"""9403_10""",0.635220951856304
"""3015_1""",0.25722302098213523
"""181_10""",0.8516482053680672
"""2879_4""",0.3178939554609522
"""1758_8""",0.7223540740372542
"""9992_10""",0.8186688465602977
"""10769_7""",0.46555470720656195
"""5616_3""",0.20333403780820222
"""721_4""",0.5122874043670322
"""3035_1""",0.11844963249400879
"""7877_4""",0.10540860270476983
"""5554_4""",0.18191483782385962
"""1475_7""",0.6346992611248283
"""1538_7""",0.3453240710072906
"""3499_10""",0.3552052138654296
"""8815_4""",0.28514073359645337
"""5817_8""",0.7463254862331351
"""4179_1""",0.18952011151977494
"""3719_10""",0.7782305353376943
"""2538_2""",0.18533730038750731
"""4873_3""",0.24864830700130533
"""7283_9""",0.7502001153051758
"""1997_4""",0.2972596483552402
"""11036_4""",0.1806932551614047
"""4123_4""",0.5295326820882925
"""3520_3""",0.144765120530256
"""10320_1""",0.17024895053436595
"""10185_10""",0.8456722822091818
"""10193_1""",0.4114905139216409
"""2506_7""",0.6584493984027993
"""9868_10""",0.4267241045749443
"""5603_2""",0.361298095209055
"""8392_3""",0.35062043330019776
"""5322_4""",0.2147230810419204
"""12117_10""",0.6997722979055092
"""2411_8""",0.4207239535751106
"""9393_4""",0.2785806358005246
"""5968_8""",0.7871205299965474
"""6860_1""",0.38451351728818006
"""12144_4""",0.6342792625852899
"""2706_10""",0.7665674593637332
"""5655_1""",0.22026751554910193
"""2555_8""",0.7392079674440244
"""6091_9""",0.7113761310343996
"""712_9""",0.47366225418333285
"""9445_10""",0.5799571240119282
"""1777_10""",0.6537546426650018
"""490_8""",0.3488161858009073
"""318_10""",0.48354565911260977
"""10143_9""",0.7188007180330404
"""3608_8""",0.741625221974976
"""686_4""",0.56037572264009
"""12147_1""",0.2184567192716377
"""6782_10""",0.8155165017656258
"""5560_10""",0.8068032134412755
"""11621_8""",0.5932438847684716
"""11909_10""",0.5877999361210806
"""11938_9""",0.6480662292752254
"""1877_1""",0.37813616054274574
"""1298_1""",0.25755680905018263
"""11154_3""",0.10653407541360994
"""10898_7""",0.654040326792186
"""9980_8""",0.8201875749969756
"""9719_10""",0.7399247142426192
"""516_1""",0.09275692911317447
"""2541_1""",0.3952770458893049
"""23_10""",0.7654948719605307
"""3517_1""",0.21765790126444037
"""10839_9""",0.8425938868072445
"""11461_9""",0.5153807099452299
"""10150_2""",0.15846995508438846
"""10664_9""",0.854971950796459
"""6750_10""",0.40745610993496784
"""11165_4""",0.8134931923871607
"""3463_4""",0.5633013516573596
"""287_1""",0.10581019544818532
"""5582_1""",0.3459100451428528
"""1136_1""",0.6765639126542284
"""10316_1""",0.10882509295492394
"""1684_8""",0.6713212225473145
"""3556_9""",0.5895678981301863
"""11680_9""",0.7618552388348333
"""10775_10""",0.6175267230938487
"""5558_2""",0.21466248252040296
"""6203_10""",0.6522109548279136
"""4057_4""",0.4292152774054003
"""9010_8""",0.5678095429195258
"""1033_9""",0.8158500955917439
"""12116_9""",0.7501961300254046
"""8401_10""",0.9151072118164437
"""9863_4""",0.6331102208124563
"""2777_1""",0.12466475021911837
"""5797_3""",0.14251354397982094
"""9929_3""",0.21113876277971588
"""4177_1""",0.13466386219105492
"""2205_8""",0.8725629023881022
"""2839_8""",0.6852509086157028
"""7161_10""",0.6890319703729204
"""11724_4""",0.42964613796099216
"""10369_9""",0.7015104194151389
"""8702_2""",0.4932820487170356
"""1028_10""",0.7203433421640364
"""7226_4""",0.6389082700282478
"""8799_3""",0.43691621540070136
"""1573_8""",0.765271741703921
"""12041_7""",0.7404088651867127
"""6207_7""",0.6722042008176008
"""399_8""",0.8483993070137683
"""1034_2""",0.1626770491658911
"""1610_4""",0.7477629354318855
"""596_10""",0.7521408811411893
"""6474_7""",0.9342006923266594
"""4464_3""",0.37260091739891266
"""10637_2""",0.2658713628170992
"""3272_10""",0.6501889759214999
"""10194_7""",0.2567501761800287
"""11906_3""",0.4920842719989662
"""3666_3""",0.32428004071540295
"""6148_4""",0.5227098982726077
"""4595_8""",0.40033464601696145
"""6146_1""",0.2369052047723012
"""7512_10""",0.4171573729673934
"""12333_1""",0.22576079927183088
"""3490_4""",0.5886874593165302
"""8495_1""",0.11178815728061163
"""955_4""",0.3814979083924664
"""10582_10""",0.496346829071463
"""9477_8""",0.6660865432156872
"""7132_3""",0.1457221707575286
"""5214_1""",0.1288270110191389
"""8258_10""",0.5713012154529423
"""10387_1""",0.17252884464993434
"""268_10""",0.6322151788754403
"""8153_2""",0.0694814984791487
"""7353_3""",0.46144161839946357
"""7847_10""",0.9119962664368069
"""12028_10""",0.73525886113116
"""2998_8""",0.36859114252841535
"""2641_8""",0.6201666882568972
"""11923_8""",0.6902739385765194
"""12322_1""",0.31373315889275605
"""11816_3""",0.3347862485348256
"""7111_3""",0.1313718140659546
"""8107_10""",0.7651617752769418
"""8835_8""",0.6641193576254044
"""10142_10""",0.6757434748479709
"""4445_3""",0.1342258598505505
"""976_8""",0.5275663956373285
"""1996_4""",0.700536278945392
"""11496_3""",0.4967657232382209
"""1644_4""",0.6243144695063653
"""8573_3""",0.26254048482823167
"""10835_9""",0.5973480497861309
"""11531_8""",0.8637671607082507
"""5802_8""",0.5402388458614891
"""2501_3""",0.0751396528389221
"""530_2""",0.10443834098248579
"""1051_10""",0.7954488777054631
"""6629_1""",0.2199375291234168
"""10350_1""",0.5098659932551974
"""2943_10""",0.8747675800027969
"""7661_1""",0.1291694901065659
"""8359_3""",0.3177062062477557
"""10218_7""",0.666604341124481
"""10548_1""",0.14495718598039367
"""906_7""",0.5125480571518731
"""2708_9""",0.69385891341329
"""12478_4""",0.4201898882909834
"""10222_1""",0.3553944090449059
"""3560_2""",0.13666067717703143
"""3371_9""",0.13586451829362134
"""10009_3""",0.42952253489469483
"""3142_3""",0.554952969133205
"""3876_9""",0.3839230662515739
"""6662_2""",0.5220904283127166
"""4691_1""",0.4393947399010155
"""2491_4""",0.3269445073031437
"""12485_4""",0.5634461996882274
"""1716_3""",0.40551045469341007
"""10767_10""",0.8831213151652966
"""4083_2""",0.423397070250138
"""7656_3""",0.172418021155669
"""2532_8""",0.6905612160834618
"""11243_8""",0.32122428123745805
"""11878_9""",0.8502079222314701
"""3627_8""",0.6748849462622705
"""9049_10""",0.6040641351816338
"""2950_4""",0.27626663009908
"""4553_8""",0.8398498648276181
"""10414_1""",0.38237251224797086
"""4281_7""",0.4962431124745059
"""7905_4""",0.5674414761623637
"""10800_8""",0.31766011815095774
"""1562_4""",0.12312987965353846
"""7604_4""",0.30024021858109345
"""5752_2""",0.4416023769270119
"""9465_1""",0.3376947174070619
"""2701_4""",0.18786609820178363
"""12432_7""",0.3173472134313247
"""7583_9""",0.9136439048829333
"""4003_10""",0.47255698639876653
"""11082_2""",0.17068335680058866
"""7650_3""",0.41309109551366907
"""2215_7""",0.49217316263780525
"""6597_9""",0.6654712106493773
"""12268_1""",0.2508152533397935
"""8650_7""",0.5715794304914279
"""8311_2""",0.2634081732564766
"""10764_10""",0.7740407065918139
"""5462_2""",0.12388633752165283
"""10303_9""",0.833233433140474
"""12132_4""",0.3872143677102735
"""11786_2""",0.21019903665023382
"""6248_2""",0.34043816694575957
"""5570_2""",0.139230114431543
"""8367_4""",0.5393405318070702
"""2416_7""",0.7652575555611582
"""4073_1""",0.25302137592300217
"""4642_2""",0.41987593957892033
"""580_10""",0.48157186920195477
"""3328_4""",0.17580551239247855
"""9524_9""",0.8779428858580516
"""11980_2""",0.580130996781525
"""7812_9""",0.5718165727832883
"""3567_7""",0.7407709284184051
"""9592_2""",0.2035050492941273
"""8421_1""",0.17008025465674123
"""2618_1""",0.10781923109835927
"""2367_3""",0.6426340588230363
"""10613_1""",0.38207882970756124
"""7657_2""",0.10800372282059183
"""10992_4""",0.3388250158374707
"""10663_4""",0.28780505621821134
"""9589_4""",0.4673145954481656
"""5184_8""",0.36309342247027787
"""7352_7""",0.6385317622368106
"""6483_4""",0.8034792923993745
"""914_10""",0.684124965813308
"""1239_4""",0.4884580092884334
"""4465_4""",0.27352754704249205
"""82_10""",0.5651082776501819
"""3696_4""",0.34801711253665646
"""1507_8""",0.5403433806926966
"""12211_3""",0.18753757731901366
"""4003_3""",0.11860930109769605
"""3738_3""",0.6563270078363813
"""12089_10""",0.6225229281129718
"""593_1""",0.050999862663848046
"""7555_3""",0.6401806779140309
"""9897_9""",0.8534606837997865
"""299_1""",0.45757689134747276
"""2774_3""",0.22088244402125676
"""4723_8""",0.6374152054899281
"""1636_2""",0.121533827686581
"""3383_8""",0.8453814559864682
"""5360_10""",0.894816566226135
"""11542_10""",0.7378987898944415
"""1964_1""",0.046793744595540955
"""10323_10""",0.5601583821207775
"""5166_1""",0.07641250089423844
"""12371_1""",0.0634934131490871
"""7426_1""",0.3004635938788105
"""11832_4""",0.8139590806351578
"""684_9""",0.6103480657357717
"""519_7""",0.23832601429616523
"""1712_8""",0.7972686891515458
"""5973_9""",0.8037913009651527
"""2820_3""",0.3429934878013946
"""5023_7""",0.787193026868117
"""2625_1""",0.3430308715913254
"""2699_9""",0.5783217810651844
"""7123_1""",0.15809035352562376
"""7327_10""",0.8333497536561372
"""944_8""",0.8756602474008918
"""9757_10""",0.6341646690442206
"""12491_9""",0.5007234942617618
"""12301_10""",0.6011372784874327
"""421_9""",0.8978194189371179
"""6655_2""",0.44313081325265563
"""610_9""",0.7434119570567789
"""3020_1""",0.2597868808231008
"""1797_10""",0.7618698672437233
"""1248_3""",0.28067066515793937
"""2524_10""",0.8406726205413777
"""10596_3""",0.6577800319022894
"""9326_3""",0.19632158241128878
"""9346_2""",0.22854690245009707
"""3890_8""",0.8671408525381888
"""7836_9""",0.5472480474328129
"""12388_7""",0.49101730804525895
"""3205_2""",0.07243021102031587
"""1547_9""",0.8776529266379073
"""2706_1""",0.14179696753606025
"""391_10""",0.519989517621278
"""1544_10""",0.6658717705730391
"""7861_8""",0.7005759925132723
"""1448_2""",0.2808194255248041
"""6451_3""",0.3982992511451831
"""12187_3""",0.675453119291682
"""11702_4""",0.6562593126751289
"""5947_1""",0.3513850794119371
"""1282_3""",0.36094926021866763
"""7492_2""",0.23459550551399333
"""7724_7""",0.7364597340832942
"""1564_1""",0.8039167433906552
"""4425_9""",0.6463944130846765
"""9416_9""",0.6491910105110172
"""10826_10""",0.821877811627232
"""4402_10""",0.8252691579949217
"""9332_3""",0.14129656969256335
"""5856_1""",0.1265369250353754
"""2784_2""",0.12452578298079327
"""3216_1""",0.30209898235122706
"""8057_9""",0.7489284680750953
"""526_10""",0.7580878943088923
"""4376_1""",0.18256742659053304
"""9513_9""",0.7807095207373718
"""9972_9""",0.7945508854539503
"""339_1""",0.3403789620484608
"""11898_1""",0.3600886921674619
"""9282_4""",0.5667292255996793
"""2303_4""",0.3834273020485997
"""10199_1""",0.05872688093936663
"""11660_10""",0.863704158013767
"""714_4""",0.5237414340073705
"""9283_9""",0.6027476406609733
"""2972_2""",0.5586220096760209
"""9060_7""",0.8705123586318336
"""3562_8""",0.5857919413887754
"""11064_8""",0.7095192159577244
"""4190_10""",0.7070587589364155
"""12472_10""",0.7508443018065235
"""2942_1""",0.395797894317824
"""9560_9""",0.3706547948099202
"""2692_4""",0.3499098704340105
"""12057_1""",0.05972969271855914
"""11197_2""",0.41893486591750706
"""5827_4""",0.8090571190036324
"""4752_1""",0.2891287055290622
"""8114_3""",0.1641450849212491
"""5643_7""",0.6977369312524964
"""9127_2""",0.35345369095918966
"""10540_10""",0.2642299692767251
"""7342_2""",0.1668393928482393
"""4651_4""",0.614936301364446
"""8798_1""",0.20294375674568912
"""5973_3""",0.5180320314676459
"""8314_2""",0.13700027460765013
"""7856_1""",0.25749444046710185
"""1255_4""",0.2568899936503655
"""9615_8""",0.34945784219133486
"""7261_4""",0.3258660607437167
"""9700_9""",0.5772664660671836
"""5938_10""",0.6443445979376153
"""970_7""",0.31517126411202817
"""7715_8""",0.7018198933073109
"""4643_2""",0.45136382063456487
"""7069_1""",0.4279578409263062
"""8600_10""",0.7021288103815898
"""10275_3""",0.3900949742429468
"""9519_1""",0.288329516738972
"""8861_10""",0.6082619332896214
"""8558_4""",0.277476912004607
"""7495_4""",0.4784732026231932
"""4727_10""",0.4264219843916861
"""9647_8""",0.606818211596438
"""7192_3""",0.5324997713416956
"""8772_8""",0.830958056228206
"""1198_4""",0.5019966038723233
"""4249_7""",0.4208135475946632
"""6816_2""",0.4271461241650983
"""10243_9""",0.8506114625205622
"""8365_1""",0.44081101923643784
"""2529_10""",0.6537817502297716
"""2538_10""",0.7517406974466863
"""5946_1""",0.0923960937901652
"""6716_8""",0.6572049196277341
"""2633_7""",0.8400780373725305
"""10513_1""",0.1603680546306872
"""4847_1""",0.4612557261084641
"""2552_10""",0.6463401739455172
"""7166_9""",0.6878585128979516
"""398_8""",0.8378328990987265
"""6925_4""",0.3530964990202733
"""9873_9""",0.4408151673561461
"""3598_4""",0.416663352120894
"""5996_3""",0.24577116774008956
"""4024_10""",0.672411463449034
"""3184_10""",0.6893740005737832
"""3801_2""",0.3175067900659544
"""1722_10""",0.6926133908276421
"""9344_1""",0.2749570923398888
"""2874_2""",0.21869278582745091
"""2914_4""",0.6129597375706045
"""9643_3""",0.29567308154428323
"""1756_10""",0.7962936499872437
"""2781_1""",0.38622754852741115
"""3559_1""",0.06310433002588704
"""6250_1""",0.22615039102460036
"""10960_9""",0.8583953609103034
"""565_8""",0.415368986230212
"""8749_9""",0.4080757120226574
"""11273_4""",0.7977289076197737
"""6933_4""",0.5623675409984948
"""7295_1""",0.18980845038894983
"""12267_1""",0.16971469011060777
"""9844_4""",0.48179470526354684
"""1949_3""",0.5662457414785153
"""10048_1""",0.10288632041750391
"""7242_2""",0.20592204349754012
"""1722_2""",0.29309227188120784
"""9869_1""",0.18635476416916716
"""609_1""",0.4457949388643202
"""9383_7""",0.4324126871766966
"""6593_4""",0.5906315876893867
"""3284_10""",0.636022245814068
"""6190_1""",0.7816053645449819
"""8305_10""",0.5904608116298351
"""20_1""",0.4468336736078466
"""10037_1""",0.4558632417875267
"""1751_10""",0.8268879654136404
"""6821_7""",0.5815585573379731
"""4780_10""",0.6094487249274745
"""1290_10""",0.7833060281723128
"""10777_2""",0.16788152409025303
"""3450_1""",0.2735561577448424
"""747_3""",0.3473948518345093
"""9262_10""",0.8673839697419112
"""7206_10""",0.6136801808602388
"""3700_4""",0.6183538379360971
"""2953_4""",0.6210163703695407
"""6828_8""",0.5948813116994057
"""10831_7""",0.6821248232158826
"""5014_1""",0.22298577822023588
"""11679_10""",0.8176386345087557
"""3476_9""",0.7520590449630375
"""12052_8""",0.43376370125903124
"""8635_3""",0.4620455733048025
"""6475_10""",0.7032797912980528
"""8531_2""",0.656771622252581
"""9018_7""",0.39994792613962304
"""1492_9""",0.65528981628834
"""10993_10""",0.8750810784096356
"""1896_2""",0.18047622540499678
"""8241_1""",0.323566680608203
"""3568_8""",0.3988509105478457
"""9424_9""",0.5346962334281394
"""3791_1""",0.27214457162904276
"""2117_10""",0.7163165251647713
"""4679_8""",0.6841394096201537
"""1217_7""",0.7245765980912536
"""7969_3""",0.18499481915754934
"""2271_10""",0.6956018451506215
"""5772_9""",0.5303924567326128
"""1347_8""",0.7277002216508051
"""11800_1""",0.109913473081773
"""8820_10""",0.7941540026148585
"""10014_7""",0.47057269556326065
"""9864_8""",0.5117900315134717
"""6926_4""",0.23958661702227182
"""1842_10""",0.8812364595102739
"""756_7""",0.37153521981641374
"""7657_10""",0.7928083894484006
"""12416_7""",0.16322803645269127
"""833_7""",0.2972631494751624
"""8746_10""",0.7344456805967877
"""6374_10""",0.6727841092875422
"""24_10""",0.8228285783730722
"""5133_10""",0.5302973308441882
"""2937_1""",0.4414238388714471
"""9845_8""",0.5986709688736608
"""6236_7""",0.4789892566346358
"""8525_7""",0.40726514230591276
"""10398_10""",0.8322634985423675
"""6555_7""",0.6620124636846748
"""5873_3""",0.3968228352903273
"""12235_8""",0.7730841221884066
"""8972_2""",0.49429735164466715
"""6313_1""",0.28784907334736076
"""3277_1""",0.2310383165382346
"""9661_10""",0.4287628330154476
"""11759_4""",0.5586620342502521
"""7960_2""",0.5366675926965574
"""2710_7""",0.8896893619510833
"""3152_1""",0.10714848349278976
"""3186_8""",0.8142089752236733
"""6180_2""",0.23768809209467773
"""3303_1""",0.2081455110113803
"""250_1""",0.17435973369701394
"""8902_1""",0.29130436433462087
"""7964_9""",0.8902296070153759
"""78_1""",0.2337946911254631
"""9162_9""",0.6300256991819211
"""11868_8""",0.7816691367711711
"""8522_8""",0.6673569332718147
"""8517_8""",0.5539981590376368
"""12341_4""",0.5447025483254329
"""3300_1""",0.39129662572673607
"""2961_10""",0.5986254573167582
"""11309_10""",0.6352408281260346
"""381_10""",0.7861883588314267
"""6537_10""",0.8571140165767213
"""4623_10""",0.39000419622031635
"""12425_10""",0.29510195794988847
"""817_7""",0.28224516822471346
"""1853_3""",0.30586666152547554
"""3586_10""",0.5235531429946492
"""6148_9""",0.6804842925054588
"""5020_10""",0.774095323671228
"""6486_10""",0.7961281443429071
"""560_8""",0.8612916963780178
"""11210_3""",0.3342603843997858
"""4714_1""",0.2288960782442185
"""7175_7""",0.5365043653824892
"""10289_9""",0.8162050206324689
"""2497_2""",0.3722636702815041
"""6359_3""",0.44759167058324173
"""4905_3""",0.2544055000350759
"""4701_10""",0.6417354944068768
"""292_10""",0.8122164834652029
"""4010_9""",0.3725724242312256
"""1591_2""",0.8107121473002714
"""619_10""",0.2679200949167104
"""8563_1""",0.2036745487496626
"""488_4""",0.3910278094431277
"""3148_10""",0.8695141493937578
"""2046_4""",0.153054633011472
"""11560_8""",0.7141804347531828
"""8694_7""",0.5257358742115157
"""11041_10""",0.828936031181027
"""6159_8""",0.8022942508338372
"""10205_1""",0.23301772910545845
"""7840_9""",0.7701970356780464
"""3298_10""",0.48474291171446976
"""2854_7""",0.6383543510106179
"""3521_8""",0.36669298480766016
"""8317_2""",0.22426796856242365
"""10564_7""",0.6737526277031871
"""7951_3""",0.1832325869170677
"""9834_8""",0.6475080501151629
"""4809_9""",0.702232056855004
"""4675_1""",0.6724629785643148
"""9493_10""",0.5670646645827454
"""7841_4""",0.3675291174730031
"""8076_10""",0.31140221530466033
"""3242_8""",0.7592450438539443
"""11666_3""",0.47594102479313266
"""9341_2""",0.30831164679184164
"""10384_1""",0.17450389312131898
"""1558_9""",0.877739397479317
"""9790_10""",0.466552393540146
"""12149_2""",0.6271036855438856
"""11533_4""",0.1308312084689931
"""4438_3""",0.3180171719608253
"""11177_4""",0.6888977572348749
"""8657_7""",0.5059027941658804
"""4485_4""",0.530236699570396
"""1313_3""",0.1451822678582534
"""7383_10""",0.9031928015439789
"""11875_8""",0.7947162013467157
"""9838_7""",0.7422481717552684
"""33_3""",0.3313962814126716
"""5747_1""",0.28255764864845206
"""1420_8""",0.6195436247402936
"""7292_9""",0.5885180675071982
"""5218_7""",0.6360198514495756
"""3359_9""",0.5268604374935822
"""10947_8""",0.5486993835540553
"""219_1""",0.3060179144245774
"""6374_3""",0.14798749401018724
"""9686_10""",0.7112037587270543
"""6757_10""",0.5664822216466259
"""1003_8""",0.6760190936269166
"""9313_9""",0.6524269020356954
"""6175_10""",0.8043925267105504
"""5391_7""",0.697033162431606
"""1085_1""",0.14846796590329148
"""9054_1""",0.20137605634608208
"""8543_10""",0.8450103042419989
"""686_8""",0.6339159924129228
"""6959_3""",0.13636181522508606
"""11014_4""",0.1635234313827912
"""9204_8""",0.6169081837131555
"""9029_7""",0.39882273753384695
"""10441_9""",0.618054193252084
"""5245_10""",0.6008565735719589
"""1480_7""",0.12295213369821587
"""6426_3""",0.20700720107957019
"""1700_1""",0.42385461866347945
"""2783_10""",0.5623507934263464
"""6152_8""",0.7420993090223681
"""12282_10""",0.6597026190382215
"""2948_4""",0.2196718288441788
"""11974_2""",0.09849896510996961
"""5944_7""",0.7698764716139234
"""9370_8""",0.7818601380660104
"""711_10""",0.4444562221045224
"""6169_8""",0.8522814416601324
"""12329_1""",0.06375439677556786
"""4904_1""",0.18159573093635412
"""2070_3""",0.31725166643832226
"""25_3""",0.15734794033823168
"""1819_4""",0.2636015599019911
"""8642_10""",0.538200483343359
"""11504_10""",0.7390844432784899
"""10193_7""",0.7245765980912536
"""8917_4""",0.3409917573329633
"""9380_2""",0.6691495042005132
"""10048_8""",0.9002056298743534
"""7288_9""",0.5472614155394485
"""8128_4""",0.594253807395907
"""7800_3""",0.4298972021403593
"""5852_1""",0.08998422333802612
"""8027_1""",0.18160626567299154
"""10317_1""",0.3581165375465451
"""10280_8""",0.44279637924533316
"""3959_10""",0.8160111834532379
"""6115_10""",0.807473717435338
"""6078_8""",0.8363862909594643
"""12273_9""",0.7758533683661036
"""1497_10""",0.6770069950356408
"""2969_9""",0.8199853134906171
"""2577_1""",0.20740676130554508
"""4519_1""",0.453771918931365
"""8596_4""",0.4445668295423432
"""254_3""",0.10426988368386045
"""7005_8""",0.22836352097373966
"""5426_10""",0.5836181253555741
"""965_9""",0.3943274729010928
"""2044_4""",0.674087553504421
"""9006_3""",0.3788793505547274
"""11462_10""",0.5386874567965371
"""4990_7""",0.5615767369286153
"""163_7""",0.5068552474382659
"""3134_3""",0.3843302954998575
"""2922_4""",0.4685167973778924
"""5777_1""",0.2994073232855502
"""6340_7""",0.5898812916623836
"""7896_1""",0.22617314278406728
"""2321_8""",0.5699763594157239
"""2187_1""",0.6574385436582874
"""1831_9""",0.7872627276482702
"""9321_10""",0.703681703447171
"""9970_10""",0.4503708387915362
"""2978_4""",0.23934989673688314
"""7491_3""",0.10662050586803624
"""2491_10""",0.5248870019432709
"""749_1""",0.310176663624701
"""4751_2""",0.35763438842422796
"""3276_1""",0.40695177869792426
"""10889_9""",0.7129276689704241
"""5887_1""",0.1491087758640854
"""8806_9""",0.7439185347122339
"""8569_2""",0.18493894223956212
"""3209_10""",0.8470982236876468
"""7139_10""",0.5136338703140632
"""5052_3""",0.2520905877624187
"""5773_3""",0.2840098846946574
"""1663_9""",0.885531181419772
"""3575_7""",0.6337911588343992
"""12017_1""",0.38436722044766547
"""12460_8""",0.7742467839559584
"""7925_2""",0.09610835158808131
"""1643_10""",0.6906302391587812
"""4537_1""",0.29596238914734513
"""10651_3""",0.21872267423103442
"""12075_10""",0.726476337225504
"""4823_1""",0.7038466916320837
"""5392_7""",0.6152450933276995
"""5436_9""",0.6563795097014247
"""3088_8""",0.5935439329852018
"""6607_9""",0.5023330130327923
"""7648_1""",0.5427741127497147
"""1073_8""",0.5618799571193325
"""4587_8""",0.49935859861525494
"""9463_10""",0.6737327227791006
"""11962_1""",0.08556128534490118
"""8718_4""",0.41840639228688487
"""7781_10""",0.8789235491830268
"""11495_2""",0.38128950046062976
"""2772_4""",0.5904089199565515
"""4029_1""",0.054736607884726264
"""2080_10""",0.5092877557606568
"""6250_9""",0.8231184959229917
"""2985_9""",0.5793719837765202
"""2935_7""",0.5084270986875434
"""7900_1""",0.054924918624675696
"""2433_8""",0.7944835091889911
"""12366_1""",0.07078736884121362
"""10910_2""",0.28071102444177704
"""5265_3""",0.23876351943719354
"""9603_10""",0.5447322560787378
"""11989_3""",0.0753971632992445
"""2929_4""",0.5283343511629096
"""1796_1""",0.30506723927784735
"""10659_2""",0.6768859642587612
"""4978_9""",0.6684685665466705
"""11823_8""",0.8468315897098239
"""1732_8""",0.5593181255875763
"""1103_4""",0.5703756165340409
"""8958_1""",0.22351815668337086
"""8607_4""",0.5575024587339216
"""5820_9""",0.933892951759621
"""8885_3""",0.13671994171657909
"""3718_10""",0.26970553915970535
"""3822_1""",0.19349047363182817
"""9886_10""",0.8577579729301945
"""9806_10""",0.6583338573719253
"""10009_10""",0.602814446155618
"""5979_2""",0.06651676657727153
"""11937_3""",0.38439404464061133
"""4776_8""",0.5986513352041143
"""9009_7""",0.40957707802115967
"""8094_7""",0.7196334879876634
"""828_3""",0.38896397656095366
"""3318_1""",0.1772247129737211
"""3558_4""",0.31767055392915294
"""7967_8""",0.7531846633564168
"""5275_7""",0.6735878773547356
"""5130_1""",0.06878543696121223
"""1327_9""",0.34217066979515537
"""11526_8""",0.6649414674813587
"""32_10""",0.9310684832382295
"""10697_1""",0.07872008777764089
"""9966_1""",0.08937228017809522
"""3132_1""",0.5352714074291623
"""967_2""",0.32556533983579583
"""6483_10""",0.5768429679931093
"""698_10""",0.5915076224794042
"""7848_2""",0.6914240433853128
"""9349_1""",0.2387869973006266
"""10532_9""",0.741232279880448
"""11819_2""",0.5192278707859832
"""6812_1""",0.059937736549886385
"""5401_1""",0.06638474692476483
"""3528_1""",0.10394411243115975
"""12239_1""",0.1190571058204875
"""1479_4""",0.1426747883692474
"""2732_4""",0.28209199538796126
"""6806_10""",0.5795908756292478
"""2119_9""",0.6615289462760997
"""8565_9""",0.2811228566127859
"""1914_8""",0.555539575578796
"""4835_1""",0.20854811665569117
"""1029_2""",0.5770372695370249
"""9228_4""",0.4988192603851856
"""2391_2""",0.36291570207510426
"""9674_9""",0.7217571819022787
"""9404_9""",0.6084821300175112
"""5987_1""",0.17432289402040127
"""9237_8""",0.530794231731346
"""9879_2""",0.5071447458244669
"""1370_10""",0.1892268149893401
"""10662_1""",0.2109298732166254
"""6937_7""",0.12106461375094718
"""6355_9""",0.477089784415925
"""3784_4""",0.17705406096690365
"""9136_10""",0.3558613630466237
"""9557_4""",0.3748687261860941
"""12013_7""",0.6926464848403782
"""1114_4""",0.5225854020065848
"""6890_10""",0.7530727269310619
"""3238_8""",0.8532989577741185
"""1790_10""",0.7239777763757372
"""4277_8""",0.6065362270713633
"""2257_4""",0.6610440116886142
"""7677_10""",0.7803284453136272
"""1618_4""",0.2382903947315207
"""7314_1""",0.5590975302159109
"""10332_1""",0.12394140647592103
"""7746_2""",0.745039447302277
"""9303_3""",0.20633725625251487
"""12321_9""",0.8112902130380318
"""10341_2""",0.17763269928482842
"""7745_9""",0.8719565982615898
"""11104_7""",0.5048327784480535
"""10855_1""",0.5842777027905298
"""10300_1""",0.1565875445570854
"""2037_2""",0.44284303551798454
"""7754_9""",0.7886139286629388
"""9503_10""",0.5830509240907054
"""396_7""",0.6954772214385965
"""583_2""",0.4186185509647558
"""4469_3""",0.49305619711595233
"""11038_1""",0.18900795225917688
"""2285_4""",0.5562473626859764
"""5069_8""",0.4384530259958002
"""8736_8""",0.5949748638302015
"""9486_3""",0.5388118381832793
"""11669_10""",0.4277756601425977
"""8598_1""",0.44682966811761354
"""1344_3""",0.45744696711383886
"""11789_3""",0.09907164331429265
"""9605_2""",0.2752695675438018
"""10122_2""",0.5295979073949397
"""3752_10""",0.4837167190132396
"""3864_4""",0.22654415789100915
"""10505_7""",0.5764375888770708
"""3822_8""",0.6880018782079423
"""8146_4""",0.5837734329784962
"""11114_8""",0.3874844658806165
"""7847_2""",0.7928703920417328
"""10300_10""",0.7024631330304801
"""7021_10""",0.7356471665494694
"""8_9""",0.6312479541187216
"""7199_2""",0.39193388293664044
"""9392_9""",0.46692480490610655
"""8234_7""",0.6881066485715066
"""12328_7""",0.7724992933149548
"""9918_9""",0.6985532190877325
"""10066_7""",0.31853976482639246
"""5482_2""",0.5039329243999228
"""6914_4""",0.5986186337613654
"""4665_7""",0.45282618306646616
"""613_4""",0.693420010727512
"""577_8""",0.5226748516720098
"""12490_4""",0.5346940893120228
"""8637_3""",0.4556254434477431
"""11815_4""",0.469408793522648
"""9490_10""",0.8061811166577209
"""4388_3""",0.18745643054697653
"""11778_10""",0.5925726388101246
"""4988_10""",0.8780241068658685
"""6590_3""",0.5196226695268196
"""4761_7""",0.6212979359396495
"""8828_4""",0.4803225931985658
"""10382_3""",0.24596973879605968
"""3321_1""",0.22050665409488
"""2550_10""",0.6363168666079337
"""12104_1""",0.5704114865975081
"""6431_1""",0.3372248694925463
"""8829_8""",0.35394299341328284
"""858_7""",0.5487034409828129
"""197_1""",0.5551754901003073
"""3599_7""",0.5924053332171261
"""10808_2""",0.3198622693497661
"""12050_4""",0.49908900050255917
"""6348_1""",0.11675022976142553
"""11051_8""",0.6898601101304258
"""11216_4""",0.5696263790205499
"""8360_3""",0.39770727063525024
"""9570_2""",0.5381374859120122
"""8040_4""",0.6988463256537549
"""3664_8""",0.7643206289177068
"""10003_8""",0.9255915651169632
"""3763_7""",0.260259639890302
"""9692_9""",0.15755879038676152
"""4503_1""",0.13456880233772223
"""10985_2""",0.41851078806531583
"""121_4""",0.6649451337467458
"""5651_10""",0.6236296105928752
"""9416_3""",0.2189622059312428
"""9128_8""",0.6278499054402249
"""8955_8""",0.8792290921656216
"""8787_4""",0.5113186836139048
"""1622_9""",0.3878392519971549
"""762_3""",0.15226293392833518
"""6915_2""",0.16925458324584175
"""8998_4""",0.29381986239740643
"""8200_10""",0.6366577757916626
"""1878_8""",0.5293176240100904
"""5969_10""",0.7527123355515044
"""8000_3""",0.47583083122953695
"""8161_10""",0.6494496830626025
"""9805_4""",0.2050363058366329
"""3815_10""",0.609031687446828
"""3783_3""",0.389047287037009
"""4924_10""",0.6350398982843078
"""7952_1""",0.12698997690172667
"""4060_8""",0.43883350160431084
"""775_1""",0.14854239759543236
"""696_10""",0.6581731860805812
"""8751_10""",0.2886295281787567
"""6073_10""",0.684649590789178
"""9982_1""",0.10587124177656823
"""3706_10""",0.2974231252653379
"""5996_8""",0.5047968252447752
"""3107_10""",0.8271102013178122
"""8913_8""",0.5353916140857264
"""8982_9""",0.8402007414944599
"""8938_3""",0.6114865526370001
"""3008_3""",0.10700981365151527
"""3787_2""",0.2764169219629833
"""6146_9""",0.7502109025068244
"""5664_1""",0.5467305073973526
"""2408_3""",0.4073686739144996
"""6153_2""",0.3152918776599637
"""7023_7""",0.8073880531055021
"""2571_3""",0.08376910646714242
"""6808_4""",0.3718129531855293
"""6425_9""",0.9468692265005639
"""11139_4""",0.4822619556578271
"""320_7""",0.6461656116635268
"""3098_1""",0.12009705432296279
"""5369_10""",0.39851558953871896
"""480_3""",0.25513771386763084
"""7884_9""",0.6680679691281687
"""5247_1""",0.10840445203832182
"""3192_2""",0.13303593316593512
"""12127_1""",0.11860172311046374
"""1237_7""",0.7996076895175781
"""612_3""",0.5022923956057823
"""6016_7""",0.6754985572969093
"""10490_1""",0.17416332643536783
"""5180_8""",0.7894288564906706
"""3122_4""",0.6779919734894021
"""2845_8""",0.8391786213892581
"""9000_8""",0.8077277100135284
"""448_2""",0.42129956301628857
"""1207_10""",0.8046157528031924
"""11989_8""",0.8758893286275605
"""11102_9""",0.9493368852194338
"""1761_1""",0.304721753149997
"""9815_3""",0.16401927405800845
"""12023_1""",0.44029431005253483
"""9901_10""",0.8124718367854535
"""11740_2""",0.5431728629108395
"""4702_10""",0.5875692658223721
"""4885_3""",0.26265606734662855
"""0_2""",0.4731392829832261
"""2273_2""",0.43980265538770935
"""11340_8""",0.8540050691639232
"""12012_4""",0.6036620541092766
"""10534_10""",0.6923174513372823
"""8424_2""",0.2761516747150091
"""8716_3""",0.4063972729152556
"""7154_10""",0.4867324842020546
"""5001_1""",0.22778161285181167
"""6511_3""",0.33321672586911366
"""3308_7""",0.7616007204400893
"""2720_2""",0.4840742942300241
"""1183_10""",0.6611765676298288
"""12387_2""",0.17379999432698578
"""6580_2""",0.5238463076096115
"""4431_9""",0.8113441431591824
"""11828_7""",0.5541035782354283
"""6737_10""",0.7667499938209325
"""7505_4""",0.1777104709191099
"""4798_2""",0.6458498941997125
"""4773_1""",0.29338025951195684
"""6719_3""",0.38520698516813423
"""6475_3""",0.22455921562029174
"""11733_3""",0.10331050587530458
"""9360_7""",0.7287764147467805
"""5571_1""",0.0456057869518978
"""10316_10""",0.6565030866164555
"""5068_3""",0.28341292922815486
"""11188_8""",0.24333856191262318
"""7291_3""",0.6846107054078516
"""6233_3""",0.2559465082369595
"""11710_1""",0.45164645804138565
"""3780_7""",0.590586771352404
"""3210_10""",0.5811980775517472
"""2885_3""",0.4809926452711465
"""2912_4""",0.3913920660614499
"""3320_4""",0.27666339703453546
"""11275_4""",0.3084031853081716
"""8406_1""",0.2623329086990925
"""8275_10""",0.5950765411712672
"""4862_9""",0.7373115391431372
"""11817_2""",0.3192264634381198
"""302_10""",0.506357732387169
"""11341_1""",0.5875721500180883
"""4626_1""",0.2269987124802583
"""1030_2""",0.3646147579354321
"""4799_8""",0.8589747209712724
"""4845_1""",0.10185488199497014
"""3458_1""",0.08816820948562631
"""9535_9""",0.6595077073195325
"""6553_10""",0.5823200329878313
"""486_4""",0.381341284268847
"""11162_7""",0.5037525723463304
"""7689_7""",0.6810282199355124
"""12058_1""",0.07653886536385247
"""3740_1""",0.30582769310235314
"""11656_8""",0.619670548057447
"""9795_1""",0.05159075199187188
"""1947_1""",0.3504165096735001
"""1468_1""",0.36475171596502987
"""4158_10""",0.6966502374896253
"""5876_1""",0.4705165552486878
"""12084_4""",0.6066753859573764
"""5434_7""",0.6923490971992914
"""7984_9""",0.5649625830253895
"""2217_8""",0.5896865341313593
"""2300_4""",0.28354541483194856
"""8707_7""",0.25070934829530045
"""3345_10""",0.7106595522489936
"""7375_8""",0.727420923276646
"""1150_2""",0.18078367861843286
"""8557_10""",0.7775623335045723
"""5590_8""",0.8407834075768708
"""5270_1""",0.36545867800127674
"""10339_4""",0.32237198967796843
"""6789_3""",0.5926916411471476
"""4289_1""",0.44116912166802275
"""693_4""",0.5778157258410034
"""326_1""",0.5657657617502434
"""9786_8""",0.5999656689283878
"""6610_10""",0.8490178181143473
"""11350_9""",0.9319019107411007
"""10907_1""",0.4833847708476197
"""3285_8""",0.3939937883166029
"""10964_4""",0.14125828724461356
"""5411_1""",0.17072149040698978
"""6188_10""",0.72410200349582
"""7110_3""",0.5041526837003361
"""7355_8""",0.4349763860612723
"""12116_1""",0.4690479154644685
"""1187_1""",0.05323546234992487
"""12167_7""",0.5841641103449914
"""5530_9""",0.6810424877103697
"""2829_10""",0.4051093420680764
"""9549_4""",0.0661169916408579
"""8805_10""",0.6271805943262989
"""10265_3""",0.19729448695489432
"""5227_3""",0.21390889222456952
"""8693_10""",0.6987211036881693
"""6331_10""",0.8537809072689982
"""9079_4""",0.3149131657465874
"""7200_1""",0.26313801211931376
"""9322_10""",0.7406155985692833
"""2899_4""",0.058783874178762296
"""6478_10""",0.7553462152213668
"""4659_1""",0.233316275093088
"""6755_1""",0.19253742216419398
"""10385_10""",0.7707016475111419
"""11861_1""",0.17957261839983796
"""5483_10""",0.8769271156600488
"""4012_10""",0.7114401907540223
"""7146_9""",0.7403154206711017
"""3782_9""",0.658570653006922
"""12181_4""",0.3249210851266168
"""10663_10""",0.5944327051262777
"""4712_1""",0.27292684782493604
"""11071_10""",0.5217604241579011
"""11171_3""",0.2836093620823698
"""9043_10""",0.8555464877599143
"""9912_10""",0.46297513884570973
"""7306_9""",0.6431672674442006
"""12382_9""",0.5351010711405233
"""11654_9""",0.5516462915295217
"""8848_1""",0.054532310056492485
"""4076_3""",0.45168342827504787
"""8248_3""",0.2971789365026148
"""10011_1""",0.6039615130295801
"""11769_1""",0.32361420824927545
"""4164_9""",0.8244334498202075
"""1831_1""",0.319477933559883
"""4164_1""",0.4866997375475473
"""318_3""",0.21498857995787163
"""7221_10""",0.5339886944243679
"""10912_8""",0.8930395220731704
"""1321_4""",0.6124168251739327
"""7712_7""",0.6646934684449574
"""2680_4""",0.16827041035962742
"""8374_1""",0.14158081951223755
"""995_7""",0.8324891797185155
"""2009_1""",0.10567590807077305
"""3905_9""",0.7366344070859383
"""3348_3""",0.23525154117731012
"""6466_1""",0.3411953178434197
"""11900_10""",0.8602040138158829
"""1634_7""",0.33761336974386075
"""8245_4""",0.5842109965954805
"""8561_1""",0.3393224804514855
"""2072_2""",0.29743163278451434
"""12060_10""",0.6225907895782214
"""8178_3""",0.4238501291519134
"""8778_1""",0.3747881534353637
"""10489_8""",0.8390420164999778
"""10118_8""",0.6543844947777656
"""3470_8""",0.8825438995476305
"""8014_4""",0.739036501070602
"""582_10""",0.7656309471221345
"""8984_8""",0.46598785339198734
"""9085_8""",0.5477285473632427
"""8894_2""",0.36175121199766735
"""3762_2""",0.17610235829644025
"""3815_2""",0.08985423175497433
"""5903_9""",0.5135161779566948
"""8907_10""",0.8201075595647106
"""6140_7""",0.4539085390081838
"""9279_4""",0.7719067489313464
"""2948_9""",0.8999973834384903
"""10588_10""",0.8402937722206701
"""8239_1""",0.44871073140558365
"""6986_2""",0.12702083629057237
"""5308_3""",0.23704977676909586
"""11984_8""",0.44555645507051894
"""9984_4""",0.3964667119105914
"""11803_8""",0.7416851788688841
"""2925_10""",0.8647399487682551
"""11396_10""",0.6516988868871338
"""8998_7""",0.6344835798161312
"""4511_7""",0.9240652761364961
"""5780_2""",0.430240822226679
"""9838_4""",0.45045348529170065
"""422_10""",0.617894733098441
"""11389_10""",0.7644855131936182
"""8511_3""",0.6216728880313991
"""2089_10""",0.8733546922824327
"""5818_3""",0.24014822805115557
"""566_9""",0.7299356212243984
"""452_10""",0.8807588869593598
"""4451_9""",0.6334295618839224
"""6105_1""",0.5587244931275333
"""2158_10""",0.0733647657740042
"""10395_2""",0.3467023476015411
"""11291_3""",0.20260775479350776
"""2408_8""",0.7615229110632188
"""3698_9""",0.5046292628775962
"""6060_2""",0.11252272852733808
"""9509_10""",0.2733860566597269
"""7136_10""",0.6238060489003608
"""5557_10""",0.826641310862304
"""7155_2""",0.15432314945625383
"""11421_10""",0.5578078452505673
"""3620_4""",0.5842472985802835
"""2176_4""",0.7741301255496903
"""8970_1""",0.332410394159859
"""11186_10""",0.8840341853183764
"""9604_3""",0.13414480979349525
"""6047_10""",0.45117265268726575
"""4487_9""",0.7287538864248191
"""11880_3""",0.47955370982485873
"""2650_2""",0.1366523351609008
"""5279_1""",0.13547482149274415
"""9289_1""",0.5466718539781423
"""11673_10""",0.6662791070882284
"""6890_2""",0.15342872094133173
"""2668_10""",0.6186562387318603
"""942_1""",0.11749771229458789
"""264_1""",0.3608687466207693
"""10157_1""",0.06654293485135387
"""791_10""",0.5395494754059578
"""11434_9""",0.8984627077695717
"""5630_2""",0.718467589886951
"""9392_1""",0.07016539512233493
"""12471_3""",0.3868230040924563
"""8593_9""",0.5034990673482972
"""10333_10""",0.4826989945536394
"""9146_8""",0.40406718310776457
"""5404_7""",0.8296574451297216
"""7662_9""",0.7162510838023778
"""11068_1""",0.43225782152465414
"""4460_2""",0.3738077628141147
"""5002_10""",0.8571722305423465
"""9269_9""",0.8106402417712474
"""1639_10""",0.6170287084221386
"""9045_1""",0.339916955965092
"""9944_8""",0.6334752518409646
"""4091_4""",0.4195910036654157
"""6889_4""",0.8189773617808325
"""71_9""",0.8528366349057577
"""10173_8""",0.7446739786793398
"""2513_8""",0.6990455431205889
"""7507_1""",0.30548504489089523
"""1235_2""",0.27479156448733144
"""3325_1""",0.5017416314291608
"""4146_7""",0.5735878522289479
"""7286_8""",0.43588363872731095
"""4096_1""",0.1707807959025214
"""3897_7""",0.8301966811890702
"""11240_10""",0.6785731358030117
"""4109_1""",0.12639522431358438
"""9566_4""",0.2382185491704844
"""2038_8""",0.6711228688405305
"""6985_7""",0.5591034414394216
"""6967_9""",0.39401464035016714
"""11020_10""",0.6532019941690601
"""3291_1""",0.4869503827908255
"""9763_3""",0.5608750635169759
"""1943_7""",0.465486335390652
"""7599_7""",0.6667201380265417
"""8158_8""",0.7737182014409457
"""4140_3""",0.3459275753216496
"""11840_2""",0.05523521082478945
"""9675_1""",0.0883073675889462
"""10878_1""",0.12786073008656168
"""10760_1""",0.4110589793732858
"""260_1""",0.1341426972514092
"""8188_10""",0.7751195149056458
"""3260_1""",0.44945226991135484
"""6172_9""",0.563225931646052
"""10021_3""",0.2612943279513819
"""7784_10""",0.5840433793989485
"""4066_1""",0.29373480463919743
"""12325_10""",0.7337177410598064
"""9894_8""",0.7549682293480388
"""1242_1""",0.24720724570288483
"""2059_1""",0.17867139413054225
"""10686_7""",0.43486647119532784
"""8110_2""",0.198036877706728
"""8398_7""",0.612070670249774
"""6096_9""",0.4950169917578945
"""9422_3""",0.39557523416977725
"""2919_4""",0.6632891250911948
"""10248_1""",0.3815796912836838
"""7480_1""",0.5932514190952027
"""3248_8""",0.7317602951681801
"""10264_2""",0.08956882537340029
"""7401_10""",0.15574473509840198
"""10528_1""",0.41089612306528656
"""7623_8""",0.17371357004726107
"""3968_2""",0.23762161927185488
"""10918_4""",0.4258195314696951
"""5146_7""",0.6215896667798532
"""12466_4""",0.1223125247892437
"""10395_10""",0.2679904769337121
"""3862_8""",0.6897666428106777
"""2247_1""",0.27209689002281207
"""2979_9""",0.6987383965733917
"""3271_9""",0.8641802540521543
"""5225_1""",0.1382338614887537
"""5662_1""",0.5015091111766058
"""12087_3""",0.6599455582101628
"""10765_10""",0.893975365194015
"""1256_4""",0.5373761301725377
"""2057_1""",0.0992814524460673
"""2610_7""",0.6027469171631499
"""2065_2""",0.10175043475894428
"""4410_3""",0.1717965945789529
"""6847_10""",0.8363385756982318
"""1927_1""",0.24562882115960388
"""4201_9""",0.6695673854751218
"""2578_8""",0.8541538692162607
"""74_10""",0.7919215213382035
"""8324_10""",0.855167631605243
"""4762_8""",0.3900589974623832
"""10612_3""",0.20231161586203864
"""11353_10""",0.8590836812419762
"""10709_8""",0.6569538511674875
"""3978_7""",0.3255801662010774
"""954_4""",0.5656378635003929
"""2493_10""",0.6266349918312879
"""8293_7""",0.7439521278245816
"""9454_1""",0.3595112881761103
"""8982_1""",0.336690385118237
"""5201_3""",0.44963300881263807
"""9758_1""",0.11810960927335498
"""5999_8""",0.3513734782658116
"""11000_1""",0.04765875338988418
"""647_1""",0.42115881570016667
"""7345_9""",0.9184512879174274
"""5105_3""",0.34302481279643987
"""9488_4""",0.42716919054022634
"""11810_10""",0.5095217630732286
"""5343_8""",0.5108515297394657
"""1671_7""",0.7199596814886633
"""6414_2""",0.2612182744412033
"""3749_8""",0.8678658245289506
"""2310_2""",0.39302964075934826
"""8460_2""",0.10273371206033403
"""12305_1""",0.08041026706409025
"""11672_1""",0.04918600658362686
"""11726_10""",0.6869663805537972
"""11659_2""",0.4498333887677513
"""8684_2""",0.39805018079942756
"""6546_10""",0.4154114489271054
"""1980_8""",0.5857544660592042
"""3113_10""",0.8217133148897615
"""8440_1""",0.13155708267537275
"""7473_7""",0.47400853071313714
"""726_7""",0.5311917072972792
"""11165_10""",0.6365300109060026
"""9830_2""",0.37859917218043876
"""6409_10""",0.5332641573093639
"""11455_3""",0.6225559995330819
"""993_3""",0.5212847397719758
"""3186_1""",0.11336036272674654
"""11631_4""",0.2936120653008794
"""3225_1""",0.08852167279467872
"""4442_1""",0.21122555710476726
"""6775_9""",0.7146690611321616
"""230_7""",0.6764429749212283
"""5971_4""",0.4876132037583396
"""763_10""",0.7217505198429882
"""9943_10""",0.7792536481282957
"""10098_9""",0.5351331723698913
"""7219_10""",0.27929031982711167
"""6348_8""",0.6484511425228888
"""5774_10""",0.6944866648341042
"""1842_4""",0.2905830663282356
"""3544_8""",0.6803263323640665
"""5661_10""",0.8017673755254665
"""8698_1""",0.24150359100188137
"""7576_1""",0.15147307941641874
"""584_3""",0.5153153129754491
"""9963_8""",0.7759546789824497
"""11653_8""",0.7563213857220067
"""4269_1""",0.07458848225539103
"""728_1""",0.4270133082198208
"""7118_2""",0.06802700177346915
"""6305_4""",0.7305820474474943
"""5970_4""",0.48220374113235454
"""4729_1""",0.100760488260097
"""7638_10""",0.4244039431338639
"""2709_10""",0.6833463357347902
"""1461_7""",0.2527047126507603
"""5302_10""",0.7994969080835539
"""3589_10""",0.8880900005875533
"""3897_4""",0.49799181089587663
"""9883_1""",0.29127689342353064
"""9903_4""",0.10547184302056273
"""9789_1""",0.38237925872165995
"""2971_4""",0.6255824371773725
"""5015_7""",0.7138127601293195
"""9215_1""",0.3563524867896174
"""8553_2""",0.189582600047805
"""5671_3""",0.441088140662267
"""748_7""",0.8500650099785366
"""8222_10""",0.7665909992683274
"""9336_3""",0.5570542468287915
"""1585_1""",0.6375458545375148
"""10634_8""",0.7796828068898527
"""4549_8""",0.6872584736893477
"""7014_10""",0.5148065686095993
"""2412_10""",0.5380272813982523
"""5779_10""",0.4576505570116881
"""11949_4""",0.7425651522927355
"""6879_8""",0.7858300586405816
"""4432_2""",0.2853780209966827
"""5825_10""",0.7058460462930257
"""10422_9""",0.43731108037235505
"""4575_10""",0.4294950010883069
"""11520_1""",0.1346828003842517
"""6612_1""",0.2523930677656398
"""4206_7""",0.7601107123402657
"""1611_10""",0.7779561556184386
"""8170_10""",0.7438243388488646
"""96_1""",0.1037411727483929
"""715_10""",0.36377419750684886
"""10032_8""",0.8023062274202262
"""2585_1""",0.6582567098721238
"""7477_3""",0.6204660195954168
"""2778_10""",0.7397726942686507
"""6807_1""",0.6104170591419014
"""6378_1""",0.5019277779268967
"""1752_10""",0.7954761461305226
"""2305_8""",0.7125179509839485
"""7423_3""",0.17902157975094732
"""496_9""",0.8473307307770475
"""10829_1""",0.07370349300529477
"""7012_9""",0.6449820421202077
"""7701_7""",0.5788841675804419
"""6858_8""",0.7901208190128401
"""2723_4""",0.27794851034237045
"""5720_1""",0.35475118743011413
"""1531_9""",0.4127710310557093
"""3052_8""",0.8135030795243204
"""2728_7""",0.48314211324989936
"""2275_4""",0.36632183250328515
"""11211_1""",0.46648734826833105
"""4603_3""",0.6432554836533297
"""2273_9""",0.9274516573506966
"""11662_2""",0.25243967736940465
"""4887_3""",0.1652886521703474
"""8155_9""",0.8013143388320852
"""2373_4""",0.5252678800060213
"""1754_1""",0.3536704124550157
"""12247_9""",0.6429160686343038
"""10327_1""",0.11423083034822273
"""8968_3""",0.5816452240735519
"""370_8""",0.8072943157975725
"""559_10""",0.7668425238780665
"""8273_3""",0.14988691931082498
"""8125_2""",0.3422555457245837
"""8666_9""",0.6515064389613268
"""4827_7""",0.5725364649712172
"""9737_10""",0.5908993302138416
"""5604_8""",0.4908931548162731
"""8331_10""",0.4361402408707455
"""886_2""",0.25663767932314596
"""4413_7""",0.6771256444440152
"""4116_7""",0.6815982997864782
"""3675_1""",0.2611003436229573
"""496_3""",0.41771730573918103
"""8837_4""",0.5456913749672788
"""3099_2""",0.43308684996245167
"""5518_4""",0.45383901101008156
"""6953_9""",0.887046504112311
"""1240_9""",0.40820105279761987
"""8614_1""",0.2559128180231997
"""1628_8""",0.3489558138811351
"""1673_3""",0.30775502909741914
"""10806_8""",0.7303833224747912
"""780_9""",0.8022092077888503
"""6957_8""",0.6912340547915757
"""10903_8""",0.6923676034908199
"""9908_7""",0.19574603035587795
"""4696_9""",0.6588913924162637
"""3816_7""",0.5466889329332946
"""489_9""",0.7625668590578419
"""2254_1""",0.23126505262585337
"""122_8""",0.7073394958156252
"""3171_8""",0.8699341974570016
"""54_3""",0.5309060517638108
"""8826_4""",0.7554017593133644
"""7686_1""",0.09249012889848489
"""10875_3""",0.10786197492946298
"""4858_10""",0.7408302585731025
"""1268_8""",0.4712581710843192
"""3497_10""",0.5097012920009198
"""6527_1""",0.23808998565165485
"""1345_9""",0.7240587247343189
"""10092_4""",0.32096734153164236
"""11571_9""",0.7069147335472543
"""2899_10""",0.7531779499595282
"""5381_10""",0.7925199310421297
"""8722_1""",0.3405675116809343
"""10521_10""",0.5700574655103904
"""296_9""",0.5768048119707035
"""6184_1""",0.30728435074350713
"""6657_10""",0.645790772905575
"""5972_9""",0.6235254820579637
"""8599_7""",0.5043836028140374
"""6125_1""",0.3643080409596721
"""5834_2""",0.4369394847350933
"""12479_9""",0.7728630440863516
"""3253_2""",0.31798068163536825
"""4986_9""",0.829131305766062
"""6439_7""",0.7614532989187667
"""9659_8""",0.6565152563845141
"""3375_3""",0.09687214419403768
"""3155_10""",0.6127607275831619
"""3478_9""",0.6412206794237243
"""6251_1""",0.07241598182880661
"""6281_1""",0.0868191280649548
"""4669_8""",0.6628876326669412
"""2843_2""",0.17163501501793121
"""8137_8""",0.5765087515367496
"""9390_10""",0.6292833997303431
"""11401_3""",0.1534255459337593
"""1455_4""",0.34272153082998835
"""8418_9""",0.6970713453194803
"""7064_4""",0.6123478910395059
"""7467_4""",0.30029757002178636
"""12492_10""",0.878120307475039
"""1969_4""",0.5004386633111996
"""5388_8""",0.4429820840641444
"""3287_2""",0.22978913693513411
"""3493_1""",0.1586795287910256
"""11682_8""",0.6679976463750712
"""7860_3""",0.6463300679190475
"""5507_4""",0.3053994247195106
"""11741_10""",0.846522815261685
"""8041_8""",0.4831872853927872
"""3525_7""",0.5216175558359206
"""12256_9""",0.7840460288604955
"""1559_10""",0.7697204303339166
"""5477_9""",0.6696977419525573
"""736_2""",0.3488390881295444
"""29_10""",0.8673599195780278
"""12257_7""",0.6073268454584584
"""11184_3""",0.5780917563900682
"""5323_4""",0.5439188191700515
"""11315_3""",0.6532985011650949
"""1400_4""",0.6584116363927032
"""7978_3""",0.17459317947016573
"""6543_10""",0.35334324087134794
"""2120_10""",0.5159098795791115
"""3033_10""",0.785041658446651
"""4096_7""",0.733989371346654
"""10945_1""",0.3874552772944941
"""10726_7""",0.7817135980803147
"""10568_10""",0.9205749386959166
"""8966_8""",0.7558803609924438
"""12274_4""",0.12342309175887065
"""10560_4""",0.5231643228950614
"""12352_8""",0.4598061123634706
"""5860_1""",0.21986174105439207
"""11828_1""",0.3977903987132875
"""10752_7""",0.6725254817216845
"""6501_4""",0.32284456767853326
"""561_1""",0.5050391969931605
"""6796_1""",0.3254592272199688
"""2626_4""",0.8076472709924372
"""9089_3""",0.29532348132774705
"""10921_10""",0.7810399972613227
"""6969_10""",0.6559249599695706
"""1039_1""",0.09956492715548632
"""9561_2""",0.2440758639592082
"""2651_10""",0.6066130105419598
"""8929_7""",0.6743293169259413
"""6434_2""",0.43509403158761045
"""3954_1""",0.18916088860234656
"""12408_10""",0.5861998588992517
"""9230_8""",0.554374786927002
"""6626_1""",0.3877476443974311
"""1913_2""",0.7133876108373727
"""9277_10""",0.5517848555758194
"""8177_8""",0.6121274159086618
"""7174_2""",0.6142536090870685
"""10000_7""",0.783737719916113
"""849_1""",0.31959103008637235
"""9768_1""",0.4285835415588378
"""2852_7""",0.4691566574397821
"""7872_10""",0.8070209346003501
"""7331_7""",0.6391467572262477
"""9716_8""",0.5479928970456158
"""5672_1""",0.7369300118771964
"""11305_7""",0.34279858739398233
"""4750_2""",0.16061012539041958
"""3606_7""",0.4249361574625779
"""10329_1""",0.20701303616343247
"""4407_8""",0.77547586114646
"""4298_8""",0.830908286846748
"""1526_3""",0.4506849950660679
"""1177_8""",0.8218663630936893
"""8366_3""",0.33885302791353633
"""1848_9""",0.8836674706424889
"""9689_1""",0.08740686709602706
"""4883_7""",0.5108926642756046
"""10485_10""",0.8749409180980986
"""10851_9""",0.7131996642356191
"""1550_7""",0.8009649610534016
"""5088_7""",0.8335280246890193
"""7420_7""",0.8370895174607891
"""8306_4""",0.40451025608737096
"""7474_9""",0.47953470520892444
"""5297_10""",0.8692367406142129
"""9105_1""",0.1009805925672177
"""4806_8""",0.796635587807299
"""11659_10""",0.6060885197029823
"""5491_4""",0.6081232452686156
"""4175_1""",0.1037693117104082
"""8726_1""",0.28802033996364035
"""9049_4""",0.32420287854199104
"""3266_10""",0.7111359838408131
"""1396_1""",0.2350214974672454
"""8364_4""",0.7175979886618248
"""3945_2""",0.3995597644945304
"""196_4""",0.14233089894884016
"""279_1""",0.09620538354082417
"""12203_2""",0.10872573743382062
"""8613_8""",0.5499730299083037
"""3839_10""",0.837880795837288
"""2780_7""",0.24937049205573392
"""10493_10""",0.6537303956222392
"""6866_9""",0.46235021427339895
"""4044_10""",0.723005116312273
"""2435_1""",0.09376497270917537
"""1976_4""",0.6544795767383795
"""8649_3""",0.322172607312922
"""7299_1""",0.15532704257644656
"""6018_2""",0.061956335436238505
"""9729_8""",0.8790672218216646
"""3154_10""",0.6225842969277345
"""950_1""",0.33891759572136954
"""1409_4""",0.6713017538986981
"""5175_10""",0.9020809877736746
"""9722_4""",0.39217982472616625
"""4077_2""",0.2518217775942352
"""7067_1""",0.0704309609383656
"""10984_10""",0.4735665933881005
"""7117_1""",0.1807514298880044
"""2121_10""",0.6610254824371534
"""1386_10""",0.4486338015605471
"""12236_10""",0.5039514007927814
"""11844_1""",0.09343545477514965
"""8085_9""",0.5738532862302127
"""333_3""",0.13979036523625354
"""6522_3""",0.32792068384845435
"""249_7""",0.7162094093681065
"""1199_1""",0.17741003337211622
"""499_8""",0.4189838185249743
"""10033_1""",0.11491221792233562
"""7699_9""",0.8055698212066421
"""4829_7""",0.33328648293897456
"""665_1""",0.2051236574531349
"""6743_8""",0.5038304633796027
"""10153_10""",0.5885059894844819
"""4757_2""",0.38052562873225404
"""6942_10""",0.777463453910714
"""3895_7""",0.3928056237910632
"""11128_1""",0.3085768739290717
"""4404_3""",0.6600126636624235
"""10811_1""",0.19464374287866978
"""1165_7""",0.7144869863721505
"""10907_8""",0.5507606909669925
"""1859_10""",0.8669251764564556
"""5836_10""",0.7105740294821163
"""10158_2""",0.25179139573481957
"""899_3""",0.3948584285112652
"""8631_1""",0.7001124413345932
"""7153_8""",0.6850666955808387
"""847_2""",0.3061092746053973
"""4418_10""",0.7999124143010152
"""12320_10""",0.8136502362945649
"""11242_8""",0.32068855861237977
"""7046_7""",0.8001113869976464
"""1819_10""",0.8437198366429765
"""1651_10""",0.5604811583515293
"""8280_10""",0.7081123658659315
"""2062_9""",0.6638545145568431
"""4781_8""",0.8020279102828846
"""10314_1""",0.3221320797955664
"""1934_1""",0.07492103495413786
"""12230_7""",0.47674214984286417
"""6689_9""",0.8334579379969175
"""987_4""",0.389835067900659
"""9881_2""",0.3177450994755839
"""4571_7""",0.8441679128772412
"""569_4""",0.5945199980961037
"""11392_3""",0.561622295105497
"""10716_2""",0.06559440580769384
"""7643_3""",0.43655274648662556
"""7429_8""",0.9055547915784373
"""11315_7""",0.41014898475986256
"""3097_9""",0.6136691557661783
"""10398_1""",0.40518115698980717
"""6299_8""",0.6713376637112064
"""5951_2""",0.2124174804847966
"""8930_8""",0.7803324489130672
"""1852_4""",0.11790759972012048
"""2857_7""",0.6308111452201447
"""4544_9""",0.4521671494297275
"""9492_10""",0.5768690957710194
"""1947_8""",0.44250893838571365
"""9178_2""",0.5031903343570799
"""6290_3""",0.3383090157245037
"""6313_8""",0.7355358908724392
"""6975_8""",0.8693492660226378
"""12258_10""",0.5589896241661841
"""3970_10""",0.5924574887218873
"""8096_7""",0.7467917907120507
"""10872_3""",0.17068809901176515
"""3660_1""",0.17151621817138532
"""7958_10""",0.7848547070057955
"""652_1""",0.16521986072917927
"""10331_1""",0.056731872538214614
"""2368_4""",0.19699535218413625
"""12367_1""",0.07774123472223747
"""12125_3""",0.3929687131501137
"""5785_8""",0.5171233908673993
"""5213_10""",0.6560953330464855
"""6334_8""",0.5952972623147503
"""8005_4""",0.23925801878889152
"""8405_7""",0.776358806059569
"""4629_2""",0.2654834359156742
"""9342_8""",0.3461751288928685
"""11634_3""",0.304890735818984
"""2878_2""",0.36280712863117415
"""6195_1""",0.5311688279065244
"""6994_8""",0.3990013935408843
"""12170_3""",0.3948668985911209
"""7384_1""",0.1690769067870742
"""1047_8""",0.8212547685902112
"""669_2""",0.22378117003404008
"""2976_1""",0.24204666105104738
"""4718_1""",0.14643821357839015
"""1203_1""",0.05149908027211863
"""9113_10""",0.621224349285885
"""2928_1""",0.39630833125025366
"""10734_8""",0.8291809007306504
"""6469_7""",0.636395125037805
"""2896_3""",0.43258895182483686
"""12061_8""",0.6066958166571762
"""240_9""",0.5999489790796256
"""8580_1""",0.5971143130521461
"""1961_1""",0.39087857806604376
"""6145_1""",0.13718751261867987
"""11028_4""",0.7886676539418521
"""7664_1""",0.14029003652835534
"""3022_1""",0.48399437383455285
"""7893_8""",0.4803202171042902
"""1149_8""",0.7279243509851855
"""8301_8""",0.5105574442518457
"""8210_10""",0.5462609508122275
"""9949_8""",0.3184088641055205
"""2961_4""",0.1900978408375644
"""9796_10""",0.8044461813500662
"""4397_7""",0.7524831899224153
"""2936_3""",0.42722852107828607
"""11382_10""",0.7691200693820848
"""11671_1""",0.48782157975093
"""10864_1""",0.09291661358988422
"""11253_4""",0.31582920634657907
"""4692_3""",0.59046503976115
"""11905_2""",0.6922481252279753
"""12066_1""",0.1657183652385533
"""789_8""",0.34930220704489584
"""7700_8""",0.5353103356625278
"""7697_7""",0.7264868726584056
"""8628_4""",0.40153031773625963
"""5719_2""",0.37491166191032993
"""4761_2""",0.044956351093018376
"""8777_1""",0.4541859027467801
"""3525_1""",0.22724364133231043
"""11990_4""",0.20445049379982497
"""432_10""",0.8160875736143148
"""4115_3""",0.18399102414998936
"""10888_10""",0.7108557097893837
"""6995_2""",0.42172490623881204
"""11910_10""",0.6599772843293398
"""8895_1""",0.5960726977609032
"""12149_10""",0.6107030093559275
"""11782_8""",0.36018721635202633
"""12139_7""",0.6487495650345668
"""380_2""",0.6285656492908379
"""5242_10""",0.5043853518460325
"""3542_9""",0.591214616219976
"""6821_1""",0.40600641863279285
"""6931_1""",0.28892803479334644
"""5958_9""",0.5131803851241247
"""5332_2""",0.3830571380768628
"""2630_2""",0.24162181131645855
"""6387_7""",0.2949754795607799
"""7899_8""",0.2878015326329741
"""11017_3""",0.32394266986723996
"""11800_10""",0.4620158231896134
"""10926_10""",0.5924243448374207
"""9866_10""",0.6010899897805766
"""3203_2""",0.4076380419989373
"""11276_4""",0.7232952092413011
"""8342_2""",0.43006677779727037
"""6167_10""",0.47902494863088596
"""36_3""",0.16236742920764619
"""3340_1""",0.22818992388019893
"""3997_9""",0.8249269945801926
"""2627_10""",0.7815172740965263
"""4204_1""",0.1458845443088487
"""1018_4""",0.45093295039856174
"""10951_1""",0.0696710678941141
"""5315_4""",0.33375795080546433
"""6301_7""",0.6132842056859397
"""12038_10""",0.9009925194042693
"""3164_10""",0.27305289525801224
"""10989_8""",0.8287931974490972
"""2449_9""",0.5403249796128641
"""4375_1""",0.16318087447741234
"""7037_3""",0.3771677746879395
"""33_7""",0.7402936588964706
"""7457_10""",0.7068024177684752
"""2082_3""",0.5244253242631308
"""1316_10""",0.8709868584370875
"""9097_3""",0.33206391664791873
"""5804_10""",0.7798327134803357
"""9411_1""",0.46949649045663017
"""118_10""",0.7509098328309278
"""560_3""",0.6703282170476281
"""8914_9""",0.3385567866725341
"""2745_4""",0.3884589721239975
"""2607_1""",0.1442286570257207
"""4405_4""",0.6324441743657262
"""10451_1""",0.15288684473019826
"""1887_7""",0.3903597319610628
"""725_2""",0.5285184504705464
"""5118_4""",0.17315461871912777
"""9536_1""",0.17082455733787885
"""127_3""",0.1381272353680807
"""2833_8""",0.556587098445216
"""131_7""",0.8037940884675921
"""7789_10""",0.8350490505295208
"""6294_7""",0.7504883129359032
"""3872_4""",0.27337503625646775
"""5454_7""",0.8047926460917807
"""11162_1""",0.35437201508333893
"""1685_1""",0.15759933364298523
"""8352_2""",0.5388073936398918
"""5003_1""",0.4013391643834203
"""262_9""",0.37525869774280396
"""8233_8""",0.7043387940747246
"""1814_10""",0.6481649103224053
"""1967_10""",0.34699685116227097
"""7545_10""",0.7218368689644146
"""12386_2""",0.14040430268299722
"""9531_9""",0.7927285840587297
"""3013_1""",0.4151884317183066
"""6835_10""",0.9023154300279512
"""1279_3""",0.49426632262441056
"""2411_1""",0.12905535302276533
"""9537_1""",0.050934391310627956
"""3446_10""",0.7888384764917648
"""656_4""",0.4231514841836425
"""7085_1""",0.09522863102273353
"""8355_1""",0.41585383418558963
"""1869_3""",0.4489096299441884
"""2317_2""",0.34516799854527463
"""11228_4""",0.5656526581120415
"""3987_8""",0.8909367545804985
"""509_3""",0.16872062481252734
"""5168_8""",0.8000419498594953
"""9267_10""",0.6918933391459967
"""912_10""",0.8609298340020048
"""10275_9""",0.7163339428783274
"""2855_10""",0.6925877745730621
"""6079_4""",0.3881997068157132
"""2728_1""",0.16340250515285118
"""9895_4""",0.5958610855391063
"""8230_7""",0.8003081569892493
"""5152_4""",0.8126483246185439
"""4137_8""",0.6964742627287143
"""919_10""",0.6094193564606348
"""1481_1""",0.22968664508349618
"""2468_1""",0.22156416853843472
"""383_1""",0.1190299750631488
"""11552_4""",0.0968567708080081
"""856_7""",0.54904837864246
"""9047_1""",0.11389392357526334
"""2300_9""",0.33037530131456955
"""1346_7""",0.4510987868572092
"""6316_4""",0.6079146920480515
"""7983_10""",0.549656762043664
"""9685_10""",0.262495261382073
"""2745_10""",0.6203479458527372
"""8149_1""",0.2634883102422437
"""9478_1""",0.25458198635796303
"""3126_3""",0.2842288320435953
"""11629_10""",0.42581286273424834
"""5858_8""",0.542825633520348
"""200_8""",0.7600323932784722
"""7721_4""",0.2689934832683854
"""12334_8""",0.3493969925221275
"""9582_4""",0.4893219400799173
"""5696_9""",0.4844899923063722
"""3823_3""",0.41649210504653117
"""11571_4""",0.7276492888715811
"""1349_9""",0.49385316768597093
"""4306_7""",0.8272528590488389
"""6924_1""",0.42213160516171583
"""10639_10""",0.39717786034257885
"""5674_1""",0.2781330291394183
"""11321_1""",0.34072706048994766
"""771_4""",0.19483025519168998
"""3519_1""",0.23401629850778544
"""2378_2""",0.3885159631762244
"""5677_10""",0.7653292494661404
"""2807_4""",0.516401045698115
"""10165_9""",0.7666798253780442
"""6940_1""",0.39558385851856004
"""11015_3""",0.5809604883981738
"""1055_3""",0.40875448935459324
"""11055_9""",0.6466535839997405
"""8173_1""",0.28588079502657204
"""10743_1""",0.35169894291620507
"""11927_3""",0.6138442528709447
"""8785_4""",0.4235392968527084
"""10995_1""",0.24271042691486602
"""11899_1""",0.06086278727751379
"""10078_10""",0.7931130097508658
"""11831_8""",0.6030943073710225
"""8182_1""",0.45611612409790375
"""9664_2""",0.11164858926808885
"""12229_9""",0.940787100641965
"""6076_2""",0.09992163473201282
"""8529_2""",0.3528622800276851
"""4686_1""",0.1735273317503892
"""8174_9""",0.9014930630026494
"""7395_4""",0.6840272123941515
"""1803_10""",0.6915106518991955
"""2508_1""",0.10064198815034629
"""452_2""",0.26639081269612364
"""8830_4""",0.6506057649505143
"""3240_4""",0.6935489777851312
"""578_2""",0.675061740691377
"""3093_2""",0.21018920079843803
"""9543_1""",0.07094508343768247
"""9065_4""",0.21409807101759906
"""534_4""",0.3765790208842003
"""9762_2""",0.5476709654140081
"""3037_1""",0.30032684978642277
"""4632_7""",0.724114844492168
"""5064_8""",0.6080505167362881
"""9962_10""",0.716916739499726
"""9340_10""",0.6448680739019129
"""5881_1""",0.281070192506246
"""4642_10""",0.8576486087074138
"""5293_4""",0.23752464578365337
"""6721_1""",0.1536325899996604
"""9869_7""",0.7050711952578483
"""7070_10""",0.8389121000494362
"""12486_9""",0.8492280917245391
"""4943_9""",0.7867290151269708
"""7939_10""",0.5404047626108354
"""5786_3""",0.6063509427373973
"""10357_7""",0.28151663785446374
"""7147_10""",0.7735498167424092
"""8627_10""",0.4893117644118842
"""3370_1""",0.09444923102559506
"""4117_10""",0.5570042276401858
"""8178_7""",0.8207833130494921
"""968_8""",0.7637729549964246
"""5931_8""",0.5050479420152105
"""6459_2""",0.07228527785415034
"""2480_3""",0.19444993275959935
"""5511_10""",0.32325866841577006
"""7554_2""",0.24012489029897352
"""9276_8""",0.7870356170831556
"""140_2""",0.49746776286736943
"""2776_10""",0.7934096655216162
"""3690_1""",0.5620709092828119
"""6369_2""",0.5887749949930733
"""7438_10""",0.842621878529733
"""872_9""",0.7151792848865969
"""2389_2""",0.5103113246822794
"""2882_3""",0.514930494250891
"""10404_9""",0.4805310264375893
"""5790_4""",0.6025895231773167
"""2382_7""",0.36769778960755295
"""7798_1""",0.1313738583577728
"""272_1""",0.08130258482980542
"""298_1""",0.4353253472805859
"""11414_7""",0.2536278579394168
"""9255_4""",0.341997508280108
"""5914_4""",0.5743794181821894
"""2974_7""",0.7057052771282123
"""6739_7""",0.80852017442451
"""1229_7""",0.5842021281456222
"""2268_10""",0.7166088555473016
"""2352_7""",0.5718311118068305
"""9329_10""",0.6576646910547054
"""11380_10""",0.8046002251129675
"""215_4""",0.21114154142567673
"""9915_2""",0.14660443702538148
"""541_1""",0.29413582123882526
"""10975_2""",0.2617148300357931
"""6946_9""",0.7303735290626538
"""3286_7""",0.5511201922929339
"""7482_10""",0.530981496551818
"""48_4""",0.6649700137849263
"""10046_4""",0.5874407641241929
"""6295_1""",0.21993381516752997
"""6417_4""",0.4919719603168042
"""2401_4""",0.5043896422291739
"""8608_1""",0.25344032449731513
"""3500_8""",0.4152700633265198
"""11903_3""",0.23253777902449418
"""4012_2""",0.5084262088553178
"""11415_4""",0.6488535062355913
"""5835_4""",0.23618744636122513
"""9039_4""",0.5673036680781162
"""6526_1""",0.36205941206918374
"""6379_8""",0.7292941512036673
"""6136_10""",0.7114961667515057
"""6094_4""",0.3956871928102442
"""11608_9""",0.4440801932773294
"""3745_3""",0.21193242474191493
"""10694_1""",0.095469874560734
"""3222_10""",0.6398062786521144
"""3394_4""",0.1551172475400427
"""7790_10""",0.6450063612799568
"""2982_10""",0.8307589097686296
"""12253_3""",0.6460620836020061
"""5900_1""",0.5189679197535161
"""3398_4""",0.5699354949023833
"""10038_7""",0.5967313474438355
"""1520_8""",0.6321550759725693
"""11756_2""",0.5463426517651717
"""6228_1""",0.17492537115242104
"""6226_7""",0.6291733346178414
"""4377_10""",0.2933177025659363
"""9730_1""",0.2926736394893894
"""11088_4""",0.8457432511037756
"""7867_10""",0.8759161819791647
"""5072_1""",0.513428363525311
"""7935_3""",0.18580262441681342
"""4536_3""",0.5667966568571126
"""6989_2""",0.15978239414182865
"""8101_8""",0.6630865742636151
"""3364_7""",0.7412902306085296
"""7862_1""",0.12079668169886167
"""8562_2""",0.14279838915347529
"""9783_9""",0.725660197673298
"""7272_1""",0.4593315668334943
"""1025_3""",0.5113728852882486
"""9432_7""",0.6970986005725005
"""4153_8""",0.9245284704910978
"""8528_1""",0.2866795910597388
"""8427_4""",0.6023959859375038
"""5417_1""",0.2537698376882277
"""6575_1""",0.620848226933208
"""10041_8""",0.8649145017816344
"""7589_4""",0.4036860118813334
"""10391_9""",0.31642693867919697
"""1400_7""",0.5065064726150699
"""9428_2""",0.7533147287894844
"""7106_3""",0.2144703930823701
"""5695_10""",0.47247288790032627
"""6430_10""",0.80969204480629
"""11722_4""",0.24638400825811785
"""11328_1""",0.054971407704271724
"""9020_3""",0.38423458308742026
"""183_10""",0.8043783338123583
"""6674_10""",0.8348606166171217
"""5495_10""",0.5689120350714602
"""2237_7""",0.5626650616100503
"""11943_7""",0.4716920176787386
"""5872_10""",0.8022492385985022
"""5043_9""",0.8118915851475816
"""3869_1""",0.2037921188722366
"""5113_4""",0.6702144413490612
"""4671_3""",0.08170756451491075
"""9220_4""",0.5701135282929135
"""7330_1""",0.0879683851329679
"""5344_3""",0.2010692296084641
"""11965_1""",0.16425046083394484
"""7620_9""",0.757389298699471
"""7044_10""",0.42878993328991705
"""6296_10""",0.6901693490613205
"""8204_1""",0.2671329128826848
"""7661_9""",0.42736033339981305
"""11708_2""",0.5145735001648518
"""2415_7""",0.651888556320688
"""7840_4""",0.28422469620378465
"""2628_10""",0.8555842976802576
"""4633_3""",0.39318738089354743
"""7320_2""",0.3364690364600327
"""11755_1""",0.28384734732185235
"""2589_2""",0.33640049241947717
"""5044_10""",0.9276291489408283
"""5189_1""",0.07590897260826694
"""7926_7""",0.5380548126825776
"""2454_10""",0.7702932526804193
"""3368_1""",0.21624094964051907
"""12223_7""",0.4959981763286268
"""7348_1""",0.08327679254475448
"""12007_8""",0.6004700505815316
"""5501_7""",0.5892861213552051
"""4025_8""",0.7809615157993649
"""6447_10""",0.6635564017696919
"""5438_3""",0.3332567191484778
"""7910_10""",0.6599501815009264
"""377_1""",0.4669612023539401
"""409_8""",0.8393179574925346
"""2150_9""",0.7758613235830178
"""11986_2""",0.46267014260997896
"""2544_2""",0.21791159407141486
"""5141_10""",0.8232481490497231
"""8305_3""",0.5886469466909965
"""8329_10""",0.6174051288991061
"""2333_8""",0.3410413923959668
"""5171_4""",0.4828142799306781
"""5412_10""",0.7093482987409351
"""1081_10""",0.8932608499854084
"""10773_7""",0.536684600138962
"""1969_10""",0.5672481854317475
"""8276_10""",0.7272867706189384
"""1244_1""",0.3612607511913907
"""7113_2""",0.2686448213948907
"""9535_2""",0.19194284937960343
"""4627_7""",0.8445599192691644
"""10757_4""",0.19212242748989866
"""10091_10""",0.39436254649657193
"""5211_10""",0.42093288450605676
"""7510_7""",0.5480746951492236
"""11674_10""",0.8172156288010777
"""5299_8""",0.7040016195429999
"""3515_8""",0.23650687885490973
"""10143_3""",0.39824519172717365
"""2274_10""",0.3775762901852782
"""2372_3""",0.4202130971431977
"""3116_8""",0.8668144378125748
"""7340_3""",0.25730952498270976
"""1394_9""",0.5102699804704359
"""2047_9""",0.29104709574645365
"""8587_2""",0.7183491084071973
"""11579_10""",0.7033065243343158
"""942_10""",0.6993257965623889
"""9355_4""",0.3380174147388809
"""8812_10""",0.5882774396797295
"""4732_2""",0.08924288025492647
"""3180_10""",0.6964479511275825
"""310_9""",0.6127454070697949
"""3980_8""",0.6018028909145421
"""6923_2""",0.6239769828116247
"""2424_9""",0.5698111538680611
"""1092_4""",0.29955984264048074
"""9238_7""",0.4300890922820124
"""2382_2""",0.10501689490017688
"""3579_1""",0.24445484372451187
"""6801_8""",0.7711564872928721
"""3768_8""",0.4898736405283607
"""11717_10""",0.5981477558948631
"""10001_9""",0.6741768361287049
"""355_10""",0.6425195743870864
"""8896_1""",0.565606647596149
"""9772_1""",0.10337994039175254
"""7624_10""",0.27080118975093975
"""1102_3""",0.0883157095805048
"""10949_9""",0.7277558191206076
"""1269_10""",0.5491380762038154
"""11768_4""",0.29998053320238893
"""5555_4""",0.44336802663008207
"""2233_9""",0.698787744351155
"""6567_8""",0.589718814706647
"""12130_8""",0.6298590261962574
"""8587_7""",0.8433594927644205
"""10973_1""",0.7463591255642992
"""3863_10""",0.7097186960493095
"""9220_8""",0.6219536221674674
"""7579_10""",0.8515816145263742
"""4411_10""",0.692181533390814
"""2093_8""",0.607460474104857
"""10883_10""",0.5416806582053187
"""3583_3""",0.244618355774775
"""1396_8""",0.403225266081264
"""1930_3""",0.6315037727238157
"""8779_1""",0.589736855525464
"""12478_9""",0.7924068478050423
"""176_9""",0.6410529928604949
"""11733_10""",0.5600812637532326
"""11368_1""",0.14667166924957126
"""4077_8""",0.589788462194671
"""11056_7""",0.6412956106220351
"""5567_3""",0.34164130396436865
"""8549_3""",0.5436299249412442
"""9743_1""",0.44956763268069255
"""6916_9""",0.606968863491635
"""6147_1""",0.6982190730514901
"""7820_7""",0.4997910096246839
"""1352_7""",0.7832566739635564
"""5337_10""",0.6165577976252272
"""12285_3""",0.37056091466623203
"""8992_2""",0.5337581137385621
"""4644_2""",0.5836914743345527
"""9793_10""",0.44632793317405933
"""2359_10""",0.4292020375561166
"""2137_9""",0.834248818438303
"""10559_3""",0.5170516816059276
"""2679_3""",0.1565224698013999
"""10010_2""",0.2739789854124948
"""11987_10""",0.373839300596513
"""8824_10""",0.8395325668451025
"""11418_7""",0.5727134064557393
"""2423_9""",0.8646108615333019
"""1576_7""",0.30968724980486945
"""7947_4""",0.5407350465882513
"""1714_10""",0.45606389534974623
"""6006_8""",0.6478025237322936
"""939_8""",0.5099515036275144
"""3755_4""",0.33010700210287375
"""3213_3""",0.48805449253873695
"""164_2""",0.17094742179105407
"""1123_10""",0.6728750935395144
"""7397_7""",0.3952830250301869
"""822_1""",0.13530167183539357
"""5631_2""",0.4595734382580447
"""10464_10""",0.7806388464019582
"""11397_10""",0.7360403235961624
"""10679_3""",0.31035805995016796
"""8205_1""",0.13156064490530917
"""6947_10""",0.4947823227171998
"""2000_1""",0.04805205597847235
"""4075_7""",0.5659817108020372
"""1388_8""",0.6299177460110424
"""446_1""",0.18473031922360175
"""1063_2""",0.07763164559211023
"""6030_3""",0.36865239453201326
"""5613_2""",0.367494460601591
"""8759_3""",0.25237003500653593
"""12169_1""",0.20038761979574204
"""5111_4""",0.6128395931238597
"""2891_4""",0.6559580354749346
"""827_1""",0.5525426616168607
"""6229_8""",0.7857090561813656
"""2212_4""",0.5082169607731949
"""4788_9""",0.6139502179023816
"""8859_1""",0.19579277772828463
"""9798_10""",0.6767374933768627
"""9763_9""",0.3724544427104762
"""3889_7""",0.73301773075716
"""3275_8""",0.588949219923468
"""5106_10""",0.7652363220995103
"""7576_10""",0.6264524687316312
"""9405_3""",0.28750690091793546
"""7108_1""",0.3773309832260053
"""9794_10""",0.4793694669939901
"""2653_10""",0.6135740085335476
"""10545_10""",0.6398351435679855
"""12306_10""",0.7670416016008786
"""4696_2""",0.1396609326047388
"""7982_10""",0.8161974447930297
"""11066_3""",0.2685884611793913
"""10034_1""",0.2522813651441415
"""6035_3""",0.18190251661429963
"""9518_9""",0.7680052461282191
"""1266_8""",0.7185302184443951
"""11336_9""",0.7529167947494929
"""4159_10""",0.7175684202288878
"""9375_8""",0.6220326946278762
"""5204_1""",0.11645100341418405
"""3360_10""",0.6292155061098272
"""5659_1""",0.5951215246207012
"""8839_4""",0.5049387915550182
"""4529_7""",0.6078203595240139
"""3283_2""",0.48571084387795094
"""5376_7""",0.6680807163064679
"""5379_8""",0.8420662723002296
"""5266_4""",0.2604672709201426
"""7463_9""",0.5158908190598346
"""3595_1""",0.46859344509719003
"""3141_10""",0.8139764395790143
"""9986_2""",0.5857836679403148
"""4279_1""",0.44281514096121916
"""1427_4""",0.43690160918387
"""8357_10""",0.5853857323740074
"""715_4""",0.8162660404742894
"""8482_9""",0.8165910785805849
"""3091_10""",0.791827990330452
"""5735_7""",0.36641839604694554
"""3100_4""",0.27271260855809826
"""11447_8""",0.48993874774073354
"""4577_1""",0.2771454514045209
"""10287_10""",0.7629270792083455
"""3384_3""",0.054875119921957254
"""3820_9""",0.6148745102851519
"""8883_3""",0.3893214014781673
"""11279_10""",0.6356026881122504
"""3093_8""",0.757724502693813
"""10465_3""",0.18804008336043723
"""4423_10""",0.7806290594591789
"""601_3""",0.12031142410104716
"""1902_10""",0.6796553519040077
"""1509_8""",0.3348093141866246
"""3019_9""",0.4126355805293433
"""11994_9""",0.5168188806583673
"""4246_2""",0.3706907455525986
"""842_10""",0.8190971406053197
"""4917_8""",0.8135979020233677
"""68_1""",0.21950068515508092
"""6613_2""",0.5423566323922013
"""7230_10""",0.7235389338552778
"""6183_4""",0.3726078798735052
"""338_10""",0.6963234936105097
"""6182_8""",0.577698614805674
"""2409_1""",0.10774249789146378
"""9965_8""",0.6754920264597785
"""1336_10""",0.3196133926737855
"""4456_2""",0.49368882029509675
"""12437_8""",0.7744402731361149
"""8437_10""",0.7122566484465307
"""409_4""",0.4941254025032663
"""2303_10""",0.7447414164576301
"""2144_9""",0.43078733871987546
"""2302_8""",0.7896136390111874
"""385_9""",0.7230165144851101
"""3617_8""",0.6965142649375828
"""5450_7""",0.6189195679242169
"""6882_4""",0.13305421214132107
"""2980_4""",0.5587285730545797
"""9828_4""",0.5581527525382451
"""10745_8""",0.6834079828918354
"""3478_1""",0.11772719089138219
"""2167_2""",0.2361135019841289
"""5562_2""",0.10832240010606872
"""8771_7""",0.7483808479650682
"""8372_10""",0.7272167834192573
"""10749_8""",0.5864478586074828
"""7394_10""",0.38579232759383664
"""3711_7""",0.6955177536336578
"""5375_1""",0.23970007373956648
"""7881_7""",0.6748016638162666
"""7023_2""",0.3175976105237533
"""206_10""",0.8618105548116798
"""4760_9""",0.7160035794184374
"""12026_1""",0.06724312435154814
"""12182_10""",0.3976569883420239
"""1821_8""",0.6941481713109912
"""10828_1""",0.29271532352547625
"""2446_10""",0.7972730435869987
"""5327_10""",0.5863082954051431
"""5727_3""",0.09345904113165787
"""11460_4""",0.2919987523124684
"""6484_10""",0.7439721465697099
"""3555_4""",0.35017841220665064
"""10641_8""",0.6744093796874995
"""650_3""",0.5166647288201961
"""1467_10""",0.6918128325395722
"""7651_3""",0.40382910026286467
"""11459_4""",0.228818300440539
"""9255_10""",0.7291615195432974
"""7888_10""",0.819001509065
"""4118_2""",0.2188938390269826
"""2540_9""",0.5656780232614542
"""2152_7""",0.7155840558116939
"""2614_10""",0.32477720580050184
"""2892_10""",0.4794599495825135
"""3878_1""",0.10044656140388714
"""273_10""",0.6671257692373493
"""5565_10""",0.5698011795587159
"""444_10""",0.8121443668175354
"""11062_10""",0.5917387641926978
"""5184_1""",0.19402673228536446
"""12140_3""",0.3845081968677414
"""3254_8""",0.4580427617108678
"""11537_7""",0.4577240259054988
"""7606_10""",0.5633890970201118
"""6120_2""",0.34642164954121646
"""7416_10""",0.6950202282430594
"""10759_3""",0.6023079515163632
"""12255_9""",0.6647678256319974
"""1114_10""",0.8237690134146463
"""6827_8""",0.6566285810886583
"""10246_2""",0.2219988786889888
"""204_9""",0.665253119862253
"""5816_10""",0.7072594047217258
"""2693_9""",0.6109275858963039
"""2578_2""",0.33324340276460945
"""4958_3""",0.24875635365830318
"""7873_10""",0.7006040451225245
"""8795_2""",0.3152051289212453
"""1431_3""",0.09712725671538383
"""11635_7""",0.5879400761366653
"""1327_3""",0.4298757757354556
"""10813_7""",0.5962932020184027
"""9764_4""",0.44864955516959737
"""5861_8""",0.4791498157587821
"""8995_3""",0.3755792417025114
"""2243_1""",0.285655538167094
"""11708_7""",0.8003985071995328
"""1998_2""",0.22722828820369054
"""11887_8""",0.8398596899875156
"""4836_10""",0.3716873141653613
"""1603_4""",0.3325750502640635
"""9860_4""",0.6088830676825405
"""1728_1""",0.4601033908792795
"""12108_1""",0.5826894975772781
"""9756_4""",0.4182085918751661
"""1325_3""",0.5533323881055159
"""5174_1""",0.5578288273564667
"""9917_2""",0.28514973680337763
"""6101_1""",0.4202498360976572
"""2010_10""",0.8536283883001043
"""1132_8""",0.41508124950193065
"""8516_1""",0.55827671180396
"""3563_1""",0.4088315083836057
"""2362_10""",0.7246012505936253
"""10971_1""",0.7565321329951571
"""8672_9""",0.6592104737761098
"""2863_2""",0.2025339245924428
"""2750_1""",0.5042596866053284
"""8599_4""",0.17509037817622697
"""12115_7""",0.5457117944272004
"""4921_2""",0.07051180275128356
"""2975_2""",0.24871464558985543
"""4245_8""",0.8323272353592912
"""10778_10""",0.7076734943246332
"""7816_7""",0.6968236679104254
"""9131_1""",0.5176295546147721
"""5541_3""",0.24299545643311082
"""7956_1""",0.6952262521409699
"""780_3""",0.41772910564987903
"""1052_10""",0.8625252058313032
"""6842_8""",0.9102632284738763
"""8279_10""",0.7638059728240444
"""9653_3""",0.5907305614986008
"""3025_1""",0.17293354176055026
"""1174_1""",0.48371385150576407
"""1039_10""",0.5644129182732054
"""4609_10""",0.662823362258839
"""2150_1""",0.4002117116165167
"""6289_7""",0.33707318646118395
"""2963_2""",0.12995505198472365
"""8801_1""",0.8346394993906556
"""5196_7""",0.5678105087595445
"""5723_2""",0.2349737769012988
"""10530_10""",0.9180989298822827
"""9473_1""",0.3715052965931705
"""3355_3""",0.1570121208200446
"""5388_3""",0.5313619909402373
"""12102_2""",0.0857407063264742
"""11038_10""",0.5496173296727247
"""9672_1""",0.3134052628761264
"""6875_8""",0.5997366204126525
"""4754_8""",0.3214450796988595
"""6814_3""",0.8666840037423804
"""8937_3""",0.2909031234036228
"""7077_4""",0.4455547325474415
"""1782_1""",0.045259557832514036
"""631_4""",0.21289812501995192
"""7876_1""",0.1102779209304592
"""74_4""",0.6831074907846105
"""2846_9""",0.436456672032482
"""4190_1""",0.15751332700258622
"""7843_4""",0.3009339942669469
"""7528_7""",0.4151365077166187
"""2396_8""",0.7424605733709716
"""790_1""",0.11669623626236042
"""2020_7""",0.8436149496500378
"""2526_1""",0.2783815372501451
"""8104_8""",0.7492759628051908
"""12372_2""",0.20918914889836301
"""417_1""",0.17030410799638995
"""1318_2""",0.08114987246035504
"""4530_1""",0.13964477526458738
"""2370_4""",0.619412723200715
"""1886_10""",0.6127622202432316
"""9386_1""",0.1779605775037202
"""7863_1""",0.19170038307444803
"""3864_10""",0.6951502689388986
"""6559_2""",0.07196117083474987
"""7855_7""",0.7885372350110021
"""1672_1""",0.2471469287462202
"""8453_2""",0.5071685402670629
"""8373_3""",0.38984271360434214
"""9770_10""",0.7678663104187109
"""12009_1""",0.12100870931357634
"""2770_3""",0.4252766744080489
"""4618_7""",0.807683661353423
"""9797_10""",0.6785927078332681
"""6605_1""",0.5364157480441153
"""10176_1""",0.44689058866420356
"""8949_10""",0.7574789398487246
"""5401_7""",0.5563132386641431
"""3295_7""",0.7735968261203254
"""4791_1""",0.12217014111867645
"""4016_1""",0.6042380263286209
"""4314_10""",0.2629391436834086
"""2903_1""",0.6321850467254551
"""3835_9""",0.5639414232512232
"""7532_1""",0.06614520802205867
"""729_10""",0.4358055407832404
"""5753_1""",0.49949027176775895
"""11976_2""",0.05151963706787037
"""3027_1""",0.4031273584291865
"""9721_9""",0.7579854067065582
"""11295_3""",0.3909208684301874
"""3241_1""",0.10745197086166904
"""5389_9""",0.685172387708957
"""9889_1""",0.4309812620531087
"""3522_4""",0.18447498611577826
"""10865_8""",0.6999882155417214
"""1015_8""",0.7212949902106348
"""5048_10""",0.6219069868509146
"""2671_2""",0.1120695359262159
"""2841_4""",0.6233521729533195
"""4928_1""",0.31766661532085255
"""10499_1""",0.2242880874112165
"""9409_10""",0.7438523171415322
"""974_10""",0.23119049341874018
"""11582_7""",0.8267751878069053
"""9988_10""",0.6138502585076551
"""3463_8""",0.5075574592394525
"""5194_1""",0.7955725580125409
"""3377_4""",0.5004386633111996
"""4352_1""",0.6580267076997437
"""10862_1""",0.29706971520137393
"""1545_7""",0.7146443713918846
"""9801_10""",0.718214795142869
"""1905_2""",0.39433498789693233
"""12276_9""",0.5241374491942747
"""7544_1""",0.18634014234960705
"""10056_1""",0.5610385059253005
"""3623_1""",0.2813394419532477
"""4013_7""",0.651378794992063
"""1294_4""",0.3842888523377727
"""10285_9""",0.8965042346181966
"""7793_10""",0.6233058146749837
"""3809_9""",0.8060533649104805
"""4586_3""",0.31539224586796005
"""7511_1""",0.6262547384948624
"""10873_4""",0.24392223343342997
"""4888_8""",0.6596971951739842
"""4349_10""",0.2904479886130585
"""1531_3""",0.3450265894985931
"""8884_3""",0.3200696923067275
"""7336_3""",0.40386083026487113
"""9688_10""",0.5246418523749107
"""7208_1""",0.10856925586588126
"""4355_8""",0.6906894249892226
"""6098_2""",0.06866979759681939
"""9106_10""",0.49561374301399846
"""6422_1""",0.15474567839937778
"""2054_9""",0.635058866987156
"""550_8""",0.7256251774010499
"""402_8""",0.7603228797696228
"""11832_10""",0.8438520153541503
"""10256_10""",0.7989243835287425
"""6131_1""",0.0660901543578314
"""11907_4""",0.6712787091542114
"""4459_4""",0.38161264550299073
"""8555_7""",0.7897435112983997
"""5079_2""",0.11498700904315765
"""10304_2""",0.2593869161837566
"""10489_1""",0.07845094408730426
"""566_3""",0.5794341452809745
"""1999_1""",0.19859921155214727
"""590_1""",0.16210496988983267
"""11159_1""",0.19498476287737973
"""10612_9""",0.5998919712879835
"""10810_2""",0.2192166260047419
"""11658_4""",0.28379408315553584
"""1950_9""",0.5044341047717976
"""8977_4""",0.3398413087178264
"""9040_1""",0.09569854601101178
"""2891_10""",0.5420871287292766
"""2966_10""",0.7765368966574797
"""8665_4""",0.6620247206806469
"""6600_1""",0.11225688113149322
"""9308_1""",0.40051204668921186
"""7870_10""",0.7199383483193134
"""10511_1""",0.13588555108251824
"""7235_8""",0.6472605734367343
"""132_9""",0.8737254244161238
"""1575_8""",0.7847614698369312
"""3328_8""",0.7318009994089943
"""3273_1""",0.17141794123329046
"""9475_4""",0.44114794958343073
"""10938_7""",0.30489950947342526
"""8143_7""",0.7440014152684546
"""9003_10""",0.5182232367979254
"""9854_10""",0.7532187586070058
"""9932_2""",0.1665524361486028
"""1017_7""",0.3229441496712274
"""4386_9""",0.6720581449756423
"""1105_3""",0.42027820363202023
"""7315_7""",0.4485033620417561
"""37_9""",0.8817711579169566
"""8409_10""",0.5375337138377851
"""12118_1""",0.5221228453330088
"""1665_8""",0.7054174141444933
"""10284_1""",0.13317196584519547
"""8922_3""",0.15258013161233833
"""2524_2""",0.29158353868297815
"""11205_2""",0.21235295433838572
"""4676_8""",0.6857136068496418
"""10479_4""",0.7144762903567048
"""9849_8""",0.752721301511154
"""4841_3""",0.5209659001469161
"""9153_9""",0.6379932560453332
"""9279_8""",0.6632791517788368
"""11008_10""",0.8220978595713088
"""614_10""",0.8819391505731357
"""167_2""",0.1931042990446395
"""2041_1""",0.09764492009507598
"""6509_8""",0.6610625830880026
"""9832_7""",0.5088678014955361
"""5939_7""",0.477138479284013
"""3267_3""",0.29250251577649694
"""3555_9""",0.574070853401375
"""1668_7""",0.7032104852312259
"""11048_1""",0.0873840388023342
"""1856_3""",0.36662400984342386
"""4426_10""",0.9474156694281538
"""8457_3""",0.5598257544536558
"""6603_10""",0.6570082917992174
"""4738_1""",0.06430531410796347
"""11762_8""",0.706367523809001
"""2078_10""",0.8564053615261321
"""6754_1""",0.3006155224296585
"""11721_2""",0.24319687932699513
"""11558_3""",0.5740107390111183
"""973_10""",0.4759813226346305
"""814_4""",0.2329252347293721
"""2102_3""",0.2927662288314164
"""11394_4""",0.8093955695975468
"""312_4""",0.24744870149942316
"""2994_1""",0.12675186993256518
"""5649_7""",0.6169076397999365
"""7281_8""",0.5797121162253542
"""2756_4""",0.09466631666961152
"""2137_1""",0.19529981705976143
"""8696_2""",0.29649157693589706
"""1158_3""",0.6281705066604952
"""4531_1""",0.44412197322717895
"""10047_10""",0.8714244976398382
"""683_7""",0.5141324929121174
"""8645_10""",0.7171810104668893
"""889_3""",0.4410592061918265
"""4202_2""",0.2909109353764165
"""3859_10""",0.8243412083879792
"""5038_8""",0.7946213463481945
"""6906_9""",0.6690107423388825
"""4154_8""",0.6406001348520499
"""9548_1""",0.12793102410407275
"""4434_9""",0.9063445053929202
"""9235_9""",0.2410782760283787
"""2368_8""",0.5161805537211199
"""8391_2""",0.10453527722939399
"""1391_7""",0.6278120911784217
"""4317_1""",0.23809045507710166
"""8345_4""",0.49184740722507314
"""8610_1""",0.3238623697710118
"""2888_10""",0.7097965207301813
"""5597_3""",0.2011506054179705
"""4900_7""",0.6717096276797725
"""3016_2""",0.44160937331822614
"""1057_2""",0.5207393814874137
"""5143_8""",0.7057517491162093
"""6932_2""",0.5438297532042794
"""7879_10""",0.6761347654395229
"""9300_3""",0.1887929123793704
"""12142_2""",0.28870877326384337
"""3426_3""",0.6724964571870179
"""7977_7""",0.4849298729312548
"""1573_3""",0.6460822331525139
"""336_10""",0.8350975899250337
"""4248_10""",0.6120160053109891
"""9693_7""",0.128563847314075
"""7753_4""",0.45091585187716193
"""2290_10""",0.7645367177045062
"""9156_8""",0.7372664628164926
"""5526_4""",0.430980725560177
"""3896_8""",0.5814606850524143
"""8520_7""",0.6850991963665665
"""3566_4""",0.633111727840791
"""6386_7""",0.8498634069055361
"""4201_1""",0.6635079868791876
"""372_9""",0.8655509603283446
"""6768_8""",0.7611275037075613
"""9177_8""",0.6654373648993317
"""1079_1""",0.24733284391517654
"""934_10""",0.8591742520177541
"""11918_2""",0.4654809182386007
"""4867_4""",0.19623384724391763
"""12449_8""",0.7864165373418571
"""7907_10""",0.6211945687496813
"""4508_3""",0.29163513416842723
"""1075_2""",0.3523677551992068
"""11466_8""",0.26466795833131046
"""10935_2""",0.1543191876228164
"""4826_9""",0.19988692831178206
"""4814_7""",0.6889785488994684
"""8676_4""",0.766817318449473
"""1058_1""",0.09731859735727307
"""7831_2""",0.1175655705319576
"""1150_9""",0.7999265956826577
"""5395_1""",0.2587315904560919
"""5435_7""",0.45788267362538226
"""1745_1""",0.1248863108431004
"""11278_4""",0.26205313150706955
"""8629_1""",0.4556711500002587
"""3145_9""",0.7867045391342938
"""8108_10""",0.7117235293551594
"""6377_1""",0.34855817972638414
"""10298_1""",0.06227309730255057
"""12265_1""",0.6425937421772082
"""11930_8""",0.2765188195262313
"""2511_10""",0.6429964111981054
"""7955_1""",0.6838087697702281
"""2335_9""",0.6734571766554125
"""3194_10""",0.4927163750021638
"""6724_10""",0.7073316775378412
"""9406_1""",0.6120428836012461
"""11369_1""",0.09254509928649743
"""1972_4""",0.17526441872957577
"""6900_8""",0.6129320129207898
"""7813_7""",0.6896145305588836
"""785_7""",0.5435157944136507
"""6368_3""",0.27353879348502214
"""2163_1""",0.13922408665261582
"""11487_8""",0.6806691159096501
"""4292_7""",0.7793010755559944
"""7451_4""",0.3622830416585589
"""11465_2""",0.1335371223935597
"""7641_8""",0.30223539946254513
"""8250_8""",0.6022988541263601
"""4490_1""",0.7049218636154514
"""10452_1""",0.3238653548198305
"""7442_3""",0.3503061871766137
"""3027_9""",0.4691994142666392
"""235_7""",0.6462544110257383
"""3750_7""",0.8251278499928154
"""8700_1""",0.1145733430554639
"""3584_10""",0.5358166892463913
"""7217_7""",0.581707628348034
"""7769_10""",0.9047244900439506
"""10149_9""",0.6101448622835822
"""7607_2""",0.25511254198490063
"""7749_1""",0.3390574878942649
"""12067_1""",0.06260810285215533
"""388_10""",0.758702332081542
"""6596_1""",0.3107215624265651
"""10242_2""",0.15370238512636022
"""3853_1""",0.1407299792929443
"""5726_4""",0.1717770767104595
"""9031_9""",0.4024996635566999
"""1543_7""",0.5577868805264425
"""1442_8""",0.8034670964593914
"""6336_10""",0.6729203529396677
"""5929_4""",0.5015150635647031
"""3378_3""",0.7473283690467695
"""183_4""",0.22880549429769442
"""3518_9""",0.7007175729350246
"""5870_8""",0.8158740279941233
"""5053_4""",0.17226832696005626
"""7330_7""",0.40033975480235406
"""9553_9""",0.5885156267881156
"""9552_10""",0.763862577301895
"""8515_10""",0.5968937033518961
"""1666_9""",0.810046536452865
"""6661_3""",0.38842812585743053
"""8721_1""",0.2808776472869469
"""1368_1""",0.37211180401709515
"""5076_9""",0.2856765657004096
"""12353_2""",0.5527316194078543
"""1099_7""",0.4556082673015883
"""8669_9""",0.6770097331714723
"""2564_8""",0.8701053635167433
"""4369_10""",0.900100513785674
"""11951_4""",0.5257601455679805
"""11384_3""",0.38782932074658905
"""7459_3""",0.5896570913078465
"""6776_9""",0.38601577791941016
"""6673_3""",0.4367282647623125
"""2500_8""",0.5567971883600188
"""8739_3""",0.16211571624482976
"""3828_1""",0.11591596983260515
"""7945_2""",0.584420389450744
"""7934_10""",0.6960743221585907
"""4571_1""",0.2804145493487249
"""11689_7""",0.632661570560458
"""3681_10""",0.7244498765143823
"""5110_4""",0.5437295553157715
"""5953_8""",0.5779728381991156
"""10906_4""",0.3608942851831399
"""3424_8""",0.7514585663565064
"""6492_7""",0.8745325964492991
"""10450_1""",0.08275401451303802
"""4856_8""",0.3149257104707421
"""12019_1""",0.23765549392956348
"""1390_8""",0.8046903430727866
"""6452_4""",0.6673003160587172
"""4916_4""",0.2394546085592298
"""3979_3""",0.2998315798549707
"""6023_3""",0.4715549704833682
"""5762_1""",0.26651804255963807
"""4176_9""",0.673274862105781
"""7194_2""",0.2388981420824338
"""3143_7""",0.7769917942631753
"""954_8""",0.7606236705124109
"""5291_1""",0.26782638574233036
"""2258_1""",0.6424426820054779
"""5412_1""",0.20407039204851732
"""4088_3""",0.20395995377882983
"""4312_1""",0.20897368492715496
"""517_1""",0.1569939484750593
"""5601_1""",0.12312052327324079
"""288_1""",0.6330160384640279
"""234_3""",0.37200486997548465
"""6665_8""",0.7013029260804475
"""6957_3""",0.3263240742028269
"""4454_2""",0.493410189636531
"""3270_8""",0.7478239004529261
"""4500_3""",0.4197286583613489
"""7551_1""",0.18401381692303953
"""9033_4""",0.11728141936666905
"""2619_10""",0.5397008543467703
"""10093_10""",0.7058642907391242
"""5483_2""",0.3509339473876134
"""8383_1""",0.11940918271598183
"""11683_1""",0.5282087992416106
"""10649_1""",0.10564346900944521
"""181_3""",0.4771447099634507
"""3668_2""",0.6093875215218505
"""3769_1""",0.3957499170511102
"""11519_3""",0.32787707361441326
"""5716_10""",0.580785389424905
"""10918_8""",0.7561120287849878
"""3103_1""",0.23632721254831818
"""7210_10""",0.7461637598792042
"""2515_8""",0.720148192681184
"""8424_9""",0.4627158451530074
"""1404_10""",0.819077012722866
"""3158_10""",0.607349739946561
"""4996_2""",0.1048797505711412
"""5493_3""",0.17852762884098233
"""8540_9""",0.33984061417968425
"""8960_8""",0.8304240651842884
"""11274_3""",0.3275964288587957
"""11067_10""",0.7125122123389815
"""3335_2""",0.4755678557936703
"""6578_4""",0.4432071997467933
"""916_10""",0.8197891561846471
"""3844_1""",0.13025317538029316
"""7108_8""",0.3403802438486248
"""565_2""",0.5118431077757597
"""11622_3""",0.29495163298649874
"""10700_1""",0.3314529658864895
"""10483_1""",0.3725725649703597
"""8951_9""",0.6057893500993208
"""6326_8""",0.823196937261462
"""3035_8""",0.6255243413379968
"""2292_10""",0.5309934283414885
"""11013_4""",0.172528809832487
"""10618_1""",0.2868379213160685
"""11544_1""",0.15085163304734578
"""7550_10""",0.5691555789388633
"""289_8""",0.48004188363231476
"""6571_10""",0.6594342241236653
"""6056_10""",0.4381142572998378
"""10814_1""",0.14002195270877352
"""9377_1""",0.10982083451299615
"""1577_8""",0.3939858745945148
"""9268_9""",0.6954257231986086
"""10116_10""",0.7278970769325217
"""7411_10""",0.736584915253041
"""12279_4""",0.4573182482461167
"""3575_1""",0.2052062399731839
"""8105_8""",0.7886189794396448
"""6092_10""",0.9553537283419484
"""12406_1""",0.2578049710549985
"""1117_2""",0.09990849149509576
"""12358_7""",0.7521183775696785
"""4469_9""",0.7547839741825306
"""7055_2""",0.19872461226761728
"""10412_8""",0.7277858150124987
"""12155_10""",0.787447014164628
"""11222_3""",0.14297409249160867
"""9622_9""",0.49859657723180867
"""8992_8""",0.7735026041591669
"""5305_3""",0.11932110240127605
"""8111_10""",0.7896881471110073
"""3436_1""",0.12229642550310045
"""2748_8""",0.7699754312181318
"""6527_10""",0.5645891668983346
"""672_8""",0.7286686378399849
"""8172_4""",0.6369993335705013
"""5513_10""",0.35962565296998206
"""741_7""",0.6065994092244152
"""8886_7""",0.31139793941211596
"""6939_1""",0.15037387467563998
"""12235_1""",0.31063578004018694
"""10607_1""",0.17038614271481406
"""4708_10""",0.46660482041399526
"""9034_10""",0.8904859177836485
"""6600_10""",0.7777438772410118
"""2934_1""",0.47645589042014164
"""12168_10""",0.7131421609171005
"""9362_9""",0.7194393931619517
"""9627_8""",0.7411211180462395
"""9547_8""",0.20658938828587675
"""4108_2""",0.04455680420688334
"""10293_9""",0.6762553010200982
"""10105_8""",0.4994492251427217
"""11864_7""",0.632897951632956
"""2843_7""",0.37558920755734937
"""836_9""",0.6436591089953049
"""6201_1""",0.1454257575482422
"""8192_4""",0.8589741817015444
"""2596_1""",0.49101478592101977
"""6847_3""",0.4889506468529337
"""8794_1""",0.44347914312188746
"""7281_4""",0.2405317076719979
"""9678_2""",0.5122957590357873
"""10950_3""",0.6016905016990504
"""5845_4""",0.37589226653499536
"""6187_10""",0.8361498858870998
"""4684_9""",0.2534691020548806
"""10852_1""",0.35443925809599236
"""11542_3""",0.3503074327492648
"""5385_1""",0.27506659534911493
"""9597_3""",0.6314505310014349
"""8975_3""",0.6722580766230369
"""10766_3""",0.6013744937826977
"""4236_8""",0.5934632431376875
"""118_1""",0.0740261674640866
"""7278_7""",0.6086755346505542
"""11069_7""",0.688458487824038
"""1002_3""",0.28941429513463385
"""4210_7""",0.9135111493515506
"""8514_10""",0.6791375493179066
"""9676_1""",0.2850943495880077
"""11826_10""",0.7130909366719588
"""8216_8""",0.3870700203217053
"""575_4""",0.3044954729346173
"""3867_8""",0.6212221035379558
"""321_10""",0.6750310377764778
"""1654_1""",0.3270714071310987
"""973_4""",0.4624693801439947
"""8796_3""",0.16811332880815916
"""145_1""",0.08250949677236344
"""2649_2""",0.2298820764567825
"""2432_2""",0.34076453889469943
"""5713_10""",0.8631785080892951
"""6851_1""",0.6685082123990728
"""3523_7""",0.8143820888331247
"""9862_9""",0.7369455774285992
"""8888_9""",0.5403211093358944
"""12343_1""",0.1848837821096792
"""2298_9""",0.6764813222212283
"""7129_1""",0.05826715986743883
"""12163_7""",0.6193515279122365
"""1090_1""",0.13329957950785698
"""8249_7""",0.7133671394509811
"""3716_7""",0.7479286231316942
"""8095_4""",0.29554492509133623
"""9739_8""",0.5128107270453803
"""7041_1""",0.3995117287686838
"""7673_10""",0.8709369042786267
"""210_4""",0.3986847180403435
"""283_8""",0.6367984359753938
"""12361_9""",0.691225103492807
"""9254_10""",0.7201487331798893
"""5598_1""",0.1445162466532186
"""128_10""",0.8904828070023632
"""11557_7""",0.7590712434616745
"""10232_10""",0.4087832987098556
"""10747_7""",0.6949105006658081
"""9984_9""",0.9126143084712544
"""9618_1""",0.4475732985340645
"""7976_10""",0.5797726025780956
"""5788_10""",0.6393345277834249
"""7378_4""",0.5102275443635864
"""2047_3""",0.6581411442346858
"""10053_10""",0.7377502813423602
"""8399_4""",0.5169929202924487
"""7925_10""",0.6808073310964887
"""6830_9""",0.36712834561004526
"""2530_9""",0.6866987423097066
"""9521_1""",0.5598734061854987
"""784_10""",0.8532644323041769
"""10417_7""",0.9061176228704969
"""2198_9""",0.8960070272142935
"""8219_8""",0.3973813933780553
"""6896_4""",0.5032379956234716
"""5341_7""",0.7547870513043198
"""2386_9""",0.7060101912688019
"""2323_8""",0.21373395510780585
"""9028_2""",0.6546995976123304
"""6983_7""",0.43092381760925663
"""9885_7""",0.6545650432441934
"""11720_1""",0.34517266132822916
"""8409_3""",0.7704104010071263
"""5797_7""",0.7967191326550569
"""7729_9""",0.883903448308507
"""10591_10""",0.7995394464047894
"""9593_9""",0.5966392368727814
"""6364_4""",0.2645909682755388
"""7215_3""",0.17380070681887635
"""3653_2""",0.3497885382367612
"""4533_8""",0.6258746570548757
"""10899_8""",0.4721202036263228
"""8312_10""",0.7769918751181868
"""9543_10""",0.6108424829470731
"""5608_8""",0.4807813861773257
"""1432_10""",0.7061902080034863
"""5562_9""",0.6448509958611305
"""12171_9""",0.5986277949688196
"""4428_10""",0.900055687458304
"""2062_2""",0.6839210857223612
"""8468_8""",0.3878111692998582
"""827_8""",0.3233320460582793
"""11539_3""",0.2265779997401712
"""4215_3""",0.14791738501522825
"""11310_3""",0.5543729994407269
"""4525_1""",0.06474970491780437
"""2093_1""",0.05369644432609416
"""11238_4""",0.6880815259891402
"""5523_8""",0.5599915974658005
"""9848_9""",0.817698226282704
"""10000_4""",0.19500692415834314
"""10304_7""",0.71088099925561
"""511_3""",0.22629326424037674
"""1807_7""",0.4920890450668822
"""9080_7""",0.6016566753336686
"""1808_9""",0.3330548553523666
"""6283_8""",0.3000581209585444
"""5913_1""",0.14193822000360137
"""685_1""",0.4988624813088822
"""9505_8""",0.647231927702234
"""7152_1""",0.3847118427868164
"""11292_1""",0.08540260093974109
"""8334_10""",0.5756258851072373
"""11476_1""",0.1443430117928532
"""3431_10""",0.5389948659592223
"""4019_1""",0.6899506173190489
"""7292_3""",0.4902115107730945
"""1990_7""",0.6756991240419262
"""1574_1""",0.2500929693148702
"""5516_8""",0.4816147667109724
"""4687_10""",0.6457216698802318
"""11493_2""",0.1693200243631076
"""771_9""",0.7547712710732415
"""8864_1""",0.28173458477258456
"""3001_7""",0.6560584357375765
"""423_2""",0.3606369449813978
"""5062_7""",0.4343991876244298
"""5198_1""",0.35406641509705883
"""7303_1""",0.40776139652703747
"""7433_2""",0.32343886829020335
"""3085_7""",0.6698211442488361
"""3293_9""",0.8016856343395493
"""12426_7""",0.38386117714516466
"""5775_3""",0.3482740586712334
"""7358_1""",0.15200957656726038
"""3851_2""",0.5047733706306232
"""4785_10""",0.5148465588837501
"""9650_4""",0.47392560701902015
"""553_9""",0.8585264187823322
"""401_10""",0.6841903349437544
"""11522_8""",0.8089101129183109
"""5222_7""",0.7798595481568433
"""5042_7""",0.6206066375690918
"""2638_7""",0.33856860662212235
"""11883_10""",0.8047221904873247
"""11476_10""",0.7526276259412726
"""4999_10""",0.6752843599586921
"""10360_1""",0.40264492272444125
"""3443_9""",0.7371145832932355
"""1138_1""",0.5323082283580625
"""1898_10""",0.5751821276518316
"""6069_3""",0.0806493044517843
"""12101_2""",0.08466423807718375
"""1953_10""",0.3889638096336558
"""8679_10""",0.673708433175327
"""10348_10""",0.3432390810817632
"""2208_3""",0.42741404523827237
"""3886_8""",0.8418310229796231
"""3734_2""",0.31464958539819227
"""1330_10""",0.5824575986689888
"""4639_3""",0.5989823906287743
"""6837_7""",0.49358088786851595
"""6520_8""",0.8793201547055156
"""653_10""",0.7746415963566696
"""5373_1""",0.474277082806821
"""8074_10""",0.8222623371632365
"""3906_8""",0.6859430594524065
"""9264_1""",0.4489704089215525
"""2160_2""",0.5294093870847876
"""624_3""",0.6654796611988897
"""3899_1""",0.2937478671926658
"""2181_7""",0.6149012081098112
"""7932_4""",0.3644135876429228
"""8278_1""",0.39606805473119516
"""7162_9""",0.8001516363140019
"""185_4""",0.4144061298650831
"""1997_8""",0.6005246316843865
"""7295_9""",0.6051386188688564
"""1083_3""",0.6028945063239681
"""4678_2""",0.28319777230387805
"""4859_10""",0.6235848488753127
"""9091_8""",0.9014700201616308
"""397_3""",0.1653220635825238
"""11157_9""",0.5283470494165607
"""11261_10""",0.4018230096522402
"""10828_9""",0.8209899752794612
"""2452_7""",0.5091303186134615
"""10268_7""",0.7255353605806711
"""10306_1""",0.28534318580379475
"""18_8""",0.852640477393933
"""7998_10""",0.823329115471249
"""8574_10""",0.529159205577919
"""2953_10""",0.7015039232092382
"""8996_9""",0.6741206486817526
"""7389_9""",0.7801823510448194
"""202_4""",0.5104664943312212
"""5612_4""",0.1783657792629641
"""9916_8""",0.43556366832379195
"""7606_1""",0.36145824212955463
"""1585_8""",0.5637797576529561
"""11803_2""",0.3453440448111376
"""236_10""",0.744445356117074
"""7827_4""",0.4449798317811519
"""5423_2""",0.5638807224134933
"""3625_1""",0.4689619389156025
"""9887_9""",0.7967593020305814
"""3429_8""",0.5875402062623004
"""372_2""",0.11523344930786034
"""1228_4""",0.6034735718277019
"""7891_10""",0.6627434286485447
"""4387_1""",0.18696224347183926
"""6067_1""",0.4298073777450478
"""7822_1""",0.23862044648632508
"""10898_2""",0.062267918076058706
"""512_2""",0.19012751028449
"""647_9""",0.2763894493337559
"""5361_4""",0.2599291847694873
"""8583_4""",0.11019810125985352
"""2858_2""",0.28503937321772393
"""4920_10""",0.7574129030489476
"""6857_2""",0.2847483915345107
"""925_2""",0.3583655361616809
"""2959_3""",0.6713983610179851
"""11481_10""",0.2900760107130928
"""10824_1""",0.4160207232447782
"""1577_4""",0.4106304364695377
"""2231_7""",0.37403563377490456
"""11545_3""",0.8146761954233233
"""1539_2""",0.32503830509661163
"""9657_4""",0.25127339075006894
"""10362_7""",0.45412076298500964
"""11131_2""",0.18765350569612999
"""9833_7""",0.5580139115592023
"""8495_10""",0.5151689881928663
"""11781_2""",0.2561144834149722
"""1056_8""",0.7950759618731431
"""9402_1""",0.23558067475412944
"""6212_1""",0.10700810824231972
"""3151_1""",0.14952487029960926
"""5921_3""",0.07899802459546822
"""2198_4""",0.3304254797870091
"""269_2""",0.3119451653106647
"""11464_8""",0.4150399505056438
"""30_4""",0.680215487530782
"""5300_1""",0.15202878213373097
"""2277_3""",0.48680404556351187
"""10410_10""",0.48743536730776255
"""5233_1""",0.5493553387670816
"""4336_10""",0.6475370166212022
"""3084_10""",0.4631838821803255
"""2908_8""",0.8900899778994102
"""2814_4""",0.7209850628482765
"""8347_10""",0.8430588317221048
"""2319_1""",0.5345793900848979
"""16_1""",0.48930433697136977
"""821_10""",0.5258597259003498
"""2793_10""",0.5116925131036664
"""9909_9""",0.10655131012871884
"""6934_3""",0.6968490198547524
"""9138_1""",0.28489954298120035
"""702_1""",0.4501844338432879
"""3886_3""",0.684158784916721
"""8311_8""",0.7610719015272218
"""9199_1""",0.4134980547575238
"""1254_10""",0.8310488936569196
"""6590_7""",0.30996766140719784
"""3040_8""",0.8078388927439718
"""849_7""",0.631704104765875
"""7555_10""",0.6836745131436659
"""9668_3""",0.6432467756202433
"""10942_7""",0.16233645297589927
"""11343_2""",0.6513518088081238
"""7906_10""",0.5813359770600764
"""11671_10""",0.6898107142828975
"""126_4""",0.20476342844059403
"""9623_8""",0.7909794376543657
"""2872_3""",0.16116050208959745
"""11895_10""",0.5551012462846782
"""3245_1""",0.27502640943252105
"""6145_8""",0.8376245247148032
"""1022_10""",0.4394889941277356
"""6261_1""",0.1333382433803597
"""6888_3""",0.4972013338391326
"""12443_1""",0.18031252329864508
"""7433_10""",0.5744946907241466
"""6512_7""",0.2993700783896913
"""4161_9""",0.6821799266737049
"""6745_7""",0.5685486718726206
"""1993_10""",0.29215119915694243
"""6325_3""",0.2640159953243834
"""12484_9""",0.7974975768045661
"""2204_10""",0.9017195670240651
"""8065_7""",0.748579412254581
"""1705_7""",0.6749536794667053
"""9370_1""",0.478992124874577
"""6150_1""",0.6043346366454325
"""3587_10""",0.7211476255185366
"""1906_1""",0.13209248169598048
"""5706_4""",0.3675337559282056
"""3854_9""",0.6075854860835135
"""9655_3""",0.4441836287808357
"""6736_2""",0.12072667835660467
"""2096_9""",0.7581918190895824
"""2846_2""",0.40730938409648004
"""11849_1""",0.08877224008239054
"""5224_1""",0.15257897147573263
"""2987_8""",0.5298157800480898
"""11058_8""",0.46913271706870413
"""2917_3""",0.7414018897420174
"""459_9""",0.6181126326579907
"""9418_7""",0.80907002376563
"""5803_2""",0.3218511967877076
"""6742_10""",0.5736023298925105
"""2268_4""",0.5673565521371932
"""6832_7""",0.17505731161816435
"""4834_7""",0.6457940004675433
"""9532_1""",0.5613280673219345
"""8197_8""",0.8322972792838046
"""7728_1""",0.13950354144270405
"""1958_2""",0.11793030271290067
"""5380_8""",0.37083383150274735
"""4896_2""",0.43347210983057827
"""9529_2""",0.3923207476512017
"""3322_7""",0.6833428083209001
"""7629_4""",0.5121184640430178
"""9962_4""",0.25546923808783073
"""9277_4""",0.3478968723786918
"""1071_2""",0.24180819105076204
"""8266_2""",0.48912700577251356
"""6812_8""",0.3876848538735739
"""3196_7""",0.5362904374110401
"""3430_2""",0.050419653581730575
"""6052_10""",0.45728510645181475
"""221_3""",0.12178312747138571
"""3244_1""",0.30943403615931325
"""4846_1""",0.24781819770688865
"""2876_7""",0.34070524028394095
"""4247_4""",0.18401420105579203
"""11608_1""",0.2561784196918673
"""564_4""",0.7209864315664055
"""1978_2""",0.13379895752501306
"""4089_10""",0.7669551900286128
"""1633_8""",0.6914231350419512
"""8983_4""",0.7666602881280916
"""10909_7""",0.7093414571670558
"""8135_8""",0.569279316638502
"""12238_1""",0.27148182961716355
"""9564_3""",0.10408394973165018
"""10174_9""",0.400650841906897
"""1690_9""",0.8324298904873553
"""4756_8""",0.7988812826560845
"""10718_10""",0.7891997205856497
"""3489_7""",0.720628884221781
"""2124_1""",0.05027025839353466
"""3842_3""",0.15234138370601108
"""2700_4""",0.47408007769459465
"""5960_8""",0.5174627310992966
"""6193_1""",0.6809087066614026
"""6719_7""",0.38531863511043596
"""7922_8""",0.46232983023290936
"""12132_8""",0.3602354918273244
"""10169_8""",0.8394502902999876
"""1486_4""",0.18612494189479478
"""8455_1""",0.18391419152291205
"""10019_1""",0.09875748398014926
"""7028_10""",0.5923106354171643
"""787_9""",0.6294906853921772
"""2414_4""",0.2467372489614344
"""7182_7""",0.5024616325639409
"""5548_9""",0.35953007479222465
"""3963_7""",0.5124155093619481
"""1584_7""",0.5297446236192979
"""6825_3""",0.5824794735474742
"""6588_3""",0.3404578869411878
"""10573_3""",0.46273604411669944
"""6693_10""",0.8828955381511726
"""5541_7""",0.5236716576137844
"""12053_9""",0.8372128488556312
"""3662_9""",0.9230401361297463
"""6829_10""",0.804684725578446
"""285_10""",0.7600731719404314
"""1270_4""",0.5264822567538004
"""4320_10""",0.3653839006627061
"""1333_3""",0.1614402519040751
"""6618_1""",0.44907053751679965
"""10119_1""",0.26142769674489674
"""2886_1""",0.5184911273910143
"""8811_7""",0.6039055156274682
"""11087_9""",0.8862051209900322
"""3436_8""",0.5593879081471284
"""10479_10""",0.6564119959949296
"""8365_9""",0.806056336291251
"""12140_8""",0.5368413709185205
"""6981_7""",0.36146212766924213
"""10447_2""",0.11476596027154513
"""10352_1""",0.5670957298244697
"""943_8""",0.8285672466570001
"""513_1""",0.1731321402264677
"""11192_1""",0.10351806065697898
"""587_3""",0.15221189107423266
"""3420_10""",0.7664838166037459
"""10030_7""",0.49526985147663793
"""3026_10""",0.4717161672848275
"""3145_1""",0.4710935265370613
"""2230_9""",0.3233102183825144
"""5193_1""",0.4072912818412885
"""11337_8""",0.8597186754827216
"""3601_9""",0.8827881997143424
"""3628_10""",0.6901094380971051
"""4952_10""",0.5842693397295288
"""1775_10""",0.33992917866357786
"""8141_4""",0.2836198750601097
"""572_3""",0.5649844450023361
"""6732_3""",0.14170974327720462
"""4274_4""",0.49559948441454027
"""5892_3""",0.630232751398082
"""7035_10""",0.7740947436944531
"""5354_4""",0.32196761402335944
"""4264_4""",0.5493463916208516
"""8151_9""",0.858808599877497
"""376_2""",0.3708568697560291
"""5352_1""",0.1506188922757312
"""1365_8""",0.5734409106964697
"""8272_10""",0.8515725482538001
"""6942_4""",0.7430876671595625
"""9067_4""",0.3976344275510729
"""11428_1""",0.30571165228169167
"""7308_3""",0.47760623049757117
"""8349_10""",0.6773868608537258
"""11336_4""",0.7176766411258569
"""551_9""",0.704447448989266
"""4721_10""",0.7089946701240618
"""4862_1""",0.5450743115810848
"""5469_4""",0.6935457348413806
"""3834_10""",0.8294473423892299
"""4717_10""",0.8993420336040348
"""4202_9""",0.682240186125797
"""5335_4""",0.7086932395437414
"""7587_8""",0.8078041661116702
"""10827_4""",0.31394471423081216
"""3432_1""",0.2660626918038221
"""6110_4""",0.6622984902718372
"""5618_7""",0.7313447790270082
"""11808_1""",0.1281018493766131
"""9293_4""",0.7085982054046025
"""2163_8""",0.5609963883034119
"""4802_1""",0.2936657280929758
"""5476_7""",0.5562507440354253
"""9991_1""",0.20666373749022482
"""2681_10""",0.673897334743584
"""11728_2""",0.5854295974585897
"""1466_8""",0.8654315068614815
"""4853_7""",0.6730136039023966
"""3668_9""",0.43019437130171556
"""5334_7""",0.7660606592737849
"""12017_8""",0.7275772615237482
"""2046_9""",0.6305444918686881
"""2652_7""",0.5844006012961116
"""2250_8""",0.5542621111640395
"""2253_1""",0.150069706453126
"""9733_10""",0.39421543523645625
"""3_4""",0.6834810884663334
"""6129_8""",0.2593770250854868
"""6858_3""",0.47569413693764545
"""371_8""",0.5655847728996376
"""1111_3""",0.1926872132218797
"""12330_1""",0.23961760270835156
"""3219_1""",0.061170574279982154
"""11372_9""",0.8677838578687964
"""1434_4""",0.12018529920295862
"""8232_7""",0.6761102863353591
"""7883_1""",0.21024861707097411
"""9151_2""",0.5658854173249895
"""10574_3""",0.21813945584136202
"""9376_8""",0.6382886709561416
"""7737_1""",0.4484454996059424
"""7410_8""",0.5322196962838937
"""10488_7""",0.6165302378928889
"""5906_10""",0.7333165943574204
"""5308_10""",0.6135631137237536
"""11266_2""",0.2880066534456689
"""7627_1""",0.15765747965255994
"""218_3""",0.3586751864065167
"""9031_2""",0.10048320026752317
"""3427_10""",0.6139704666138419
"""8532_3""",0.0985821684623577
"""6588_9""",0.7249406307566042
"""9744_1""",0.19995535055728922
"""3061_1""",0.09060492153829891
"""11668_9""",0.8423564213326954
"""9331_1""",0.21072659787577816
"""238_9""",0.7445652877932237
"""10593_8""",0.3490821018819634
"""4441_9""",0.8419296910231004
"""3717_3""",0.1899937907089148
"""5618_4""",0.33837139058868715
"""4353_10""",0.668351270842604
"""1268_2""",0.267379829474751
"""5178_3""",0.3758101632211601
"""2991_1""",0.25771047435218275
"""9976_9""",0.5527369410253484
"""7891_1""",0.25086303248044517
"""445_3""",0.19070177349225037
"""11158_7""",0.802967950279817
"""10328_1""",0.2389387369091942
"""9137_9""",0.7401073389807471
"""7399_2""",0.5300136982014879
"""1187_7""",0.5208050002992978
"""10642_1""",0.2074670739105609
"""3939_3""",0.072512950779647
"""5310_9""",0.6616629441950311
"""2087_9""",0.5530183490759231
"""57_4""",0.11025789829500406
"""4645_10""",0.48443748354644356
"""1734_4""",0.3078553190044818
"""8924_1""",0.089856908386043
"""4418_3""",0.3237258615628417
"""9403_1""",0.3414267178766678
"""12065_10""",0.7529002537981307
"""6763_3""",0.5522296155213369
"""3882_8""",0.5968425671050404
"""7286_3""",0.43062980616936314
"""9259_9""",0.8107858203663169
"""5134_3""",0.2035456849889469
"""10166_4""",0.6322177712100734
"""8362_3""",0.5303700618683137
"""9701_4""",0.6931144580429901
"""4227_7""",0.4845677767845208
"""8483_10""",0.6979293397195625
"""6002_3""",0.08355917781705498
"""5815_9""",0.6645636513009292
"""9385_10""",0.16485016755480517
"""11047_1""",0.2040298524438762
"""6306_1""",0.13902133465683456
"""9141_2""",0.32804096427407564
"""4594_1""",0.41444940347429
"""10471_4""",0.3806737928665902
"""48_9""",0.6902973524549505
"""8133_8""",0.6130043209832098
"""8493_1""",0.15780469846106523
"""3425_8""",0.30482439079759294
"""5731_9""",0.5132406550280294
"""4373_10""",0.5225136398453438
"""4366_10""",0.3862632972697099
"""6123_10""",0.693997161378424
"""1430_3""",0.19925478499161667
"""508_7""",0.4907890567688103
"""11600_10""",0.7803612652966763
"""11767_8""",0.6659174298454533
"""1597_1""",0.11221469204257696
"""7257_8""",0.6673087753857011
"""244_2""",0.128666005765001
"""116_4""",0.45210703912189826
"""7856_10""",0.6680688260461413
"""7640_9""",0.4239713462023031
"""10956_8""",0.7942100255286081
"""11002_3""",0.18607843170054306
"""11666_10""",0.7226620846814046
"""7683_4""",0.7894370641822168
"""10846_4""",0.2880696754136471
"""1317_2""",0.2449225335967901
"""5_7""",0.5995083279737488
"""8526_2""",0.20329463512349777
"""1526_7""",0.6448747195667615
"""3144_9""",0.6055638618156548
"""241_7""",0.6809688806260218
"""8953_1""",0.2956187398584952
"""5919_8""",0.8495297368851937
"""7983_4""",0.5402260200172144
"""5222_2""",0.16293520631900318
"""1662_1""",0.37605435112855445
"""5830_10""",0.6340506232455578
"""859_1""",0.4024104585504888
"""10761_8""",0.35975795335233923
"""12037_7""",0.6794887535334666
"""2629_10""",0.904241029432622
"""1019_10""",0.6098355676932556
"""11270_10""",0.2973890964375309
"""620_8""",0.6402204148628619
"""6718_10""",0.3923271196473742
"""1402_8""",0.5825813060267095
"""6804_1""",0.37054782672049497
"""11743_1""",0.3915841578417407
"""3117_10""",0.7405691085721513
"""7441_9""",0.563000975069123
"""4553_2""",0.4099254305821363
"""5182_10""",0.8816085685598793
"""81_9""",0.5741106120639268
"""8343_10""",0.6342564747763197
"""2030_1""",0.045926803115815415
"""7866_7""",0.581162868076792
"""11132_1""",0.38796604514643257
"""879_3""",0.4120286694270962
"""6547_10""",0.8108469437405463
"""11166_4""",0.2819628525404294
"""7427_1""",0.15890927572346708
"""5848_4""",0.3548357145385712
"""10734_2""",0.43542553744344575
"""11263_10""",0.8535169266841228
"""9761_7""",0.702437743647748
"""7582_10""",0.7056883558506396
"""3849_1""",0.19035219713827498
"""8242_10""",0.8687955035928244
"""309_10""",0.6222316930227959
"""5492_1""",0.28132509449259574
"""4294_2""",0.7441597567011088
"""7222_7""",0.2889775137992307
"""3365_1""",0.06029388523303002
"""11084_7""",0.5984062452223943
"""50_10""",0.8698869516648208
"""3234_1""",0.38368253081940085
"""10155_7""",0.4076349726423305
"""1181_1""",0.32795430640541867
"""1505_3""",0.1144354134619801
"""11926_1""",0.18334354076746465
"""12174_3""",0.32282921860979746
"""4589_4""",0.1286029592908701
"""12421_8""",0.6518459244385926
"""1079_8""",0.6445192850429788
"""4852_8""",0.6187298155800494
"""11753_8""",0.6862197390020137
"""11257_10""",0.5701133419723932
"""8270_1""",0.2784528948522615
"""7690_3""",0.42032531219230873
"""12354_8""",0.23330368161828566
"""11419_8""",0.75355068213468
"""7587_4""",0.613912655744125
"""818_9""",0.30364310178580134
"""10431_10""",0.7170344936865389
"""12056_4""",0.10976602337989652
"""7595_10""",0.644051553655089
"""2601_1""",0.3338144123419618
"""10022_10""",0.5020414439324405
"""4124_1""",0.34289708279016573
"""11573_10""",0.4710268320094484
"""9868_1""",0.11983451737984296
"""7093_1""",0.08401171013972215
"""4993_3""",0.25337503209260775
"""3192_8""",0.7595070993038904
"""8269_10""",0.8449254494230933
"""5767_10""",0.3799153440787987
"""8440_7""",0.5401297288648071
"""1038_10""",0.672501202504302
"""525_9""",0.8403123395979175
"""689_3""",0.20401548705814862
"""10989_1""",0.3124476179542558
"""6166_4""",0.5319349410656623
"""6452_10""",0.6848066269153286
"""3217_1""",0.20891773958688423
"""11629_4""",0.4973000678241823
"""4338_1""",0.1942155909933158
"""2822_1""",0.22063565640967597
"""11252_7""",0.3763928346777323
"""11097_9""",0.7950292551434481
"""7124_10""",0.7637113261102155
"""261_3""",0.4866874915967713
"""7828_10""",0.7025418898347853
"""9030_7""",0.705622998214547
"""9723_2""",0.1811306077990233
"""6924_9""",0.5396405665017461
"""11945_4""",0.5890430109852015
"""11811_2""",0.09042981956119797
"""3115_8""",0.8372906003914572
"""4381_9""",0.5556798476975476
"""676_1""",0.5018188543151669
"""8002_9""",0.48154102037250973
"""9209_3""",0.6877589945022897
"""1677_10""",0.5926994763970113
"""7094_7""",0.7762758287876474
"""12193_8""",0.5172733982461735
"""1227_7""",0.17558349675337773
"""9186_10""",0.7558454577994587
"""6117_1""",0.40123523996429195
"""8621_2""",0.6357790043122032
"""9729_1""",0.06515841615439807
"""12239_7""",0.43472580456198173
"""2465_2""",0.10380273263659466
"""4360_10""",0.8081658449593706
"""10538_1""",0.22694272545154226
"""3439_4""",0.13982213656990983
"""256_10""",0.46569154067494895
"""7114_1""",0.1585997662221668
"""3206_3""",0.17783627635067772
"""229_10""",0.43829474780341393
"""7501_3""",0.5934727245098077
"""3639_1""",0.4794290349193904
"""9751_9""",0.7201955908319007
"""8277_3""",0.2656353533112536
"""5276_4""",0.40375297579955166
"""1804_8""",0.4626242819036113
"""8497_1""",0.31633432329761146
"""7742_1""",0.09456596506738643
"""9755_7""",0.7172116441413822
"""8429_8""",0.5947958342346253
"""769_3""",0.21291202134889228
"""7452_10""",0.71033811461166
"""1004_4""",0.4851702604101711
"""6393_10""",0.5855960354555201
"""7457_1""",0.11318432390097737
"""8182_10""",0.8212386585867689
"""11589_9""",0.8690748881333578
"""4718_8""",0.608884300752782
"""5315_10""",0.7951754471541008
"""9927_3""",0.35121313631047424
"""6391_1""",0.09035293675832268
"""532_3""",0.2426580213000765
"""10544_10""",0.6302005907893444
"""3576_4""",0.5938943814269426
"""5420_4""",0.5383461525702982
"""7140_10""",0.5327029078108926
"""11018_4""",0.09485107616954236
"""7443_8""",0.5930503217015316
"""7399_9""",0.5351010711405233
"""12129_10""",0.6675908116773249
"""6876_3""",0.35233131720355376
"""9227_1""",0.4079879115049806
"""4983_1""",0.11183256334589844
"""2502_1""",0.15607551420336746
"""2584_9""",0.7818046712988072
"""5637_2""",0.16759677747952556
"""6497_10""",0.7678300601097622
"""8464_2""",0.19496495598912986
"""2070_10""",0.5746155429530114
"""4574_3""",0.08571195016940597
"""1642_10""",0.3491755915172828
"""356_9""",0.4959765120601989
"""8052_4""",0.5816053953087011
"""2457_10""",0.7994666334819379
"""6322_4""",0.45335593710178934
"""2218_10""",0.7269062179215965
"""10669_7""",0.5657727848659507
"""5296_2""",0.42736356742741277
"""1118_1""",0.21406329244377925
"""8588_1""",0.3036772363578712
"""12348_10""",0.2599651560980965
"""7990_9""",0.6714202828584874
"""819_7""",0.3073355990578024
"""10552_7""",0.4959611606108596
"""9126_4""",0.3546047213922747
"""11190_9""",0.41135531277526516
"""6696_2""",0.3333399365478581
"""4906_10""",0.7113602659991496
"""6809_4""",0.7181029680402706
"""10032_1""",0.3954207893455607
"""2694_10""",0.6991100912250328
"""6411_8""",0.3779124099707905
"""11967_9""",0.6912168755400719
"""10190_1""",0.3379120266866413
"""316_1""",0.12223685666861747
"""5644_9""",0.7250380399600828
"""12083_10""",0.7910765033454468
"""9280_3""",0.5736242594732947
"""11735_2""",0.3173604451529804
"""5219_1""",0.31908864022002814
"""6810_3""",0.4893692515903417
"""7817_2""",0.3966998710676784
"""6753_9""",0.3295764777010899
"""16_8""",0.5485223316862061
"""3908_1""",0.27634065358247084
"""11502_10""",0.8102879778047923
"""523_1""",0.2863701698343158
"""11213_10""",0.7825072256768024
"""5058_8""",0.737851628804148
"""3290_1""",0.23662633288319845
"""2954_4""",0.7856274713783862
"""7148_1""",0.4536232346895329
"""4455_7""",0.7262340853194711
"""1873_7""",0.4580703391629167
"""4796_2""",0.18830044833994947
"""6317_3""",0.7491131962231974
"""11153_10""",0.7383704537092648
"""3319_1""",0.3552864285213419
"""1247_9""",0.8041288507895811
"""9119_1""",0.10942415182939891
"""7904_10""",0.6632910481441029
"""4892_1""",0.3177654820565432
"""4608_8""",0.6923641432010825
"""4756_4""",0.18346435959747404
"""230_1""",0.5815080591109162
"""6730_1""",0.12289131258815036
"""6639_8""",0.6673393539474032
"""1726_1""",0.13271884798377856
"""4540_2""",0.2662836017303842
"""1898_1""",0.15002755573980275
"""877_1""",0.3213352532581509
"""10416_9""",0.9202695478621693
"""1359_2""",0.342318772504107
"""8886_1""",0.08357061297159901
"""553_1""",0.2754110394579675
"""5252_10""",0.8830931173858372
"""8808_9""",0.6876580589419035
"""8792_10""",0.8112644187714066
"""11723_10""",0.9030099922805939
"""6977_9""",0.6880682665928461
"""5050_2""",0.25561750399480626
"""6413_8""",0.7042797722562671
"""9880_8""",0.7040539138989647
"""5827_10""",0.7333617997128776
"""5271_10""",0.4716655748640372
"""12231_2""",0.24690654632116948
"""9913_1""",0.13190451756022534
"""3058_10""",0.7490277194412799
"""1278_10""",0.6808457023459543
"""4923_9""",0.35397356809787006
"""4662_1""",0.2194218818421268
"""10857_2""",0.3366153372006083
"""5033_7""",0.6336277699380692
"""7681_10""",0.8061258212402224
"""8916_3""",0.3459873828759856
"""10603_3""",0.5317481182709229
"""8940_3""",0.692545275978863
"""2381_1""",0.4079271639551768
"""9188_8""",0.5638070251998156
"""5290_8""",0.8319846485602993
"""6746_1""",0.14047462022931453
"""1001_10""",0.8888306581324376
"""1190_1""",0.10931633734355536
"""1858_1""",0.09493777331005754
"""5645_10""",0.6763305986159246
"""3021_9""",0.6858747244801054
"""9801_2""",0.4163638077417485
"""2498_4""",0.18680500356389904
"""7972_10""",0.5857334536704407
"""1200_1""",0.13809129861170644
"""9626_4""",0.6678271519598121
"""11750_10""",0.8014018874274417
"""9571_10""",0.4607723720727307
"""11593_10""",0.8734558914980579
"""4432_10""",0.7607749623791399
"""10324_1""",0.2664004610262024
"""9123_10""",0.7692696043154416
"""10155_1""",0.11306962717700744
"""12237_10""",0.6534216560747442
"""2828_2""",0.5290618540145385
"""6375_4""",0.4248337300002376
"""8264_10""",0.9038269846201801
"""6131_7""",0.6650431807260838
"""2950_10""",0.5821773508495209
"""3584_1""",0.07332255967358281
"""3077_9""",0.667359858711184
"""8867_10""",0.6578819975825513
"""4189_9""",0.43618166602006453
"""2297_9""",0.3767232548272396
"""3607_8""",0.8394401327031139
"""339_10""",0.3085529135722581
"""6450_10""",0.7985431620373502
"""8537_9""",0.2800176031906293
"""5663_10""",0.7849323154279036
"""7179_10""",0.743502500675532
"""1929_10""",0.7014037008106303
"""7363_10""",0.6408993731408456
"""7073_10""",0.8272368376918255
"""8472_10""",0.6721140068763795
"""2397_4""",0.6908080754740413
"""5710_3""",0.4208327724493386
"""12429_1""",0.08848956848189873
"""4841_9""",0.6492988508302335
"""5819_2""",0.4233644797590293
"""7112_8""",0.5151350074422397
"""1087_10""",0.7786052165333028
"""10766_8""",0.3996468210086328
"""10675_8""",0.6776825443680186
"""11953_3""",0.4546947010691777
"""1927_9""",0.75211246673642
"""10455_9""",0.6325615868134851
"""451_8""",0.8158453180568942
"""10796_8""",0.6478403504215181
"""5288_7""",0.8819767783846079
"""4368_2""",0.09532674659964947
"""10456_10""",0.3338682976320972
"""9981_1""",0.1702670155569176
"""11403_1""",0.33178863214644944
"""5219_7""",0.672098100617149
"""11929_4""",0.4037284143724297
"""5481_10""",0.7731860333764276
"""3829_4""",0.30963060158549083
"""11367_4""",0.40976074731395906
"""8154_10""",0.5141336679022193
"""2754_2""",0.19851458513823378
"""2299_10""",0.8425760634913767
"""8868_1""",0.3484181531776071
"""4566_10""",0.7320471157978445
"""6688_1""",0.7010753484061655
"""2666_4""",0.2669677340234609
"""11892_10""",0.5722825888648706
"""2667_10""",0.7168044229795002
"""9244_9""",0.6269888201948793
"""12498_7""",0.370226736848184
"""3493_9""",0.16656129347857607
"""7565_10""",0.6945073796940258
"""2916_7""",0.6032125846560842
"""12473_8""",0.6484165165237842
"""3142_9""",0.7059731005959498
"""3289_10""",0.8982926047058686
"""11159_10""",0.7636193519791072
"""8428_2""",0.4314643684018191
"""4152_8""",0.5692065500069172
"""10754_8""",0.7441305818912022
"""11718_1""",0.1548531891058819
"""5408_1""",0.10019088968532783
"""5686_8""",0.2669352039842391
"""7479_8""",0.6403626336596682
"""5160_10""",0.7924788090150244
"""3138_1""",0.12491072366606952
"""10343_9""",0.6101442994393474
"""9524_3""",0.7282840672549346
"""7794_1""",0.4631561820022896
"""5433_1""",0.29992781783184985
"""3380_8""",0.6843179291681908
"""7222_3""",0.2585695648557293
"""1751_4""",0.6331037688836667
"""3914_10""",0.5714610520226754
"""8022_3""",0.7775177604409691
"""3975_4""",0.2383154391110239
"""8177_1""",0.22809771840407728
"""5670_1""",0.16192747049376952
"""203_10""",0.9003905762447174
"""4315_2""",0.1460434758503991
"""8296_8""",0.6666903516967173
"""971_10""",0.5155025333460611
"""12018_1""",0.3766280310987741
"""3714_9""",0.7766638924381367
"""4342_2""",0.6681544706407034
"""4965_3""",0.45916726101695426
"""5126_8""",0.6634698301941233
"""10686_3""",0.4519719439886894
"""7290_10""",0.8863579662728371
"""8474_8""",0.6514850107769469
"""7633_2""",0.5590627047293151
"""2226_10""",0.29892785671619726
"""1436_9""",0.7632742591964962
"""813_10""",0.67590042732397
"""11865_7""",0.6337231536500213
"""4937_9""",0.7775927960549806
"""4613_9""",0.2689478693327386
"""8129_9""",0.6644967972490121
"""2376_4""",0.5711272149946278
"""6861_1""",0.15269230646253418
"""9104_2""",0.3260703728763265
"""10590_3""",0.3514344694790425
"""11021_4""",0.15684948768928955
"""9480_10""",0.7557332535461996
"""12212_10""",0.6501635158521747
"""11766_7""",0.6425408040709776
"""5356_7""",0.2710949320736791
"""9572_7""",0.5586648986980868
"""3264_8""",0.6074313544030866
"""11794_1""",0.10114021386866616
"""11739_2""",0.5400041909850618
"""731_8""",0.519454054713063
"""6278_9""",0.7692426582401414
"""625_10""",0.5883260762864851
"""7252_2""",0.3565153849437093
"""5171_10""",0.8835051371079488
"""9149_3""",0.5599942160275879
"""10780_3""",0.22210656177790472
"""1568_9""",0.6389148798334783
"""7291_9""",0.6247604867162021
"""2288_8""",0.651369182307014
"""3126_9""",0.7890559780354697
"""3352_7""",0.7526067675102719
"""9455_1""",0.08851537584702633
"""1709_7""",0.5358091162551017
"""9309_2""",0.1264356396974949
"""994_3""",0.4566684798504124
"""4173_10""",0.5277874659549281
"""113_3""",0.32420376074478957
"""10472_10""",0.8002268193979307
"""7193_1""",0.09427326999863306
"""9978_3""",0.41206994886979437
"""783_8""",0.7342927142969893
"""7585_10""",0.7722373296941594
"""2135_9""",0.4474223819723179
"""10887_10""",0.7977574282694286
"""4075_2""",0.09416627405143449
"""10521_2""",0.29273171244296287
"""844_1""",0.5140502443298198
"""6691_3""",0.1493786425748651
"""3879_4""",0.3792194502901357
"""3511_1""",0.5150679099272877
"""332_1""",0.7258492090143476
"""7398_4""",0.6077873426445523
"""1845_1""",0.6344282388732634
"""3890_3""",0.4349041499154058
"""3781_9""",0.6921228953543127
"""3723_1""",0.0948766385314057
"""2908_1""",0.060816010620947554
"""7625_3""",0.17619838109031025
"""6310_10""",0.4621352011715289
"""9432_4""",0.6758154534228847
"""1820_10""",0.7366218370417102
"""6809_8""",0.8592727246099655
"""9911_1""",0.12186686463366037
"""12001_8""",0.7569916464143802
"""7266_7""",0.692306497660653
"""263_10""",0.800809327854953
"""2109_3""",0.14034140813495202
"""7293_4""",0.5952728577738158
"""8874_8""",0.6336185402832449
"""2143_4""",0.7542061094164221
"""4307_9""",0.6109726499522978
"""4176_1""",0.08009099723936317
"""8369_3""",0.06456420323631785
"""12317_1""",0.058617225364228746
"""1687_4""",0.13338674857361674
"""12082_1""",0.48261809462896565
"""3396_10""",0.5897366783042637
"""9129_9""",0.5926423214378479
"""10090_10""",0.7541919008565514
"""11841_1""",0.2241097242930121
"""12447_4""",0.37944091128838003
"""11624_10""",0.8868512077991774
"""8624_10""",0.5419493355665669
"""9290_1""",0.5179789446480038
"""1108_8""",0.43762746719802004
"""4300_10""",0.7208040922039632
"""2553_4""",0.5966692900631678
"""10550_8""",0.25086182208469565
"""8884_10""",0.4773743344607428
"""6760_2""",0.4235796550124293
"""1177_3""",0.3422855866318706
"""9939_2""",0.2897490273724138
"""2100_7""",0.44687298808597675
"""9677_1""",0.5025843588714025
"""2511_4""",0.10489611791027346
"""4115_8""",0.7761724121136282
"""437_9""",0.851488764994382
"""6698_10""",0.5175166766451459
"""11049_9""",0.6625613494935836
"""10168_4""",0.5816679839101041
"""8071_8""",0.6314756887157068
"""12474_4""",0.550952320071537
"""3775_10""",0.4377866521862915
"""7478_10""",0.5143190406733961
"""4312_8""",0.7249671914436615
"""3105_7""",0.7149453399081874
"""640_9""",0.721277424668054
"""6891_1""",0.07556839092227896
"""1849_10""",0.8152860339942939
"""8528_7""",0.5905511030336125
"""9032_4""",0.11744409030485053
"""11743_9""",0.8589086272268814
"""2813_10""",0.4358702907315704
"""846_2""",0.5337404821269908
"""3695_4""",0.24303224686947064
"""5972_3""",0.4694713197212821
"""4831_1""",0.13589589016882575
"""11826_1""",0.13179476223213257
"""7684_10""",0.66629040009269
"""7042_8""",0.4982099696330937
"""10247_10""",0.5195963080469622
"""6766_8""",0.5489081629166583
"""2091_2""",0.15055747242069947
"""5108_2""",0.13637909513652594
"""10644_1""",0.14267892677181593
"""5955_2""",0.3238428704289516
"""9451_10""",0.46992862035515964
"""11518_10""",0.4990403800063384
"""3871_1""",0.17971552170758906
"""5013_1""",0.1777775859452589
"""5056_4""",0.4766091548036367
"""3688_1""",0.1799551332672057
"""2325_2""",0.40102487974003287
"""6330_4""",0.2977512564509142
"""8783_1""",0.1987804463237888
"""3848_3""",0.14262618810585184
"""5901_10""",0.8170599467672638
"""10947_3""",0.2620677672985225
"""4590_10""",0.6588856056183553
"""4337_10""",0.2951713129063404
"""11029_3""",0.70400658881963
"""10980_3""",0.4784705376838157
"""165_7""",0.6438496360532934
"""474_8""",0.8956879845055485
"""3175_8""",0.5536374807721424
"""11764_1""",0.5489603122090845
"""2164_7""",0.6816619283361363
"""8891_8""",0.638246064446938
"""8294_9""",0.7548262953595143
"""6602_7""",0.6620096538845006
"""8187_8""",0.6050199705394661
"""2609_2""",0.5027570489122599
"""6506_8""",0.8154308157924605
"""2207_1""",0.07673603810552146
"""2467_9""",0.5182009687400823
"""7440_1""",0.23209647682978563
"""6417_8""",0.7412224043034301
"""12278_7""",0.7525901739836028
"""4495_3""",0.5432095661103017
"""8223_10""",0.7174851745571913
"""3659_4""",0.28646098350834653
"""1120_3""",0.4985164534600915
"""9713_3""",0.17413192759690324
"""808_10""",0.8934942719080959
"""11164_10""",0.5931701683497362
"""3536_10""",0.6303820683675263
"""10930_1""",0.25163752702182385
"""6868_4""",0.4953268582472723
"""2248_1""",0.15066418309953483
"""3624_4""",0.36319594995957366
"""1442_1""",0.10508908910594199
"""10167_4""",0.450514623087387
"""10645_10""",0.4908291803214091
"""4414_1""",0.13992053947478938
"""6409_2""",0.17558741771700836
"""10486_1""",0.43548067158651627
"""2983_7""",0.8401250582324876
"""4985_4""",0.5134028322473934
"""3566_9""",0.5883272917536264
"""8340_4""",0.29912952260094455
"""10246_9""",0.5266716478086672
"""7380_1""",0.6248372230694994
"""12381_3""",0.37831761976582967
"""11723_4""",0.2638828731635704
"""7478_1""",0.6550475030636085
"""900_9""",0.6033399999937921
"""3364_2""",0.3575019488778598
"""6570_1""",0.23702403437325928
"""9309_8""",0.6245717089720401
"""6044_1""",0.08942587497684325
"""9261_2""",0.23372100172612328
"""5690_8""",0.41526130775819603
"""5326_2""",0.05716375358952951
"""11179_10""",0.6600966924981142
"""8908_1""",0.08553038556906489
"""10224_9""",0.27747899943311394
"""7318_10""",0.5143929488489745
"""11098_8""",0.6917962253747304
"""10120_1""",0.05671852669674912
"""4561_2""",0.47363377767067527
"""4409_3""",0.20792251040332085
"""4301_9""",0.27180440679302814
"""9254_3""",0.11562492967692746
"""10717_9""",0.766333237930112
"""10619_2""",0.7135550824824892
"""5924_1""",0.5433012214132913
"""11657_10""",0.503343093379923
"""6373_4""",0.5250466593163653
"""10469_10""",0.6834131022860103
"""5531_9""",0.6363779256494204
"""1089_10""",0.7159094825476221
"""5082_10""",0.8343429901028371
"""4267_1""",0.13461117916560691
"""3006_10""",0.6487327248339473
"""9318_3""",0.2764124566392412
"""11877_1""",0.04357243375573977
"""7274_1""",0.49738901666570534
"""12450_7""",0.5506215507691009
"""148_9""",0.38074960795188545
"""10353_10""",0.15132330366362948
"""1368_8""",0.23770589323134067
"""9408_7""",0.5998506830831731
"""5739_7""",0.6122443156880364
"""7036_10""",0.6712529794544464
"""11554_2""",0.7910261933797959
"""4601_9""",0.24576653368349693
"""10376_3""",0.2553677784740145
"""2486_8""",0.7711928118345335
"""5745_4""",0.3468328347572928
"""873_3""",0.38204499724977664
"""7009_1""",0.12239045139722532
"""542_7""",0.6875994457294287
"""12008_8""",0.7106271175534442
"""8040_8""",0.7762949196926132
"""4048_2""",0.17906963360248665
"""4895_10""",0.7485118262187019
"""11789_9""",0.6612233102074755
"""5084_7""",0.6287252091789703
"""9207_10""",0.540853645682766
"""923_4""",0.6479411571474738
"""106_3""",0.2932585969097745
"""1125_1""",0.3471502485270618
"""839_10""",0.5274893355293476
"""5285_10""",0.8487910663321041
"""7444_7""",0.7195322980907592
"""1566_8""",0.5834865198640149
"""3285_1""",0.27438488162483543
"""6203_2""",0.15087067537886378
"""11147_3""",0.11298231536403713
"""11152_3""",0.18169784470618333
"""3335_9""",0.7247065977194059
"""6689_1""",0.08495983174123399
"""6557_7""",0.6615202556933183
"""3362_10""",0.6601698492352258
"""101_3""",0.6914455249949585
"""10692_4""",0.2578624733021809
"""4462_7""",0.5944252878931942
"""265_1""",0.10966621074473819
"""1369_3""",0.48504980094880246
"""9112_10""",0.32981094811522027
"""7870_1""",0.05555901414527656
"""6102_10""",0.4711392595515375
"""3973_10""",0.6780744903617366
"""8232_1""",0.2539301610351707
"""3177_10""",0.5625631337644398
"""11598_10""",0.4074854558963385
"""882_2""",0.5485411355787165
"""5660_10""",0.5431829845949011
"""1685_10""",0.8161635880717616
"""2064_1""",0.2721513878552173
"""2296_9""",0.6803936288009111
"""3648_10""",0.5901435806239496
"""5486_4""",0.5867340390007434
"""2496_8""",0.6748945216156018
"""9579_10""",0.555609990182804
"""10776_10""",0.7797219527576766
"""5889_10""",0.7186088463857219
"""8292_1""",0.10280976624505594
"""10547_3""",0.41313345973399124
"""10415_7""",0.6677091220001103
"""10741_1""",0.3188062811082495
"""10196_1""",0.2967663043484341
"""12155_2""",0.5479975693315403
"""2224_3""",0.5294523310478734
"""10356_7""",0.2538618101611236
"""7202_1""",0.18163807785375038
"""11973_10""",0.32519982558025284
"""1792_8""",0.6424352741421383
"""7894_9""",0.8598866098614683
"""11413_1""",0.542093417941034
"""10596_10""",0.5504961462286405
"""2462_2""",0.6586557341364769
"""9451_1""",0.3745807833182437
"""2895_1""",0.3046805711944779
"""2513_4""",0.6688186760626887
"""11950_7""",0.33215223464927873
"""10566_9""",0.6737398889225019
"""2209_4""",0.489872360646135
"""9292_4""",0.46642000193248684
"""5575_8""",0.7366541454937828
"""1688_4""",0.35130829922821344
"""440_8""",0.8106379000545411
"""6324_10""",0.853116548947492
"""8296_2""",0.5835884437575019
"""9460_1""",0.10290145956856037
"""3992_8""",0.650538989196388
"""11425_10""",0.579190531780091
"""147_4""",0.45826337682715523
"""2897_4""",0.2992781802568547
"""6214_4""",0.25665395072936786
"""11157_4""",0.2685596589719123
"""4204_8""",0.7849860842125451
"""7255_2""",0.27167675685828063
"""8435_1""",0.5550388981260715
"""11354_2""",0.08825763260831623
"""2136_9""",0.5059744548109131
"""295_1""",0.5470528191150125
"""335_10""",0.8092803067055263
"""8791_4""",0.20315986372598918
"""2817_1""",0.2152996412972087
"""1629_8""",0.693876148627992
"""6826_3""",0.14828662827819789
"""5550_8""",0.6440915648163659
"""3572_10""",0.6134278873834558
"""4543_10""",0.6257400934780925
"""2789_1""",0.21861600931361502
"""12288_7""",0.6065147926629406
"""9769_9""",0.8279052537591833
"""1257_1""",0.4249292979829391
"""6180_10""",0.6791650694180421
"""8881_8""",0.6646397609922201
"""7075_10""",0.8524518147034135
"""10254_1""",0.17707911792040473
"""12214_10""",0.6173285057968648
"""829_10""",0.29428933820058617
"""5633_8""",0.5831754268131636
"""6202_7""",0.31650865792376925
"""4843_10""",0.9008625460271733
"""7564_8""",0.8119121885080969
"""3539_4""",0.38086384326876954
"""9634_9""",0.56566660032345
"""7578_9""",0.8359161913208262
"""6642_9""",0.8222698518492857
"""3438_8""",0.32080325733945564
"""11407_4""",0.24026470846680112
"""9891_1""",0.0973773823721408
"""3875_4""",0.21093439326763178
"""6447_2""",0.15363842650748824
"""5027_8""",0.8050672672721794
"""11415_7""",0.41868180836346286
"""7762_9""",0.6914490987156613
"""7263_10""",0.7389178179792402
"""6556_1""",0.5578183694952685
"""5491_10""",0.8560960833190956
"""3418_8""",0.253923904528423
"""4137_1""",0.3709500416188781
"""5519_7""",0.5468220225136959
"""3435_9""",0.5793543463515946
"""10199_10""",0.7975804112738768
"""5212_4""",0.6583960558479522
"""11891_10""",0.6894063838235809
"""4989_7""",0.5955831110413137
"""2883_3""",0.5868870194031534
"""9154_2""",0.7005469977732102
"""8384_10""",0.5185898139534667
"""4082_10""",0.6024652599051293
"""4334_2""",0.2893157696711513
"""5652_10""",0.6022170544165624
"""4544_2""",0.1249151642955538
"""4987_8""",0.7488103068506108
"""9648_3""",0.3524221475884257
"""10755_4""",0.816613291336105
"""4386_1""",0.11878560674945671
"""4619_4""",0.5836700975924813
"""5860_7""",0.6606110820627742
"""11492_1""",0.18946617212023678
"""2126_9""",0.6198760864023961
"""8355_7""",0.635968320312701
"""6560_10""",0.3764936601765186
"""4026_9""",0.8070841463863175
"""4019_7""",0.38050662568662724
"""455_10""",0.6965510021505975
"""6637_1""",0.7209459719641247
"""7490_3""",0.3608827916850748
"""10533_10""",0.520057058054095
"""7417_7""",0.4486713680754476
"""3392_2""",0.548120803120369
"""460_1""",0.09433582571103885
"""5364_10""",0.8776736199359851
"""234_7""",0.8211893023951589
"""709_4""",0.28955780825584226
"""2753_9""",0.5537524048750196
"""9434_10""",0.6433887544994203
"""2835_7""",0.7697244386505194
"""6849_1""",0.10793968171836395
"""11186_3""",0.17385264469036746
"""10902_8""",0.7342059929227776
"""2617_2""",0.5117815777087971
"""7423_9""",0.5544286878668485
"""4699_1""",0.23280260291960353
"""12312_10""",0.849678004058904
"""6185_4""",0.5513660073885004
"""3742_3""",0.2877267673902341
"""1314_8""",0.865685831245801
"""7985_1""",0.6358824592335542
"""3669_4""",0.7782979455306988
"""2791_8""",0.5339609764756407
"""2295_8""",0.8095656989706673
"""12111_1""",0.4795867768976077
"""11827_10""",0.6425737511828505
"""10191_1""",0.2951138852944231
"""5264_2""",0.24687906424917105
"""11002_8""",0.6555237971748356
"""12423_2""",0.09736110529875955
"""3551_7""",0.6893210229547655
"""10804_3""",0.6792387804522478
"""3670_4""",0.7303290834547677
"""8408_10""",0.7726798540228372
"""1307_10""",0.8208840662806345
"""10906_10""",0.47199605762337904
"""4039_2""",0.049283736384684106
"""1010_9""",0.580785604220805
"""8764_1""",0.11084267831924091
"""10894_10""",0.7764574947229833
"""1249_1""",0.2433649372396079
"""1844_9""",0.9066410399561985
"""3252_9""",0.5609081237972902
"""12272_1""",0.3971556986351844
"""5599_10""",0.8057186676735085
"""6265_8""",0.9186341063932971
"""4497_4""",0.759266052662825
"""3925_2""",0.2976659133531911
"""7935_9""",0.6637664716086197
"""12146_1""",0.2972065897480484
"""2345_3""",0.6034741507089675
"""11171_10""",0.5901139887440512
"""6726_1""",0.10625875188367435
"""11129_9""",0.7156873389225055
"""616_10""",0.7669384276088655
"""11349_3""",0.17958101733375798
"""2485_10""",0.7020585855614142
"""3212_4""",0.30373796936420555
"""5578_10""",0.8271045151938872
"""2252_9""",0.8550395716718923
"""11643_3""",0.12481637626816529
"""12081_4""",0.27836320392906794
"""4104_10""",0.4526285959180722
"""4504_7""",0.8729391263247324
"""6354_10""",0.4462009417012557
"""12118_8""",0.7959446188709797
"""9680_10""",0.4551218325950411
"""7173_10""",0.6325674566033286
"""1965_3""",0.2021320860946018
"""2674_7""",0.3292718203863227
"""1425_1""",0.3640362266530948
"""4017_8""",0.7723383807569966
"""3835_2""",0.5679208163964587
"""1335_4""",0.1544546399699388
"""627_1""",0.40291242175032144
"""8330_3""",0.5206107258570215
"""8907_1""",0.1882817096681975
"""11801_10""",0.6214138360823932
"""3231_1""",0.15493023378718673
"""860_4""",0.516935873805896
"""2902_8""",0.6599190266463504
"""11550_4""",0.42951764337424075
"""4944_10""",0.6127411205348746
"""10190_10""",0.5242581761684704
"""4090_3""",0.10402084882234951
"""3863_1""",0.0720968205581725
"""3904_9""",0.6901838813386298
"""917_4""",0.4059504090754733
"""5540_2""",0.07851898955395258
"""9183_7""",0.6951753002919905
"""2570_4""",0.22356733284772937
"""11868_1""",0.12744532963049038
"""7438_3""",0.24482136680167876
"""10484_2""",0.08827814864040764
"""1988_8""",0.5820011552033031
"""46_2""",0.2323505463480567
"""6624_4""",0.23953200294541221
"""4666_7""",0.5388138901979833
"""11479_4""",0.6699777700367706
"""308_1""",0.22688711743060108
"""5400_9""",0.8928841043815535
"""5258_1""",0.23801258492477978
"""432_3""",0.18453953867437942
"""7245_1""",0.26846387379558656
"""7082_1""",0.24482634798150463
"""9698_10""",0.4938005043591421
"""1085_9""",0.6144075668093901
"""9999_10""",0.8584328299446727
"""4235_7""",0.398270944226781
"""11603_10""",0.6815087333907269
"""4457_3""",0.40265689602940613
"""5022_8""",0.6959686749566926
"""12278_3""",0.4244959067926075
"""12076_2""",0.48469334150924753
"""7239_4""",0.5694681122242652
"""4691_10""",0.5938794054840005
"""9820_2""",0.34238141316813464
"""5932_1""",0.46128702693675777
"""10265_9""",0.7408545590157231
"""9247_2""",0.21797722983980633
"""4581_3""",0.4388785343399816
"""11060_7""",0.6787860720043942
"""10349_2""",0.345494089168377
"""9821_3""",0.5361256303348493
"""3375_7""",0.5129971927984814
"""5515_10""",0.6586364825833154
"""3921_8""",0.3313712046608968
"""6671_8""",0.7167476520053809
"""7051_7""",0.49795062187790406
"""743_7""",0.47564306971441345
"""8230_3""",0.10961543859592503
"""11203_2""",0.5030476312239168
"""11616_1""",0.25853476589977514
"""8033_9""",0.5418553730503034
"""1472_10""",0.5281138662737809
"""1932_3""",0.3888497954540315
"""6827_2""",0.1358313943736348
"""6912_4""",0.1026248738838262
"""12024_1""",0.05418756462880063
"""10625_1""",0.40914010400895634
"""9528_10""",0.713111732967787
"""6663_3""",0.6377431772056695
"""10727_1""",0.43461353157475424
"""6646_10""",0.7660812117877649
"""7632_7""",0.7565715016337268
"""8518_2""",0.2082256613207176
"""6398_9""",0.7768672771825503
"""488_8""",0.8447390520768184
"""4133_1""",0.2749521707541986
"""4128_10""",0.8063968621701075
"""5883_10""",0.8481447041243868
"""10240_1""",0.05573415949417131
"""8791_8""",0.8543093522785725
"""10917_8""",0.6781191700291547
"""9097_10""",0.6840038301085627
"""8438_1""",0.1354157662076393
"""7536_1""",0.5146948167170293
"""7542_3""",0.21412539418833987
"""3928_7""",0.22363065956050932
"""12477_2""",0.15494997006782804
"""9157_3""",0.49651508272086053
"""2694_2""",0.7390214113446905
"""3632_3""",0.15879581349757374
"""7169_10""",0.8054225060480857
"""6931_7""",0.4325935318534791
"""11474_10""",0.7910026911193061
"""2252_1""",0.1455935604532667
"""1261_7""",0.24909734202965178
"""523_9""",0.6258458789936675
"""12233_2""",0.07342911395204343
"""4731_9""",0.44415484562990476
"""12376_10""",0.3518783015865441
"""11834_4""",0.6670640519880332
"""7063_9""",0.5085644541369665
"""5289_1""",0.3549348560445361
"""9632_3""",0.617335308367218
"""11086_1""",0.06369478516467969
"""8224_10""",0.7491667344734914
"""8013_3""",0.43625358149750537
"""8003_3""",0.1700357340358235
"""2281_8""",0.4454957864569047
"""4643_7""",0.7266081246377384
"""7942_3""",0.18788437764501698
"""11067_2""",0.20012957491860756
"""5577_1""",0.2861524567886736
"""5796_1""",0.0625369582224047
"""11514_1""",0.6649026116799385
"""1867_1""",0.1634259927964118
"""4804_2""",0.0863784396349007
"""4547_1""",0.24678016647585324
"""6391_7""",0.35626666254524847
"""6260_9""",0.8794948083885454
"""5355_10""",0.3887990652800608
"""12358_4""",0.13166376146723296
"""860_7""",0.762238922447693
"""3768_1""",0.6169629401244432
"""8742_3""",0.6826967983060309
"""10786_4""",0.20230271687371396
"""5337_3""",0.47345223730277364
"""11260_10""",0.25827570616668094
"""7364_1""",0.4554097665890454
"""4434_2""",0.3573475073643308
"""10604_8""",0.3113560771815266
"""9587_7""",0.4767446611249497
"""738_1""",0.6599296191531283
"""3757_8""",0.6583686415695525
"""6970_10""",0.7743346157047547
"""6194_1""",0.43285165670816284
"""4559_10""",0.5944712845836424
"""2334_3""",0.6462881905300129
"""10636_3""",0.6942845590045463
"""4192_1""",0.4330631433952631
"""1579_4""",0.37807442163761706
"""7168_10""",0.8270454429157619
"""3789_9""",0.8042634609651023
"""5617_7""",0.7922043193396804
"""5757_8""",0.5687266869325941
"""1431_7""",0.6798920737778604
"""6130_4""",0.8106702979536413
"""12092_3""",0.20836149434041218
"""7918_3""",0.4039156568570919
"""5386_10""",0.3952849857846289
"""2794_9""",0.5932915116619175
"""2394_2""",0.143697536905008
"""10690_7""",0.6916017254877768
"""6406_4""",0.6635380891121312
"""12288_2""",0.5501169615110881
"""7405_4""",0.3341003558446727
"""6153_10""",0.2972760568132348
"""5577_9""",0.7715581221893221
"""1462_1""",0.4557752866557756
"""7732_9""",0.5987546445937594
"""9046_10""",0.5680997193461077
"""11086_8""",0.8326080965867618
"""1426_7""",0.6782317701365783
"""12174_10""",0.45870216714106177
"""5537_1""",0.12038966751516648
"""11746_1""",0.4303095336728595
"""12203_10""",0.5165971131967667
"""11585_7""",0.7205336936825087
"""9765_1""",0.22192863165306484
"""6295_8""",0.43707783300160663
"""3991_4""",0.47505910205224855
"""11134_10""",0.6696192576387306
"""12379_7""",0.1757621652663551
"""7316_2""",0.7437364794610113
"""6955_4""",0.5919146486208295
"""8092_7""",0.8290810892945453
"""9788_1""",0.13357270345902228
"""9494_1""",0.11910862660282565
"""721_10""",0.7078376539217757
"""1250_9""",0.8734088105237099
"""3204_2""",0.3365879227473215
"""6539_9""",0.842410656472621
"""7944_1""",0.05529389612938416
"""8632_8""",0.5939539263153163
"""2787_10""",0.6995094971340622
"""11497_1""",0.25556586793347436
"""8577_9""",0.8587107225046173
"""2717_8""",0.5192861215546002
"""3251_8""",0.6689867068410592
"""11714_7""",0.5551432140010772
"""3868_7""",0.702562552787678
"""7394_1""",0.5812060398408542
"""481_7""",0.6244728992510533
"""5237_2""",0.16501659978147395
"""11148_9""",0.7055995753555301
"""11946_7""",0.7366743688071711
"""7301_1""",0.20649612356147337
"""384_9""",0.3977560580620208
"""8535_2""",0.28777387006103744
"""8067_8""",0.7131369739296198
"""8452_2""",0.1616859127986374
"""7361_1""",0.12962835327727326
"""4017_3""",0.6373419706215283
"""6304_9""",0.7408806762680128
"""7326_10""",0.7805856895538157
"""399_1""",0.2548606946329882
"""9003_1""",0.25468620217534305
"""11314_8""",0.5008341311959499
"""4909_10""",0.6996235011161188
"""10463_10""",0.8416715705231596
"""7355_2""",0.3292337033414499
"""3553_2""",0.7412339956125321
"""4404_10""",0.6107985881769779
"""9304_1""",0.4268775856397709
"""7903_1""",0.19205194678066956
"""4429_3""",0.5890646835868654
"""6287_7""",0.713379992476723
"""10461_1""",0.21342039976534657
"""668_10""",0.6050425373131777
"""7560_10""",0.6728984043319197
"""2785_1""",0.06516079839155889
"""2801_10""",0.7241669234489919
"""4318_9""",0.7051664839186228
"""244_9""",0.8823692872536973
"""12435_2""",0.107215377008229
"""2788_9""",0.6374060402187984
"""2537_7""",0.5010723776053382
"""928_1""",0.0807888259689467
"""3312_7""",0.8666596979082317
"""12147_10""",0.9345346829633349
"""5414_9""",0.6339508252672819
"""9871_1""",0.1496337421154336
"""1308_8""",0.8032313107802398
"""7668_1""",0.14947281165548948
"""5571_10""",0.727227508779514
"""2052_10""",0.7568851937985293
"""7089_9""",0.6710929763825824
"""6411_2""",0.1854925614391764
"""8514_1""",0.20841315738528318
"""5921_10""",0.5692086157171901
"""3264_1""",0.3421573805326721
"""319_1""",0.14888756874414277
"""3433_10""",0.6013974973877136
"""1610_8""",0.9006969769983229
"""8002_3""",0.5365715279793263
"""8099_9""",0.645953246618619
"""5418_1""",0.4081810382066571
"""6247_3""",0.18945037253132782
"""5153_8""",0.6976913870503387
"""12201_1""",0.2861640817433514
"""8900_1""",0.2924218325515577
"""10908_2""",0.39095660709867497
"""598_1""",0.12477994289381186
"""10590_9""",0.33836877097899637
"""6706_10""",0.5162763995912898
"""12299_9""",0.9006305565646247
"""2159_7""",0.33749234926954474
"""186_1""",0.14790744212430956
"""3008_8""",0.7513079117954947
"""831_7""",0.24791930928268816
"""2717_3""",0.44569510224122966
"""5174_10""",0.6703799780856886
"""3088_3""",0.30953196217920237
"""6262_8""",0.6099778800310738
"""12303_1""",0.3909144723810922
"""9904_8""",0.8505338441650448
"""10097_10""",0.7295224437777331
"""6242_8""",0.4907000763710173
"""9653_10""",0.8683349219290669
"""12499_1""",0.40782868105673636
"""894_1""",0.5246299597545135
"""8935_7""",0.798597507747028
"""3184_2""",0.1817562450623949
"""2226_4""",0.7425556201953526
"""592_10""",0.9091561553263205
"""2173_8""",0.8681207380579725
"""10967_2""",0.07439852719798042
"""3332_3""",0.14440172828742914
"""1074_2""",0.4832082531047
"""2396_4""",0.09388498419618385
"""2627_4""",0.6209353362370421
"""5982_9""",0.7962056316967481
"""1386_1""",0.26683175915945967
"""7325_4""",0.37534327840938575
"""112_2""",0.36622097360083317
"""8856_10""",0.6495194528210074
"""1948_1""",0.2926335848362451
"""5791_4""",0.2880613003919915
"""1007_9""",0.6287267224516706
"""3758_3""",0.06455632193278518
"""6455_2""",0.07438527268146035
"""6464_9""",0.9202106482223057
"""5403_10""",0.7025629734572076
"""7076_10""",0.8633894504952124
"""6123_3""",0.3251229636464821
"""2832_7""",0.6527443594290844
"""9287_10""",0.6664611398469951
"""3665_10""",0.74095437598442
"""4488_4""",0.6361523152418362
"""5861_1""",0.0838880874852144
"""2222_10""",0.6728931326740706
"""9608_1""",0.35978097081204974
"""6225_4""",0.7017747002453398
"""5643_3""",0.37139601875167616
"""8720_7""",0.7114981868761163
"""4955_7""",0.5283321263393767
"""6839_1""",0.11289615826083117
"""7396_1""",0.17934316195953026
"""6234_8""",0.3290477264048931
"""10423_1""",0.5129502946545853
"""2158_1""",0.07417406063522397
"""6929_8""",0.48573831382380633
"""7593_3""",0.5126651365730228
"""636_1""",0.2010714267665535
"""2747_7""",0.6349628935958381
"""7398_10""",0.5881366854141987
"""6852_4""",0.35130829922821344
"""9938_3""",0.14436353392705667
"""3989_3""",0.6882652743576502
"""1104_9""",0.7990564410072766
"""5897_3""",0.2497539735611235
"""5254_3""",0.11024302729948002
"""4824_1""",0.7246605906052039
"""10945_8""",0.4921172884977642
"""11486_8""",0.6980346558417375
"""2542_1""",0.3248697892846095
"""1824_10""",0.8356221971417038
"""10181_2""",0.14541151475242792
"""2492_9""",0.6370115287170054
"""8111_1""",0.4976379478562564
"""5844_9""",0.6386414194298218
"""1369_7""",0.11260991582061766
"""10775_4""",0.4345359876395866
"""9617_9""",0.4346295224869599
"""4709_1""",0.09754171772074637
"""7043_2""",0.6595107336731365
"""5166_10""",0.716596353566708
"""1604_8""",0.8349221048666199
"""8576_8""",0.6202433109454806
"""1916_7""",0.25972348986357036
"""10286_10""",0.7413410262762399
"""10241_1""",0.23949531993518464
"""12441_9""",0.7047211333882325
"""4529_1""",0.3026204044406622
"""1553_3""",0.609276021201699
"""3985_4""",0.559515188435506
"""5542_8""",0.7756735327327011
"""10857_9""",0.7102915810573595
"""7600_1""",0.5982330858753044
"""12095_9""",0.7367998140143641
"""3134_10""",0.8579199893200682
"""9472_3""",0.5351624753314901
"""1058_10""",0.8428380555578028
"""7328_9""",0.9032393909757549
"""3865_3""",0.2558955800445132
"""7409_3""",0.18155543080663972
"""4795_1""",0.3378330168880909
"""11596_10""",0.736683963768265
"""3758_8""",0.3960009313014234
"""5099_4""",0.275863797027421
"""7707_10""",0.6266763904321415
"""1412_3""",0.48186733410921856
"""4720_10""",0.7245612829950513
"""978_7""",0.6630017520311006
"""6165_8""",0.4901279737507908
"""1307_1""",0.08710214392387879
"""2322_7""",0.2164335037261952
"""5328_10""",0.4490195247687953
"""11934_8""",0.5302014967809517
"""1940_3""",0.47072283285303856
"""6270_10""",0.3042192838228157
"""5262_8""",0.8666865691960421
"""4068_9""",0.6429498830822289
"""1208_3""",0.32975195655865686
"""10220_3""",0.34199664633041826
"""5091_1""",0.5487561044860967
"""2738_1""",0.2123361774051958
"""8909_3""",0.154628792774963
"""932_2""",0.5877026396999073
"""863_10""",0.7530541371385309
"""454_1""",0.3558728617352347
"""10525_4""",0.2816078327090269
"""175_4""",0.48498686129728447
"""4551_1""",0.1131801839723627
"""5666_1""",0.49657617958289874
"""4324_10""",0.701971994480957
"""8189_1""",0.2181712919948583
"""12064_10""",0.6078258481818007
"""8622_10""",0.6075440360224096
"""1115_9""",0.16652306497394675
"""9593_1""",0.20202102242265496
"""5579_10""",0.6163558759559506
"""3467_1""",0.23128720705008363
"""11409_1""",0.09848686578238505
"""8682_1""",0.5471704787765521
"""7866_1""",0.36907685052306405
"""6111_8""",0.42815858668712176
"""524_9""",0.800195935738235
"""9837_7""",0.6608022197319319
"""2215_1""",0.2650216318725802
"""6840_10""",0.7729007841467619
"""7384_8""",0.7527931393884671
"""6353_7""",0.6889736057898024
"""8650_3""",0.5656151912214886
"""1890_10""",0.3757344029106911
"""10402_8""",0.5310927320841309
"""3770_4""",0.2663415147261113
"""3086_1""",0.11252953126659763
"""1487_3""",0.6353729957308011
"""2995_10""",0.86261165984847
"""2356_7""",0.5585254013515162
"""5320_10""",0.6210511606371053
"""3235_1""",0.2585870213136631
"""6802_1""",0.21632259218091704
"""11329_9""",0.5632910650825672
"""1143_8""",0.6354499193255944
"""5768_3""",0.20779309278695654
"""8004_1""",0.4302541469451501
"""5453_3""",0.4065932398016275
"""11288_10""",0.4612760965801897
"""3278_10""",0.6974203658392955
"""11856_7""",0.5466984898923856
"""12057_10""",0.7507804776112228
"""1825_4""",0.08016484128114065
"""3319_10""",0.660811135750038
"""5956_7""",0.8202252318276879
"""4875_10""",0.3769709223399923
"""562_1""",0.7229776754251153
"""11359_8""",0.5987241852566695
"""12454_10""",0.40158395553835385
"""10621_2""",0.11610565484502905
"""10407_2""",0.5221574328224101
"""3532_2""",0.15542441339091714
"""10162_4""",0.5855129855981827
"""7084_4""",0.7571294181656323
"""167_10""",0.6481365168746612
"""3362_1""",0.17767968076139395
"""6370_10""",0.48018525833112774
"""2281_3""",0.6820493683586364
"""10454_1""",0.12412883889109773
"""12387_8""",0.47940471536720936
"""8375_8""",0.7795319186398294
"""9656_3""",0.27442905230763787
"""9387_1""",0.362485263620964
"""4907_1""",0.19666956750642586
"""4697_9""",0.7086272698435759
"""4217_1""",0.22363680174213685
"""8860_10""",0.218956356090589
"""7312_3""",0.15698957072186837
"""9326_10""",0.6202182078778846
"""3785_8""",0.6828009158867058
"""2255_1""",0.22398938730674364
"""9950_3""",0.2687926329079506
"""558_2""",0.21338037982390878
"""413_8""",0.71038180569919
"""7837_9""",0.724358345673973
"""9192_1""",0.6009583656988755
"""7_1""",0.4165390939456784
"""9674_1""",0.4860640343356932
"""9771_4""",0.26347518110877294
"""3331_10""",0.5732474130022088
"""11444_8""",0.18169708059722
"""3009_7""",0.6707035299297145
"""5584_1""",0.29353905154243654
"""12044_10""",0.7603689238116792
"""5952_9""",0.6502509008571937
"""4989_2""",0.12209066129959632
"""5722_3""",0.10826668177883747
"""6207_4""",0.2991913730680606
"""7646_1""",0.09395116030198379
"""1811_3""",0.4337332934187447
"""1197_3""",0.5467383932393998
"""709_9""",0.7848424325914017
"""8554_9""",0.6190529403767782
"""1706_9""",0.7787159527169735
"""10060_10""",0.5885182451898698
"""6818_1""",0.20802158693502043
"""7255_9""",0.6536252515146574
"""3790_7""",0.6866353572423488
"""7833_9""",0.2944321978264943
"""7448_4""",0.28708445803617255
"""3456_1""",0.4634979213978708
"""3881_3""",0.16432709875858806
"""11049_1""",0.24673622196590242
"""1269_1""",0.38662469032340135
"""7803_10""",0.4607142225100575
"""1413_9""",0.5177346464480058
"""1289_8""",0.7522934068310063
"""3967_9""",0.41664217626178046
"""7533_10""",0.6980839714105724
"""5372_8""",0.7222457747931438
"""1518_1""",0.26034770218781894
"""10752_3""",0.41594456882778613
"""4863_3""",0.16552165090856744
"""699_1""",0.09621002430842898
"""11537_3""",0.36151859757967314
"""9241_7""",0.5177923774872096
"""876_3""",0.8021167640076176
"""11234_4""",0.693820645987373
"""5942_4""",0.7792312754982303
"""1778_10""",0.38742125037486086
"""2631_9""",0.6002925106910773
"""7425_9""",0.8170966091205133
"""3410_10""",0.8451079627316748
"""9155_10""",0.6156477241053486
"""4396_10""",0.8544788143422218
"""8894_7""",0.43895486245260756
"""6034_10""",0.7871475134523277
"""12105_1""",0.3088328310595409
"""11645_7""",0.6433991178685191
"""1821_4""",0.33870489469661175
"""9028_7""",0.2514683600074444
"""4670_7""",0.618331753180483
"""4720_3""",0.12384069084323432
"""10001_1""",0.1468770384848917
"""8363_2""",0.1202557906851877
"""5681_9""",0.4656282828457348
"""8165_10""",0.6861843555815075
"""11961_2""",0.08343092723810566
"""406_1""",0.2325072935580913
"""8313_1""",0.10904069891371236
"""11945_7""",0.43611476532912974
"""9454_9""",0.2765098065409597
"""9523_10""",0.5768080867878133
"""10516_10""",0.6806346681235642
"""6036_3""",0.3459697959899751
"""5046_1""",0.1025249576935301
"""9019_9""",0.7777373103128129
"""5471_10""",0.9104429884574853
"""11862_7""",0.6799384398706038
"""651_1""",0.49691319805765277
"""3131_9""",0.7690749049889517
"""9912_1""",0.06426379604686154
"""6231_2""",0.4793901995071595
"""5523_2""",0.7234862616221375
"""1817_1""",0.5972441014446598
"""8880_7""",0.6464730493573334
"""6080_4""",0.22995926803008512
"""9940_1""",0.859791110673382
"""3409_4""",0.47411991910481727
"""3713_4""",0.23387487040918284
"""3447_3""",0.5809459099685126
"""3460_8""",0.9338394964531345
"""9397_10""",0.3581404372108651
"""5528_8""",0.7058003338825414
"""7658_10""",0.6641658912755954
"""5893_10""",0.7519052008508095
"""1646_1""",0.23029840307426372
"""9620_7""",0.6605971502344268
"""66_3""",0.5189369859315599
"""1691_10""",0.6598581396311093
"""4311_7""",0.48218983641837554
"""12091_1""",0.246569721722139
"""5391_1""",0.10130472795229735
"""576_4""",0.47160885955305676
"""4734_9""",0.49721453847967206
"""6008_10""",0.7020609733251507
"""8527_7""",0.6582860695562013
"""6048_10""",0.4353561321600394
"""5102_10""",0.8250237292134058
"""6794_10""",0.8597581237334403
"""3473_3""",0.6070987165098861
"""2025_9""",0.5051049754556208
"""9728_2""",0.11260983791112956
"""10704_10""",0.5071856718704273
"""9094_4""",0.7354293163876481
"""7838_9""",0.7414411787155746
"""5779_1""",0.09794995136708479
"""5342_4""",0.6799587862585682
"""9291_10""",0.603019466735992
"""7028_2""",0.6375573793118819
"""1331_9""",0.5801622280283946
"""9913_8""",0.6602441611376076
"""10250_10""",0.8549296820939287
"""9227_8""",0.5023682974510751
"""6278_4""",0.5104452236636876
"""2302_1""",0.415989791793144
"""7000_2""",0.2839619361546179
"""416_2""",0.4647634645393412
"""6846_1""",0.41153504730363877
"""3253_9""",0.6951103582184053
"""1712_1""",0.19904357457240932
"""9720_10""",0.7615365571611794
"""769_9""",0.7947200556185722
"""6635_10""",0.7908270578861019
"""1421_10""",0.49398333926234
"""6803_1""",0.8422331503769849
"""4290_4""",0.5133480036945641
"""2465_7""",0.5653041127641913
"""70_8""",0.8117219637373243
"""5176_10""",0.773985231697464
"""305_2""",0.18442495092362649
"""11094_3""",0.25817850788763563
"""1109_10""",0.8960702716711647
"""95_3""",0.32474496656014784
"""2378_10""",0.8997241300524241
"""3270_3""",0.15636828825983987
"""6999_4""",0.5742641212127902
"""7594_8""",0.5152971990769365
"""9549_10""",0.6646631902910921
"""8263_4""",0.4399175592724045
"""10379_9""",0.714532488526108
"""11187_1""",0.4267540737194486
"""2278_3""",0.4939778935978498
"""11180_4""",0.5446035834335151
"""745_10""",0.7952480104826818
"""9794_4""",0.6510241409779235
"""6565_1""",0.2862426458308023
"""9608_8""",0.8061117926371536
"""12222_1""",0.362159653684635
"""9330_9""",0.5778902360078996
"""3611_9""",0.858168405968137
"""1775_4""",0.4383554103062965
"""3635_1""",0.326098668606283
"""3893_1""",0.21506576819060352
"""2802_1""",0.06806520096673556
"""2481_10""",0.587625240375452
"""1540_3""",0.4220755357457389
"""2205_4""",0.39504828557045607
"""10970_7""",0.8926908536190523
"""8287_2""",0.27899173566643565
"""484_1""",0.23495404284052984
"""249_2""",0.1946184444760566
"""12073_10""",0.8332851227539994
"""1443_7""",0.6600447642608632
"""4985_7""",0.7611128954918867
"""12247_1""",0.4535406489830416
"""3170_3""",0.1421666705205259
"""2900_10""",0.5803719982420226
"""1930_9""",0.7566223823922872
"""12309_10""",0.8236605602491849
"""10720_8""",0.8247241844278419
"""5260_4""",0.4462170074296359
"""5212_8""",0.6348294001447298
"""3872_10""",0.44874154068113886
"""9705_1""",0.39986613547478306
"""10367_8""",0.7841477972334704
"""10063_10""",0.9159438758528948
"""9682_1""",0.3505570543964718
"""7356_8""",0.6096933554770481
"""6045_7""",0.5937143811685603
"""3181_10""",0.7236239913746068
"""7212_9""",0.28233538147244497
"""8801_9""",0.881322127093777
"""2910_3""",0.6983080093043473
"""5031_7""",0.7316927848594473
"""1416_1""",0.28391110176503764
"""8903_10""",0.7260938412614724
"""10620_4""",0.564091042265931
"""8957_1""",0.06601962639717457
"""3374_1""",0.15472055973314416
"""9196_1""",0.14822177985031662
"""5167_10""",0.6186313888062422
"""10900_1""",0.15803738624375988
"""5405_2""",0.5380474579942419
"""1546_1""",0.361855731231834
"""12331_4""",0.29129928435874186
"""4733_9""",0.6361974393728378
"""6682_10""",0.778338885877768
"""1356_8""",0.7238072824516288
"""2301_2""",0.17341894731433843
"""11565_7""",0.28526563646611336
"""8731_7""",0.7132972194679223
"""1638_10""",0.6035807300258411
"""7280_3""",0.484601438016484
"""51_4""",0.5140735854350141
"""355_4""",0.5274666677756068
"""485_10""",0.8816900413065951
"""554_4""",0.17464893117888158
"""8059_3""",0.2635319213911446
"""3645_4""",0.5341751687684356
"""7332_7""",0.7423855856832059
"""10877_2""",0.18760847706789008
"""10837_1""",0.06997931406407648
"""6273_10""",0.5674538723356108
"""11773_2""",0.27022144482747346
"""744_1""",0.571025165285631
"""9762_8""",0.7650807900023802
"""831_4""",0.26473888021931785
"""4450_3""",0.19766875115066282
"""5338_4""",0.45041676761448557
"""6741_2""",0.5723668439031813
"""5962_9""",0.4993378602049215
"""10363_3""",0.40325824533240373
"""9063_10""",0.7871382305986259
"""2739_1""",0.18594469994055846
"""5920_2""",0.11411106649957914
"""5200_9""",0.7816713965433516
"""6498_10""",0.7678300601097622
"""591_1""",0.1511574611232159
"""8010_9""",0.6749128103839608
"""369_8""",0.7827919793585734
"""9971_9""",0.8313739097145482
"""11735_8""",0.6665322222639165
"""11278_10""",0.5924980423356232
"""1464_9""",0.7195913801259202
"""3787_8""",0.7299878650928744
"""10097_2""",0.31247575937997496
"""3728_8""",0.722502067830004
"""9996_2""",0.4853650058067269
"""8676_10""",0.8042920882208384
"""9718_4""",0.3542123998298252
"""9280_7""",0.5386946518934915
"""8343_4""",0.2506861734600428
"""3505_1""",0.36065322293954827
"""8863_10""",0.7216413609330418
"""5682_10""",0.23456810726202718
"""4704_2""",0.48025210927500067
"""11106_7""",0.6505857007102271
"""10541_2""",0.4351850664200003
"""6601_9""",0.8392074418103717
"""11387_10""",0.3851956065595023
"""8864_10""",0.4478034649472582
"""7139_4""",0.3338728438546196
"""10068_8""",0.6063914215717946
"""2572_1""",0.09855089362508367
"""3819_10""",0.5562220048099834
"""11954_1""",0.11650190673006693
"""2525_4""",0.34501714220141744
"""12440_7""",0.741192728235728
"""1489_10""",0.5267043895208855
"""12422_7""",0.2820268616959492
"""5463_10""",0.2689495779487039
"""5684_1""",0.06254800372363686
"""30_9""",0.773921506667312
"""1255_8""",0.7606817422229869
"""3993_4""",0.6715675593148098
"""10386_7""",0.7827271346207242
"""10111_10""",0.7052576810561665
"""2915_9""",0.7272474790732225
"""4621_1""",0.27562794837184845
"""3671_9""",0.8771349728854352
"""1069_4""",0.3662143198273698
"""2060_10""",0.5922777935081084
"""3788_2""",0.2253833791186587
"""3_7""",0.514941483928278
"""7722_1""",0.18087540116117704
"""9601_1""",0.3639862297496672
"""3294_3""",0.45321728335022016
"""4361_1""",0.05423251846762543
"""6626_7""",0.4275633307208287
"""5799_10""",0.6871069983659969
"""332_10""",0.7946886384439705
"""4320_4""",0.316951458792858
"""4545_9""",0.29827377616652906
"""6029_1""",0.2787847751295891
"""6329_1""",0.39936737579686793
"""5586_1""",0.3217220681110369
"""9401_1""",0.45131791807186167
"""7087_10""",0.6120779325955722
"""5200_1""",0.4415706499746184
"""9707_7""",0.2799639912160753
"""5006_10""",0.47569380815174667
"""4702_4""",0.6913141938899365
"""11207_10""",0.3864631492178547
"""3593_1""",0.18218129390234758
"""3050_3""",0.3728779312913014
"""6036_7""",0.7821474910392787
"""2221_2""",0.296458268949946
"""6895_1""",0.42684357528046557
"""5678_10""",0.22564503558312846
"""8395_10""",0.8726960251651822
"""8193_1""",0.1145752283521802
"""11689_4""",0.32819837071020624
"""10207_10""",0.6161425184320113
"""5028_4""",0.3409857456926401
"""26_3""",0.5135638302914649
"""11774_10""",0.6274237811526959
"""59_3""",0.31233181479984906
"""7339_4""",0.5257121337283056
"""2141_7""",0.738412768383336
"""10647_10""",0.6814431290546774
"""7703_8""",0.40991164316211154
"""5904_10""",0.7048395252212525
"""11952_7""",0.6311801704501575
"""6355_1""",0.2799855944691628
"""7465_1""",0.2282732807607269
"""1244_9""",0.7543841849267773
"""5129_9""",0.4980368229286144
"""4015_10""",0.8714465124399107
"""435_1""",0.27932721571993563
"""8974_3""",0.7028612149015383
"""2294_2""",0.1905391570268592
"""5028_8""",0.3506238164429592
"""3850_1""",0.12833249162100072
"""3162_10""",0.7195518245177793
"""7690_10""",0.6694117098561577
"""10957_1""",0.2792524825406104
"""8809_10""",0.41336347410572166
"""8509_2""",0.48757543627880545
"""2314_1""",0.13030692306501238
"""2587_9""",0.5867485194353853
"""6823_8""",0.8878262264768453
"""9761_2""",0.7040318702878068
"""2699_4""",0.35455231626208006
"""10291_3""",0.1693474673030828
"""3015_7""",0.41650723169543363
"""10059_10""",0.4480594520808229
"""8018_1""",0.5942577224039572
"""9487_1""",0.6408358029210774
"""12074_4""",0.39972279075499406
"""2051_1""",0.24597610315790708
"""3997_1""",0.3419759006365208
"""9323_2""",0.3457413245406508
"""10231_9""",0.7881321120069074
"""10129_2""",0.37251879581857666
"""1491_10""",0.5833882556427593
"""5601_10""",0.5428705616086609
"""6980_9""",0.641088180749898
"""8952_1""",0.16348813837409337
"""12021_1""",0.08005085980172437
"""11719_1""",0.30118633055572147
"""4620_8""",0.3768699851141919
"""9819_4""",0.8048137233363952
"""1682_2""",0.5516293170868299
"""5635_4""",0.6363589832287045
"""4634_10""",0.5962949014344037
"""8725_8""",0.7698906526900763
"""9919_9""",0.4524484212209893
"""5839_9""",0.36802128167903775
"""10643_1""",0.2022141466951167
"""4447_9""",0.7523741822643598
"""7614_7""",0.7066951134556022
"""441_4""",0.5891677125085415
"""1713_1""",0.06955491104577276
"""507_7""",0.4356935820347504
"""6592_1""",0.3126380318961937
"""6378_9""",0.8265491240356532
"""10206_4""",0.24635405155859247
"""11627_8""",0.43499233915492375
"""11991_4""",0.42875757325293146
"""5759_3""",0.19312528498440976
"""2655_3""",0.4058568108261117
"""8628_7""",0.8074363829352319
"""12364_2""",0.09772018910587692
"""11107_7""",0.5942362614360224
"""3166_2""",0.5810592675424107
"""4168_1""",0.1524348909921312
"""10876_7""",0.8489658142732199
"""5609_10""",0.6410202661442804
"""600_8""",0.6506336210055992
"""7243_2""",0.10539181151968266
"""7300_9""",0.7828627354184801
"""9144_10""",0.22714306095446918
"""4539_3""",0.33458774756981063
"""8007_10""",0.60517226563649
"""8486_1""",0.3200226318898428
"""6213_2""",0.40037497932601923
"""4742_10""",0.35849734883741813
"""1421_1""",0.1837422871588448
"""4061_9""",0.48173016093372667
"""10451_7""",0.36261410281523143
"""1062_8""",0.7325966413274821
"""12281_1""",0.15897456181988606
"""5994_3""",0.2323477930016546
"""10055_10""",0.6504820033050968
"""2602_1""",0.5264910231705285
"""11107_4""",0.1176858539813721
"""4007_3""",0.5258327950465742
"""10444_9""",0.6618892602049755
"""1635_7""",0.7414134916098685
"""12049_8""",0.8384355839545969
"""3988_3""",0.685747981571477
"""12414_8""",0.32071581730211546
"""7074_1""",0.13474755947435774
"""11854_7""",0.700966484949448
"""2445_8""",0.7899182992182538
"""2187_9""",0.7132092942059219
"""11675_10""",0.6086365570178983
"""5648_1""",0.047929803375044176
"""1614_4""",0.3350567098368692
"""9395_2""",0.3058138744276755
"""5372_1""",0.2759347920818955
"""12082_10""",0.7138192376097969
"""12029_10""",0.5557196860605492
"""983_4""",0.6311475020019767
"""11356_3""",0.11290236710912502
"""4254_10""",0.36705514342440393
"""6017_4""",0.32179913542513283
"""2330_10""",0.5729441025090554
"""1089_1""",0.3908643462063417
"""8017_3""",0.3588787423709083
"""5248_1""",0.5248535156253104
"""9041_8""",0.4748073648946846
"""3855_1""",0.22699768459961514
"""10976_1""",0.49174517631467574
"""7926_4""",0.7033146702427311
"""7758_4""",0.557931258571597
"""8081_7""",0.7426682896714628
"""9267_4""",0.257319614990864
"""6381_9""",0.7371296015444926
"""6172_4""",0.3443882028885292
"""12411_8""",0.5612768842307347
"""5216_10""",0.5768046534402737
"""10999_8""",0.5454046580879713
"""2460_1""",0.2072287327037085
"""7815_7""",0.6264934891488901
"""8586_7""",0.6935540118611836
"""21_1""",0.0778105418853205
"""2467_1""",0.0696121764685124
"""7979_8""",0.47841859703009165
"""3744_7""",0.8095530396261783
"""7205_1""",0.2106607070446924
"""6862_7""",0.5791293555057685
"""12031_10""",0.8710068127932996
"""12458_1""",0.09675499393881293
"""10410_1""",0.3355109745237364
"""2624_10""",0.6720414949399658
"""12083_1""",0.40372722518617216
"""47_2""",0.489673826324881
"""676_7""",0.75607194033723
"""5425_10""",0.6857794851798121
"""1899_2""",0.374873154335843
"""9666_1""",0.12518396168241544
"""3151_10""",0.829724528168292
"""1745_8""",0.610977056302764
"""7646_8""",0.26615933077111026
"""10011_9""",0.6886347361031885
"""10061_10""",0.776149539620626
"""6792_9""",0.8853277352096175
"""5150_3""",0.11144394871473028
"""593_10""",0.6491122337228249
"""6170_4""",0.744989466477541
"""2029_2""",0.18106632624793179
"""3026_4""",0.41534251116109105
"""1086_10""",0.39183221865511764
"""1594_8""",0.8865161342938235
"""227_1""",0.15060013468535105
"""5932_7""",0.6323342047038304
"""2681_1""",0.2910789732612384
"""4270_10""",0.6909505977966584
"""10065_1""",0.11122832501544183
"""6640_9""",0.7068029935829842
"""1160_10""",0.7364001084533125
"""3078_1""",0.5213245832311231
"""1546_7""",0.810014465962254
"""12315_1""",0.11693755439041358
"""8699_1""",0.5054753144337752
"""11438_4""",0.2037317259821705
"""2034_7""",0.5461054689281695
"""7899_1""",0.2579202316448488
"""1006_3""",0.24263782012302418
"""3732_7""",0.5645450078648677
"""11094_7""",0.44302399273057574
"""1477_4""",0.5574963156392925
"""8912_10""",0.2947523412250139
"""8140_4""",0.6574742409539145
"""7542_9""",0.5353880277900549
"""2556_1""",0.729191228393504
"""10075_10""",0.6877812863820459
"""12212_2""",0.6251569426039995
"""218_10""",0.6723405216903029
"""8385_1""",0.2279673784988794
"""5716_2""",0.3009140797240327
"""11655_10""",0.7303016898021544
"""6235_1""",0.1193692615956677
"""2823_10""",0.40311751603259316
"""7094_2""",0.38085208530556014
"""465_10""",0.4763419530570738
"""4968_4""",0.13074239811690014
"""222_10""",0.5603678918660652
"""464_4""",0.44005011747645895
"""2593_10""",0.5493967380404194
"""11946_3""",0.29660093996733106
"""6083_1""",0.2629717799732533
"""8158_3""",0.31648247883676356
"""2646_3""",0.6726973538996722
"""8282_4""",0.19000115983451843
"""12482_2""",0.16415714740447335
"""1020_7""",0.27977299588773746
"""7554_10""",0.7524179207553948
"""4492_2""",0.23258140380412665
"""4468_4""",0.31235763465522914
"""7365_8""",0.6194067063485013
"""9777_9""",0.8044579210499235
"""9505_3""",0.5173533351644761
"""10546_1""",0.29271576226340146
"""2179_7""",0.58697770689837
"""9325_9""",0.6462768320271745
"""9042_10""",0.5864568022747682
"""7631_2""",0.09841751407272341
"""1583_2""",0.5167038101690888
"""10449_2""",0.2649404766826926
"""8021_9""",0.7943238576465715
"""9282_9""",0.702575828196505
"""5261_9""",0.6568035922733954
"""9127_8""",0.7156300481436637
"""6408_2""",0.07160480242401637
"""7306_1""",0.2795820780422776
"""2955_4""",0.7279245846613887
"""6401_10""",0.8871694648430528
"""278_10""",0.7217733900814277
"""1954_8""",0.45590162576667426
"""2592_8""",0.5050629909567319
"""2040_10""",0.6923700231544716
"""4779_10""",0.537042909413357
"""7274_8""",0.7852923851790226
"""8094_2""",0.2126033761325805
"""9359_9""",0.7452559527187508
"""10732_10""",0.6279069347833319
"""7824_7""",0.5078653793450743
"""493_7""",0.40785770916272995
"""2458_2""",0.3173364700546045
"""67_3""",0.25212407854827
"""1495_1""",0.15881259506834808
"""2984_1""",0.13567719776768894
"""9979_4""",0.7217907227145025
"""2790_1""",0.2035442272208049
"""8948_1""",0.3811699467277848
"""4249_1""",0.46023752638206356
"""5994_10""",0.6788738173927373
"""5119_2""",0.20488925223770052
"""6539_2""",0.1903810519327946
"""12006_2""",0.21495342710947285
"""555_4""",0.3156326509578925
"""9508_9""",0.575704841523325
"""2282_2""",0.43131072104852286
"""4119_7""",0.6879521665687574
"""1224_8""",0.5658350327237476
"""492_10""",0.6127014055779503
"""7062_9""",0.7325699032004895
"""6663_10""",0.7627471282063726
"""9410_8""",0.49677650589108974
"""6033_8""",0.7165222345068548
"""4704_9""",0.6887514371041565
"""1347_3""",0.34466070506220137
"""6920_7""",0.6693091020193297
"""7736_1""",0.6390447469374857
"""2884_3""",0.2818964165971287
"""1870_2""",0.16322986642351928
"""4058_3""",0.4063343436256681
"""3089_8""",0.6911290861156917
"""932_9""",0.6126843236116005
"""5666_10""",0.8750284598678303
"""5770_1""",0.3342473627532825
"""10982_10""",0.6924930290779217
"""5977_1""",0.46364274685463336
"""7678_2""",0.29769782897897307
"""7788_10""",0.7511955433913939
"""6328_1""",0.14343079358073743
"""5806_10""",0.852989200495852
"""595_1""",0.11269796804941304
"""8235_7""",0.7517826090597088
"""10822_2""",0.060110142804769916
"""12353_7""",0.4375563572225213
"""5381_1""",0.22163807758457307
"""504_8""",0.3053805188929816
"""4876_10""",0.7372645664695006
"""5244_10""",0.726298595887302
"""12010_8""",0.7805467496514686
"""7263_2""",0.6267787030740603
"""10315_10""",0.6779279480857754
"""9967_1""",0.20039681653698097
"""126_10""",0.6692812019709197
"""3861_1""",0.11939769009804964
"""10221_8""",0.6411476360541256
"""7844_3""",0.561281871770463
"""10976_8""",0.6612569578261082
"""9372_8""",0.6200548310452586
"""5633_2""",0.148865057822334
"""3833_4""",0.1732549831090928
"""5256_8""",0.5477411712142117
"""8840_1""",0.24725312926544865
"""2122_10""",0.5514539860597977
"""4607_4""",0.24441841203064502
"""12025_9""",0.5362764852250481
"""10884_9""",0.4221323980687453
"""2473_10""",0.12021501472080225
"""12330_8""",0.4521841796164525
"""6997_3""",0.23229384174978698
"""4505_9""",0.8928303976721227
"""1302_8""",0.6095219146173921
"""4382_3""",0.19886909741727313
"""9645_8""",0.41654436454561067
"""4138_2""",0.06866979759681939
"""2419_1""",0.400497321837682
"""3059_8""",0.5303948334940362
"""8239_9""",0.8813388625880484
"""105_3""",0.44062810014274284
"""1129_9""",0.4318349205284675
"""9065_10""",0.6205207209721089
"""3249_1""",0.10324201577887326
"""4864_8""",0.5675043479923564
"""11748_8""",0.9048266631000681
"""561_10""",0.9033069906288463
"""1261_1""",0.2874538187707085
"""10944_1""",0.15679211256183345
"""11503_1""",0.38752150205923364
"""8089_9""",0.3779633682508936
"""3224_10""",0.7409354419672971
"""4550_3""",0.5738940631400947
"""8097_7""",0.760929747116607
"""11042_1""",0.3665304163427466
"""4590_3""",0.30012923311930434
"""10838_8""",0.6181056648188368
"""5500_3""",0.27957940558772454
"""6779_10""",0.8185333833942022
"""7489_2""",0.07802682032523993
"""4145_8""",0.6323802405925508
"""2477_2""",0.6669393147555606
"""11428_7""",0.36809744654462584
"""5178_8""",0.48716000625914546
"""1604_1""",0.18903532154026018
"""2269_7""",0.8832331513516326
"""683_2""",0.6474110731416546
"""12373_10""",0.7412260750692178
"""12362_10""",0.7526883668756514
"""1486_9""",0.4756993657192361
"""4922_1""",0.08650584574092314
"""5689_8""",0.284450764929611
"""11287_9""",0.6012319215909043
"""4578_4""",0.17989415922700858
"""361_1""",0.19683679926183906
"""6750_4""",0.5441321053004868
"""10004_9""",0.9057500532002781
"""3649_9""",0.47695385033223203
"""12485_8""",0.6801506564403708
"""4867_10""",0.6488801943213441
"""10463_2""",0.1531689105570685
"""8449_9""",0.7882837381741987
"""10573_10""",0.8534892873689535
"""12488_3""",0.34478209654830394
"""1649_2""",0.4038808426949451
"""12064_1""",0.318985216608343
"""4892_10""",0.8136351214115516
"""8877_3""",0.29068675072285094
"""11816_9""",0.900721572538141
"""10235_10""",0.46758422906147645
"""8204_7""",0.4359961140128054
"""8608_10""",0.7682472004131037
"""475_10""",0.8884292226480943
"""10150_8""",0.9010298488525769
"""4661_10""",0.5547780624919928
"""434_8""",0.8126302761817594
"""10121_10""",0.8009721526218712
"""438_9""",0.9337341136315268
"""2866_1""",0.3235864764413423
"""10667_2""",0.4512228366573307
"""9575_8""",0.47666670324906113
"""910_10""",0.8182591763892715
"""1631_7""",0.48813362285564393
"""10585_3""",0.3323226552640692
"""1060_8""",0.6003544366681194
"""8817_1""",0.13763351087689624
"""10511_10""",0.6658563463008474
"""11854_2""",0.10423948704978506
"""4429_7""",0.8202223908966927
"""7462_4""",0.25633854452570554
"""7668_10""",0.8479953679929089
"""6258_8""",0.49067234214995975
"""12481_1""",0.20073336170188788
"""3948_7""",0.8303604354490066
"""624_10""",0.6346204885531285
"""6418_8""",0.8129082511348478
"""4211_7""",0.6680348631534924
"""10606_1""",0.19565011606294608
"""3052_1""",0.06515359551020054
"""12091_8""",0.799577218853683
"""5559_10""",0.7026319386474712
"""6462_8""",0.806758407115714
"""6215_1""",0.2269114274403841
"""10996_1""",0.14190565646688286
"""1139_10""",0.3616600938558047
"""11400_8""",0.5854951522290563
"""10075_3""",0.19107458455310847
"""9034_4""",0.17749943234364257
"""8963_7""",0.7157688808309369
"""622_10""",0.5910749305445452
"""4570_3""",0.6844677568902151
"""12242_2""",0.18006773464683193
"""10595_1""",0.6111181086686593
"""5524_1""",0.2672600572700563
"""10074_3""",0.4877142704999059
"""10761_4""",0.3469741547130118
"""5215_1""",0.22603250536116598
"""7480_8""",0.3738058102483939
"""3940_4""",0.4858029001168094
"""375_10""",0.42798121898792346
"""11998_3""",0.12796260891321704
"""11759_10""",0.606050431715748
"""12180_7""",0.3667500902266822
"""9000_2""",0.5457861187859767
"""4251_3""",0.4310958717608929
"""7944_10""",0.7127856053594419
"""12444_1""",0.19684367772239342
"""7400_1""",0.16933972128808017
"""4122_8""",0.737556199424293
"""8849_10""",0.47667941997983104
"""5656_4""",0.1826036916532795
"""4091_7""",0.6457368166939044
"""8699_10""",0.4210748413500161
"""8750_9""",0.6586445617529766
"""3813_10""",0.5306981917393172
"""1836_4""",0.41699381117514717
"""1644_9""",0.6054178792042362
"""5764_10""",0.5749949535262242
"""1328_1""",0.44470741131516006
"""2332_2""",0.40473304007444993
"""1851_1""",0.3189326646255924
"""9281_2""",0.3714889636834907
"""9870_1""",0.5198039576983906
"""3201_1""",0.18260135378752962
"""9589_10""",0.4823768335570724
"""3137_1""",0.2758622760703904
"""10655_10""",0.8504998011927792
"""10722_1""",0.367693131220244
"""10338_9""",0.5812875572962698
"""2561_4""",0.644040019845292
"""8646_8""",0.7352724195020948
"""10077_7""",0.6197128153984608
"""2091_10""",0.6739739617941641
"""12110_7""",0.5948340881963152
"""8961_4""",0.41318471371124305
"""10497_1""",0.05275572028776762
"""3909_3""",0.4751447188276729
"""2535_3""",0.47679411401249566
"""8969_3""",0.5383060269879787
"""160_10""",0.6687973950838664
"""10280_4""",0.5186118985297526
"""5117_1""",0.20689632081748702
"""2371_4""",0.3997751139568808
"""12014_10""",0.7937380958896414
"""8665_8""",0.7904844636534523
"""5386_3""",0.16914234980306378
"""1284_1""",0.0821116905998202
"""6541_7""",0.35137376734252096
"""6919_4""",0.25384169978015336
"""7066_10""",0.6587865100465886
"""1189_3""",0.5500924584806269
"""247_8""",0.775066311579956
"""4144_8""",0.6724192434740819
"""1788_10""",0.797704624251883
"""3875_9""",0.5813646410846579
"""9484_2""",0.37312254895812397
"""6650_1""",0.3505437444330465
"""526_3""",0.48315768131972964
"""10810_8""",0.5574042886206813
"""3361_2""",0.30268145750338316
"""3721_1""",0.3121592219960096
"""8024_2""",0.15545672229786217
"""11882_10""",0.4009166128026388
"""6015_1""",0.06328985405557426
"""10950_8""",0.2987010786836943
"""10595_10""",0.5766259484978337
"""6215_8""",0.6737820044089866
"""7506_1""",0.17924475989236074
"""9448_2""",0.16421612955043532
"""10267_4""",0.4592265676922955
"""1890_4""",0.36693944304720444
"""11388_1""",0.26376790581923604
"""4033_2""",0.055671884239884666
"""10188_1""",0.4252760422840893
"""3685_10""",0.5860523786395487
"""2329_10""",0.4111801757044612
"""2672_10""",0.7463268153827913
"""3356_10""",0.5530462334251507
"""7505_9""",0.6863643575390852
"""8789_7""",0.8858504311741041
"""4655_1""",0.05513609411326999
"""7490_7""",0.5570205322651637
"""10703_9""",0.5254418600421926
"""2088_9""",0.7135934353494936
"""5114_3""",0.3288041089029548
"""3317_8""",0.4358029676832589
"""2826_2""",0.6335597212377431
"""8346_8""",0.7823970664032837
"""2036_1""",0.2151396944502139
"""11081_2""",0.10497093449794344
"""5313_7""",0.6691799105054759
"""266_4""",0.3835142420387382
"""7378_7""",0.7616452359615334
"""7420_2""",0.3100394846042051
"""9637_8""",0.47958483018591136
"""8788_2""",0.2261751284087012
"""4953_2""",0.44064942160424286
"""8212_9""",0.8199067795131918
"""10437_9""",0.7524476743126711
"""9397_1""",0.4988174828226388
"""4598_10""",0.2757077687100054
"""2772_10""",0.43897421906081435
"""83_10""",0.773006422252077
"""6217_1""",0.1529066889007513
"""11725_10""",0.6568105317909557
"""4380_9""",0.7885206009720835
"""2974_1""",0.15462886212210777
"""12363_7""",0.7138897885384705
"""3246_1""",0.3678964226926931
"""6087_9""",0.857363022509937
"""3419_9""",0.6664159632021129
"""6587_9""",0.6770965036621795
"""2450_1""",0.21168975776523538
"""2475_10""",0.6883717275792427
"""11551_7""",0.7862623251338499
"""7614_4""",0.6268988696317992
"""10136_10""",0.5933663028260939
"""5844_3""",0.7147446487690152
"""7473_1""",0.10665473723920595
"""6772_4""",0.5300776066364675
"""6253_1""",0.0873260761986379
"""4036_10""",0.20539129773713988
"""11948_10""",0.7969608635687762
"""11435_9""",0.8362560420862573
"""6106_9""",0.842943286361271
"""12271_1""",0.4817170316149793
"""12030_3""",0.39888091953617133
"""11640_3""",0.5277284477301654
"""5589_10""",0.534716746414801
"""6352_1""",0.5890024571204222
"""2523_4""",0.20492786822338296
"""8198_8""",0.4264043554817614
"""7283_4""",0.5277864140347406
"""4330_3""",0.3944448392276335
"""7882_3""",0.29217649763893283
"""9815_8""",0.49926776582955007
"""1714_1""",0.09948147853001607
"""3836_1""",0.3995899928523085
"""8618_7""",0.6367457094466953
"""1759_3""",0.38768069520692394
"""9317_2""",0.26941827448078376
"""6186_4""",0.448546559294365
"""3779_1""",0.12072773303396125
"""10096_9""",0.7798414948282645
"""3277_7""",0.6693721282880034
"""6023_10""",0.7865306284551273
"""4863_7""",0.6033379096380135
"""11194_2""",0.5611341976014113
"""11227_2""",0.26654295842367265
"""11983_1""",0.5818223395330232
"""337_9""",0.7256959171993361
"""11441_3""",0.07589928550351938
"""6668_1""",0.5871307004505595
"""4333_9""",0.43734825234487834
"""3773_8""",0.6876998243482748
"""5370_9""",0.6885947523864308
"""4959_10""",0.4651632319474659
"""9431_3""",0.6053166081810817
"""6834_3""",0.4419604416997876
"""9952_3""",0.36527063509765645
"""9810_1""",0.27321924230647293
"""697_4""",0.27595013559290577
"""4528_3""",0.1639245131903772
"""5817_1""",0.09425679065252261
"""9052_7""",0.3027848754171705
"""11494_8""",0.8303227287344079
"""4516_1""",0.18860567733787678
"""2810_9""",0.59441645497166
"""1105_10""",0.6415562697456614
"""6873_2""",0.4920513532506093
"""8171_10""",0.2970308182740461
"""9568_10""",0.5792714859572999
"""879_10""",0.8616246713068925
"""8493_8""",0.7916651838538036
"""9437_10""",0.37651955663869197
"""3841_1""",0.24101531493814998
"""3852_7""",0.6662757849190902
"""7414_9""",0.6615180095925833
"""6048_1""",0.09500252846735831
"""2921_1""",0.07616905424389471
"""6752_1""",0.07787508646318185
"""7997_1""",0.4857635428693722
"""640_1""",0.3192782815536405
"""9576_3""",0.20438469878951854
"""4110_4""",0.4767246368724352
"""11407_7""",0.618117734018653
"""410_10""",0.7493212088431062
"""11167_10""",0.8210817142526665
"""8383_10""",0.52676252768274
"""392_7""",0.7509756575122671
"""1459_4""",0.11708075278385975
"""11929_10""",0.5297316430530599
"""12362_4""",0.22213953631899236
"""4046_2""",0.14769857459103317
"""2597_10""",0.5334128310420216
"""11246_4""",0.37098449014663537
"""8692_8""",0.7456113569387733
"""3986_9""",0.5106782419181534
"""391_1""",0.2745410179222153
"""2504_7""",0.765601978232862
"""11644_10""",0.5214638566253018
"""1788_1""",0.39402244483847015
"""5286_1""",0.315834483361049
"""3486_1""",0.8234126553495197
"""4486_7""",0.5793924216172571
"""4614_3""",0.290961997257249
"""11360_4""",0.09822209505893685
"""2315_10""",0.5850636085470999
"""3637_10""",0.6550003813589917
"""6479_3""",0.5383505776307662
"""10306_8""",0.6925503555329294
"""2225_1""",0.5323957816328032
"""9688_3""",0.512558317283738
"""8999_2""",0.16444293196788556
"""6793_1""",0.2956187398584952
"""1785_8""",0.8157248517563319
"""3902_1""",0.2988502088325166
"""3805_1""",0.09715382497895049
"""6867_8""",0.2733315427388444
"""761_2""",0.28553471276977554
"""9493_4""",0.18565081582447668
"""4805_4""",0.6469061634256648
"""583_8""",0.8144837589496781
"""9470_9""",0.6299197224107277
"""9859_8""",0.5204314517672991
"""6633_8""",0.6963090399762045
"""518_10""",0.6380526503498323
"""10730_1""",0.4488863241463942
"""1855_4""",0.4344272783433134
"""5191_8""",0.6099693641577906
"""9191_1""",0.12131600061860798
"""1113_3""",0.35675310043507197
"""2973_8""",0.6584511516561772
"""10712_1""",0.325379765310039
"""7729_1""",0.078843576592551
"""2730_1""",0.09103054029803864
"""10170_1""",0.10734670177440889
"""8238_10""",0.6284185162602387
"""9495_10""",0.7342518697287735
"""11652_1""",0.6712598062568945
"""4911_2""",0.18313758830128826
"""7514_1""",0.0855599836565071
"""8164_2""",0.2736229199315702
"""10389_7""",0.7670306599629526
"""7557_10""",0.6677455103293064
"""852_4""",0.29707748141606843
"""1584_1""",0.49039526578168063
"""2387_2""",0.2793515051612202
"""6073_4""",0.14835135491901458
"""7047_10""",0.7385509922383755
"""6338_7""",0.5659355372038307
"""1741_4""",0.2741696686193362
"""3697_1""",0.15007460843944578
"""5444_2""",0.35190143886440667
"""10082_1""",0.14969998075751847
"""6135_4""",0.6439301019976567
"""9242_8""",0.6741961854245518
"""7864_8""",0.8483836689614486
"""3466_2""",0.19596518666158855
"""9852_9""",0.5300818458907899
"""12390_7""",0.6246464529170174
"""5189_9""",0.7618286643169224
"""6771_9""",0.5284624792607271
"""223_3""",0.21423672753743803
"""8322_4""",0.6882000242438114
"""4465_8""",0.7638368632489861
"""6597_2""",0.6289976745352018
"""3477_8""",0.9001142854333931
"""4736_8""",0.6115769573270754
"""4581_8""",0.7665632883518851
"""5898_3""",0.26353322506650284
"""12335_7""",0.5792326133564123
"""7321_7""",0.6208649088225077
"""128_4""",0.2493282747410266
"""9116_3""",0.5378587472077236
"""9152_8""",0.9200206015904101
"""3613_3""",0.12925612080839122
"""1095_8""",0.8808757346380065
"""225_10""",0.6206436016169737
"""12445_10""",0.6163398490898042
"""596_1""",0.3963209579043063
"""6693_1""",0.2872858927943806
"""7535_4""",0.5285589284938057
"""3135_4""",0.4943812851013489
"""7435_2""",0.15784052428287126
"""758_3""",0.08109392358438353
"""11838_10""",0.7717457752950915
"""8539_2""",0.2725798449928109
"""671_8""",0.7405964899505676
"""53_4""",0.3590231809372984
"""8718_10""",0.8799596006538168
"""10447_7""",0.40689980234417233
"""86_10""",0.39570339816382744
"""7042_1""",0.05696887695260993
"""5821_3""",0.45783762420184504
"""4604_4""",0.3567648606449593
"""7906_2""",0.09788524166656472
"""11449_2""",0.4272722724437651
"""6505_8""",0.5239222532561696
"""8160_3""",0.5589651732066809
"""1054_9""",0.7584415709243513
"""6300_7""",0.7439626247763025
"""10058_8""",0.8129440564000978
"""3990_10""",0.9099708986405239
"""9233_4""",0.47848623909837007
"""9314_2""",0.16969169267973416
"""4213_10""",0.6286325857835289
"""3407_10""",0.8449909317025148
"""1982_1""",0.4280298459531715
"""9686_1""",0.16053388904519594
"""11246_10""",0.42103766954694133
"""617_4""",0.2704887904230511
"""12182_1""",0.04658120191035355
"""5687_1""",0.2304095195806562
"""1559_2""",0.05944026646940639
"""3596_7""",0.8068715285594906
"""4991_10""",0.6717530294386317
"""3315_8""",0.5120813648703265
"""1192_1""",0.14549827575754073
"""1454_8""",0.6862150808985186
"""9836_3""",0.7449585166853868
"""8088_4""",0.25272488574147606
"""1651_2""",0.28157396420609776
"""4641_10""",0.7623359706503069
"""10624_1""",0.22376582899080774
"""2902_2""",0.44985227214826706
"""10435_7""",0.570011796134695
"""11623_2""",0.31740197329391157
"""1609_1""",0.10058594790935585
"""2623_1""",0.35095318018507515
"""4444_8""",0.6093759441714447
"""12412_3""",0.20439358582384679
"""8496_1""",0.08681976025229396
"""4279_8""",0.7707265251572136
"""9053_10""",0.15973754394938477
"""11747_3""",0.41099842884942617
"""9754_4""",0.5776211833988277
"""1795_2""",0.6777897965450979
"""6017_10""",0.8489827041293638
"""8964_7""",0.5299120018324865
"""1118_7""",0.6562377610586071
"""11564_7""",0.6592232726837419
"""9897_1""",0.21122567950431914
"""7731_1""",0.3451568665435152
"""7391_2""",0.1528165992914629
"""6670_7""",0.4537328494808987
"""8347_1""",0.15457010022207673
"""5000_4""",0.07480284420626933
"""3513_1""",0.09015550282467416
"""9427_4""",0.4580968047556175
"""6840_1""",0.37556578523793505
"""9217_9""",0.5818230016973887
"""5545_8""",0.6178219424769064
"""9858_10""",0.8564579914224408
"""1909_2""",0.19599715044160604
"""8416_10""",0.5602530693364681
"""11079_3""",0.13364336720521838
"""4638_4""",0.7836856556579046
"""324_10""",0.9150771482287289
"""9126_10""",0.6980678046728548
"""9069_7""",0.5856923955810353
"""10555_10""",0.7231580022280686
"""9626_8""",0.2419665378561379
"""6629_10""",0.8038543279385187
"""8419_10""",0.8346913651717434
"""5437_8""",0.19030939818016873
"""2463_10""",0.6671313361648715
"""10540_1""",0.08976395044996412
"""10579_1""",0.3245726858613487
"""11517_8""",0.317822849992835
"""5306_10""",0.6617438564459691
"""4996_9""",0.7041207546467126
"""8251_7""",0.6410913592200125
"""7382_1""",0.14931733311516104
"""4284_9""",0.6996470718435208
"""772_10""",0.6842677979017583
"""5394_1""",0.052350938202851506
"""10576_9""",0.5772880307826669
"""635_8""",0.5195389540778467
"""9315_2""",0.6984698099971703
"""9642_4""",0.532980921397763
"""7225_10""",0.7210777136320604
"""1806_3""",0.4626899598222164
"""4484_1""",0.18982589977773995
"""4912_10""",0.5862328711147766
"""4837_10""",0.342476251994632
"""11025_10""",0.8537215780928793
"""1419_10""",0.7347382820454621
"""8789_4""",0.558862942995902
"""1507_1""",0.33609836795380693
"""6478_1""",0.15042035498214185
"""7774_1""",0.08369633641349067
"""7805_10""",0.5283797476357877
"""11142_10""",0.4412063826681272
"""3832_10""",0.5970984965614737
"""1830_3""",0.21643320766386537
"""2676_4""",0.47427036683561163
"""1595_1""",0.35624885753167385
"""8044_9""",0.5391930063641128
"""8476_1""",0.12284818811612272
"""5190_8""",0.4239615731676021
"""4941_2""",0.4154334949260643
"""10114_8""",0.6506790417613456
"""11931_3""",0.3465889796606199
"""11970_10""",0.3430123486897152
"""5572_1""",0.09791581110046826
"""32_3""",0.5467649473613391
"""10026_10""",0.7544154966016383
"""10554_2""",0.3337091194096412
"""6440_7""",0.9042103727024516
"""7636_1""",0.39908390897118395
"""7973_9""",0.7087074982719623
"""2920_10""",0.785567257261013
"""9531_1""",0.24991627609562075
"""568_4""",0.43073306152991636
"""6091_3""",0.7758372929075379
"""5700_9""",0.5574817512975594
"""4934_7""",0.6493029409341494
"""5988_10""",0.9289388511288706
"""5162_1""",0.3790662196722636
"""1043_4""",0.4047135388175821
"""11574_2""",0.26544135919874895
"""2592_1""",0.44799062370721693
"""4881_3""",0.5334584931914934
"""447_10""",0.7173722786177531
"""6922_8""",0.6986137911782082
"""9314_10""",0.7315023999208005
"""10693_10""",0.2830223039213094
"""257_9""",0.7413497292950388
"""2090_10""",0.32151101749539684
"""7826_1""",0.13818892498461982
"""7851_4""",0.7605990227100502
"""1606_1""",0.5564385647075224
"""4446_1""",0.2537698376882277
"""10655_2""",0.27328850945091554
"""11116_2""",0.17416993573932907
"""1631_1""",0.3508808377316041
"""11696_10""",0.5770462130093699
"""2114_3""",0.14307616318674574
"""10728_8""",0.7531215796147932
"""8006_9""",0.5227498225846318
"""5963_10""",0.6541818199961031
"""2094_10""",0.7107666769830161
"""10113_1""",0.09989544703614296
"""2832_4""",0.06322112899853848
"""9600_1""",0.0807915199368276
"""7776_1""",0.24979999289398586
"""567_9""",0.3381653527865121
"""4700_10""",0.6655589354336483
"""1143_1""",0.25235025874853423
"""7853_1""",0.2971597207025709
"""11178_1""",0.45345769797116714
"""7770_3""",0.23370581582673944
"""11696_2""",0.18004561949377937
"""6077_9""",0.836699819742836
"""5952_1""",0.1830494738453064
"""507_1""",0.15017565032986485
"""11888_3""",0.6693269108425659
"""7857_3""",0.7097311302497813
"""1381_7""",0.12780073382939122
"""5080_2""",0.10972982442175455
"""9831_10""",0.5311109182844193
"""7231_1""",0.221579169687021
"""6012_3""",0.2239107937664039
"""6843_4""",0.3923231501381639
"""7120_1""",0.0595249424799841
"""9248_1""",0.2735594448355865
"""5313_4""",0.5031059044563427
"""8434_2""",0.6412519903540107
"""10224_2""",0.13481741619922258
"""7303_10""",0.8149740385015304
"""1796_8""",0.6593320736103511
"""9302_4""",0.6268618356767651
"""2232_4""",0.6325102310837937
"""5333_3""",0.4992424261385457
"""1340_3""",0.3618881162195759
"""5472_2""",0.2748113284313472
"""1768_3""",0.26697901041660344
"""3140_1""",0.5995525240292695
"""6264_3""",0.34035261795660365
"""6699_8""",0.3060446395424507
"""2085_7""",0.6745843466850888
"""5319_4""",0.6494519573461273
"""7561_4""",0.6919598231197572
"""992_1""",0.2464266162340507
"""193_4""",0.5245897548746165
"""19_10""",0.8876046021081174
"""6225_8""",0.5724456947360264
"""933_10""",0.5923668339303932
"""11245_10""",0.5502855986192038
"""6152_3""",0.5713634726640406
"""10163_7""",0.9055341631311227
"""9382_4""",0.42593733612456897
"""4655_8""",0.6410025534224804
"""5195_10""",0.5610455140624868
"""8989_4""",0.4735614367052199
"""5309_10""",0.6235125651976573
"""2183_2""",0.5398664897614536
"""7597_10""",0.6454736052505077
"""1272_8""",0.6892313456131801
"""10107_9""",0.7743829254929667
"""3067_1""",0.045811070178849986
"""390_10""",0.8899257318030794
"""5746_4""",0.2673491252326017
"""7145_4""",0.5298476280576437
"""1612_8""",0.775287556675244
"""7968_4""",0.45067453073227426
"""3793_9""",0.795714513161216
"""2719_1""",0.26195783918596904
"""1645_10""",0.3788459093813399
"""9934_2""",0.4159675413194392
"""9288_4""",0.6344135370692665
"""937_4""",0.5455410828302356
"""10385_1""",0.08306382109346383
"""3726_1""",0.19499331703761244
"""2700_10""",0.7845933371716175
"""11824_1""",0.25915754692977994
"""4133_10""",0.7092792651956284
"""9873_2""",0.08189663506688544
"""8769_1""",0.3644971885513551
"""11806_10""",0.8792985299360402
"""903_4""",0.3770182672903149
"""727_3""",0.48435910362147966
"""2426_2""",0.18358681052263134
"""8663_1""",0.7112576443684426
"""11163_8""",0.5011194970463676
"""1505_7""",0.40019293918007875
"""4758_10""",0.8232732807794119
"""2119_4""",0.3736687958845311
"""7351_8""",0.49203756485835176
"""5638_10""",0.6359389822645166
"""11236_10""",0.49425799847631174
"""9351_3""",0.3565385066090379
"""8732_4""",0.5306281832989111
"""4771_1""",0.1900088457196282
"""4094_10""",0.8145429392448359
"""8314_7""",0.5160287150366247
"""5273_10""",0.73675448738209
"""1773_1""",0.20118800157048708
"""7415_1""",0.3272455152051087
"""677_1""",0.2506031148485787
"""5585_1""",0.11157819929646645
"""1523_10""",0.8373941610517945
"""6855_1""",0.10380229346224036
"""6634_9""",0.8023704068545179
"""3866_2""",0.6089065768855993
"""7165_3""",0.477399689984036
"""7516_7""",0.3829897180154934
"""2239_8""",0.2777474624545429
"""1248_8""",0.7455795730769046
"""6839_8""",0.5011494817870399
"""2648_10""",0.6847248706877298
"""5246_9""",0.6549330228047961
"""9445_1""",0.07649483834474911
"""4323_4""",0.35035475843235914
"""4356_10""",0.706654177172195
"""9447_4""",0.7360430150455288
"""4022_3""",0.6261148274524095
"""6239_3""",0.07324374445229119
"""447_4""",0.12931323443336695
"""6717_8""",0.3076830676182747
"""2470_9""",0.8658658595428901
"""4816_1""",0.14075166919205992
"""1682_10""",0.8058368413186544
"""67_10""",0.6194267384021945
"""724_10""",0.6357662946058017
"""7678_9""",0.8678593881958908
"""2889_4""",0.6163046651570617
"""7487_9""",0.8905019026001572
"""1411_4""",0.6780991277734103
"""7447_8""",0.715365531806758
"""3856_1""",0.2684687111725614
"""4412_10""",0.7822095916202588
"""8939_2""",0.08354621932673577
"""3314_9""",0.6622365559154909
"""2776_1""",0.38885564448621535
"""7986_8""",0.6348207882674273
"""12084_10""",0.8553290224155677
"""9529_10""",0.9346275264181488
"""11599_7""",0.740954454552806
"""11688_3""",0.5675902744539375
"""11559_1""",0.06605491026951545
"""5838_2""",0.2824994310500517
"""6397_4""",0.5440464046958081
"""3551_4""",0.5733517588860468
"""5646_10""",0.6218167326804438
"""7760_2""",0.2715155105264659
"""4983_7""",0.7452074323062605
"""3870_1""",0.5705086106228017
"""5621_9""",0.6507328232006442
"""8716_9""",0.7020134633441191
"""2017_10""",0.6478064847527908
"""579_10""",0.7328372800114122
"""2659_1""",0.11425264047256851
"""10364_2""",0.5282585678278461
"""837_8""",0.4202485015739401
"""226_4""",0.7200061185895373
"""4836_1""",0.29324073913391235
"""11389_3""",0.3887228848882048
"""5284_2""",0.09859931752765175
"""4277_4""",0.7338638214953143
"""3821_10""",0.522814015724605
"""6593_8""",0.4089602689182012
"""5060_7""",0.42652835106152964
"""5121_8""",0.8780705065569658
"""3810_7""",0.450119099066073
"""3941_8""",0.5499662311969632
"""12291_1""",0.13976741845725205
"""1082_1""",0.17186535978562845
"""931_9""",0.7350986235913127
"""10202_4""",0.1516543122211969
"""11004_9""",0.7987301653694644
"""5243_7""",0.644594505514729
"""2861_1""",0.19236416374914278
"""11992_10""",0.6655417126575618
"""11358_9""",0.8187353696154172
"""3996_10""",0.7669849218032144
"""12434_8""",0.5942766411298911
"""8310_7""",0.5087153350752953
"""3894_9""",0.8597827564545032
"""3021_1""",0.5887630139672964
"""1652_10""",0.6553525055691157
"""90_2""",0.4583981544248624
"""283_1""",0.26870389944995565
"""9809_8""",0.6963584545727401
"""2693_2""",0.49706594807648874
"""5717_1""",0.1366242405324643
"""6051_9""",0.6394640561848441
"""4542_1""",0.15897177035338225
"""5104_8""",0.7560152002756615
"""10139_10""",0.505786276970714
"""6129_1""",0.22774463525778552
"""859_8""",0.6212931944653745
"""3107_1""",0.14275749907248694
"""2595_2""",0.2980546638479882
"""2676_10""",0.6012183243760808
"""3634_2""",0.4217920658822
"""6953_1""",0.4261155082711406
"""4430_4""",0.629350650510434
"""79_8""",0.6439303669029449
"""7318_2""",0.11523555996773714
"""863_4""",0.4322003377011917
"""6393_3""",0.42450343656822037
"""6910_3""",0.6151716882153949
"""4438_9""",0.8334680707990697
"""4242_9""",0.24299784899239985
"""5813_4""",0.29922173687717846
"""203_3""",0.4038767251928781
"""7333_10""",0.8232852166414113
"""11658_8""",0.4986297513391864
"""11206_4""",0.17129042213643975
"""6208_7""",0.7112806140533214
"""7273_8""",0.8325563623937966
"""5518_10""",0.7575587414009565
"""7092_1""",0.2862531547258019
"""10508_7""",0.409351254416803
"""1196_9""",0.591994007051291
"""10037_7""",0.8079310952007552
"""6468_8""",0.8387102034008691
"""8502_4""",0.4744953848999559
"""1017_1""",0.26874934763906216
"""4_10""",0.8893167851216822
"""8439_1""",0.11084113731965703
"""7048_3""",0.1804441980086524
"""3238_1""",0.41379996884578035
"""11610_1""",0.19167651118537612
"""3468_10""",0.7836146163523777
"""184_3""",0.5282451345809271
"""12227_7""",0.4505539135728086
"""4872_3""",0.4202149678628115
"""11139_10""",0.8529347068121819
"""4316_7""",0.7129749683906645
"""3071_1""",0.3791396470564179
"""335_2""",0.07880439055811568
"""10847_1""",0.13499238714833947
"""4646_10""",0.6503627422944317
"""9382_10""",0.5577109660011134
"""6577_1""",0.19223138789347316
"""4549_1""",0.12803628468015182
"""2459_9""",0.6991040212511411
"""102_8""",0.35795153866163143
"""1581_1""",0.42688410289376305
"""2439_10""",0.7264502905548214
"""6988_9""",0.3976316143922145
"""2024_1""",0.2314274879238235
"""12375_1""",0.18707241709913244
"""6084_4""",0.17119393787738815
"""6617_3""",0.6320783881889548
"""815_3""",0.40329520202451546
"""1857_1""",0.11796323533062537
"""7428_1""",0.12311045229095735
"""5943_8""",0.39447399766746616
"""11811_10""",0.7395315056901726
"""10844_1""",0.13884939117911094
"""1275_7""",0.667387307353285
"""1910_1""",0.074807311074582
"""3306_8""",0.8840118899917867
"""4735_1""",0.10173909094986866
"""10819_1""",0.20177417168047543
"""9571_2""",0.420530786009093
"""1037_10""",0.7287332886696934
"""7177_4""",0.6026737370920884
"""5066_10""",0.47874857819256605
"""4888_2""",0.2818754537577366
"""10646_2""",0.15766905085610097
"""7929_1""",0.20753474197340765
"""5181_1""",0.13758464798303452
"""1387_1""",0.17439999684011706
"""1304_8""",0.6931864341200523
"""2108_1""",0.2076287424812916
"""9875_10""",0.7082555773948469
"""10200_1""",0.39100266411256945
"""11665_9""",0.6554854481981767
"""6685_1""",0.14339087573475562
"""10234_9""",0.7009318794699873
"""6622_9""",0.407634451224053
"""9703_7""",0.4607064852193588
"""7504_8""",0.37788613626117723
"""1267_3""",0.27125654326393495
"""902_3""",0.3563661917432526
"""10674_2""",0.2086729536793424
"""5237_10""",0.6379626340409623
"""5270_10""",0.6066833662256865
"""1701_7""",0.6122900602787575
"""3222_2""",0.5743724725232632
"""6116_10""",0.4155185619140614
"""11543_10""",0.5632302052078392
"""8189_7""",0.40196720567509814
"""8737_8""",0.8187288240492385
"""6856_7""",0.2799082721973834
"""2035_8""",0.6967506155121643
"""5011_10""",0.6463875458432611
"""6135_9""",0.7878482459673692
"""9172_1""",0.0908125486484555
"""5822_1""",0.15600530248778502
"""8816_3""",0.31554141427309257
"""1124_1""",0.1080179622595414
"""5422_4""",0.26861128303184034
"""3275_2""",0.32423818273084903
"""2076_2""",0.5373724042448339
"""5223_8""",0.6856259223848096
"""1814_3""",0.5249828116949871
"""6171_2""",0.3907247828887149
"""3228_1""",0.18008818544119137
"""3693_3""",0.6043689244635505
"""8891_2""",0.2824403265753244
"""1171_8""",0.8162342985113054
"""9496_1""",0.6814881473820864
"""8702_10""",0.35459215316814374
"""11287_4""",0.5319384395758135
"""2157_10""",0.4776801411850093
"""6058_8""",0.36285060215001586
"""4025_2""",0.28459174219581196
"""5097_8""",0.8362333898932518
"""2335_1""",0.16216851590457804
"""6945_1""",0.1149986090122605
"""2970_4""",0.5954162913564898
"""10473_10""",0.7161937849645252
"""10139_1""",0.4707333834837413
"""7680_10""",0.6940527740796888
"""10705_1""",0.3688628393572388
"""9883_10""",0.9185182789756574
"""2808_10""",0.3763647705902921
"""6543_2""",0.3626139440607586
"""3482_3""",0.5289240008516307
"""2547_7""",0.42272074244806324
"""8378_4""",0.2079031689204831
"""7746_10""",0.8465456744483139
"""5007_4""",0.38928171109797005
"""1623_8""",0.6424244630316615
"""10762_9""",0.6658677400447128
"""8604_1""",0.28771276745936625
"""868_7""",0.33185368627733164
"""7902_1""",0.05823516055647069
"""3644_1""",0.3811994276357076
"""330_1""",0.14081197853833408
"""2519_7""",0.5129864113123247
"""716_2""",0.43345781552284474
"""9908_1""",0.13835052781111762
"""1410_2""",0.45734110250673526
"""1154_4""",0.3639911914612538
"""589_10""",0.8077933958658282
"""10182_3""",0.376092516990888
"""6872_8""",0.7731968256527351
"""7232_8""",0.562927687608241
"""4339_8""",0.42811871484795555
"""6652_2""",0.14680924567441048
"""8692_1""",0.12402185934447728
"""4585_2""",0.5465774997953782
"""5846_4""",0.5639504307269226
"""4401_1""",0.31239190893611135
"""4848_10""",0.7498620303769573
"""1727_1""",0.15621057220032444
"""8038_2""",0.8230284322843643
"""2532_1""",0.4398668729011939
"""11010_9""",0.6601083017665736
"""4915_10""",0.5507656162608434
"""6047_4""",0.4956842561204441
"""10358_3""",0.3455255151798463
"""697_10""",0.7148792779772726
"""7648_7""",0.737158370617084
"""5495_4""",0.4863485337748587
"""6611_2""",0.3307656802604582
"""12099_8""",0.7504424414363711
"""1109_1""",0.1298719760380107
"""6874_1""",0.2781770584406164
"""8072_4""",0.6523475856210413
"""11231_10""",0.8662006435586076
"""10871_7""",0.7000160009376541
"""9990_10""",0.4459641617494109
"""645_10""",0.9147008408468941
"""9345_1""",0.22163389800674171
"""5298_1""",0.3296978488992932
"""5971_10""",0.5064263534065278
"""5079_8""",0.7195649291134808
"""6022_3""",0.23579361544581526
"""4954_7""",0.5040137725101048
"""5063_8""",0.6127306338830762
"""843_10""",0.5892867985548959
"""556_7""",0.8302891555497215
"""1498_1""",0.0623726812635637
"""9374_7""",0.40121713428055655
"""8728_1""",0.5114164298299169
"""8297_10""",0.5686977797615337
"""5760_10""",0.24310728349482313
"""7403_10""",0.11768626851597384
"""964_3""",0.4750476123251255
"""8842_9""",0.5764964426950874
"""11552_10""",0.7996099735406319
"""5592_2""",0.3321677166648788
"""3531_9""",0.3915325450265846
"""9383_3""",0.5231625613509872
"""6576_1""",0.22020284371900745
"""125_3""",0.26453381139921284
"""8382_2""",0.5174617085900135
"""3786_9""",0.7962366804705937
"""8636_9""",0.520063705162643
"""12225_10""",0.6536746822467836
"""8958_8""",0.7692047195052679
"""5981_10""",0.6935449963652967
"""9594_10""",0.620297318085173
"""9802_3""",0.2669108817854021
"""4353_3""",0.2588022042588411
"""10567_8""",0.8551774851640527
"""3982_7""",0.47807463773834386
"""3292_7""",0.5842580089935371
"""1739_3""",0.12026496324041024
"""3356_3""",0.31498742981104605
"""5253_4""",0.12306460707297752
"""1186_10""",0.6847479370522074
"""12218_8""",0.5821759456551276
"""1361_9""",0.7600794070864394
"""11423_4""",0.14224828372068818
"""5649_1""",0.1312949568483495
"""11988_10""",0.3815475789097793
"""393_7""",0.8651626000487787
"""8081_2""",0.1524508019953301
"""10290_1""",0.07361445341430634
"""5548_1""",0.21273207686918524
"""2266_3""",0.618560892831768
"""341_1""",0.053732735022447915
"""2081_10""",0.8473578698643113
"""6268_1""",0.2237087317222515
"""2267_9""",0.8119194303890527
"""82_3""",0.09763500381774895
"""11259_10""",0.7852489779224938
"""6760_7""",0.49002126922066497
"""6352_9""",0.7825224073780358
"""10733_3""",0.468465690511189
"""7418_2""",0.06374873428261449
"""11562_8""",0.6222094140813776
"""8895_9""",0.6748548549528836
"""7911_7""",0.6918490393175523
"""4885_10""",0.54838737725994
"""542_4""",0.8163470937950861
"""6099_7""",0.6155467837485334
"""5355_1""",0.14549683564459825
"""3969_1""",0.11192586163007466
"""11541_4""",0.5939666175005565
"""6413_1""",0.38700950124899314
"""3725_7""",0.6318715059337289
"""11757_1""",0.3681907395183274
"""7663_1""",0.10280557063685222
"""3161_3""",0.3824088923389429
"""9119_10""",0.5639467909984579
"""7726_3""",0.10402631067963185
"""1764_8""",0.6208856252976419
"""7211_7""",0.3139127072791451
"""8069_4""",0.38485316374265144
"""7119_2""",0.2974859847105462
"""1163_10""",0.8659510098948658
"""5836_2""",0.14701234100585953
"""1921_8""",0.78869215101036
"""892_1""",0.41486568388294853
"""7629_8""",0.7436915085373136
"""5605_1""",0.2855714838082082
"""3955_10""",0.9157824345561747
"""5093_4""",0.26233501614614363
"""6366_4""",0.7900482607666958
"""11267_2""",0.2880066534456689
"""522_2""",0.39654413945648265
"""7659_10""",0.7920520133428518
"""11779_4""",0.711810113304829
"""5226_1""",0.5462709107203504
"""8767_10""",0.7326975264640199
"""1315_4""",0.37139177925211664
"""8179_8""",0.9287293403632411
"""10270_10""",0.5652581177927621
"""8218_1""",0.5424543021040991
"""4363_10""",0.673588306117954
"""9701_9""",0.36916123861029915
"""9774_10""",0.7414058081213833
"""8326_10""",0.4154460454723592
"""1529_10""",0.6027622561022946
"""9090_8""",0.9302248371360929
"""8596_7""",0.6314092625121008
"""3508_1""",0.2817810914877023
"""2272_8""",0.7987716798413689
"""1226_7""",0.561225343873195
"""40_8""",0.588705119259445
"""1159_1""",0.17566267565780322
"""11508_1""",0.23804150059691093
"""2869_8""",0.4376332863857413
"""4068_1""",0.11241299779347119
"""7510_1""",0.06503956244354651
"""2967_3""",0.6244038182217384
"""8307_10""",0.3171063103531631
"""9920_8""",0.5995038591331688
"""9102_1""",0.3089786904044465
"""3586_4""",0.47347301542862424
"""2278_10""",0.8438915935510256
"""9459_9""",0.7003927970958214
"""3080_10""",0.5106191018897146
"""8960_1""",0.0553078315815931
"""11294_8""",0.3981965427872956
"""5241_1""",0.23529272111559052
"""4515_10""",0.8518306160437018
"""5855_7""",0.6962630156322956
"""12107_2""",0.2413894914368871
"""6435_2""",0.38401318769860393
"""5813_10""",0.9211407428261085
"""12008_1""",0.17073764197220526
"""1613_10""",0.7521824716610819
"""9381_9""",0.40371840054380975
"""4467_10""",0.4515663098835747
"""1439_8""",0.507316477957678
"""1021_2""",0.2037491920195761
"""2718_1""",0.5117195760996477
"""11439_8""",0.561285121056742
"""10931_10""",0.6986377321964493
"""4326_10""",0.6640337308345673
"""6216_1""",0.6375463900884956
"""10369_4""",0.37248850011684387
"""1586_7""",0.36540961239186326
"""1310_2""",0.490461218649684
"""293_1""",0.0846710373363218
"""5968_1""",0.46266049382509694
"""9338_10""",0.5961825609916725
"""418_4""",0.23094632430391432
"""4522_1""",0.2870471864401981
"""3925_8""",0.1514794880174302
"""9748_1""",0.2639928869836522
"""7142_8""",0.9068908053620257
"""8862_1""",0.46747759658311777
"""10812_2""",0.159071889728454
"""3262_7""",0.5793706294392303
"""11540_10""",0.5015521763896991
"""1236_2""",0.7738501018070407
"""10321_10""",0.36938735012225726
"""5782_1""",0.1679958047444838
"""11765_8""",0.6121502136288884
"""6365_7""",0.4564033062768445
"""6265_2""",0.2640444493053282
"""5426_1""",0.12032627017883493
"""5312_7""",0.7989262768703793
"""1786_3""",0.21699589302360206
"""10137_2""",0.7674462037169623
"""9816_3""",0.21714308783627467
"""11925_10""",0.3425612099834518
"""3041_3""",0.3262024036108182
"""6742_1""",0.14126700814830423
"""10786_7""",0.667671957955339
"""10687_4""",0.3477728070084668
"""7057_7""",0.2052886666601068
"""7532_9""",0.37734597385952484
"""4162_8""",0.8465908890805801
"""9911_10""",0.6690630653066499
"""2369_3""",0.6912468126492978
"""2967_9""",0.7757686912522207
"""9515_7""",0.5613861502006613
"""12035_9""",0.5913584792981215
"""9088_4""",0.4374174358696547
"""3037_8""",0.639413909141815
"""1198_10""",0.7976076888799603
"""8186_8""",0.7562984981475875
"""3455_8""",0.7471778833966871
"""6676_3""",0.38401178205470565
"""4071_8""",0.7011328630668722
"""2244_7""",0.5048534557148432
"""1252_7""",0.7069400407936679
"""12178_3""",0.16858471062438884
"""5623_4""",0.5439672940674884
"""10938_1""",0.07819388996147525
"""2265_4""",0.43013198668751085
"""7442_7""",0.21946587735985465
"""7676_9""",0.8159087112102666
"""10666_1""",0.16950219783821013
"""9430_3""",0.5433511527762365
"""8329_2""",0.5995892451169512
"""11933_10""",0.5102175531199059
"""7868_1""",0.06792606270882656
"""6471_7""",0.8953155917590315
"""2191_1""",0.235557355138818
"""3918_1""",0.32276971976223984
"""9767_10""",0.6515377660720674
"""11297_8""",0.7870608984221428
"""6763_8""",0.4195704788944443
"""2621_9""",0.38656175324959613
"""4056_4""",0.2606100244432917
"""8584_4""",0.11984270086174417
"""4541_9""",0.5697792032047676
"""1474_4""",0.5213454416723239
"""3748_7""",0.6545316314062418
"""1314_1""",0.060610029237737326
"""6195_10""",0.5925358480105545
"""3485_1""",0.09636978705148323
"""5448_7""",0.569911817390949
"""12392_10""",0.6901466002722865
"""5807_10""",0.7428826261297123
"""11783_4""",0.7447133391180071
"""5693_1""",0.1530586998528063
"""5031_3""",0.4063837895255557
"""9684_1""",0.14648059201556418
"""924_10""",0.7322621792677124
"""12254_3""",0.8189068993942193
"""277_1""",0.25661062102065263
"""4384_10""",0.7244328065006651
"""8288_4""",0.2485729144996456
"""3056_3""",0.07423554151726255
"""4683_9""",0.52877645072939
"""907_7""",0.6449708502035673
"""6720_7""",0.6223036320539719
"""12192_1""",0.1389234224441611
"""11090_8""",0.6701705405855379
"""4682_7""",0.5528664659852517
"""11698_10""",0.3975705869890721
"""1530_1""",0.22229975010752157
"""3017_9""",0.5443517428202305
"""9702_1""",0.2739582252537289
"""5761_3""",0.3482740586712334
"""9920_2""",0.5738084641060999
"""8250_1""",0.6882314751710333
"""11900_3""",0.2761862162315707
"""6128_10""",0.17669829201806742
"""8667_10""",0.4833327324579207
"""8304_3""",0.23575306949661431
"""1049_9""",0.7905578123750766
"""10262_4""",0.18962803139501383
"""7315_3""",0.22842313412929818
"""4935_10""",0.7275184883993013
"""2453_1""",0.2714146954499508
"""4820_10""",0.4266006058120104
"""3111_10""",0.6833288610434923
"""10351_8""",0.7728287659788319
"""146_1""",0.22588988023619294
"""6093_9""",0.8899021608947407
"""7215_10""",0.5490856183879305
"""6098_9""",0.737885485387346
"""2873_10""",0.4890170856227696
"""2683_10""",0.6017703459106887
"""6886_9""",0.5605702140878767
"""4992_8""",0.5298872516055221
"""1038_1""",0.42653583578654586
"""988_3""",0.26911793261316225
"""212_7""",0.4181655494773178
"""6838_1""",0.4085390498521296
"""4865_8""",0.4832359351022189
"""6908_9""",0.8298422008814778
"""8548_10""",0.528349254558428
"""2297_4""",0.24955266245507843
"""3455_4""",0.4344113209595082
"""5743_2""",0.10253646621373529
"""5820_1""",0.5573497916144771
"""4636_3""",0.3888461637831461
"""8184_4""",0.2357690620237502
"""7413_7""",0.5830793226800605
"""10750_7""",0.7500065692312816
"""10064_10""",0.799041682616033
"""408_3""",0.31744999441370536
"""10388_10""",0.6677890264630331
"""8380_4""",0.33326440180361205
"""8904_2""",0.45306731662362004
"""10854_10""",0.7570868054358315
"""11511_10""",0.6924871150465377
"""259_10""",0.8740550404871763
"""1580_1""",0.06688028232045257
"""11775_1""",0.29769341216668005
"""8674_1""",0.39927117691521674
"""9540_10""",0.9341984372358079
"""6177_4""",0.09821040303246872
"""11074_8""",0.704523578771361
"""7191_7""",0.5174144325898601
"""7496_1""",0.359149068393275
"""4424_9""",0.6456147442455147
"""5733_9""",0.3946567340337838
"""2887_2""",0.18173635520684928
"""239_2""",0.13860918404100014
"""10920_1""",0.37069260375488783
"""10342_9""",0.8118187241037195
"""12321_1""",0.22645221714123026
"""1833_3""",0.2661938161414
"""5494_7""",0.6406808439955887
"""8687_8""",0.9098295099051404
"""1076_8""",0.5683720046673034
"""7638_3""",0.3275211126276021
"""1361_3""",0.6113178801917143
"""1884_4""",0.5481428359481623
"""2056_10""",0.5519978249282993
"""5_4""",0.8349278015604754
"""1034_10""",0.6731204306231089
"""4008_8""",0.5840153192056391
"""4239_4""",0.5143845401228075
"""7257_4""",0.38831918602681553
"""9541_8""",0.7852222158917209
"""5869_1""",0.30199601983246116
"""1326_4""",0.2644275841514713
"""936_2""",0.4115593359836867
"""10473_4""",0.23693211631244998
"""12413_2""",0.2659326044311113
"""5934_9""",0.7077593627861024
"""2419_7""",0.7702351780760732
"""49_4""",0.41916580936089326
"""2129_9""",0.7870308213379303
"""12356_1""",0.23113973609313182
"""9268_2""",0.21275683187489666
"""7915_7""",0.6189291758218277
"""11405_3""",0.33964381796795806
"""7526_9""",0.6533019189539465
"""6639_2""",0.37316198386986627
"""7939_1""",0.3794759279981391
"""8934_1""",0.3448706104963811
"""2422_1""",0.1539940859513221
"""3885_4""",0.45596648734445105
"""1703_3""",0.2092086030926088
"""7530_9""",0.8516812239814961
"""5833_1""",0.137774411917151
"""9858_4""",0.6433075719359871
"""12307_3""",0.08883936689156535
"""9341_10""",0.8237539527988921
"""4490_10""",0.7035821937166625
"""9292_10""",0.41241997038192607
"""7830_1""",0.11041602246265413
"""5329_1""",0.09727675851502603
"""5205_10""",0.5699240778452345
"""2172_1""",0.3716739916484068
"""8857_4""",0.20054099013291424
"""7933_1""",0.2596904583187025
"""12277_4""",0.7400070124664831
"""9853_10""",0.6894390451414758
"""5927_8""",0.8588493404934043
"""4453_4""",0.3774790501490504
"""3034_1""",0.15375164845460376
"""3469_1""",0.37615131525645246
"""12014_2""",0.4044362072028851
"""3802_3""",0.39033229255325536
"""10911_8""",0.5523527868083944
"""7519_1""",0.08649851644177749
"""4155_1""",0.5742139597925648
"""7873_1""",0.13037669075136266
"""7002_10""",0.40738012363482445
"""11597_1""",0.19026708216447577
"""9043_3""",0.17351496455385373
"""7623_3""",0.40177966393848613
"""6615_9""",0.8612595625824642
"""5982_1""",0.2608554369089486
"""492_1""",0.15912176848147705
"""7105_1""",0.08900507969938333
"""7072_8""",0.8412965246772777
"""7585_3""",0.4964080255179412
"""114_2""",0.36867743781048995
"""675_2""",0.26503632299690316
"""5141_1""",0.2546642799679067
"""11299_1""",0.09337005545524577
"""7008_4""",0.581935045524373
"""4963_4""",0.23732499842336666
"""9363_8""",0.4481083473721301
"""12419_8""",0.3964073743469949
"""499_2""",0.24535132443140764
"""4741_1""",0.1741409136975255
"""3160_10""",0.5540983505156805
"""4605_7""",0.572568527122096
"""7181_4""",0.8323307958725001
"""2620_3""",0.11223334956856988
"""7101_7""",0.3823572747583197
"""3358_8""",0.5414852513190563
"""11150_3""",0.2543547545633123
"""11555_3""",0.48382798594835386
"""11975_2""",0.5186048642035971
"""44_8""",0.6623462108640854
"""4699_10""",0.5938794054840005
"""6042_2""",0.23586366920813556
"""10368_3""",0.3269371051156344
"""2409_8""",0.5622329921597919
"""5933_1""",0.43589877534431587
"""7460_1""",0.2772994230757738
"""11653_3""",0.6905283071006069
"""1699_4""",0.6494998317751705
"""6189_4""",0.26597982348284477
"""12263_10""",0.8514170314027251
"""700_7""",0.7150197300439892
"""1974_9""",0.4800794406681216
"""4664_1""",0.568659627337813
"""2083_3""",0.462355345103917
"""3454_1""",0.15276533965655983
"""3196_4""",0.7740880561691342
"""7920_2""",0.4097344648395282
"""10257_10""",0.7962249835908963
"""12344_10""",0.336716194737575
"""130_9""",0.8386609428995899
"""315_4""",0.3968476895013709
"""5923_10""",0.7816574920891732
"""1234_10""",0.7061442636753683
"""7402_2""",0.17969886848177322
"""4634_1""",0.48918585863262865
"""2558_10""",0.6393000503855731
"""11220_10""",0.5871037158469025
"""7652_10""",0.5780315913338163
"""1070_1""",0.4300864745784478
"""3018_1""",0.1871681916757255
"""6365_1""",0.22107757387502405
"""6081_4""",0.6890173675902913
"""1015_4""",0.5644856830526883
"""7071_10""",0.5342908079885159
"""4682_1""",0.13840919167945154
"""5242_1""",0.5369681070683507
"""5125_9""",0.6192214074719657
"""11299_7""",0.5542668803736419
"""7445_1""",0.1557337494766905
"""8206_10""",0.7142898751246929
"""7878_7""",0.8438527215943447
"""11630_4""",0.39810204903959723
"""9391_8""",0.5337614903680997
"""4755_2""",0.10655283678489752
"""36_8""",0.8701254574511491
"""617_9""",0.557129931992639
"""987_7""",0.4430279827582078
"""1185_1""",0.10350930583628423
"""11135_1""",0.12477246798547052
"""6457_2""",0.3420869234391617
"""8337_7""",0.7840558288911165
"""9931_9""",0.5590028913833902
"""6932_10""",0.4306886827830062
"""9504_3""",0.4457306377362603
"""2333_2""",0.30792760980642375
"""10397_10""",0.7121453255680258
"""6200_4""",0.14125397812145496
"""8004_10""",0.8797277076952332
"""10818_10""",0.8649253890578137
"""164_7""",0.455756324841391
"""6945_9""",0.6073936622351573
"""2551_10""",0.6454732544129486
"""10887_3""",0.12059185893244004
"""8942_8""",0.7469653744202601
"""6779_1""",0.4493757150766327
"""9818_10""",0.9228554854201954
"""11352_4""",0.21538091488136796
"""1035_9""",0.7739985703159666
"""9212_2""",0.20006694536525343
"""8530_3""",0.5996668588343301
"""7858_3""",0.6229724693420591
"""1777_4""",0.12316124663604111
"""6976_10""",0.800521940054556
"""9426_2""",0.24429222375215173
"""2154_1""",0.35511159630529643
"""7037_9""",0.7531980463683421
"""1501_1""",0.0908966270598426
"""12448_2""",0.06733567283651523
"""1005_2""",0.17168604625145495
"""8031_1""",0.26556726439131045
"""8084_8""",0.4505292462779685
"""11933_3""",0.4381709217294682
"""3206_10""",0.6677107342286936
"""10197_2""",0.41962680228003907
"""8838_9""",0.3788771234679138
"""7720_1""",0.17340407843333502
"""9739_3""",0.15957868035623934
"""8312_4""",0.41768761782728325
"""3492_9""",0.48481891614511485
"""1133_8""",0.731074814806459
"""3255_9""",0.7107608132477656
"""10625_8""",0.674870056674226
"""12307_9""",0.723306192573292
"""325_10""",0.8557426848322659
"""4393_10""",0.7399834112246881
"""8755_2""",0.17902111267627663
"""2645_4""",0.31254532545284486
"""10712_8""",0.5803895210812402
"""10358_7""",0.6556841906569413
"""10913_1""",0.23994128606713333
"""8406_7""",0.5995721479977366
"""12131_8""",0.8061921437101001
"""8306_7""",0.598734184399906
"""8722_9""",0.8228825360834702
"""6363_3""",0.06045375013531792
"""6876_10""",0.7627507215913322
"""10802_8""",0.4910613873447698
"""6078_2""",0.4110144177472448
"""4558_8""",0.7789636319465083
"""643_4""",0.28955734511884135
"""9956_10""",0.5063450105851094
"""7267_8""",0.6169184066469066
"""10491_7""",0.6999605515183557
"""5105_8""",0.8008917343743427
"""7213_10""",0.7241207630321266
"""8442_2""",0.29364145354031107
"""11035_10""",0.5205415611006106
"""9961_3""",0.2846979034049804
"""2616_1""",0.4926922181532204
"""7666_4""",0.1803953917275588
"""548_4""",0.802066746059867
"""2425_10""",0.835049720709145
"""4173_1""",0.055197548233789744
"""3558_10""",0.7764225772578247
"""4117_3""",0.6156400481744021
"""9803_3""",0.4361653452492345
"""1545_1""",0.11880830847925346
"""6564_7""",0.762864055150173
"""1306_1""",0.07485326000966397
"""632_1""",0.17124672397704227
"""3132_8""",0.8385992215457853
"""5755_2""",0.1813593136968006
"""5282_1""",0.1275546379515109
"""5891_10""",0.9323626762052455
"""3961_7""",0.47216495627360167
"""4107_1""",0.5039696080507062
"""2370_8""",0.6205418097584345
"""1363_1""",0.15335299092954824
"""5359_9""",0.8714680033375225
"""759_10""",0.7666426116123918
"""727_8""",0.8021330196947858
"""1875_1""",0.4144534572945422
"""10586_1""",0.15664111482051976
"""4906_1""",0.6047212363105512
"""11685_4""",0.18950460621449608
"""1632_1""",0.2147866064054648
"""4913_10""",0.768393914691247
"""11375_1""",0.16908311986949429
"""423_10""",0.6414676949153625
"""5957_9""",0.5248027089515812
"""9389_1""",0.10287985527565241
"""10450_7""",0.5567705542782087
"""4205_1""",0.3946568732152553
"""2983_1""",0.04887559104721201
"""7895_1""",0.15444832008076026
"""2761_4""",0.6294492478963625
"""3359_1""",0.07897099246204285
"""687_9""",0.479440596352172
"""8150_1""",0.2620976917008946
"""1647_10""",0.7262139145451123
"""10920_8""",0.7759684947314855
"""4813_8""",0.5417419220312102
"""4628_10""",0.5087209737835557
"""5738_4""",0.4048399176837312
"""11255_3""",0.40110589919932904
"""7801_10""",0.5171725872473887
"""3258_2""",0.4012429368486604
"""10513_7""",0.5051549731502254
"""9358_8""",0.7276632340740388
"""6864_2""",0.23134476497575013
"""3038_8""",0.620858599841251
"""6928_1""",0.31639927069954127
"""10277_10""",0.7141720866220145
"""9231_1""",0.3115401629778977
"""8098_7""",0.46044687085466335
"""11550_10""",0.4393429373844795
"""10233_7""",0.295894839743596
"""180_3""",0.3336611414918692
"""538_8""",0.7070987203997254
"""4977_9""",0.7015171882247928
"""11386_3""",0.6142242920037211
"""1045_3""",0.6139081451720897
"""61_1""",0.30141045306560843
"""6907_8""",0.4859854157950753
"""11368_10""",0.5084743889205992
"""10_3""",0.5855931475594067
"""7034_3""",0.526809381426228
"""3051_10""",0.8105986488008508
"""362_9""",0.4726894378095142
"""8037_7""",0.6892514140733218
"""11408_4""",0.23264243469313062
"""8783_7""",0.8536691794834705
"""1755_10""",0.7673078869079869
"""3610_3""",0.35680178467221124
"""1376_3""",0.24004913273687212
"""4970_9""",0.38396096648155975
"""7802_9""",0.2550541259957329
"""4169_1""",0.09509898821153133
"""2063_4""",0.7326065238569737
"""2825_10""",0.8378775666546028
"""10758_10""",0.8805323577813894
"""10778_2""",0.21793973223549223
"""979_10""",0.8647177103999145
"""11700_4""",0.6682733362452901
"""7848_10""",0.5737363646083965
"""1294_7""",0.7836396930564418
"""4806_4""",0.7334707238722311
"""10159_4""",0.413061737963985
"""3461_4""",0.35124939235192054
"""10312_1""",0.3322769426812729
"""4297_1""",0.3163212159455775
"""5081_2""",0.5311441738723963
"""2156_1""",0.49545157256416106
"""8417_1""",0.20313211459736344
"""10182_10""",0.8717084242468224
"""11732_2""",0.7078175726923096
"""10078_3""",0.23039183777354974
"""4772_1""",0.07166645001863323
"""6187_4""",0.45317835371582615
"""4219_10""",0.45018513393160553
"""5208_8""",0.6074165219969172
"""4935_2""",0.06198551486041134
"""6528_10""",0.5744795819872239
"""4080_1""",0.6875435325795349
"""6147_10""",0.6055199702712776
"""1352_2""",0.5420920506609926
"""5675_9""",0.29482514882085664
"""3024_4""",0.2758951679712345
"""6930_3""",0.2173942192347603
"""7005_1""",0.4242551057283748
"""380_9""",0.7502687026281353
"""5923_3""",0.7359548874939097
"""1246_9""",0.697417011868478
"""3081_8""",0.7842501805620663
"""11913_3""",0.5246600343139475
"""4112_8""",0.5663678383578677
"""1440_8""",0.8729137275923802
"""12123_7""",0.35690755223871334
"""3731_1""",0.11005951685346432
"""420_10""",0.6138795699523307
"""5862_1""",0.17535875818638064
"""10864_7""",0.7701588126655854
"""3484_1""",0.3823479277750073
"""9438_4""",0.5416502835054082
"""7032_10""",0.9536512885878983
"""7670_2""",0.22612190605537116
"""5251_9""",0.7386524745084513
"""5296_7""",0.764886520746149
"""9161_7""",0.6683232422530954
"""6446_4""",0.3558448101459634
"""11694_8""",0.8047144751377607
"""1674_9""",0.8116420492604114
"""8831_10""",0.44787702344015856
"""11813_10""",0.707834359578967
"""3380_1""",0.3693729194562796
"""8653_10""",0.7666528102762074
"""10485_1""",0.1659317767418752
"""3771_9""",0.5251502017312262
"""5534_1""",0.2022786076172643
"""2_7""",0.514074518554937
"""2334_9""",0.6803111385851642
"""8327_4""",0.5579189924866945
"""8552_9""",0.9166717094432698
"""9117_10""",0.6587520093749325
"""11953_10""",0.6529412715773348
"""7015_4""",0.6927764046928883
"""9649_10""",0.8165307678770322
"""1701_1""",0.39117484910729483
"""1946_3""",0.22461397954388418
"""1536_10""",0.5510862143818582
"""6419_7""",0.7867838729134696
"""6619_10""",0.7399629518539573
"""3715_10""",0.9090681321314428
"""6001_9""",0.8564045913219682
"""4555_9""",0.5887134571615725
"""6367_4""",0.5527710553908098
"""8350_10""",0.6702276407088701
"""8376_7""",0.5270531362750823
"""8231_1""",0.3394441291057885
"""11595_9""",0.8940994823219869
"""10372_4""",0.4643161980540298
"""2711_8""",0.7151185378777672
"""407_4""",0.13494102406964545
"""10798_10""",0.5222772738967896
"""5358_1""",0.17481326927087834
"""158_1""",0.44155031518668336
"""6578_7""",0.7008586574909611
"""217_8""",0.5394895932863869
"""4535_10""",0.6788108946974037
"""4887_10""",0.48964106745118907
"""5595_4""",0.5841091405573215
"""1837_9""",0.6403266262042756
"""7723_1""",0.04580782749756913
"""1935_7""",0.5311174551591055
"""7357_4""",0.13005265373810743
"""3293_3""",0.47211669374653104
"""5176_1""",0.33892307519463744
"""10930_7""",0.694258508225763
"""4618_1""",0.5469056751258339
"""15_2""",0.30345570970929553
"""4009_1""",0.6851933303833896
"""3854_1""",0.16833596930322578
"""2889_10""",0.7057524087405878
"""2737_1""",0.4283547321398533
"""9811_3""",0.55102310925763
"""12016_2""",0.29899420045417424
"""8470_10""",0.590744261379527
"""2965_7""",0.5193174074390251
"""6620_1""",0.3405447543761857
"""7447_3""",0.13003272698490428
"""1197_9""",0.8797736480960429
"""9750_9""",0.7419058274604979
"""3001_1""",0.614285589323617
"""8068_2""",0.33532102363514293
"""5660_1""",0.41068803798615994
"""5595_10""",0.5645669203823885
"""4377_4""",0.33727812364189497
"""7354_8""",0.35514590741130236
"""11858_1""",0.10912788769810565
"""7611_2""",0.2827660509137776
"""6855_7""",0.4858526804724773
"""11522_1""",0.11114837454868264
"""21_9""",0.8546832782134121
"""3423_9""",0.8338478247904795
"""2061_8""",0.6458289506362475
"""5594_10""",0.6622536686337651
"""6106_3""",0.5521633937496179
"""9222_1""",0.3626362967517561
"""2305_3""",0.24363592012646498
"""12493_4""",0.6636284423682705
"""8841_9""",0.4595894562179986
"""3824_8""",0.7503334848792698
"""703_8""",0.6143254309471626
"""1638_1""",0.13193477641037274
"""11339_4""",0.3267676085993218
"""10173_1""",0.19391963204171447
"""6481_2""",0.649972273983889
"""9468_2""",0.4507805473784839
"""1830_9""",0.6905094923214231
"""9940_8""",0.6103444340446351
"""7768_1""",0.4111066194834796
"""414_2""",0.36322788089098446
"""9554_3""",0.17408483963853819
"""2894_4""",0.14748568094022171
"""2509_7""",0.7420554988417316
"""2430_2""",0.4406575794556516
"""10244_7""",0.8085990415687629
"""2874_9""",0.3481896592716307
"""4615_4""",0.5338455094860846
"""9011_10""",0.7737967774061176
"""8977_9""",0.4943835681337745
"""6709_9""",0.30612575691306265
"""7963_3""",0.5538800887474566
"""7531_10""",0.4253573210352289
"""5058_3""",0.39252592471115955
"""2875_2""",0.5467942188726835
"""9191_8""",0.4123786817302422
"""2596_10""",0.6504692038300546
"""9660_8""",0.6830050067092912
"""3682_1""",0.09617820223276928
"""4189_1""",0.1375203672143757
"""739_10""",0.7457604119024704
"""836_4""",0.5347453245628435
"""2422_7""",0.48099627754461444
"""4318_1""",0.12176627330571119
"""1443_2""",0.1747814479933528
"""2782_8""",0.8689524682317159
"""10260_1""",0.5032013503201455
"""10624_10""",0.8534770365684805
"""3288_8""",0.6439955654685968
"""155_2""",0.5739497603217398
"""4941_9""",0.6701616556725017
"""1449_8""",0.9327774170412201
"""10575_1""",0.12686103263640727
"""3568_4""",0.45865826821806377
"""261_9""",0.8555061221071507
"""10420_9""",0.9127000578562179
"""4008_1""",0.3658112534579267
"""4263_9""",0.6928794036531325
"""11924_4""",0.2644398419876069
"""11488_7""",0.661901631686579
"""1599_1""",0.6994210086154101
"""11383_10""",0.8185885484167222
"""1800_9""",0.6206882217925712
"""9705_10""",0.5132730678297542
"""10044_8""",0.8789943289016662
"""471_3""",0.5626222252040702
"""3494_9""",0.47276197213996624
"""11492_10""",0.48968237168517026
"""257_3""",0.6818914085602584
"""10745_1""",0.4600812228763522
"""7305_1""",0.12853855578054327
"""6239_8""",0.6120028824111922
"""3068_10""",0.5297083051730336
"""2862_1""",0.2479455505782454
"""11217_4""",0.29292760286691594
"""10650_9""",0.6690658404470748
"""3588_10""",0.7028958565830031
"""8345_10""",0.3065810600904315
"""9980_2""",0.20294882046104193
"""8901_1""",0.4297554195945908
"""5438_8""",0.7175637250857608
"""10879_10""",0.7943671961023538
"""9064_3""",0.34143482845835815
"""193_9""",0.5839096060482007
"""470_4""",0.5127312862673294
"""5128_7""",0.3913971752783201
"""10542_10""",0.20169232471440904
"""205_10""",0.8979901107855062
"""8091_7""",0.8458062811093788
"""11383_3""",0.2725959404843825
"""10274_2""",0.4479591149634008
"""7865_7""",0.8873213650321532
"""7525_1""",0.25418476681886176
"""2168_2""",0.0688248782845264
"""11082_8""",0.7524956351474971
"""1991_2""",0.251362444483261
"""10524_10""",0.8107705017243751
"""4628_3""",0.21500941081963673
"""4269_7""",0.7830364549426246
"""7367_2""",0.3757701138148406
"""1390_1""",0.36541116584225625
"""7158_1""",0.49266072634529373
"""12442_10""",0.8019847865271165
"""8388_1""",0.100048014061094
"""7980_7""",0.46258038076992447
"""3054_1""",0.29556070694475456
"""11143_2""",0.4520836276625383
"""2238_1""",0.5177642598689
"""949_3""",0.29050932427991305
"""42_4""",0.37146442353995957
"""4093_7""",0.6464537670171336
"""3657_3""",0.8011619147071174
"""9812_10""",0.8673391971596348
"""6879_3""",0.45620065273582056
"""2189_8""",0.7976013039101825
"""11804_1""",0.08153302856087055
"""5280_10""",0.7518517944659044
"""411_8""",0.44993137543815614
"""5673_1""",0.47996325625843056
"""11633_2""",0.14604363610131038
"""10389_1""",0.10303424549390698
"""9516_10""",0.7818003132639779
"""12169_8""",0.9021765435381124
"""232_7""",0.6328114400364931
"""6061_4""",0.18269645032415777
"""6755_8""",0.47287596455952696
"""2880_10""",0.490073374888121
"""4187_7""",0.5820325765402561
"""4175_7""",0.7301009125760999
"""11674_3""",0.7859776862697692
"""10397_1""",0.09996581036612813
"""4334_10""",0.36185314862996776
"""7654_10""",0.7667863447907577
"""1657_9""",0.8524710809252078
"""2025_2""",0.5755323939287826
"""2276_4""",0.2856528808643565
"""1957_10""",0.5782177348070475
"""11627_4""",0.39810204903959723
"""11799_4""",0.33710501187174846
"""10251_10""",0.7557974289040665
"""1231_4""",0.4509784924705532
"""8302_8""",0.5872787048516975
"""12342_7""",0.3077797791734098
"""8105_3""",0.2678424563777542
"""3892_4""",0.49852866905303783
"""8473_9""",0.664911980927547
"""448_8""",0.8169559936041978
"""7317_2""",0.3222237510130554
"""2074_1""",0.19262905131802946
"""12249_7""",0.7715491065213758
"""5467_2""",0.2571788696180829
"""12109_1""",0.427266597914339
"""11511_1""",0.08726313259635886
"""9476_3""",0.7193302413620996
"""1170_10""",0.5986456295264062
"""8970_9""",0.5980693152073964
"""12308_1""",0.24140129720039813
"""3101_8""",0.7166496669488409
"""3066_1""",0.08130160106878696
"""11519_7""",0.5304660730961803
"""5314_2""",0.0781918665057929
"""9160_4""",0.30398262757226047
"""6512_3""",0.5837213419580192
"""7836_4""",0.3588345442573781
"""11429_1""",0.2039958189903636
"""12043_9""",0.7574053086896719
"""270_1""",0.3037458154041013
"""821_1""",0.2518654302038
"""4572_10""",0.8629549981449324
"""11437_1""",0.2302882955768877
"""4899_3""",0.63482757882696
"""8226_9""",0.8863225664022297
"""5445_9""",0.7860105958730513
"""2459_2""",0.32855272875037467
"""12192_7""",0.7550949541209492
"""5459_9""",0.6244411961042513
"""7308_7""",0.7092078764686041
"""11308_1""",0.4461936698786902
"""4122_3""",0.340277038922434
"""144_9""",0.7789358086255871
"""12145_4""",0.5961668493236773
"""8511_8""",0.580293193139336
"""11319_7""",0.7342468661789506
"""9257_10""",0.8753651514702786
"""6737_3""",0.08984179353077716
"""9327_9""",0.47385811523104254
"""1246_1""",0.08837391957829172
"""11239_10""",0.5357659172856952
"""2915_1""",0.41659181961359193
"""6019_10""",0.9310232813946548
"""1151_9""",0.7383977380910125
"""11796_2""",0.40814035824030354
"""10400_9""",0.5525528718456458
"""9599_10""",0.47975882735551323
"""2283_3""",0.29198313777794344
"""5474_3""",0.22910973903840165
"""2670_3""",0.09977539199668736
"""6_3""",0.7258771949805386
"""69_4""",0.35120641323555574
"""11234_10""",0.41673916570476277
"""6575_10""",0.9093491453632694
"""9391_1""",0.09611660496746217
"""12053_1""",0.076413537633475
"""1387_8""",0.4005812036380899
"""2649_9""",0.49155646251730867
"""9004_4""",0.46159013037522956
"""8723_1""",0.25783696271804635
"""11609_1""",0.22588050704744844
"""9585_2""",0.5030258972824901
"""2736_1""",0.1884405023347599
"""6607_2""",0.4569142546869208
"""11939_2""",0.05819303937603169
"""2024_8""",0.7394302588173199
"""1503_8""",0.22375876900147254
"""10177_10""",0.8929171620741709
"""10266_1""",0.13637943956981696
"""547_7""",0.46466455003960866
"""5272_10""",0.5650522749310847
"""5204_9""",0.5355561776884491
"""9369_2""",0.21267006275472203
"""6273_1""",0.1425952950566565
"""10825_7""",0.6245700463448183
"""644_8""",0.45614701336759206
"""347_1""",0.19066885473474127
"""12309_1""",0.08094186298429915
"""5502_10""",0.473667653324042
"""7203_1""",0.06977903194930347
"""8714_2""",0.4664290353559798
"""713_8""",0.7287177920568466
"""10289_1""",0.26342587060693406
"""7666_8""",0.6356207513748356
"""6753_1""",0.36145835395478143
"""6350_1""",0.08573529559612934
"""11232_8""",0.457238564545749
"""10551_1""",0.3764145573821529
"""5967_7""",0.6178914629356482
"""1049_3""",0.14565199801834844
"""11238_10""",0.3707527145378116
"""8043_9""",0.7762211385327288
"""8751_4""",0.30278658522175994
"""6514_2""",0.33420829880113895
"""1461_3""",0.15047955565099813
"""12137_8""",0.570920445751597
"""9884_1""",0.1788432551796972
"""4652_10""",0.7982386488046107
"""3169_4""",0.3885266260393333
"""4138_8""",0.6158878569405936
"""6125_7""",0.5642147515147053
"""7298_8""",0.699202107702373
"""4602_8""",0.32628195421274664
"""3523_1""",0.1804385845935669
"""10990_1""",0.2636925808634596
"""9278_1""",0.18790750963621716
"""2614_3""",0.16177896383312398
"""4762_3""",0.11836679375226027
"""2557_9""",0.8518734509074705
"""9390_1""",0.049249909136554235
"""7144_10""",0.7435455351730831
"""6655_7""",0.5131183925408471
"""9806_3""",0.491004890647647
"""986_10""",0.42655364973219306
"""9969_10""",0.6812828892846258
"""8915_1""",0.2389809213505386
"""3888_2""",0.44676336139373396
"""1963_1""",0.21600429273896046
"""10523_9""",0.4718995207522401
"""9995_2""",0.688252298396764
"""4491_1""",0.5280160211664359
"""926_10""",0.8328683826620881
"""5679_7""",0.36638045854046575
"""5201_8""",0.4854441765955976
"""9785_3""",0.2469904893780955
"""337_1""",0.14889679437894265
"""4129_3""",0.3643909181257991
"""9231_8""",0.563290154841199
"""2058_2""",0.0549256156108291
"""4801_10""",0.8214846875288009
"""2116_1""",0.5307242149218395
"""11539_10""",0.7436592542742015
"""200_4""",0.5288018503955003
"""8271_10""",0.6591798224368556
"""10088_8""",0.37980127009647136
"""10816_10""",0.8216606575270237
"""80_7""",0.4832770511686478
"""9331_7""",0.6445672536715716
"""3866_9""",0.8556734721073234
"""4534_3""",0.45619093649348436
"""8981_9""",0.6827616423003972
"""510_7""",0.40094281832524464
"""4980_1""",0.05861975470112421
"""3336_1""",0.7167183522546767
"""1934_7""",0.689562516843486
"""2815_4""",0.7617776565310534
"""6606_4""",0.6088717278214565
"""11802_1""",0.2807663358373734
"""6312_9""",0.7713614636658254
"""1914_2""",0.15017173506417417
"""1970_8""",0.863112467171835
"""9791_10""",0.4001874803586747
"""3721_10""",0.5148557845771105
"""7947_10""",0.898485885688055
"""8009_10""",0.6036178066524099
"""3370_7""",0.45984515241786444
"""8943_3""",0.2958254740476775
"""5873_10""",0.6300233848727251
"""7379_1""",0.06000713427882545
"""3585_10""",0.6830664541773613
"""6934_10""",0.19887610108807757
"""5841_1""",0.31952878955626435
"""1354_7""",0.7157717778284798
"""9215_10""",0.7030713316913527
"""2668_4""",0.2200676420371177
"""8441_8""",0.6615500751587442
"""5255_7""",0.1743226552602171
"""3649_1""",0.13421970345802664
"""1169_10""",0.8724815251732418
"""2366_7""",0.6338339312295814
"""4229_1""",0.09445212792250529
"""29_3""",0.4213425724892525
"""6109_2""",0.45180048042057164
"""11174_4""",0.17147431234269755
"""12477_7""",0.28788076954142655
"""11713_1""",0.10299583563528726
"""2231_2""",0.4754626171552732
"""7598_8""",0.6415147792765817
"""5095_3""",0.3815101619482391
"""3062_10""",0.5987266706391192
"""11451_7""",0.4490584026391279
"""7100_3""",0.20050327178281635
"""11005_1""",0.18078421509698397
"""9902_8""",0.8541307648359033
"""8850_10""",0.5347850025621885
"""5542_2""",0.24571820686718998
"""9371_1""",0.27841642975493974
"""8042_7""",0.5345696019834574
"""1757_1""",0.4420333042902863
"""2256_1""",0.2374282790612638
"""9793_3""",0.644312912689582
"""11791_2""",0.29254143053162823
"""4814_2""",0.5332770931373451
"""630_7""",0.5330564495616504
"""10622_10""",0.7520818810886254
"""5781_1""",0.25995116986513966
"""7422_10""",0.7089049900501148
"""10084_10""",0.5145357296428416
"""9550_9""",0.7333683774708513
"""11646_8""",0.5162340656627876
"""110_1""",0.516212275312502
"""4811_1""",0.31036993094631826
"""9559_4""",0.5109232795165098
"""2755_10""",0.8104668110579276
"""698_1""",0.33244253663753753
"""8437_1""",0.5550388981260715
"""1470_8""",0.5777651596535037
"""11449_8""",0.4054498521526846
"""8078_8""",0.3214331421356944
"""238_1""",0.18338861904358825
"""4950_10""",0.4525327509379087
"""10793_7""",0.5247108852091441
"""8497_10""",0.7537682589479963
"""9160_9""",0.24724406231370266
"""8472_1""",0.3862507083114211
"""1583_8""",0.5989594068051602
"""2923_3""",0.35092161645507675
"""9770_4""",0.8857564960143717
"""10706_2""",0.5314848675663418
"""4573_2""",0.6603488582152589
"""11176_10""",0.7603750279696808
"""616_1""",0.24422731649269225
"""4574_8""",0.53057822597431
"""8465_10""",0.8263813639453701
"""4049_9""",0.8765449621204425
"""3707_3""",0.10566040866846482
"""4398_10""",0.7234180370676166
"""11727_1""",0.36894236276223663
"""7244_8""",0.8392896702098372
"""549_3""",0.7006036069337829
"""9461_1""",0.3085506901398146
"""6748_3""",0.26909591142792766
"""7093_10""",0.8085735860478042
"""9115_10""",0.8155682084579295
"""8284_9""",0.6928335994637129
"""469_8""",0.5850996697425103
"""1281_9""",0.6753867524470514
"""2816_3""",0.4056619382782429
"""11001_7""",0.4378901507126038
"""6987_2""",0.16313003952581023
"""5428_3""",0.08630088748424151
"""5992_10""",0.8935436896190012
"""2315_1""",0.09209870242396027
"""7329_7""",0.7749653369865199
"""3956_1""",0.15845001421964577
"""11453_1""",0.5498047494689202
"""726_1""",0.22692665402668832
"""10517_1""",0.1516492730135884
"""4494_8""",0.5027109919798971
"""11980_10""",0.6976582616261756
"""2926_1""",0.3854858060473711
"""1671_2""",0.311902434709074
"""8291_4""",0.3560369215944371
"""948_8""",0.19422714518949974
"""8122_1""",0.4584659405447238
"""9343_10""",0.5963649835604898
"""6011_10""",0.8068768298279335
"""7156_4""",0.23462812721284718
"""9596_2""",0.09481450122641726
"""10583_10""",0.8046718829465093
"""3190_10""",0.7653176102329542
"""10841_10""",0.7453199407116755
"""6122_8""",0.1982025880008619
"""1315_10""",0.5870930619631196
"""3667_1""",0.15931471491502847
"""4225_2""",0.06821665500076192
"""11268_8""",0.7595707482579092
"""412_7""",0.48889327450181286
"""4891_10""",0.7904886688859929
"""4791_10""",0.9186982592593251
"""4463_2""",0.39928869286633484
"""3173_7""",0.6777237740601422
"""2937_8""",0.4919962392263733
"""9438_10""",0.4570873927715212
"""9900_9""",0.719681053252769
"""424_10""",0.5624865077845499
"""955_10""",0.7279635419699038
"""10060_3""",0.15843177592807836
"""6063_9""",0.5526404555094171
"""1960_1""",0.21624094964051907
"""1456_8""",0.7661255883105532
"""1859_2""",0.17638402462838246
"""1262_8""",0.5146188878471184
"""5325_4""",0.27619908944776733
"""5944_4""",0.5349995692534264
"""2805_4""",0.36869986428064716
"""11591_1""",0.08427839199651452
"""3257_1""",0.5343849884631512
"""11444_3""",0.40536461124698675
"""5446_3""",0.09737138139357372
"""11801_1""",0.33822934446552627
"""8653_2""",0.21157059748980195
"""10939_1""",0.10993473453322941
"""10079_10""",0.7761804400012692
"""8188_1""",0.17802264778955945
"""3825_3""",0.3451171729360036
"""6659_2""",0.23504606144164542
"""9779_2""",0.13409794338692493
"""2852_2""",0.44366312603944613
"""11117_7""",0.8001216310973588
"""4367_3""",0.22961277776891842
"""7538_4""",0.33450836208148
"""9183_3""",0.43735754178790087
"""1910_8""",0.6111191458191435
"""4563_4""",0.38942553536807656
"""7743_7""",0.8054854050508573
"""6770_1""",0.21043517933611855
"""10133_4""",0.26738060128002755
"""6279_8""",0.48801932685256477
"""7907_1""",0.24073284228903946
"""1458_2""",0.25245853240870514
"""12427_1""",0.42583148389060804
"""3221_10""",0.6256314991784014
"""1614_10""",0.8815649622347865
"""2761_10""",0.6992585683004884
"""5151_4""",0.44766734852183
"""8803_8""",0.6891655944662476
"""10726_1""",0.29234542555984555
"""824_8""",0.27405887341978935
"""12377_10""",0.38579232759383664
"""3401_3""",0.27535944020420555
"""3603_7""",0.7687477769341339
"""3655_4""",0.24452955868394416
"""9963_3""",0.531226299222861
"""4266_1""",0.07750184221269213
"""1176_4""",0.6030444736179382
"""959_4""",0.21119869880569553
"""4494_1""",0.601113945740443
"""12381_10""",0.5881366854141987
"""4603_8""",0.42614101173353447
"""625_2""",0.6480603159291779
"""7597_3""",0.2359821487990341
"""594_9""",0.717772950204346
"""10998_10""",0.6270043106715516
"""5122_10""",0.6615448008969692
"""9820_10""",0.8919811421360907
"""2428_1""",0.3116224906307792
"""10928_1""",0.12160469890256673
"""9083_2""",0.5500782159833942
"""8669_1""",0.5259153650548039
"""9159_9""",0.7724497488440715
"""4171_10""",0.4585781859206821
"""7985_8""",0.5177655134044695
"""4181_1""",0.43469035151296653
"""4577_8""",0.18021601211152305
"""910_4""",0.5883018878233495
"""10673_4""",0.57221955164083
"""1530_10""",0.6462934795367711
"""2436_4""",0.2210518422026425
"""3934_10""",0.4919428748502071
"""9273_1""",0.07247201073324971
"""3188_9""",0.796990658129694
"""1826_4""",0.3405957012267677
"""4777_1""",0.1963601878533802
"""7449_10""",0.6375909941702113
"""490_2""",0.6234073074124882
"""1351_1""",0.09507404717217849
"""9172_7""",0.6774220317029589
"""6211_8""",0.8150349491396623
"""7114_8""",0.30917644105664926
"""1316_2""",0.06056265704037677
"""6531_10""",0.5659915661405417
"""4381_3""",0.20138609547501612
"""10347_1""",0.27838100374036445
"""5497_8""",0.8467999486766418
"""7041_10""",0.8877798782584541
"""4466_4""",0.23987330515011543
"""1690_1""",0.46948475840884507
"""912_1""",0.5711816342562261
"""10342_1""",0.11764950399994747
"""6323_4""",0.22392065769542277
"""3243_1""",0.3316416558079356
"""9143_1""",0.5365301804659365
"""7175_3""",0.42896189443828464
"""1962_7""",0.5649341605088141
"""11135_7""",0.6099351001801786
"""8524_1""",0.43887274952182836
"""10026_3""",0.2812903199018676
"""3031_4""",0.5272282405363656
"""1766_2""",0.46028300115774956
"""6042_10""",0.5219299074714949
"""3357_7""",0.7637896616332062
"""11065_10""",0.5327295713529251
"""11641_9""",0.5930361450445549
"""4389_2""",0.2504682323887777
"""10946_1""",0.13585115574674872
"""6385_10""",0.5793351966305211
"""5520_4""",0.7508334441109809
"""8036_8""",0.5849902910677354
"""4726_4""",0.29410599345881244
"""1510_8""",0.313115631757382
"""11016_8""",0.6560297651552418
"""893_1""",0.23576696157880483
"""655_3""",0.5388220696839364
"""12226_7""",0.42343351091354636
"""3878_10""",0.7861728272654108
"""8589_8""",0.5603748268521336
"""4108_10""",0.5314166829967817
"""8586_3""",0.39027311065273795
"""2326_9""",0.6842683614595991
"""155_8""",0.6052321726861014
"""11073_7""",0.5199768236738446
"""1672_10""",0.8589850342739257
"""1715_8""",0.5583701723060351
"""10443_7""",0.29163686620728435
"""9673_1""",0.47558149412330764
"""10731_9""",0.8080624931787098
"""4427_3""",0.6713344907528003
"""422_3""",0.27488310164984886
"""7121_3""",0.4719823109352944
"""4415_4""",0.5131073803383197
"""11599_1""",0.7096574853994844
"""6015_9""",0.5770923967918461
"""3470_1""",0.053660510007575137
"""3951_10""",0.9344374378714513
"""2665_10""",0.7641238312047979
"""10295_10""",0.7895791364047584
"""3220_10""",0.8442096458999373
"""4748_1""",0.18619140308152354
"""189_9""",0.757575520249448
"""3502_9""",0.5341785024886346
"""10561_9""",0.6762472668437166
"""5051_4""",0.679391401980885
"""7644_7""",0.6828847239863485
"""559_4""",0.3320049549314804
"""3236_1""",0.33421487054027915
"""9985_9""",0.6794348286195011
"""3512_7""",0.5777691421973593
"""10318_1""",0.07299532564157642
"""3509_1""",0.40441330300590006
"""7686_10""",0.6962939174569592
"""8947_8""",0.7838046376157668
"""6783_10""",0.7832017645214008
"""9836_10""",0.794164299073111
"""971_3""",0.29519126758040437
"""1127_1""",0.16420607125285155
"""8953_7""",0.7565324170625436
"""5763_10""",0.43313931670113226
"""9147_10""",0.4059113035845254
"""10688_1""",0.24362721267366996
"""2148_7""",0.8478459067847305
"""8997_10""",0.8348049131886275
"""3094_10""",0.7717901330508059
"""1152_3""",0.30682147443916685
"""1907_10""",0.5617892809067019
"""1845_10""",0.928451504801461
"""6852_7""",0.4258907470074409
"""5573_10""",0.7365842101717313
"""8709_2""",0.5844782387142502
"""2882_10""",0.6504531260835639
"""11230_8""",0.658448613122328
"""10124_3""",0.8204029286282417
"""12361_1""",0.6886606595252881
"""8117_4""",0.41551279345180475
"""1192_10""",0.6890958618147771
"""1657_4""",0.6366044183993494
"""10319_8""",0.3894517083833011
"""10954_1""",0.3211703281048691
"""2048_10""",0.6471961327876343
"""5763_4""",0.14476666017408932
"""9491_10""",0.6015264068282198
"""4081_3""",0.490931018735042
"""4877_9""",0.2643662868941842
"""10981_9""",0.8046436723495657
"""11440_1""",0.3048738186306026
"""7608_2""",0.3418280425478709
"""194_1""",0.4363183729250104
"""7116_7""",0.20230421418976113
"""2118_10""",0.6960385268195514
"""9997_10""",0.7575340588818862
"""3880_1""",0.2479208855733959
"""4197_10""",0.6187718438612246
"""1166_10""",0.3755661686872025
"""3504_8""",0.49726841423859147
"""3170_10""",0.7142162841938632
"""1477_8""",0.7490838980040401
"""881_8""",0.8063814809240426
"""10229_2""",0.5222717435616626
"""9515_1""",0.15388300580888464
"""6714_7""",0.3533108693135677
"""8570_8""",0.345333527281824
"""6892_10""",0.7325928071537189
"""8710_10""",0.7276839792713092
"""9135_10""",0.7396331295078988
"""10924_10""",0.882096424257501
"""5252_4""",0.4092008085758983
"""6581_10""",0.6178968114415531
"""8837_10""",0.5493088729111787
"""3820_1""",0.12588261404728118
"""9914_3""",0.0873478193604546
"""3141_1""",0.27489011976298744
"""7893_1""",0.06352571676128907
"""306_1""",0.4605215265136629
"""2527_3""",0.4394029934506279
"""8148_2""",0.3878472070470608
"""9778_10""",0.9123895072289021
"""10438_9""",0.5662018130841787
"""5230_4""",0.3475991502489342
"""1691_1""",0.6728326299238067
"""6124_10""",0.2859593357857268
"""5256_3""",0.45754385827164357
"""4294_7""",0.6892413584473638
"""10575_10""",0.5026822523511444
"""9610_9""",0.8037153719408994
"""563_10""",0.4009022359907878
"""6328_10""",0.9207812425030061
"""6903_2""",0.09803536539837912
"""6899_4""",0.5267803912732082
"""7166_4""",0.5661119295584275
"""2993_4""",0.5821575048556612
"""10771_8""",0.5641671965986732
"""11298_1""",0.08350747168675411
"""9101_2""",0.2931275376392457
"""7716_3""",0.06666061437477663
"""2722_1""",0.25102774729545074
"""5227_8""",0.7031110757079123
"""241_1""",0.12396033706845905
"""192_2""",0.22332538392388768
"""9006_10""",0.7862647830742386
"""5505_7""",0.4006551747089631
"""10822_8""",0.8040691666037979
"""1046_1""",0.5616338542831588
"""1865_3""",0.25110636881749304
"""11845_7""",0.6568681849804113
"""6675_7""",0.5894727536126824
"""6240_1""",0.07269490154840978
"""10392_8""",0.8400967039302091
"""3405_10""",0.8560892095790846
"""11919_10""",0.9121221044052905
"""2294_9""",0.8088335622196011
"""1097_3""",0.7458015456528316
"""6888_10""",0.8539066855858823
"""12373_1""",0.13850477085890586
"""11785_10""",0.27570456726670467
"""11805_1""",0.1734462881226878
"""2328_9""",0.48674333430855227
"""2636_1""",0.2232660589844565
"""12359_7""",0.6438101492644819
"""7733_8""",0.6228753880771548
"""9877_1""",0.23594981575597085
"""12266_7""",0.657484414262104
"""8274_1""",0.2562809649009436
"""11727_8""",0.8165241054106765
"""12389_8""",0.6257226891852802
"""2464_4""",0.564699140405391
"""4930_1""",0.1253438009751111
"""11304_9""",0.8100273209550184
"""2140_1""",0.09907307966853247
"""11168_9""",0.3805834575257445
"""1772_9""",0.8357600243035498
"""3857_8""",0.7762035702139158
"""4559_3""",0.25119692722746423
"""6986_8""",0.20101638021761958
"""9647_1""",0.445354655117395
"""11714_1""",0.3172963709678736
"""5436_2""",0.43813322737324817
"""2736_9""",0.6846059776323709
"""4499_8""",0.8409541318872878
"""2701_10""",0.7416670127171366
"""11604_8""",0.4691431587064024
"""6133_1""",0.15989723320189628
"""4151_3""",0.36380744258729236
"""3978_3""",0.35622851758365875
"""1973_9""",0.7888738992348039
"""11752_10""",0.6392492674922885
"""10192_10""",0.3763453556665852
"""8318_4""",0.21202321038377114
"""5685_1""",0.18233564189441295
"""8978_4""",0.5333628032479509
"""12289_10""",0.6896663922271451
"""5603_9""",0.471328547609831
"""5209_10""",0.5730609252932782
"""8360_7""",0.6837562422764889
"""5690_2""",0.13809437181432155
"""8463_10""",0.27534305623192223
"""5304_10""",0.7741159921463765
"""720_10""",0.6108272387883624
"""9301_3""",0.7448144255111698
"""1392_1""",0.5184431393713032
"""10893_4""",0.22027959470581773
"""1299_9""",0.5870083018002488
"""5552_2""",0.26837936107200094
"""4348_4""",0.5534671353072241
"""12384_4""",0.11772384807285775
"""11947_2""",0.3396366765969065
"""1740_3""",0.3452561518680258
"""7869_10""",0.7883176691654964
"""5959_7""",0.27972184420321367
"""2301_8""",0.6906871124383617
"""5572_7""",0.5819469211349381
"""3716_1""",0.4739219278027524
"""8558_7""",0.6992228341941639
"""12210_1""",0.16158065346836487
"""3744_4""",0.5043165534220363
"""12487_2""",0.4550759095530735
"""5348_7""",0.594129982104319
"""1065_1""",0.2586625866607616
"""1414_10""",0.737188051507831
"""2672_4""",0.42440741264331505
"""1014_8""",0.3523077299531788
"""2248_10""",0.7238459276861317
"""2221_8""",0.49479387777964734
"""4576_1""",0.5155177983463292
"""10578_10""",0.8689643959923843
"""8525_2""",0.14276801904171704
"""5332_8""",0.5727025616920385
"""12007_2""",0.1911562754257927
"""1107_2""",0.3781704244936315
"""8295_10""",0.7977681951385729
"""10093_1""",0.10931813450267903
"""6441_1""",0.33213156646378367
"""10422_3""",0.6791550983459476
"""11034_3""",0.48343533131889993
"""3379_9""",0.5921572659465094
"""7512_1""",0.08413958427656772
"""12165_1""",0.3796341944883889
"""11634_10""",0.33443522086179633
"""4567_10""",0.71743646867945
"""6971_8""",0.8702047235403596
"""2145_3""",0.5487659311838944
"""5639_1""",0.11118147589532615
"""8049_7""",0.7112152533248067
"""7953_1""",0.1542028094811925
"""12440_4""",0.4803038488430861
"""9134_8""",0.8295098264654835
"""5720_10""",0.6480337746476593
"""1851_10""",0.7202413002843291
"""3673_10""",0.6996324496893115
"""9037_3""",0.6136022941846009
"""8547_10""",0.7992298391116942
"""111_10""",0.6664256840836776
"""5279_9""",0.8143516456413945
"""2379_9""",0.4814174176711482
"""6000_10""",0.6989510881473484
"""990_7""",0.8211743300405245
"""1519_9""",0.694347647182492
"""5987_7""",0.7004261231304344
"""2959_7""",0.5106902369422237
"""8898_2""",0.3031862008589082
"""5746_10""",0.7535635634524419
"""6268_8""",0.30584039241956584
"""5449_7""",0.689997849246732
"""5561_1""",0.19541030509469157
"""11470_3""",0.13911480969135023
"""11837_1""",0.3925338676068932
"""6761_10""",0.6566242558871574
"""1590_1""",0.2608154687197415
"""927_10""",0.8169813788765273
"""1495_9""",0.6561045471084485
"""10529_7""",0.6299684964800517
"""7704_2""",0.7632414094785398
"""10707_3""",0.397646311004634
"""3862_1""",0.32024208993119446
"""3612_7""",0.7085200372010498
"""8212_2""",0.09429750684104846
"""10649_10""",0.704846979413364
"""9767_1""",0.6632218338819633
"""4054_3""",0.346419417774809
"""9783_3""",0.2189771006073871
"""3116_2""",0.4755678557936703
"""4631_10""",0.6930078612707947
"""7228_1""",0.4415706499746184
"""2744_8""",0.7079075671727779
"""6028_10""",0.6669652958134905
"""10812_9""",0.7207915807348015
"""417_10""",0.4546117015981578
"""11876_10""",0.8960154062920629
"""946_7""",0.1753963367599442
"""8265_10""",0.8765142434220623
"""6833_10""",0.8187358220633617
"""4150_4""",0.4741870088422469
"""899_9""",0.3157094117960002
"""223_10""",0.5580371586652755
"""7369_3""",0.3667474135865051
"""5075_8""",0.5939640666787812
"""6634_1""",0.10270219632191195
"""3486_8""",0.5073287571172334
"""11473_1""",0.5413701008299633
"""3276_10""",0.6974203658392955
"""3272_2""",0.285679844904964
"""2727_3""",0.1902303221828565
"""4134_7""",0.49463878467007044
"""5744_3""",0.19528881546104265
"""8715_1""",0.192077386357043
"""4812_1""",0.1117672964132896
"""6841_1""",0.18837315079853142
"""6822_1""",0.36837466828656545
"""3211_4""",0.5328206169329012
"""5489_2""",0.39883932179659953
"""1168_1""",0.41646378780646187
"""3056_9""",0.48341899244476816
"""4516_10""",0.6736576349388105
"""9542_1""",0.08307962923309971
"""4400_10""",0.7907427600878946
"""2766_10""",0.7397629571933021
"""6470_8""",0.8665048149893516
"""5434_1""",0.12214369422567056
"""1406_4""",0.4030874563237877
"""11479_8""",0.4355675787022454
"""9881_10""",0.6150502680097591
"""10276_1""",0.06479723716871315
"""2875_8""",0.3442098452493459
"""1254_2""",0.3609068244035531
"""8017_10""",0.6578768465562157
"""9694_10""",0.21399198216056375
"""9522_1""",0.2783443649558409
"""11379_2""",0.2267155249808498
"""7357_10""",0.5014900898983707
"""6080_9""",0.4290741067639993
"""2039_10""",0.7677578243381192
"""7086_8""",0.6224371944800428
"""4757_10""",0.6044143015668396
"""2472_10""",0.7007623441125577
"""9442_1""",0.08675222573423945
"""12438_10""",0.66937288103168
"""747_8""",0.4475725145216836
"""6786_4""",0.6399098105651546
"""11942_8""",0.6527497531972746
"""8611_9""",0.6567584712356878
"""9240_8""",0.7345536863494257
"""7411_4""",0.24556548153821767
"""5196_4""",0.2347229160536655
"""5709_3""",0.40292144716674605
"""6758_3""",0.4879181255353703
"""1933_9""",0.8065714639146516
"""4464_8""",0.5457638335589239
"""11100_9""",0.8761290069093609
"""3636_10""",0.6151092116304412
"""12328_1""",0.27896568957116685
"""6783_4""",0.6531631299016141
"""11381_10""",0.8773639544759976
"""4509_3""",0.2572649164857251
"""4775_7""",0.6589284345619848
"""10633_8""",0.8625591162711259
"""9161_1""",0.5888177045910645
"""2277_8""",0.8919501020116833
"""7402_10""",0.40481011429434505
"""2713_1""",0.24114979145104332
"""1312_1""",0.11110356329575852
"""3633_1""",0.4405379359194168
"""8943_10""",0.636624197325942
"""11734_3""",0.536113519051779
"""12120_7""",0.6113702598494193
"""6285_1""",0.511589991378479
"""9296_1""",0.04745301110491822
"""8696_9""",0.6291591090665198
"""7243_10""",0.6963811415013191
"""10135_8""",0.51444340310849
"""6094_10""",0.9297305059251932
"""6962_4""",0.19848038913474583
"""3916_1""",0.10674834948075207
"""3650_10""",0.37075853644496365
"""58_8""",0.9312701863139508
"""10858_1""",0.5027106190136478
"""11894_8""",0.7923452909507358
"""759_1""",0.191350112079202
"""10311_1""",0.30018016926067287
"""1127_10""",0.5230756777715606
"""6723_7""",0.8928112266887018
"""4966_7""",0.8929613360153474
"""7196_4""",0.22064413838888297
"""6244_1""",0.2234461672697408
"""9510_10""",0.7455213461558498
"""3471_10""",0.7092632765030509
"""9840_2""",0.6213266581820869
"""11886_9""",0.8312173188768348
"""7880_10""",0.7095549606585678
"""6358_10""",0.7261790919586731
"""6280_2""",0.637914679222841
"""2580_3""",0.20416371730602445
"""122_4""",0.4121866868341683
"""5713_2""",0.26468706366862804
"""7187_7""",0.5291923171012209
"""8601_8""",0.5604204060001299
"""52_10""",0.7578751556398474
"""2447_7""",0.6945093513799506
"""4828_4""",0.24043323144855835
"""5371_1""",0.17762997002926334
"""5066_1""",0.25206597227324784
"""12184_2""",0.6434496068589484
"""85_2""",0.34827671951732464
"""10067_7""",0.6092377214936163
"""3999_9""",0.905758699529965
"""11623_10""",0.7119441666125661
"""10826_4""",0.18104034485795964
"""3780_1""",0.13551195025144444
"""10195_1""",0.06395379021688022
"""7875_4""",0.32932405320015656
"""8510_4""",0.7336640886464408
"""9916_2""",0.35420604519238025
"""10023_4""",0.20342921496968175
"""6870_8""",0.7651965176061195
"""4753_9""",0.45370840685280456
"""11120_7""",0.6311977337513185
"""2516_10""",0.2488184180758822
"""1719_10""",0.5009929518788596
"""4426_4""",0.30067725949695123
"""7835_7""",0.08909300549007666
"""5148_7""",0.7057394523184377
"""2997_7""",0.5205916514577782
"""2211_7""",0.7510440457942239
"""626_4""",0.6679336428787477
"""779_1""",0.29863228214283866
"""9712_10""",0.35376627138019734
"""1504_9""",0.31891303687283623
"""8903_3""",0.584243493918664
"""359_7""",0.8497018099901174
"""7465_7""",0.6783980323614861
"""10966_2""",0.17830138963264677
"""8227_2""",0.30275265988142197
"""10746_2""",0.19347282029905916
"""10356_1""",0.6149063534166015
"""12286_1""",0.19379617852996336
"""11128_7""",0.8057947514111414
"""12489_3""",0.4094587464268723
"""1264_1""",0.2552193340119819
"""3871_10""",0.8288624259638592
"""9248_10""",0.4422560769534176
"""3094_4""",0.5759242169220598
"""7472_9""",0.5536573388000313
"""3537_2""",0.31344605559826566
"""9727_2""",0.12245191173261699
"""5453_8""",0.4617968275614997
"""2283_10""",0.8162914093644292
"""7533_2""",0.12223914904624684
"""6468_1""",0.08106622950616053
"""12274_9""",0.7198232695545248
"""10713_3""",0.12959067741972555
"""8518_7""",0.6579966144685632
"""1838_10""",0.8430858435845203
"""5304_1""",0.21039445160589323
"""4227_1""",0.6690250853859762
"""5342_9""",0.7306890220249511
"""1754_8""",0.6605431094606302
"""4800_1""",0.31637900177769973
"""10717_3""",0.6373227639287667
"""1919_1""",0.17118770844148398
"""6851_7""",0.772123040419852
"""322_8""",0.565916251018906
"""3028_4""",0.27739390164502026
"""7463_2""",0.23585477974333788
"""7999_1""",0.36907968798603713
"""3036_1""",0.16929755220824944
"""11154_7""",0.5988681829842634
"""10501_1""",0.09215889225870345
"""12272_8""",0.6976717716290486
"""1738_8""",0.589727452635051
"""3242_1""",0.2909544751729209
"""6178_4""",0.27998940054476373
"""3405_4""",0.38483954378895774
"""4663_7""",0.5751181283319875
"""11348_1""",0.21906434760198606
"""7304_1""",0.21092237862161
"""2962_1""",0.3882077906249002
"""11701_8""",0.4247215587471619
"""9354_9""",0.7722271853522552
"""9846_7""",0.486020903177133
"""12496_10""",0.501653604121059
"""5652_1""",0.22026751554910193
"""7371_9""",0.3755433241404234
"""10131_3""",0.5092918523601677
"""9826_4""",0.6220976012491548
"""6141_10""",0.6762991835695783
"""7472_3""",0.4401468299841232
"""2622_8""",0.5452564780684951
"""10281_9""",0.7700893874666669
"""8668_2""",0.4577203245431159
"""2348_9""",0.46429522514777694
"""12047_2""",0.26752174946221197
"""11373_10""",0.7264786933017517
"""4254_1""",0.5495867696883299
"""524_1""",0.4971906198006774
"""5808_1""",0.30968291788084057
"""515_1""",0.09295978095738451
"""6414_9""",0.43237472525110227
"""8938_8""",0.8830902822561285
"""12391_8""",0.6477587143810477
"""776_8""",0.9037342971868709
"""12197_7""",0.49165014161757625
"""4582_1""",0.7571545083551605
"""3638_10""",0.6809942818486003
"""6338_3""",0.3350377443251524
"""1165_2""",0.20506414780255258
"""5574_1""",0.09933003548623003
"""7319_2""",0.2257987564775663
"""595_10""",0.741458978183432
"""6694_1""",0.25908116960348637
"""12209_3""",0.5416547219295933
"""3268_10""",0.6219262091327029
"""12492_4""",0.552273497286611
"""4738_10""",0.536646165134764
"""947_3""",0.5842671834380562
"""7726_10""",0.810838174939321
"""94_10""",0.644247940110287
"""11760_1""",0.7075595641445771
"""10978_10""",0.8900006353947396
"""10072_1""",0.1690320341404468
"""2346_10""",0.559181239709841
"""5008_9""",0.7791586640919186
"""5135_2""",0.10676547067193692
"""7979_3""",0.6728462101647038
"""10863_10""",0.8446365112424715
"""2862_9""",0.28062297241337547
"""7562_9""",0.6643111960066217
"""8023_4""",0.5247288020171827
"""341_9""",0.8043812377741787
"""6321_4""",0.43177226648090344
"""9936_1""",0.3661255472762121
"""9581_10""",0.8832463177900598
"""3750_2""",0.8177355500646754
"""8298_2""",0.31011154609171365
"""5900_10""",0.8180502273767608
"""6308_1""",0.4917961167957959
"""1609_10""",0.8617733239335785
"""11054_1""",0.1640784355963438
"""7031_3""",0.6119482983813077
"""9507_9""",0.8229247770197984
"""3121_1""",0.22818992388019893
"""7521_1""",0.13067686359867467
"""4830_1""",0.27943860433842643
"""6686_2""",0.4100892868910853
"""1618_10""",0.12894995026783174
"""2190_10""",0.9071915847069605
"""6943_8""",0.7901267379113385
"""1385_7""",0.5042028805525774
"""544_8""",0.7842957580908719
"""3225_10""",0.4626813447052691
"""1044_3""",0.29718544164658445
"""11691_7""",0.6871115529277374
"""6124_3""",0.25975559864275655
"""7326_1""",0.13925391221864636
"""1471_10""",0.6092315067787684
"""5010_1""",0.3065059863828234
"""2695_9""",0.7853435415422573
"""1222_2""",0.45918130164371695
"""1012_8""",0.5277480881779164
"""5459_1""",0.6911618936336142
"""4734_1""",0.11776341811319259
"""3138_8""",0.8571182671929996
"""5674_7""",0.42258598145580256
"""6815_1""",0.16101395882260067
"""8285_10""",0.8627054026887119
"""5504_10""",0.30753583694541203
"""6800_4""",0.6090837855485334
"""5292_10""",0.8591764164470364
"""5121_1""",0.2700763016063065
"""9861_1""",0.5074939373124149
"""2645_10""",0.7360733677091358
"""9422_7""",0.5995418977892006
"""5144_1""",0.06394341465385316
"""3877_9""",0.7781990153989039
"""7822_8""",0.9525805523974714
"""3324_2""",0.4890465218387354
"""5559_3""",0.17882979267458718
"""9969_3""",0.37754357504555
"""2296_2""",0.22408976095128413
"""10021_9""",0.8685002263720232
"""11111_1""",0.11531671341662729
"""1371_1""",0.30712674522266925
"""4321_9""",0.5474529348436777
"""9706_7""",0.14512359940944933
"""11782_1""",0.08297443107165697
"""141_1""",0.7274998423525567
"""3106_7""",0.6556722245733667
"""1817_10""",0.7759656378100985
"""4508_10""",0.5004508164407259
"""10922_3""",0.46602125802059036
"""2304_7""",0.8311849245768079
"""2229_4""",0.3438919574822972
"""4283_9""",0.6266076194089483
"""9087_2""",0.6239601429003936
"""6003_9""",0.6353530948905657
"""12126_8""",0.8857161305663652
"""6067_10""",0.620336184848961
"""8714_9""",0.8262065422625589
"""11932_1""",0.1713158550683099
"""2293_8""",0.892851422307157
"""6184_8""",0.6840902188468845
"""8448_2""",0.4762832292407652
"""8269_3""",0.30539312601623475
"""7495_7""",0.5315431801920377
"""8282_10""",0.7169390255001054
"""2351_7""",0.5943734504264788
"""11688_7""",0.7477287275276538
"""3805_8""",0.6492311191926183
"""5158_1""",0.08421438402490328
"""12476_8""",0.6121903889295313
"""8265_1""",0.521963979800973
"""2194_10""",0.8830480580685642
"""3465_3""",0.2130873652702848
"""5234_10""",0.8002189379288458
"""6903_10""",0.35973017812574143
"""8085_1""",0.2514095456006534
"""869_7""",0.892796904950028
"""12034_1""",0.12724697441276162
"""6297_10""",0.6478592854600208
"""3194_1""",0.20799207207691167
"""8725_1""",0.46658597302585697
"""9563_10""",0.5205281634341138
"""11075_1""",0.07706337819745732
"""5734_10""",0.6242921226221457
"""5357_2""",0.2918301427082588
"""6453_10""",0.8092873804039868
"""3263_3""",0.517570158779648
"""12360_7""",0.7814825780708534
"""6477_1""",0.3601291409169947
"""11863_8""",0.787501164611639
"""8459_3""",0.24026770385206292
"""10594_10""",0.2667286590549462
"""2237_1""",0.288524319588409
"""7511_7""",0.46714809713864214
"""3626_3""",0.23165286261691698
"""6288_2""",0.1201492620804454
"""125_7""",0.7595506338529335
"""3318_7""",0.7897855888675089
"""5525_7""",0.5454818018495048
"""9695_1""",0.24077426914352545
"""5917_8""",0.8141177993759185
"""8486_7""",0.5657579409992717
"""6032_3""",0.3112094792445952
"""7759_9""",0.7559384130452824
"""3456_10""",0.7190774336699641
"""1692_3""",0.4116914964151742
"""2107_3""",0.2761749514902968
"""11215_2""",0.08821629067623023
"""1309_7""",0.6764191870923777
"""6650_8""",0.7144466244089768
"""5722_9""",0.8464847122325376
"""4479_4""",0.5998119691152024
"""347_7""",0.5385023272498212
"""9399_10""",0.8878499615803688
"""2475_1""",0.35297332047565716
"""8229_3""",0.3161970846478856
"""4869_2""",0.07849701346962776
"""9691_1""",0.25526287050609253
"""1227_3""",0.3514006503946089
"""360_3""",0.4676055343520498
"""10047_1""",0.11508984544978391
"""1607_3""",0.5073112205805677
"""797_1""",0.25997266555414095
"""9489_2""",0.4364393686992131
"""1742_7""",0.6741911076188688
"""10531_3""",0.25818949647226275
"""4947_1""",0.38117229511996564
"""10873_8""",0.4411368225380871
"""1429_7""",0.3654835019041905
"""10962_3""",0.1559568973565426
"""3305_4""",0.3873946623858662
"""12160_8""",0.6494372533032269
"""9236_1""",0.1448270489920752
"""3718_1""",0.308452500168794
"""3434_8""",0.770019452465027
"""10933_8""",0.7080942194232829
"""798_10""",0.5288951099386154
"""9879_9""",0.6308010754435556
"""6644_10""",0.7709978175725573
"""10978_1""",0.3129303117084823
"""7867_2""",0.2695497520442171
"""4369_2""",0.09532674659964947
"""1251_4""",0.6152593963345844
"""1500_2""",0.3031793626885605
"""7574_10""",0.7661323346545896
"""5470_1""",0.3969970088101516
"""2407_10""",0.705471939584577
"""3451_3""",0.5832109015210678
"""9385_1""",0.27565573682723105
"""4078_8""",0.5703528578377712
"""3229_1""",0.21525935370879648
"""1786_8""",0.6054488846383987
"""5173_2""",0.7920820327913883
"""1211_8""",0.6902177756549702
"""4303_1""",0.1346828003842517
"""6011_3""",0.24761676907903457
"""4513_4""",0.7065674538516054
"""11745_9""",0.9323099718451523
"""9675_9""",0.7099337083449794
"""11981_3""",0.587974241297108
"""5977_10""",0.5903501697485928
"""5023_4""",0.5846682090516447
"""8704_9""",0.42531813770360055
"""8644_10""",0.5174879749897552
"""10557_3""",0.22377130670270964
"""6549_7""",0.5931546240689267
"""5557_3""",0.37721023564334644
"""6402_2""",0.4583608834818208
"""2642_4""",0.11992481894452406
"""11796_10""",0.594482417919817
"""7102_1""",0.10317047402990735
"""7968_8""",0.7977665506792154
"""11764_7""",0.2925668153435016
"""9415_9""",0.8420985004392258
"""4817_8""",0.7376099571144068
"""1007_4""",0.5030934273047589
"""10943_9""",0.6938474251807335
"""7280_10""",0.6132241494339514
"""6068_2""",0.5602037557614513
"""845_10""",0.45876412491838847
"""8377_3""",0.11133294471697353
"""8445_9""",0.9000334936109176
"""563_4""",0.7991998676967162
"""8761_9""",0.6483331809978465
"""1552_1""",0.23340568848871426
"""9630_1""",0.12757081946462567
"""6444_7""",0.6392033750646668
"""3188_1""",0.3520152235399649
"""2142_4""",0.1942126378827581
"""2045_10""",0.6320340827097605
"""2477_10""",0.4998613736745164
"""2597_1""",0.47547741858519865
"""3137_8""",0.6930373555010111
"""1345_1""",0.6202359489344315
"""8498_7""",0.6778012587632405
"""6550_4""",0.22172258516778828
"""9583_9""",0.7286500651182004
"""7506_7""",0.24541967720808625
"""9316_7""",0.5535960720498883
"""11473_10""",0.5474561364451314
"""3003_10""",0.5633631036437794
"""8532_7""",0.42228043036175866
"""5654_1""",0.286589784689906
"""822_10""",0.27698169072286943
"""1312_10""",0.8891970884768347
"""9665_4""",0.23601813372424663
"""4442_10""",0.41642872576491835
"""11758_7""",0.477173487518411
"""11185_1""",0.6075075690305112
"""11588_3""",0.21673315328293355
"""3366_10""",0.6715470423985533
"""7050_8""",0.4467808548198578
"""4778_4""",0.19052006622744053
"""1_3""",0.24048252635302314
"""2838_2""",0.11959419480639356
"""6910_8""",0.8122486501347445
"""3257_8""",0.8472106168568847
"""9111_7""",0.7300856620887537
"""6458_7""",0.6753825847232555
"""5622_8""",0.4794074786229789
"""12469_7""",0.7304321447298894
"""9670_10""",0.6650916471523115
"""8092_4""",0.3502614383893279
"""1683_9""",0.6431760896799613
"""6181_4""",0.14301737760112382
"""8965_8""",0.5998293057682826
"""5186_1""",0.2287311392173435
"""1250_2""",0.0770247297810164
"""4705_10""",0.8778582029618078
"""10261_8""",0.7550719172974669
"""350_4""",0.7556972450910913
"""12302_3""",0.10780755263320074
"""776_1""",0.5426910218046896
"""7424_10""",0.827548832948303
"""10383_8""",0.8984125591094503
"""360_9""",0.7453738270501112
"""5798_10""",0.8425751721425226
"""10720_4""",0.37483564619574816
"""6009_8""",0.4780463366226219
"""2319_8""",0.6314308472192609
"""7053_10""",0.6472609221881287
"""11210_8""",0.6564868523352875
"""1985_10""",0.8302676664081315
"""6056_1""",0.19630397894465004
"""10315_1""",0.4295783653035818
"""9_4""",0.5334215143679715
"""6530_4""",0.31378184718192365
"""1367_10""",0.36322732615328446
"""4564_2""",0.21092201307392383
"""4343_10""",0.2341096433118395
"""654_3""",0.4578530782399032
"""4857_1""",0.20712859534147202
"""1377_10""",0.6126481829646199
"""8072_10""",0.6981751837557306
"""11433_7""",0.8961597442525392
"""6586_1""",0.5837006621471565
"""10255_1""",0.49487350772754657
"""350_10""",0.6370044622440705
"""6853_8""",0.403773019107988
"""3693_10""",0.7215825509990819
"""2589_10""",0.5531968913110141
"""895_1""",0.5177407473879216
"""6854_7""",0.4983849277813469
"""1274_2""",0.3317635001948333
"""9179_8""",0.5951355215036841
"""10141_8""",0.5589589556209573
"""10727_9""",0.7493162091106155
"""1158_7""",0.573512513786905
"""9949_3""",0.1691837072160029
"""7798_10""",0.6672620744658972
"""5964_7""",0.5128855422611283
"""11221_10""",0.8291545928894567
"""3053_3""",0.10149564427593717
"""8817_9""",0.6249631076356249
"""5850_2""",0.0910125334017769
"""9635_3""",0.4969543989935073
"""5000_10""",0.8777165884894781
"""10040_2""",0.5696303284551
"""3065_1""",0.107378622746048
"""2196_1""",0.6825775819191721
"""12428_7""",0.2872588761770536
"""8454_1""",0.3482835843033428
"""11456_10""",0.572152026198239
"""5918_4""",0.6350465173127475
"""10687_7""",0.7104145890654118
"""10507_7""",0.2974981936755615
"""9051_8""",0.5573479814401352
"""6315_4""",0.44376909625768995
"""11266_10""",0.5512556904622125
"""5890_3""",0.5503486306372147
"""6257_8""",0.6347404558764552
"""2923_8""",0.9040561575239583
"""2952_1""",0.1948380053908551
"""7269_8""",0.7415652710512893
"""1116_1""",0.24661789370912338
"""11084_1""",0.061608787617749086
"""10287_1""",0.3434122783233181
"""5704_9""",0.5923773610641014
"""11218_8""",0.8076007541762705
"""12275_2""",0.4483480951110823
"""1414_4""",0.6559392308506734
"""7998_4""",0.3839922346189808
"""3286_1""",0.24647029358927255
"""2515_1""",0.44008191044891043
"""851_1""",0.3268250109267204
"""5181_10""",0.9008910417529559
"""5358_9""",0.7246199410455528
"""2677_10""",0.656610187123978
"""34_8""",0.9376427847381043
"""9232_8""",0.6841764218203261
"""5835_10""",0.49975694998285275
"""10796_4""",0.38340529237476845
"""5553_8""",0.7253605744777946
"""666_4""",0.3553970201156774
"""9450_1""",0.20688796566845086
"""10820_8""",0.6471917908711995
"""7994_10""",0.5140447655389166
"""8948_9""",0.6674053660971963
"""3301_2""",0.5023191895721517
"""2801_1""",0.1555183549201773
"""4934_2""",0.12953428813349213
"""1539_10""",0.8422323370438025
"""10949_4""",0.6343205926552213
"""4394_10""",0.7978779301230552
"""4098_8""",0.8044325655825957
"""1617_7""",0.32191511204830775
"""9569_3""",0.41513223070209315
"""8593_1""",0.19678803137873271
"""3449_1""",0.4189965660834887
"""8372_1""",0.3368666901193733
"""815_7""",0.8104594873692481
"""348_7""",0.3240683828796066
"""7220_1""",0.4349586484035109
"""2633_1""",0.18807235611993905
"""1752_3""",0.3916679864092351
"""3347_2""",0.35609097988544386
"""4967_7""",0.6756802430752906
"""10910_8""",0.6259084673221094
"""3147_1""",0.3785911644000072
"""7791_4""",0.5550703480684014
"""1588_7""",0.7496369211916393
"""8405_2""",0.45989573833783515
"""3826_10""",0.6235150536112727
"""3178_2""",0.4054717170237516
"""4420_4""",0.29106653750908684
"""246_2""",0.15302128736558798
"""8462_7""",0.5724250287614434
"""8264_3""",0.28891313359261056
"""2695_3""",0.43117432107339626
"""7258_4""",0.2746105487935908
"""5787_8""",0.5789023627035121
"""11668_2""",0.3486222825766659
"""5529_4""",0.8435999420689149
"""8923_2""",0.06316353596042291
"""4784_1""",0.5375344515356892
"""7730_1""",0.42269042617644054
"""4455_4""",0.38387555726880684
"""6416_1""",0.15966589178525742
"""87_1""",0.16086065956319778
"""9548_8""",0.7061573439392069
"""1285_1""",0.10678577156143562
"""7695_10""",0.8503638239095921
"""4364_10""",0.7052218742447229
"""9394_8""",0.44227788207819124
"""1253_1""",0.2524795613933867
"""2481_1""",0.35194403164151356
"""6790_1""",0.2414605865400353
"""9989_10""",0.7992097042286861
"""1483_8""",0.589722584753101
"""8772_1""",0.12512826423627843
"""2993_10""",0.8627277697796444
"""1801_1""",0.24699830019544408
"""9434_1""",0.07972149153679343
"""7938_10""",0.7802254078596049
"""2262_1""",0.22363680174213685
"""5076_1""",0.2423881195680511
"""10994_2""",0.21569916819966642
"""4749_7""",0.6831709030556535
"""8309_8""",0.20369280791402844
"""7031_10""",0.7738526549000825
"""2711_3""",0.17189424253714225
"""8655_7""",0.6638857343833082
"""11329_4""",0.6971471501863643
"""9076_3""",0.30654811930780146
"""11647_10""",0.6112071279906474
"""7934_1""",0.19624175038065492
"""9114_1""",0.07399984695440433
"""6510_7""",0.2945982116265957
"""11487_1""",0.06395934456991662
"""2348_3""",0.4454718011236343
"""12325_1""",0.38561595749679334
"""6405_10""",0.8976907114118664
"""357_7""",0.46034108636012855
"""12253_10""",0.6880000366677964
"""4927_10""",0.7006059942285923
"""8636_1""",0.2390889935801951
"""11184_10""",0.655244708484793
"""9974_3""",0.5563572856716088
"""6516_1""",0.3546106541850438
"""2167_9""",0.307673065276683
"""10794_10""",0.8398631092461122
"""966_4""",0.19954336410432433
"""10040_10""",0.7509353768122488
"""5940_9""",0.6722750546887925
"""9181_8""",0.6685705949309785
"""2196_8""",0.8075581228538408
"""6361_4""",0.17030932062003742
"""4243_9""",0.4033112080996123
"""581_9""",0.6898816609044216
"""7195_1""",0.23066747206728766
"""2986_10""",0.8815524411760047
"""4344_1""",0.2077915328551198
"""7176_10""",0.33695451689399064
"""7857_10""",0.7612974050799441
"""6487_1""",0.2568140051592026
"""3692_10""",0.6865092890287963
"""12198_10""",0.6502902185800075
"""10569_7""",0.598551592283207
"""9850_2""",0.3429986948250264
"""6415_1""",0.31022773724922925
"""6373_10""",0.6354203959461113
"""5103_1""",0.6046812274846752
"""11048_8""",0.7516961082739207
"""2055_1""",0.13976246758613997
"""2920_1""",0.2669641649260329
"""8667_3""",0.6235935366547453
"""7059_3""",0.26706652001596254
"""3887_2""",0.41926091035681057
"""12356_10""",0.12536660205825423
"""5402_2""",0.6422179006818456
"""10274_8""",0.4108203314860866
"""11831_4""",0.7223714622604308
"""5375_7""",0.6680092707125962
"""7875_7""",0.5789105771225493
"""2733_8""",0.6522570414797577
"""6420_8""",0.8662782226005029
"""2240_10""",0.35592618800759424
"""10627_9""",0.4900567906128356
"""7319_8""",0.4664317214998695
"""7782_1""",0.09910712154253735
"""857_1""",0.10373489453529469
"""351_4""",0.6225776474869084
"""9260_10""",0.5752132828150143
"""6891_10""",0.8154737772140502
"""8205_10""",0.5125680395466939
"""1179_3""",0.14188444162370792
"""9061_4""",0.6382602216817116
"""3571_9""",0.7686754053864252
"""11352_9""",0.8661980719078817
"""11770_10""",0.5103202605304644
"""10714_2""",0.3310661463081668
"""5397_3""",0.14204388879881052
"""2360_1""",0.20509224028411224
"""9459_4""",0.4308980153036193
"""7493_1""",0.4739403450582085
"""6799_10""",0.7322553376005639
"""2313_8""",0.4579970883983185
"""7602_10""",0.9050903645219599
"""1731_10""",0.7608869375016435
"""8502_10""",0.5390748874449952
"""5632_1""",0.2047210671096589
"""3723_10""",0.8436187191488169
"""6473_3""",0.35213535005569946
"""3596_3""",0.13664187402743871
"""8583_7""",0.48361142600672474
"""10902_1""",0.21050764743079
"""1032_1""",0.5804437563080869
"""2931_1""",0.31780423777488936
"""9930_3""",0.46807491905454013
"""11825_10""",0.7480314623295199
"""5384_10""",0.4094678744642137
"""2492_4""",0.4367931301294194
"""5008_4""",0.38567908325264816
"""7334_4""",0.31058693830911527
"""10082_8""",0.44748342293865584
"""1395_1""",0.09970652791094038
"""8140_7""",0.5309761769861949
"""2400_8""",0.8358728952609
"""11462_2""",0.425552943649413
"""6632_10""",0.7705741353265367
"""11499_3""",0.5272152899050724
"""5576_1""",0.22926368934014063
"""1172_7""",0.7621372928703757
"""3053_8""",0.819166595586384
"""4119_1""",0.39276309332554005
"""8165_2""",0.3295666251198675
"""8333_8""",0.35030382589752485
"""2242_1""",0.22750017875164857
"""6132_1""",0.22061840275383438
"""12270_9""",0.5475293391511892
"""11456_4""",0.43300156964026065
"""6898_1""",0.17139740878407891
"""2512_2""",0.1162920430631431
"""7045_7""",0.6039603292485567
"""2808_4""",0.10713719002311695
"""6257_4""",0.11780678355703579
"""1971_7""",0.8444481843670529
"""10565_10""",0.5305049012971387
"""930_10""",0.8063158219666963
"""196_9""",0.8326429556050488
"""6535_1""",0.32844762034624686
"""5257_1""",0.07602103399500285
"""6759_4""",0.3973633475908
"""5016_2""",0.06274386668392752
"""10959_1""",0.060300956205318924
"""4450_10""",0.9268475292844847
"""6678_10""",0.39837757640087906
"""11286_8""",0.5620910027057243
"""7200_8""",0.6843116564186909
"""6660_7""",0.5172958753899132
"""12481_10""",0.8270246090715425
"""10278_4""",0.27547118926521863
"""6233_8""",0.6785833216053403
"""579_1""",0.3213641527801802
"""8519_3""",0.6355741674588397
"""1220_10""",0.6713758948638595
"""2342_10""",0.8779105230152708
"""1860_1""",0.11506148063182284
"""7273_3""",0.4197677981883735
"""4653_2""",0.3750064736765858
"""6878_4""",0.5257431888860643
"""502_7""",0.530386804153232
"""2406_2""",0.16071347242193496
"""2021_1""",0.07494988451682498
"""874_8""",0.7181170275169473
"""4949_2""",0.30029017835505706
"""5054_3""",0.5908458544713594
"""689_7""",0.4450959795978002
"""9643_7""",0.562922061728696
"""6445_3""",0.2605193140503728
"""2377_9""",0.7532194853232498
"""6107_8""",0.32414680914349026
"""10368_8""",0.8567807125681668
"""10444_1""",0.09139631801678248
"""5498_1""",0.3351911442879766
"""1018_7""",0.8022547437233973
"""2718_9""",0.598337732064682
"""2418_2""",0.6472991343338276
"""7412_7""",0.48834070455017925
"""213_10""",0.536005296586731
"""9417_2""",0.23934587989379072
"""1194_2""",0.18998712788938868
"""9366_8""",0.7711035300462029
"""4769_1""",0.1597494886274017
"""6667_9""",0.5989474144925105
"""9361_2""",0.38233505230152603
"""2182_8""",0.6692687022719762
"""10677_4""",0.24657501079832098
"""3931_10""",0.6235952998311811
"""120_9""",0.7998544826215064
"""10837_10""",0.6200342913114131
"""10830_1""",0.047398523987259196
"""3679_2""",0.5088538820452289
"""9094_9""",0.6086023430968504
"""7880_2""",0.479071930642599
"""4969_9""",0.7237276832038639
"""3418_3""",0.47064488166000695
"""5490_4""",0.5582060926560395
"""264_10""",0.8877952855523309
"""1602_10""",0.7252733556524416
"""5019_9""",0.5759179780438821
"""12000_9""",0.8124561188820922
"""10794_4""",0.7394028423717025
"""2504_3""",0.7644478184882472
"""12340_4""",0.6491073114527243
"""7732_2""",0.5468643403509669
"""2028_1""",0.17743516449721689
"""3986_4""",0.4457228295607466
"""5100_10""",0.7891707340318294
"""2135_1""",0.12968243277842603
"""10227_7""",0.29842282326114483
"""4413_1""",0.6556541195666479
"""5205_2""",0.06791082904685472
"""45_9""",0.8353803795915224
"""12151_10""",0.6489570471879239
"""11055_1""",0.12726334152001312
"""2632_9""",0.6894757365620166
"""7047_3""",0.3976410562640643
"""1915_1""",0.10397133756816618
"""9666_10""",0.8823469047723844
"""10027_1""",0.228645404115331
"""11024_2""",0.620639824001311
"""6482_7""",0.7377274147903602
"""8060_3""",0.18665634648738316
"""9876_8""",0.3079523238008447
"""3839_1""",0.244587681511407
"""3682_9""",0.2899384470053992
"""5962_3""",0.18315807772980056
"""222_3""",0.22199042016840154
"""10460_10""",0.8628402482701135
"""8543_1""",0.4381027773729968
"""9443_1""",0.2525023865278106
"""10201_1""",0.6190117701175489
"""5046_9""",0.8769020278891161
"""5899_1""",0.31858663354285705
"""10140_1""",0.0638991153134754
"""5009_1""",0.32527328338251393
"""4626_8""",0.7587697510040015
"""9033_10""",0.7917578358681061
"""3243_9""",0.47364047290586286
"""6379_1""",0.2932917920641625
"""4949_8""",0.7443125101277265
"""6119_10""",0.6804595034918323
"""10336_7""",0.7705804352027071
"""7344_1""",0.13614473330164414
"""3294_7""",0.7202823059396394
"""4385_2""",0.4034852512910849
"""2172_9""",0.7708257214803463
"""8295_3""",0.11184789215216051
"""1031_10""",0.4995463871214195
"""7577_10""",0.6465710118889888
"""6778_4""",0.4170100466631332
"""3154_2""",0.3207065464245688
"""9585_7""",0.5027433447286416
"""3445_2""",0.29335653719407695
"""7416_3""",0.2477322688212107
"""9780_10""",0.7838025447665825
"""480_10""",0.5973795476197755
"""837_4""",0.6719467584838635
"""10166_8""",0.8877131118584941
"""3695_7""",0.22818998538284097
"""12417_9""",0.09873728779018422
"""3932_3""",0.30098208070544435
"""11790_3""",0.20551991432057726
"""6917_9""",0.6892168245149293
"""1975_4""",0.7154416230313203
"""11249_10""",0.46682144549128535
"""7366_7""",0.651701181420124
"""4579_8""",0.6949243667506603
"""8415_10""",0.5680730460118776
"""2004_1""",0.3860113726833223
"""7599_3""",0.3589480773035156
"""12259_8""",0.6798845050707478
"""11005_7""",0.7342138220730581
"""11914_7""",0.47493614171427395
"""8498_1""",0.5702344562810177
"""944_2""",0.08079328845028239
"""7183_10""",0.6766745149223512
"""4422_10""",0.7999124143010152
"""6791_10""",0.6474247494921772
"""9286_1""",0.3399392915697797
"""3325_10""",0.6724429373628955
"""5599_2""",0.06339174981812891
"""3064_1""",0.12205462626727587
"""209_4""",0.2704301317178209
"""1904_10""",0.4656695455786133
"""10699_3""",0.46088755693796474
"""577_3""",0.4967345215131733
"""3157_1""",0.37703244411152803
"""1582_2""",0.5692803386237579
"""8044_2""",0.31142062772723444
"""11208_1""",0.3392192540029733
"""4708_3""",0.4162263763867792
"""10439_8""",0.5593257366707435
"""11083_7""",0.5502061721090059
"""8066_3""",0.373703511866038
"""11327_8""",0.8092620635683576
"""9224_1""",0.3094682017673682
"""2165_8""",0.6950397260798621
"""9892_10""",0.6404493897175915
"""4402_1""",0.10512586183197016
"""11804_10""",0.7682695671771685
"""1296_8""",0.7525494465150986
"""10562_1""",0.5855798504068576
"""5003_10""",0.32537533192816687
"""10448_1""",0.11960797953652946
"""3274_7""",0.8241179591778733
"""6344_4""",0.4463391996470127
"""8129_4""",0.2761005139385785
"""9525_2""",0.10156669184235351
"""661_1""",0.05040707789970579
"""9398_3""",0.7707748603346235
"""3639_7""",0.7051055620994976
"""5527_7""",0.7030806747869107
"""7790_3""",0.5525854016840449
"""9550_1""",0.28170691144103793
"""2042_3""",0.24110695231832552
"""366_1""",0.13432094880379097
"""8446_3""",0.6751770522669769
"""7859_1""",0.46601973848277595
"""5587_3""",0.7312835041985621
"""10604_3""",0.20752242712745736
"""5245_1""",0.13475861965368685
"""804_8""",0.6507699195969026
"""9098_3""",0.31407727098258986
"""6240_10""",0.6020319719863437
"""3960_10""",0.44625192381774353
"""10536_8""",0.8413875800100066
"""8793_1""",0.3975752953527978
"""1586_1""",0.09426241673844543
"""7131_9""",0.6887976951198931
"""11338_9""",0.4895783661970487
"""1053_4""",0.14403982925962094
"""11170_4""",0.5674824135571004
"""6806_1""",0.8306063603314818
"""3741_4""",0.6625025887222763
"""1231_7""",0.5091144119444808
"""5499_8""",0.7519547344141365
"""12452_3""",0.3778808320403816
"""5331_9""",0.5346874893505302
"""3302_7""",0.7537599964890619
"""6214_8""",0.3674443145245167
"""6908_1""",0.4740402115153459
"""8510_8""",0.5780642624288354
"""10522_10""",0.8290119498495132
"""2844_2""",0.26037762897178224
"""11797_3""",0.1814764301261061
"""11237_10""",0.5373419058658903
"""6762_3""",0.1810952367941863
"""897_1""",0.2365833690712218
"""10312_9""",0.8034180271650742
"""10272_1""",0.34337216541399956
"""10814_9""",0.7386954547164056
"""4504_1""",0.12924113513893806
"""9389_9""",0.21842778776795296
"""9035_1""",0.13301900133654931
"""11306_1""",0.4378402105283669
"""6309_4""",0.5736249554328249
"""5179_10""",0.5673664811566037
"""6099_4""",0.5014451487584204
"""887_8""",0.820878934107142
"""10220_10""",0.40871903921869646
"""286_10""",0.4630746292705553
"""5809_10""",0.7864523018139107
"""7725_3""",0.24652522459591591
"""9722_7""",0.859421929460221
"""9104_7""",0.37362519797581895
"""7313_7""",0.8138275224551964
"""1706_1""",0.1926920884446969
"""11737_4""",0.6125538849792617
"""11203_10""",0.8606874773354756
"""7767_4""",0.43627978812953705
"""1822_1""",0.16026350817688595
"""5113_8""",0.5771508394811838
"""5456_9""",0.5513020128589445
"""6005_1""",0.11525212951852866
"""2026_2""",0.3247915857406491
"""1379_1""",0.6306522560230285
"""3048_10""",0.8788612905154206
"""5070_10""",0.8138798082528652
"""8985_1""",0.05670682094589222
"""1643_1""",0.20496413795747498
"""400_1""",0.10463956342866897
"""7546_10""",0.6317776003985103
"""3438_4""",0.14073550793394854
"""12136_8""",0.6221074137301373
"""6850_2""",0.4683540800361452
"""9054_8""",0.40997819723461737
"""1555_10""",0.701056170853744
"""7103_1""",0.42629913694258575
"""6218_1""",0.6119703481565871
"""1619_3""",0.11129178146826192
"""5187_8""",0.2633145361580798
"""8575_2""",0.19518745899680526
"""1593_10""",0.5707535823850377
"""3910_1""",0.06176532763581451
"""5743_10""",0.4517020033650779
"""3061_8""",0.7387690774875304
"""9633_8""",0.2482757690997253
"""2488_9""",0.5715089098375439
"""11711_4""",0.3635271947020029
"""11282_10""",0.8233000591030332
"""8919_10""",0.7467442261497892
"""6139_10""",0.7957331841324237
"""8032_1""",0.2063631637771776
"""4287_4""",0.40180554728574563
"""11044_1""",0.15401131548812613
"""11123_8""",0.6670017118370921
"""1828_9""",0.8676311750910612
"""4232_3""",0.24875353157622185
"""7258_9""",0.689603779892174
"""1078_4""",0.17902649958743563
"""9967_10""",0.8041070708387642
"""4975_3""",0.3891416152822599
"""9974_8""",0.7694352986041624
"""424_2""",0.1431672170236029
"""7181_9""",0.7737221192848335
"""10703_3""",0.5603838983545756
"""3157_10""",0.5693821790387037
"""11096_10""",0.5649116096493659
"""2185_10""",0.8278006262956263
"""2779_4""",0.28696884385689975
"""9342_1""",0.16052966328073445
"""3615_8""",0.6467758465997275
"""6777_10""",0.4079050633801313
"""5440_8""",0.717471485144726
"""706_1""",0.7468099036125309
"""5909_8""",0.7420151054718902
"""9578_3""",0.225739477531494
"""3393_4""",0.7590211167980037
"""428_3""",0.22920073315480427
"""651_9""",0.805743104859942
"""12433_8""",0.20318525866831633
"""8643_4""",0.23893074619919066
"""5826_10""",0.6245953567079272
"""4060_1""",0.5411073632312788
"""3310_8""",0.7512272780702176
"""8941_3""",0.4029424307893445
"""11493_7""",0.7859106969605008
"""7896_8""",0.7790885706538964
"""541_7""",0.5979209055723592
"""10614_1""",0.23158095581057936
"""3751_1""",0.19124225264312048
"""7851_8""",0.7626632205312697
"""5940_1""",0.5540828039935621
"""911_1""",0.1530863612433506
"""1233_1""",0.28610921720170934
"""4995_1""",0.2025337373012718
"""2771_9""",0.41815386521637493
"""5085_8""",0.5291413735971366
"""6521_8""",0.600975125458126
"""8106_3""",0.3429049238308803
"""2962_7""",0.44229019125331887
"""1621_9""",0.5131091250915039
"""4981_8""",0.7305729609495714
"""11884_2""",0.22917679689902384
"""6038_10""",0.8649510194806865
"""7118_10""",0.759458458943024
"""10365_1""",0.15254128485493035
"""677_9""",0.7573874852273731
"""95_10""",0.7547729617357937
"""8211_3""",0.6709802764318564
"""11906_8""",0.5175235370040647
"""3038_2""",0.18634893484828183
"""10503_1""",0.15129895307161967
"""11260_4""",0.6150944976921174
"""11333_3""",0.4555098960601581
"""6954_10""",0.825005405597172
"""143_8""",0.5153925045532891
"""6458_3""",0.23766060343558673
"""8784_2""",0.36427423712217
"""2604_1""",0.405645472155486
"""4374_9""",0.6274809025295436
"""1323_3""",0.40043426295693185
"""2647_2""",0.3985222994422749
"""363_3""",0.3296829938692418
"""7556_1""",0.423581302582708
"""11101_4""",0.46730729126033416
"""8945_7""",0.6507916371494599
"""10630_4""",0.3996692176831557
"""11174_8""",0.767792639397836
"""7927_3""",0.1277234552918084
"""8433_1""",0.13652940717749457
"""8814_1""",0.11937194130793422
"""11746_8""",0.8705874899818451
"""2462_10""",0.6108120793795968
"""10036_1""",0.05663372293208485
"""10628_1""",0.2276919150201752
"""4782_1""",0.14120506062031624
"""11244_8""",0.46255152259121596
"""4815_1""",0.17671379875666682
"""6974_7""",0.8909258998619143
"""10180_1""",0.2610455452144831
"""3538_1""",0.1875117895698857
"""9319_9""",0.7039179521549563
"""3542_2""",0.31341617662295707
"""5583_1""",0.15694817278428005
"""215_8""",0.5422240386947191
"""6949_1""",0.10202698973445157
"""11401_10""",0.7185338848710847
"""3468_4""",0.3963978574185249
"""9478_7""",0.6904861314116556
"""12368_2""",0.12320546315949939
"""7534_4""",0.30512397051216383
"""9256_2""",0.2581854016463245
"""2192_10""",0.7308249999022405
"""10617_3""",0.4203711112656815
"""1464_1""",0.07961601188582543
"""969_4""",0.3514824240419484
"""702_7""",0.7138530729725099
"""470_10""",0.7992615697549398
"""2575_1""",0.16390948007171832
"""3059_2""",0.26027300621819366
"""7229_3""",0.08979386703585732
"""7437_3""",0.3308010340226224
"""2560_7""",0.45527375299389805
"""8444_4""",0.5180595637047456
"""1900_4""",0.6647749044360579
"""9057_4""",0.46479768329678395
"""10101_4""",0.1972587885167439
"""4914_2""",0.1913993139402054
"""11896_4""",0.8201673259820881
"""10430_1""",0.43699516802682403
"""786_3""",0.2708623775297099
"""9834_1""",0.643270937907491
"""2040_1""",0.06572528750336513
"""1435_3""",0.21168270818619683
"""168_8""",0.4365121152242868
"""6504_9""",0.7951330216174591
"""3677_1""",0.18061145653466876
"""3652_10""",0.9222172628673768
"""9821_10""",0.8511175148071968
"""8695_8""",0.46453577343647756
"""5728_10""",0.3603729575227635
"""2856_8""",0.5635299693180166
"""11548_3""",0.36117879187126045
"""9435_7""",0.6337957296861503
"""7910_2""",0.27733230657002816
"""4658_7""",0.3261287363804496
"""10111_1""",0.12859842930910825
"""12306_1""",0.48030486069758105
"""6380_9""",0.5089061913093873
"""3507_10""",0.5382945249260885
"""11085_7""",0.5580538544093351
"""4268_8""",0.5095979274114445
"""1702_2""",0.45213292048055675
"""3045_9""",0.8509144721698841
"""3338_2""",0.6995101320236864
"""9288_8""",0.6715444480910101
"""1580_8""",0.3921911869182528
"""11976_10""",0.5150030794913727
"""9216_1""",0.12860552920636104
"""2015_10""",0.666764126744945
"""7665_2""",0.30908387374396534
"""10545_2""",0.5683896987985446
"""3819_4""",0.16231531892252096
"""8005_10""",0.6918410401908897
"""772_1""",0.1527164526241276
"""3882_3""",0.2702323250950649
"""9001_8""",0.7973486277945985
"""3000_1""",0.10323979256712697
"""3357_4""",0.3756671029492596
"""2559_4""",0.7770311554527207
"""2178_4""",0.6217779925159539
"""2249_9""",0.8750771358942948
"""9616_10""",0.7589875274667207
"""11797_9""",0.6387659723143742
"""9061_10""",0.5055934969651851
"""10994_10""",0.7235460897886286
"""1076_3""",0.18644589514425436
"""10774_2""",0.41422909182395307
"""10983_10""",0.7058757110564998
"""9271_10""",0.46001300219295826
"""3205_9""",0.42084848983893997
"""4987_4""",0.4610169554401906
"""10926_1""",0.3619644849344033
"""9150_8""",0.8496432575189236
"""614_2""",0.43006416035221084
"""12332_4""",0.6064896555558454
"""9100_2""",0.483228112238114
"""10499_8""",0.127513948394322
"""6143_9""",0.6679689135117833
"""4113_8""",0.7656455474086382
"""4705_4""",0.0823609286535925
"""3115_1""",0.1750304095219688
"""1041_2""",0.20007103588169095
"""11601_9""",0.7178325681443453
"""11045_8""",0.6909210734581999
"""10615_8""",0.5396275732327073
"""7631_7""",0.46635274696498125
"""11829_3""",0.5695833405169024
"""6941_1""",0.33148599580849675
"""112_10""",0.8184758642779215
"""4220_8""",0.28862776323170036
"""2812_10""",0.6710990733494724
"""10221_2""",0.463753934692555
"""1944_9""",0.48158936694410315
"""5866_8""",0.5237711795291539
"""11615_1""",0.10012339984601652
"""3066_10""",0.680584871408112
"""5757_3""",0.24561578356099822
"""10569_1""",0.04544568065367778
"""10633_3""",0.2777640050269343
"""58_3""",0.45740709462294454
"""1126_10""",0.593011433251358
"""4357_10""",0.6434984058284727
"""6768_4""",0.6713337144691542
"""11354_10""",0.8866326823394347
"""6412_10""",0.6619875043453726
"""7547_1""",0.26034770218781894
"""5198_10""",0.6143610126268988
"""5697_3""",0.16432056351279078
"""9757_3""",0.5497260803932227
"""8034_3""",0.21810382592840635
"""8612_8""",0.6811973363858435
"""8691_7""",0.7109244749189908
"""6731_3""",0.35803423246085697
"""12190_1""",0.5728381063958539
"""3180_1""",0.12160143784029658
"""11068_10""",0.779782953627757
"""3752_4""",0.21640853435494015
"""1995_3""",0.40955708830531196
"""5517_10""",0.7343989060887715
"""6532_9""",0.5742370971861185
"""4435_1""",0.18180636510897422
"""5527_4""",0.3887435056697946
"""5059_4""",0.6509139717290067
"""12044_4""",0.7253758198962755
"""3479_3""",0.3783497253312275
"""8399_8""",0.6421038701129789
"""8897_7""",0.7810730938023095
"""8342_9""",0.682503928772931
"""7018_3""",0.6315675100329429
"""2497_7""",0.8749122234154654
"""10152_1""",0.10676222964151481
"""11583_4""",0.28291384268356434
"""3156_10""",0.6154367860488894
"""5259_4""",0.3265226599846994
"""2581_1""",0.31221117038946095
"""5224_7""",0.6284933239890388
"""9024_3""",0.6349862131180616
"""8026_10""",0.60309304911783
"""9588_3""",0.2982645867116733
"""11001_1""",0.22363005010833395
"""6432_9""",0.7603484192803067
"""8524_9""",0.7633262333211936
"""12457_3""",0.3621360564766244
"""8426_8""",0.8967322067917104
"""11355_10""",0.9103615791079146
"""10337_1""",0.05960245612986641
"""11911_3""",0.6347633904140009
"""2655_10""",0.515900571965808
"""4265_3""",0.5606748646474259
"""6542_3""",0.6426594553309646
"""9681_1""",0.23306140238242776
"""287_8""",0.4988612941740036
"""1864_1""",0.04583266279811951
"""7655_4""",0.5912810245548142
"""3613_7""",0.8000270400958567
"""11041_1""",0.45896041879567484
"""12070_8""",0.6934786331246588
"""10856_10""",0.83667378150572
"""7365_4""",0.4356207528578343
"""10025_8""",0.8060518885360429
"""4693_10""",0.8301575229024306
"""9580_7""",0.7755401105491794
"""4669_2""",0.25670775628221754
"""274_9""",0.7486949314227215
"""1570_2""",0.5370666306531333
"""11040_8""",0.7829000164003769
"""2243_7""",0.7029377091169668
"""7043_10""",0.1922168500116904
"""3719_2""",0.5094724053298992
"""7635_7""",0.1965075380155312
"""2327_2""",0.09510108515637306
"""4229_9""",0.39281058805586105
"""4121_3""",0.4572744841963226
"""6064_1""",0.540380279008748
"""364_10""",0.6633914632835104
"""1161_10""",0.7344886088087619
"""463_1""",0.20912867819945924
"""9291_4""",0.42067722748286857
"""8827_1""",0.32207040461528225
"""2292_1""",0.2019467826450029
"""6935_9""",0.33700362475052664
"""9226_1""",0.08580606091229118
"""7612_4""",0.41660629595772036
"""8575_7""",0.7417030890643477
"""3475_1""",0.7119967453105742
"""1880_7""",0.4524198819763583
"""7265_7""",0.5763136359271612
"""8626_1""",0.10509960672828544
"""733_1""",0.21677618424973052
"""12100_10""",0.808350893660741
"""1069_10""",0.8063873627400758
"""11364_10""",0.6844048602163089
"""5496_1""",0.3049786409737701
"""7253_1""",0.16544561593957052
"""3159_1""",0.4709037567487702
"""9131_10""",0.897896055285256
"""413_4""",0.49686224123610906
"""10818_1""",0.14413266904554922
"""479_3""",0.4919089322701605
"""173_7""",0.6359768720975358
"""9522_10""",0.6917787424095114
"""333_10""",0.8744113232659259
"""2819_1""",0.1987135003108246
"""5723_8""",0.6634630449785692
"""99_10""",0.8317152869176183
"""7247_4""",0.7355164255909937
"""4711_9""",0.9025569506424685
"""8555_3""",0.20818807018115834
"""6330_10""",0.7848864419774378
"""8921_1""",0.24925928551826748
"""803_10""",0.6173537194019257
"""6219_1""",0.4772854165994872
"""10077_3""",0.28230418791473844
"""1274_7""",0.3954232402901445
"""2307_3""",0.31667285662672184
"""8114_8""",0.7239660562937488
"""1503_1""",0.10452867035441397
"""2004_10""",0.6442345052924352
"""712_3""",0.8464182537025668
"""557_4""",0.26875654154958767
"""9651_8""",0.5930487621918293
"""11701_4""",0.3647180080386417
"""6325_9""",0.5624277509513056
"""1684_1""",0.10646219864006319
"""1435_10""",0.8377550718926631
"""5754_10""",0.16184531003158736
"""12098_10""",0.7458391700571937
"""3707_10""",0.695566293505448
"""2521_1""",0.21573222611943957
"""1793_1""",0.15505970875528352
"""2725_3""",0.18310176815133627
"""5051_8""",0.8762939434664613
"""2691_7""",0.6435502077920278
"""4111_10""",0.7998333363868637
"""3239_3""",0.17494775077464073
"""8124_8""",0.5804968530580884
"""4990_4""",0.4795436540599102
"""9565_9""",0.6797752906282548
"""6657_3""",0.36463501848767604
"""5882_4""",0.29858709862141447
"""8571_1""",0.08435904733034987
"""6815_10""",0.5917790366433906
"""487_10""",0.6116694455741765
"""11567_9""",0.8396283502845462
"""10631_1""",0.17961750185953043
"""7070_2""",0.268406082662348
"""8708_10""",0.49389934200553964
"""1889_4""",0.3177126400111052
"""1838_3""",0.28814704345288633
"""6383_3""",0.3708586616982121
"""4735_9""",0.3594929940992714
"""11430_7""",0.6992539231955971
"""11590_1""",0.10705478313647761
"""11023_3""",0.6755802342419979
"""10870_8""",0.8337219730247715
"""6734_10""",0.8069929686968311
"""10174_1""",0.28090618407404955
"""7905_10""",0.6886303226992605
"""9555_4""",0.4418126898278696
"""6303_9""",0.7874141840907691
"""1426_1""",0.37293979716530035
"""5482_8""",0.7464894705682267
"""7605_2""",0.178031611843906
"""10249_1""",0.4225586885209907
"""2466_1""",0.5259052116109689
"""4055_1""",0.22821074478147768
"""9839_8""",0.6792618631603822
"""3953_9""",0.6823991518929243
"""6563_4""",0.4790699374289342
"""10776_4""",0.48878705533354716
"""7596_2""",0.2155020466688979
"""10490_9""",0.7384869667949774
"""3800_1""",0.4452982700277868
"""10669_1""",0.36203645230957143
"""6276_8""",0.8011097793193801
"""3110_1""",0.2656588105848343
"""12434_1""",0.22630143456497026
"""10189_1""",0.39032070100173494
"""10639_4""",0.38511095150631036
"""7734_1""",0.6315835109217866
"""8763_4""",0.2965723766971525
"""2702_1""",0.5390262414862713
"""10179_1""",0.3065552754728055
"""2317_7""",0.4926500850451631
"""4677_8""",0.48346641850128513
"""11805_7""",0.7534588554996726
"""1339_2""",0.2170306304652327
"""9919_4""",0.6446595418841474
"""1425_8""",0.49651415581695163
"""3926_7""",0.6133279257300185
"""12395_10""",0.6667191847453331
"""6284_4""",0.362397336604134
"""11069_1""",0.13943385061080116
"""4998_10""",0.6246505032583323
"""8055_2""",0.455576801300954
"""9179_3""",0.19252472458653472
"""11577_10""",0.46778534807952227
"""1480_1""",0.2790054794982039
"""4561_10""",0.5371314094249129
"""4698_10""",0.900499168929757
"""9312_1""",0.04563712942326915
"""6561_4""",0.31355641790450056
"""8353_10""",0.8562579246843482
"""11580_3""",0.20827426655130157
"""10536_2""",0.37310257603843505
"""957_10""",0.4830439926986547
"""1768_8""",0.6174194964548144
"""12197_1""",0.41993863187797503
"""11459_10""",0.26480543459488587
"""2271_3""",0.6933802703890528
"""6973_1""",0.4273270033101008
"""4199_8""",0.6808874862370083
"""6582_8""",0.6835624087901375
"""5843_1""",0.12952665267299493
"""4140_9""",0.6173468562596292
"""11105_3""",0.26838947577541256
"""2395_3""",0.6439435559789211
"""10715_9""",0.7891909799349013
"""6611_7""",0.8079149014849655
"""2043_7""",0.5039391850322192
"""2884_9""",0.8310970730556203
"""4946_8""",0.681503789999244
"""9642_7""",0.715470010786396
"""5211_1""",0.2324079567129089
"""10661_9""",0.7146547637087655
"""4368_10""",0.6450493151459198
"""12086_4""",0.5396017988781491
"""6465_8""",0.7950797073258192
"""4706_1""",0.09794767358919433
"""4694_10""",0.5082329764942431
"""12150_10""",0.2925886237603336
"""208_3""",0.5941665077117942
"""2587_3""",0.5354008362497931
"""2804_3""",0.437511405410521
"""2837_3""",0.22884589576123715
"""11070_1""",0.12099276125527021
"""11909_4""",0.6690218046758618
"""9945_10""",0.4431478577664415
"""9281_9""",0.528346711875148
"""8458_2""",0.26706590402929686
"""9882_2""",0.13194920831817772
"""172_7""",0.464203786660062
"""7632_2""",0.11784594780560528
"""12246_9""",0.7648342368249486
"""3889_1""",0.12298040668263784
"""11140_4""",0.40279286419989846
"""5240_9""",0.8284437385796017
"""7965_4""",0.635858719042802
"""3387_3""",0.06106921546749487
"""10817_4""",0.18886517633502561
"""3332_10""",0.4933388803571064
"""1156_9""",0.8548294750125325
"""6585_1""",0.28146616883723496
"""7931_3""",0.22727854239820458
"""8268_4""",0.13482981591702134
"""6443_10""",0.5269035936965563
"""373_10""",0.6482448800663988
"""5912_4""",0.6406719200546632
"""11475_7""",0.4777394056106791
"""10738_4""",0.592944385469892
"""11175_10""",0.8073483719020458
"""9008_2""",0.47234978292080276
"""2218_3""",0.35583685726676234
"""585_10""",0.713232151305824
"""3448_2""",0.404670766167189
"""3860_8""",0.8379883839140316
"""8335_7""",0.5658910637046758
"""1907_1""",0.06870496318497955
"""9169_9""",0.40322138525683276
"""10375_8""",0.7792161086365929
"""10432_4""",0.3514445281272438
"""11399_1""",0.4917511346451027
"""3430_7""",0.676068480888146
"""2859_4""",0.25157633518303724
"""3899_10""",0.8472107955386055
"""9648_8""",0.8754793658133458
"""9233_8""",0.5122305221917786
"""10574_10""",0.891732609755032
"""3489_4""",0.6885008169923235
"""8115_8""",0.6901000560322094
"""11495_8""",0.7949815539714833
"""6885_7""",0.25871552623991323
"""1534_10""",0.3166085609441027
"""11721_9""",0.5111276317243136
"""11610_10""",0.7374996450467808
"""2712_8""",0.6787878066232547
"""3140_10""",0.7190164451117792
"""4880_10""",0.8283797286250831
"""1592_10""",0.8535307179631776
"""425_10""",0.38706292571478634
"""5798_1""",0.07513432990497583
"""2212_8""",0.8887917427448155
"""2685_3""",0.20685973029989171
"""9625_2""",0.09014264076135492
"""8492_7""",0.6350452936769737
"""4932_3""",0.11312321631983302
"""1704_3""",0.27013116937306564
"""301_4""",0.27868796007347835
"""2599_10""",0.6413819074358882
"""2364_4""",0.26539349518388766
"""2323_3""",0.4331139425226077
"""1885_8""",0.4330059169095448
"""1232_1""",0.24144753721966938
"""12055_1""",0.059584809633098146
"""2894_10""",0.8253450703990262
"""5347_3""",0.31688755596393553
"""1799_4""",0.23887810720870892
"""7460_9""",0.599559099357969
"""8798_10""",0.6181386043616743
"""2134_4""",0.25508309690933867
"""2964_2""",0.33064228149031244
"""345_3""",0.18628967521076512
"""2670_8""",0.7615421314445949
"""10282_10""",0.5587333715990255
"""5587_8""",0.7628751392680896
"""6115_2""",0.3762417172917745
"""6974_1""",0.31089549748098505
"""8500_10""",0.5802843048544728
"""5073_8""",0.6501520688935452
"""5291_8""",0.865269590861175
"""11728_7""",0.5658239019430589
"""3207_4""",0.3033633038527773
"""2553_8""",0.67131984562711
"""10896_10""",0.7707784606934056
"""9321_2""",0.3977285394561542
"""1484_4""",0.2507692340747397
"""2106_2""",0.46441761140891763
"""5487_4""",0.3506184547988163
"""4835_10""",0.8489339504197168
"""1023_3""",0.7212573472768433
"""11524_10""",0.863096218331718
"""10672_7""",0.6709870172706078
"""9769_3""",0.1480698282815729
"""590_7""",0.7280239935450507
"""11530_3""",0.5655187959109914
"""349_2""",0.22275785144742868
"""2165_4""",0.42288315923545966
"""1574_9""",0.6531370268904889
"""2792_1""",0.14257217429948355
"""980_2""",0.28475837586246733
"""5745_7""",0.3869140573552519
"""4323_7""",0.6709713189972517
"""11569_7""",0.7093528857023337
"""3637_1""",0.30585110905845725
"""4511_1""",0.5469360795866568
"""8404_10""",0.5663710815656198
"""8947_4""",0.4824218566901973
"""12317_10""",0.9047865253384498
"""3927_4""",0.4407985609264402
"""461_8""",0.842341503163767
"""11651_2""",0.32018586750111155
"""7697_4""",0.4643208750974068
"""7799_10""",0.5455198896663233
"""2111_8""",0.7863308904733246
"""9745_7""",0.90857017587661
"""4419_4""",0.4589806982598019
"""9337_4""",0.7606008602166408
"""3908_10""",0.7855074319266261
"""9211_3""",0.274099847064456
"""489_1""",0.1841275219472354
"""9229_8""",0.3963878687505914
"""381_1""",0.20781080641026684
"""1355_7""",0.6399917411845067
"""12100_1""",0.23288061405645333
"""6126_4""",0.7609659726392657
"""8315_8""",0.6174473142995758
"""7513_10""",0.578350308068134
"""5547_1""",0.42509562121010236
"""8050_1""",0.3648875588650096
"""7332_1""",0.17774563130268053
"""9044_8""",0.8175153163741135
"""8491_1""",0.4218171974694879
"""1919_8""",0.8603257876620946
"""4076_7""",0.5547892555460514
"""9251_2""",0.5427818883564082
"""7325_10""",0.8164762084643469
"""177_8""",0.6822833140034167
"""8104_4""",0.3152677530872944
"""919_4""",0.44158281693905893
"""9417_8""",0.6611744635918151
"""9440_9""",0.5198452488587697
"""11105_9""",0.638012168935984
"""7670_10""",0.764233416283564
"""7404_8""",0.48438510821720426
"""5120_2""",0.1611939902035087
"""10153_1""",0.29734731742226606
"""1763_10""",0.7611454698598888
"""9316_4""",0.39347180585874175
"""6396_8""",0.50561243785662
"""8865_10""",0.7645725029226983
"""4552_8""",0.5245650802000604
"""874_4""",0.43106916260964245
"""6690_2""",0.24619755976169333
"""11970_3""",0.4116140721974152
"""1202_4""",0.5154980163025136
"""6024_1""",0.2545990466320618
"""10117_9""",0.3947562281489654
"""9511_1""",0.5232521952551248
"""2314_10""",0.1916708904404728
"""6053_3""",0.058746885677280966
"""10165_2""",0.6172788385714553
"""8410_2""",0.4410740604466167
"""1457_1""",0.5991690349055735
"""9651_3""",0.30794531058175767
"""537_2""",0.15170221045001855
"""7191_3""",0.6167831869421643
"""10258_8""",0.750777972574978
"""4774_8""",0.5225629265358348
"""3560_8""",0.6005371757190631
"""5960_1""",0.17820808333868304
"""881_4""",0.29607017923607354
"""2420_1""",0.30641651602892295
"""4959_4""",0.28210183186393184
"""7138_1""",0.1814947471128798
"""9317_10""",0.6698446634924511
"""5454_4""",0.14684136683246884
"""7450_9""",0.572429711984839
"""9679_10""",0.6425295578851136
"""10988_3""",0.2629394261952976
"""2932_3""",0.39316061363353555
"""10110_1""",0.23151830136789328
"""9165_2""",0.1793451772189283
"""11712_2""",0.211607905389728
"""8979_1""",0.59019166429928
"""12426_3""",0.10388991558827616
"""1630_7""",0.5191647941551237
"""11990_10""",0.44827897083329554
"""5395_10""",0.8730606921170283
"""896_1""",0.4843808587478326
"""11463_9""",0.6311552516726563
"""7096_1""",0.45048261260410705
"""6198_10""",0.5285659988560244
"""8141_10""",0.6870649390423388
"""2650_10""",0.8947257007326107
"""12337_9""",0.6734038566081166
"""1995_10""",0.42801405629137385
"""6349_1""",0.14010054747172374
"""12270_2""",0.0558162144201155
"""12494_2""",0.20847558458735554
"""7081_4""",0.7046948578166912
"""3010_7""",0.42945532696873895
"""2924_2""",0.4894141393362289
"""3185_10""",0.738694859987709
"""1377_2""",0.7193148668813703
"""4858_3""",0.5251464212391482
"""4351_3""",0.1705649779337914
"""6865_2""",0.4209376622207956
"""9527_3""",0.3789007886514817
"""6223_7""",0.6618534200835594
"""11598_4""",0.23423125774383546
"""10605_1""",0.1538326706218765
"""4609_2""",0.40905526229770617
"""3736_7""",0.8062168636321649
"""5615_1""",0.2954955553948042
"""11109_7""",0.6112747616369842
"""3924_3""",0.35520027436695806
"""7452_1""",0.4979158703694208
"""4288_8""",0.4896834012545904
"""8825_2""",0.7271252052556657
"""3168_7""",0.8149411246679449
"""6407_1""",0.19334738961952877
"""7016_3""",0.6975915141597384
"""129_1""",0.14174266861083998
"""9808_3""",0.3303718556141135
"""5620_10""",0.7838505622617589
"""6404_10""",0.7859997704091939
"""10781_1""",0.31657907932082024
"""2446_1""",0.374127310005566
"""2191_10""",0.7062797988618885
"""10848_1""",0.12888145029308443
"""11201_10""",0.5568300408200377
"""6818_9""",0.7583153286730325
"""4607_7""",0.6848588582621971
"""2410_7""",0.4690182472269737
"""9656_9""",0.8783300779974266
"""7841_7""",0.6989798390865138
"""11422_7""",0.35590986599960817
"""7376_8""",0.6320914076969149
"""10804_8""",0.6746899300197381
"""11793_7""",0.4629523372662658
"""509_7""",0.47169140196604514
"""12459_10""",0.49351758205732066
"""354_10""",0.8460559914239322
"""2740_10""",0.5160469409310733
"""1469_1""",0.23647478960090212
"""9219_10""",0.7320296742276173
"""7248_7""",0.6819561253250371
"""5620_1""",0.2505186226170467
"""12160_1""",0.6283384378607356
"""6037_10""",0.7898784083212231
"""8338_1""",0.2381389141864212
"""1954_1""",0.17767968076139395
"""6996_9""",0.34754821764244115
"""9888_8""",0.8711287444352075
"""5470_7""",0.759175584575724
"""11915_4""",0.5755216025695771
"""7057_4""",0.6932525096329324
"""10320_10""",0.6558104447186871
"""4447_3""",0.3379868732039759
"""9711_9""",0.3503462147182956
"""5077_3""",0.25619194925314476
"""10912_4""",0.36457271994620677
"""3224_3""",0.4756555038131049
"""9946_7""",0.5167693560970101
"""10650_4""",0.4762170869737872
"""9613_1""",0.7634457876320242
"""4909_3""",0.2475244819092623
"""5607_8""",0.6000445320090478
"""3315_1""",0.36283642348436623
"""9271_1""",0.20839837514173717
"""4248_4""",0.6442541443706847
"""5849_4""",0.6206002342420981
"""3944_1""",0.15753208509208083
"""3580_10""",0.7098629797242405
"""4592_1""",0.19931375118546119
"""6375_10""",0.42449283277355804
"""5955_9""",0.5567838890572501
"""11613_7""",0.7230351957766591
"""8278_10""",0.759993530561074
"""11339_9""",0.8856966038766514
"""6813_2""",0.6683426693331336
"""3747_3""",0.17005316978100626
"""5916_1""",0.4559503022547577
"""3298_1""",0.38157316801465496
"""11303_1""",0.4040025354252663
"""5758_7""",0.7356379094197674
"""11652_9""",0.772553367859208
"""8748_2""",0.4195982691629181
"""11092_2""",0.21712398743163036
"""8729_8""",0.8837697711416811
"""6332_4""",0.29383212719570806
"""3700_10""",0.7597584962027407
"""10507_2""",0.07705541803740477
"""2287_4""",0.3073725509806545
"""10549_10""",0.8522201108233065
"""3005_10""",0.8592207522900465
"""5657_1""",0.08848953754931782
"""873_8""",0.6974640785247364
"""2274_1""",0.47957848680917325
"""3208_4""",0.41021680627796997
"""2663_10""",0.632837297983887
"""8134_7""",0.16324024105327517
"""7443_1""",0.40996633349690237
"""7507_8""",0.5246006056493827
"""1423_1""",0.4854830402878075
"""4014_1""",0.14975219557562414
"""9662_1""",0.07822573117741326
"""2512_9""",0.8476906068180347
"""8415_2""",0.5910347729071045
"""7672_3""",0.16124759200468397
"""5925_1""",0.2814236954388181
"""2654_2""",0.12427842887425397
"""1780_10""",0.5026888129322135
"""8813_9""",0.5807215263937218
"""9378_7""",0.6942769152100423
"""12120_3""",0.14638710220248927
"""8985_7""",0.788411109897361
"""5771_3""",0.07473767398556362
"""7305_10""",0.8582077934199133
"""8681_4""",0.42266641763173596
"""7415_10""",0.4555890435935314
"""9346_8""",0.7038778282509988
"""9750_3""",0.42425546241848117
"""9083_9""",0.6198525309776598
"""12255_2""",0.07407481703207974
"""5035_1""",0.2866057128730507
"""12384_10""",0.15574473509840198
"""8381_4""",0.530975298244896
"""825_1""",0.40284600358194667
"""2034_1""",0.20749948812193988
"""439_10""",0.8540259973087048
"""5753_10""",0.4023983152844978
"""10370_10""",0.798513211798188
"""3395_2""",0.24457269669001086
"""8101_2""",0.3044778740625896
"""7885_1""",0.3541549553616037
"""3266_2""",0.5070769437688883
"""4623_4""",0.38196956304648977
"""8123_9""",0.48013619537853375
"""1787_1""",0.15240713475087414
"""4001_4""",0.46448010433464293
"""3530_2""",0.5437794814715532
"""684_1""",0.08549941389306577
"""744_10""",0.3080917155216107
"""8439_7""",0.535130055154366
"""8678_9""",0.6169745345575572
"""11851_8""",0.38102559178708967
"""1237_2""",0.48099785701397124
"""4557_3""",0.0832510718800527
"""1847_10""",0.7982181125580264
"""4002_1""",0.16506966138960885
"""1620_1""",0.5915527688085409
"""549_10""",0.5638650059920143
"""4984_4""",0.5371862636814915
"""4673_8""",0.37568150763781616
"""1373_1""",0.2000617100816255
"""6927_1""",0.4062762162951926
"""9201_2""",0.2436780202597404
"""4293_7""",0.6962734479714561
"""826_3""",0.3443698301515873
"""6337_1""",0.3752305153961552
"""9978_9""",0.8820798717398227
"""11379_10""",0.6816802830322711
"""3874_1""",0.29311318644109413
"""9943_1""",0.09494071917223845
"""7236_4""",0.3144364197425666
"""7816_1""",0.1979364659737411
"""3849_8""",0.7478698957057133
"""1167_10""",0.7712195163323139
"""9667_3""",0.47993759835011945
"""2506_1""",0.21537918007340054
"""1372_10""",0.45270838483560844
"""6788_9""",0.6733472617381412
"""4792_2""",0.16863566045113262
"""7909_2""",0.40414647899351247
"""2213_2""",0.16243345749388938
"""434_1""",0.11340144123563939
"""9245_1""",0.35349682420175116
"""5822_10""",0.7390329933528282
"""5406_1""",0.3436989639068387
"""2011_1""",0.1522713356684202
"""6805_10""",0.8129634870605811
"""2557_2""",0.2124433948048017
"""4343_1""",0.4919449001508941
"""1493_4""",0.42669346734789726
"""947_8""",0.13720642133552421
"""9494_7""",0.6440377890699963
"""10228_10""",0.5184648492365261
"""707_10""",0.7331684594903949
"""2018_10""",0.6478064847527908
"""11093_10""",0.7879963896239747
"""11113_10""",0.7880923294457527
"""11596_1""",0.1040207192770334
"""7453_1""",0.10526967258719379
"""9045_8""",0.7307404757697061
"""12264_7""",0.6087640040368452
"""7271_9""",0.8026666379577014
"""4560_1""",0.4230671233229846
"""11223_1""",0.30320000011712966
"""3939_7""",0.740304503325879
"""2714_2""",0.18173198280969213
"""1940_9""",0.46076849414321186
"""3640_10""",0.81681792190321
"""1724_1""",0.30658301296952145
"""5383_3""",0.44551437048449044
"""7323_10""",0.5842018004541708
"""7345_4""",0.2979638302329687
"""775_9""",0.8309626530392425
"""11995_1""",0.04333791051142653
"""400_10""",0.7734813978248454
"""10279_4""",0.5763084461792171
"""673_8""",0.6616170814468859
"""4168_10""",0.587299823629243
"""11761_7""",0.3042408315470508
"""491_9""",0.5015998503840255
"""11472_1""",0.29344492509301373
"""10045_7""",0.7614520749865332
"""9449_4""",0.26900437687312556
"""12496_3""",0.31692200298463946
"""12422_1""",0.1723771640567123
"""8159_4""",0.6667119689481298
"""8668_8""",0.5697525388596962
"""7572_10""",0.7551074154814249
"""6696_9""",0.6744285494031519
"""64_10""",0.8452344487297446
"""2715_1""",0.4894831862146922
"""9333_4""",0.5037705886136624
"""3722_10""",0.6712505407698557
"""5692_8""",0.47213499327250985
"""10074_7""",0.7944999542489783
"""1717_3""",0.29354576389235987
"""825_8""",0.5912234901771939
"""7796_10""",0.7875327629436617
"""5550_3""",0.2682340389925296
"""6114_10""",0.2801536174755672
"""4440_8""",0.7596332866365374
"""9616_4""",0.22937652823937962
"""12090_8""",0.7537969475044827
"""10728_1""",0.5932172160421443
"""4419_10""",0.7999124143010152
"""282_1""",0.44543388442491905
"""4825_9""",0.5743449612214058
"""91_10""",0.8220233348553081
"""10399_2""",0.26414286090218064
"""6773_4""",0.4607266223522095
"""1364_10""",0.631348146144333
"""2806_9""",0.5756008499060825
"""4520_2""",0.3866209937293042
"""8211_9""",0.6127901702384215
"""3594_2""",0.19626545580386445
"""11353_4""",0.45999901660294823
"""307_1""",0.4657960055514374
"""10963_4""",0.10139102293348606
"""4023_7""",0.61947973760643
"""11450_10""",0.5629057916629627
"""3567_4""",0.2710123766498535
"""4751_7""",0.44177224116475927
"""9798_2""",0.18415810618083803
"""1864_8""",0.9089765426630992
"""3168_2""",0.38033080261576524
"""6506_2""",0.40928388187799164
"""12484_2""",0.3846589837310498
"""11999_8""",0.4452581053402432
"""3571_3""",0.20916926931522262
"""147_10""",0.6117011559455743
"""6691_9""",0.6655305296248393
"""11295_8""",0.5323982764278171
"""9344_10""",0.5935059078844385
"""9513_2""",0.4788909846536552
"""11066_7""",0.8406921331944551
"""4330_8""",0.6157969151748592
"""5194_10""",0.7021918968666638
"""11676_1""",0.3341177736257068
"""4587_1""",0.24087115463263792
"""11964_4""",0.17540999716485917
"""12456_1""",0.14826566852326734
"""6054_10""",0.7034701022137554
"""2140_7""",0.4381827188312804
"""1388_1""",0.1687030953948149
"""10681_2""",0.25250107236334257
"""4614_8""",0.9143191356199182
"""2604_7""",0.6517459328928795
"""4234_1""",0.246047293819638
"""4261_8""",0.19849626096866393
"""4907_8""",0.8208792771963309
"""4134_4""",0.3956871928102442
"""4125_8""",0.7916160300007351
"""3795_9""",0.8781815997631297
"""1356_4""",0.5580836129563734
"""10711_2""",0.34520213399911
"""4728_7""",0.4217465769471657
"""8254_8""",0.3723918391593869
"""10769_2""",0.4366543618951988
"""7185_8""",0.6643788651281247
"""2842_9""",0.8332507156861452
"""4565_1""",0.2892006100338214
"""3030_9""",0.5148135870165187
"""2997_1""",0.3587647393031845
"""1311_9""",0.6475400545542604
"""12499_10""",0.632720059482012
"""9830_10""",0.4758750211097664
"""1774_4""",0.2243634635503788
"""6676_10""",0.9525635783718962
"""6502_9""",0.7590528649269314
"""1521_1""",0.5806780135261209
"""4253_1""",0.3682322449934013
"""2775_2""",0.07096463182476656
"""7324_4""",0.4659856029222416
"""1207_4""",0.20192801540049335
"""9903_7""",0.6633728177272347
"""3195_2""",0.26032186926042505
"""9213_10""",0.6077927327998003
"""7751_1""",0.1732148563783554
"""1616_8""",0.363053385784301
"""1482_10""",0.689931129390578
"""6772_7""",0.39415369806693135
"""2008_10""",0.8079147487522736
"""6799_4""",0.44368707557474546
"""5004_9""",0.581766100273281
"""3487_2""",0.13784650025605422
"""10892_4""",0.3576831339319858
"""10839_4""",0.3658081091431525
"""922_8""",0.6781221889436716
"""4163_1""",0.27667652883826543
"""10738_8""",0.7674555793126357
"""10678_7""",0.7242520369025258
"""5892_10""",0.628242018361556
"""6202_1""",0.07212799684838395
"""5792_10""",0.8273291926270264
"""12161_4""",0.4239768335731386
"""1097_9""",0.7020873112470837
"""2930_3""",0.4873674874425461
"""4087_3""",0.33633705916695483
"""11875_3""",0.21621311484214722
"""11770_4""",0.4282942489623366
"""847_7""",0.3151873206838024
"""10620_9""",0.6562319315801503
"""1455_10""",0.791843386896402
"""12294_1""",0.2209615078235168
"""5653_10""",0.6818260922747058
"""1874_9""",0.4232433362161001
"""10487_3""",0.349411700774895
"""22_3""",0.22662250202017592
"""2760_1""",0.3807192068986896
"""9822_7""",0.3573223358704572
"""1068_10""",0.8426573123752543
"""11117_1""",0.07288479302473799
"""10409_2""",0.46880332430153054
"""1877_7""",0.22569117361353924
"""7347_1""",0.10911012811531606
"""4231_1""",0.27553806992211116
"""1122_1""",0.3356527553891825
"""933_3""",0.4076971289005098
"""11883_4""",0.6219341933071341
"""8386_10""",0.6815839623116858
"""12297_7""",0.7590712434616745
"""11847_8""",0.8125496038320498
"""5511_1""",0.4410418357509595
"""9587_2""",0.6062696423980946
"""10027_8""",0.8117418402229392
"""7210_4""",0.4910096508681101
"""2490_9""",0.5447788118679356
"""4889_10""",0.7304290709711807
"""8192_9""",0.8646075952268183
"""12133_1""",0.33009745821046255
"""2098_1""",0.2350335775801572
"""2941_9""",0.6266955687600924
"""5742_3""",0.11267286716822539
"""10645_4""",0.2540842874475234
"""1162_10""",0.9288340629625804
"""4383_10""",0.7326378754171149
"""5325_8""",0.6388707010607989
"""1324_1""",0.11521996967833002
"""1374_1""",0.26280808313562
"""116_10""",0.6032011910239861
"""2898_10""",0.6693171841856105
"""8799_10""",0.785039821760398
"""6654_10""",0.8045994521968025
"""8630_1""",0.5113058111359307
"""3452_7""",0.7958921428233894
"""3609_8""",0.687433161231988
"""4740_1""",0.10093056769291456
"""8368_10""",0.9261211074722051
"""11960_7""",0.6752156661420895
"""3583_10""",0.6478335716811903
"""1581_8""",0.16854537512824808
"""1378_1""",0.39394651947154924
"""968_2""",0.32576277421189836
"""4524_1""",0.04940531579622607
"""5036_8""",0.7201980971457372
"""12287_3""",0.059055094079649664
"""9236_10""",0.4640837888700515
"""5447_3""",0.21732943220271983
"""11016_1""",0.37765156310455467
"""1935_3""",0.14600438170143049
"""5300_7""",0.886650245866518
"""7775_2""",0.5058748741948403
"""4398_3""",0.5065960227260455
"""5692_2""",0.1949010037360698
"""3517_8""",0.5749713747340433
"""6007_1""",0.3257444006821952
"""10127_2""",0.1597484404088112
"""6614_10""",0.8258927207577976
"""2767_10""",0.48123350793293157
"""3187_2""",0.4988707087656125
"""6473_10""",0.7717918233075971
"""12263_1""",0.06418900628822645
"""10838_2""",0.23331445977853751
"""7367_9""",0.28689206790630206
"""8873_10""",0.4880559379128124
"""6016_1""",0.3063736499165311
"""10363_7""",0.5408210750801979
"""3541_2""",0.2699179831185563
"""6416_10""",0.5091817324392075
"""4538_10""",0.6177133542050007
"""56_3""",0.24265243210696208
"""7946_8""",0.6855882750927081
"""6003_4""",0.16741006688838375
"""974_4""",0.4191924379515399
"""11651_9""",0.7329265268897736
"""10283_1""",0.4857810724093672
"""12334_2""",0.5280463538386353
"""972_1""",0.6089717370216513
"""1513_8""",0.4106802025855648
"""6141_3""",0.3813819200419576
"""4195_7""",0.4243555091104671
"""10176_9""",0.8517043447202132
"""1918_2""",0.16404285335399038
"""12117_1""",0.5803112267793125
"""7567_1""",0.35752244800274185
"""2949_10""",0.7986826834847846
"""11937_9""",0.5516180704618204
"""8513_2""",0.27182397006735937
"""3913_8""",0.4354217700444487
"""1310_8""",0.6663915482907563
"""10461_10""",0.9255522039558537
"""3309_8""",0.5823640906918888
"""862_9""",0.7221341793434882
"""4040_2""",0.04236035626869987
"""78_8""",0.5528106857128616
"""3491_7""",0.05821225603853555
"""10862_9""",0.7345157782030245
"""4763_7""",0.36614355078877997
"""7421_1""",0.33610526762488824
"""5350_1""",0.4161384931554666
"""11491_10""",0.6379065850422415
"""9975_4""",0.6031171624227926
"""10123_10""",0.7715893168943484
"""11573_1""",0.06178004166033772
"""2337_9""",0.7313172881242419
"""251_8""",0.743743996629543
"""1942_1""",0.2088742716048852
"""2940_7""",0.49476224657858703
"""4342_7""",0.5233910328653352
"""11250_2""",0.19343704676919313
"""4224_1""",0.34233193301068243
"""10106_10""",0.6818351999330585
"""7764_2""",0.2757166514015715
"""937_10""",0.8259884086817479
"""3112_10""",0.7379301457340257
"""9922_8""",0.5469354344667656
"""3259_7""",0.5427962181549816
"""7828_1""",0.05664552316931479
"""4031_7""",0.5821952636007981
"""1277_7""",0.7311223702834596
"""3162_2""",0.5152119339304622
"""7_9""",0.5482810441242143
"""1832_4""",0.36951645804568245
"""10997_1""",0.2898125911220594
"""10572_10""",0.49409660909897474
"""12194_1""",0.09766318088225134
"""4648_10""",0.5853167706767891
"""7207_9""",0.5877338372280009
"""11000_7""",0.5897757697672994
"""4943_2""",0.18966795830026673
"""10601_10""",0.38224282645230656
"""4731_1""",0.3997800748247031
"""9272_8""",0.3110565534560562
"""11551_1""",0.1138005527602183
"""9074_3""",0.07281600380091571
"""2486_3""",0.45880066845421313
"""618_1""",0.26731239454401323
"""8683_8""",0.6473804546272577
"""2618_10""",0.49707382397441274
"""8471_9""",0.5488364905098266
"""6394_4""",0.5619831500117095
"""6456_2""",0.5412720390619187
"""3195_8""",0.6936715989447408
"""4188_1""",0.15958308566398582
"""3985_10""",0.7217509697292371
"""7099_10""",0.2844242207816481
"""1558_2""",0.07630256069438654
"""2877_8""",0.28886771798595384
"""3928_1""",0.08096469008140364
"""7206_3""",0.06552369966649577
"""8088_10""",0.5687138154137126
"""8167_10""",0.71635331770231
"""8590_8""",0.7791641577408438
"""6973_7""",0.5031280015695194
"""4974_7""",0.9046439591570851
"""10151_1""",0.2748593695071242
"""5268_4""",0.4371891701517503
"""5258_7""",0.7598221370413895
"""1478_8""",0.5457994319324004
"""5094_10""",0.8723673698562028
"""10126_4""",0.371729937834228
"""9357_2""",0.5887502026737171
"""7750_3""",0.3896728357675523
"""11628_3""",0.7068783281936359
"""9124_7""",0.5554639051098448
"""1802_7""",0.6375669646985728
"""4820_4""",0.3202658875716737
"""10019_8""",0.5823763213926209
"""154_9""",0.5157195001319421
"""5049_4""",0.12330456439309888
"""4372_1""",0.08180263558969907
"""7807_10""",0.4765363283815314
"""5127_10""",0.6167792438415023
"""11480_2""",0.2294341563298829
"""10145_1""",0.38671948473348927
"""7090_10""",0.8057330210156295
"""1288_1""",0.2552485079285762
"""11316_2""",0.4588843228704287
"""8428_9""",0.6813670063798989
"""1843_9""",0.7090436312767878
"""1916_1""",0.3326791491825513
"""2657_2""",0.17360234192488427
"""10504_1""",0.056214113626912525
"""11621_3""",0.32364829960861224
"""10148_1""",0.1524927032531747
"""3339_4""",0.38019810285155825
"""8202_2""",0.18456398775174543
"""7796_1""",0.4553688652502064
"""4625_2""",0.2812559441469322
"""11859_4""",0.5297289996022908
"""8261_1""",0.16718299404127088
"""4670_3""",0.29442793772258385
"""8412_10""",0.6450140847320733
"""1010_1""",0.32661913289757244
"""436_10""",0.8802734427682212
"""9351_7""",0.5379118609258359
"""3767_8""",0.45899490499611134
"""4794_1""",0.07245409855821387
"""8447_10""",0.35144514557126916
"""6182_2""",0.6227530374478759
"""8754_3""",0.7179621243079727
"""2709_3""",0.10605575585531593
"""5882_9""",0.8335556791934973
"""6916_3""",0.3703843633680453
"""11886_1""",0.5176370497049972
"""123_4""",0.31652434902954335
"""2827_9""",0.7609562583220922
"""11440_8""",0.3379096786830253
"""4100_8""",0.6840946076295347
"""11645_1""",0.6188033895930171
"""7949_10""",0.909452997494267
"""2017_1""",0.22316496696753096
"""3451_7""",0.82239192130028
"""10986_10""",0.669144976925319
"""1541_2""",0.4586838580542169
"""12336_7""",0.3144601459186719
"""9787_1""",0.12944116021770613
"""5282_10""",0.9119290121039672
"""9568_4""",0.3675337559282056
"""8222_1""",0.4285001128205312
"""5415_9""",0.7344338578644396
"""8485_8""",0.6175991345524743
"""6449_1""",0.11037502760827636
"""466_1""",0.6244795515934755
"""11997_1""",0.26359398596855804
"""6144_10""",0.5526837874181961
"""3309_4""",0.48674775575905654
"""8655_1""",0.2698802603739442
"""10141_1""",0.19033644422768123
"""7469_10""",0.5953096579124796
"""4445_10""",0.5324826828360092
"""6651_7""",0.6825507078434976
"""6711_7""",0.27303806718680146
"""3329_4""",0.26170680356515236
"""8000_10""",0.4117761064532015
"""2279_8""",0.730936058731827
"""5012_7""",0.5946405623624438
"""2437_3""",0.1859644307478815
"""505_9""",0.6198179566387321
"""9070_10""",0.44247122836657415
"""1234_3""",0.4633656858502627
"""4880_1""",0.16486148033185258
"""3981_4""",0.27939458592979155
"""134_1""",0.18867947793464335
"""3211_10""",0.6811902157745058
"""2559_10""",0.743615513702759
"""4512_3""",0.4328395275757286
"""5957_1""",0.09743674950502422
"""11626_9""",0.8832046874741902
"""915_10""",0.7815056048672574
"""5569_10""",0.5941052168588439
"""12396_9""",0.9050074109630343
"""6494_2""",0.3557361850263141
"""3262_1""",0.27325760594823056
"""3916_10""",0.5004611558162013
"""787_1""",0.24893717589028874
"""11092_9""",0.780247493682082
"""2818_10""",0.8495245035785198
"""5271_2""",0.4789736490691865
"""4057_7""",0.5392324882364822
"""5042_1""",0.27087466609930133
"""1204_1""",0.3243843683167668
"""3651_2""",0.18951074985753916
"""11763_8""",0.6640254664704247
"""7766_10""",0.8438770175631877
"""3498_1""",0.2193048173544067
"""11578_10""",0.857757252043114
"""3691_1""",0.34578817930879396
"""11947_10""",0.592149689486808
"""11475_2""",0.22036404346049832
"""8568_9""",0.5893354299458918
"""8247_2""",0.22825149255093366
"""9544_7""",0.46432359142543084
"""9753_8""",0.5890093334792088
"""6824_7""",0.555945349262216
"""2799_1""",0.13957792101817953
"""10459_1""",0.08244056598456721
"""1894_10""",0.47780923257113855
"""9726_7""",0.6823923000430284
"""10923_1""",0.05787498596993844
"""7946_3""",0.3353648688999678
"""7509_10""",0.8167498200686094
"""3273_9""",0.5585401394013796
"""2716_3""",0.5022028965452073
"""4622_1""",0.14444038936059486
"""1204_8""",0.5296386763601236
"""71_4""",0.1893589097088737
"""6508_9""",0.6058955690371881
"""7819_10""",0.8008035479345247
"""695_10""",0.44335356170273954
"""10844_10""",0.7823759327286518
"""2413_1""",0.3877498627221913
"""8768_1""",0.07961541856970905
"""4536_10""",0.7318613774264151
"""2576_9""",0.8502764142399875
"""4473_2""",0.3362471904547536
"""65_2""",0.4273622411664584
"""6114_2""",0.5414386469579612
"""7458_1""",0.11752837998749172
"""10815_2""",0.34189794287873776
"""8344_1""",0.5197522488323977
"""1975_9""",0.2184762089672226
"""1659_1""",0.10290225327588953
"""11030_10""",0.6330820076101551
"""5405_7""",0.707493313250867
"""2539_3""",0.34160490079974587
"""6565_8""",0.5785369844379834
"""1826_10""",0.6536362242042877
"""2577_8""",0.4891893255579472
"""6032_7""",0.37846585940183475
"""3146_9""",0.8081230618258252
"""798_1""",0.1708609991370187
"""63_10""",0.5377543614239092
"""11819_10""",0.6187591825749942
"""2905_7""",0.82241815835084
"""2716_10""",0.7014878574346128
"""1717_10""",0.6747233140201778
"""1036_3""",0.36692253589960555
"""11583_10""",0.9064197263767252
"""962_9""",0.7518941553163438
"""10203_2""",0.11225908593040197
"""12225_1""",0.05580254749156013
"""10322_9""",0.39985505917037917
"""7601_2""",0.6387023882181815
"""1675_4""",0.4358288889593645
"""8235_3""",0.07094599456225115
"""680_2""",0.5863367516023261
"""5208_3""",0.17034460867011528
"""10678_2""",0.4056175195518295
"""6072_10""",0.7721871733104334
"""1216_1""",0.1396652334718982
"""11434_1""",0.28496885387329884
"""12480_8""",0.8529668844492719
"""8844_10""",0.633161540537817
"""10506_1""",0.066907010954314
"""9766_3""",0.4690614596543079
"""7804_4""",0.3067352058714448
"""44_4""",0.09809353818441575
"""11226_1""",0.43237689596630774
"""11378_2""",0.4742700768983413
"""7805_1""",0.10434858351383174
"""4692_10""",0.5107142418346118
"""2928_9""",0.4107899210732937
"""8785_10""",0.8900916460855889
"""3083_8""",0.6156054935475368
"""626_10""",0.7390770671054441
"""9228_10""",0.4131277754025912
"""66_10""",0.7613135536844916
"""3824_3""",0.4350436977982841
"""7115_8""",0.5383841926501042
"""11893_10""",0.7533846288133652
"""1628_1""",0.33589618629813783
"""2236_4""",0.6580388610921527
"""2032_1""",0.07783468215047148
"""6613_10""",0.7258154656129784
"""1582_8""",0.2707466140822888
"""304_2""",0.051370724614198754
"""2441_10""",0.8088891974518639
"""12437_1""",0.35690960215166456
"""9822_1""",0.21113945064589473
"""10481_3""",0.5737374654237164
"""9193_10""",0.7314910237961335
"""3233_9""",0.7852916289451612
"""7430_8""",0.9134839490541815
"""10049_1""",0.15642203921164613
"""6384_10""",0.6654548179965887
"""3993_9""",0.7999521642513032
"""4545_2""",0.1018021129579922
"""11500_4""",0.3630187871004648
"""12127_10""",0.5796857142375512
"""7277_2""",0.2485708458888982
"""8927_3""",0.3873291713635962
"""5970_9""",0.6435650438373266
"""12115_4""",0.1289676739293034
"""6132_10""",0.6060597332068575
"""4178_9""",0.659769128451186
"""11453_7""",0.257953211488432
"""6569_9""",0.515011743097679
"""3924_7""",0.39041840890935314
"""6425_1""",0.07851104162891559
"""1141_1""",0.23460059414562676
"""3366_2""",0.11793030271290067
"""6700_7""",0.5405496864264783
"""7948_8""",0.5750400637541137
"""2750_8""",0.8145296499551554
"""11326_1""",0.3802625771044207
"""231_8""",0.6458732730832867
"""8941_8""",0.7101475835531929
"""8304_7""",0.2868710304432935
"""12179_2""",0.6429045310985892
"""3808_1""",0.26713394421417563
"""2710_1""",0.22445909417052146
"""4833_1""",0.30411111298095495
"""10405_7""",0.5339834713809846
"""449_9""",0.7138104396360221
"""7259_10""",0.6191266002097531
"""8513_10""",0.8501087880627973
"""801_8""",0.7888797905275414
"""11322_8""",0.4703809394492097
"""8417_9""",0.473420877174161
"""7059_8""",0.5932805404831619
"""681_3""",0.25417998471892034
"""3135_9""",0.8596512488109807
"""7172_3""",0.2798109118250096
"""11061_10""",0.8154679396192073
"""9555_9""",0.5395922737617466
"""1331_1""",0.052018688376945205
"""9155_3""",0.06891769636044758
"""8765_8""",0.81890813381518
"""4714_8""",0.6751232292732477
"""7593_9""",0.6671414084115322
"""7769_1""",0.4727885125430189
"""5016_8""",0.5158541670103961
"""11917_2""",0.37604249858833244
"""3311_8""",0.5554959099500616
"""6784_4""",0.7791430565941
"""6685_7""",0.7079698466412748
"""1232_8""",0.5612029375621456
"""765_2""",0.44674318961780946
"""6159_2""",0.4886537448837873
"""12037_3""",0.14309665652555464
"""60_8""",0.8047288761474013
"""6138_10""",0.7112644116842008
"""4759_4""",0.4671036916695771
"""631_10""",0.7495145637456732
"""5993_10""",0.8413095162727242
"""2751_10""",0.8619923477276477
"""7234_1""",0.5428690154479026
"""7966_3""",0.13544081072091999
"""296_4""",0.3054559861797048
"""8252_4""",0.3077327258523251
"""10333_1""",0.08227302121871988
"""5950_10""",0.6305435690968644
"""2735_9""",0.7738538744326406
"""900_1""",0.18898276271389533
"""2350_3""",0.2102178957839434
"""1457_10""",0.6094158084006664
"""10226_10""",0.5808687306256711
"""9198_7""",0.7407797750342219
"""1072_2""",0.15625818669952518
"""8332_10""",0.6538330401840946
"""6264_8""",0.8861745017258316
"""1092_9""",0.808856200634422
"""11888_10""",0.6117210872949793
"""11702_8""",0.4857254346416429
"""8704_1""",0.38728612959469494
"""11458_10""",0.6107551772682512
"""8218_9""",0.2955606016071235
"""3739_8""",0.781471126282551
"""4787_3""",0.3220738475072901
"""12097_10""",0.44453961017496385
"""7894_1""",0.060145375494175
"""11601_2""",0.12862884037475117
"""4417_1""",0.510187182669548
"""11108_10""",0.8466920203277478
"""5673_8""",0.40503450635584026
"""481_2""",0.3274672343555317
"""6892_2""",0.26675031534578264
"""5203_1""",0.4969939369353202
"""18_1""",0.41772720257531426
"""5488_8""",0.8155808816895553
"""750_7""",0.5230717915238479
"""1478_4""",0.364370727830918
"""11340_2""",0.2273878715533707
"""8735_3""",0.24863238783010264
"""7404_3""",0.5374183561199526
"""5681_2""",0.1399995284650718
"""5863_10""",0.26458764859039013
"""602_1""",0.06451776122122486
"""9474_7""",0.7309873975464568
"""12075_3""",0.3206021858640489
"""1148_8""",0.7367876431194884
"""2192_4""",0.6281265539942265
"""1394_1""",0.1837731919383932
"""2643_3""",0.47823346071711115
"""8214_7""",0.5847716191231879
"""6728_1""",0.23268523513285472
"""5397_8""",0.7086239661433651
"""7056_7""",0.3690494954863366
"""2669_3""",0.08776594991000967
"""10713_10""",0.7931220944217422
"""1349_4""",0.535284191672555
"""3254_1""",0.1364544463522266
"""9717_10""",0.6482588184563067
"""11358_4""",0.1743328799014681
"""12262_1""",0.07825361171844931
"""1332_1""",0.07469938067871286
"""6116_2""",0.4691070642815794
"""6324_3""",0.14363883056729018
"""10808_8""",0.6208334709204982
"""11632_4""",0.23486216207214433
"""2881_3""",0.23415370648555597
"""3524_1""",0.05976721584011485
"""10503_8""",0.17362811095019726
"""11525_1""",0.0604970872404406
"""9973_4""",0.26495971030584065
"""9804_1""",0.1284450204574502
"""1865_8""",0.7426362322060557
"""8001_9""",0.5089943376854361
"""5776_8""",0.526370056605352
"""11848_10""",0.8667708664303295
"""4809_3""",0.2699167200613518
"""841_9""",0.6087899634426431
"""227_10""",0.5724279861920742
"""1833_9""",0.6985761103297061
"""9471_10""",0.7659904414984824
"""960_3""",0.1998436133107583
"""10763_1""",0.18893442633462004
"""1330_1""",0.1460312703382138
"""326_9""",0.659911198215855
"""3392_10""",0.7647120719919797
"""5883_2""",0.17291663457785778
"""12168_1""",0.09177883741567039
"""7525_10""",0.6406000596301853
"""10578_1""",0.24358460996167292
"""9173_3""",0.3774778382529453
"""7214_2""",0.4318094799674919
"""7163_10""",0.7052098021120637
"""5177_8""",0.7755630056529869
"""3372_7""",0.3939651575882484
"""6041_8""",0.5636379773797727
"""1590_10""",0.8819373286242409
"""31_10""",0.8237657833801095
"""2533_8""",0.862614505717829
"""7927_10""",0.70446292156258
"""5037_2""",0.2823752718111687
"""6046_2""",0.6744123763346515
"""2099_3""",0.17833377394080097
"""133_1""",0.32165047799541446
"""205_2""",0.35814967410655485
"""374_9""",0.7141938362091568
"""8944_10""",0.5026298840730214
"""799_4""",0.5756153850556538
"""8832_9""",0.41173185962032544
"""3836_10""",0.6806708694274584
"""2940_1""",0.47518170246875135
"""946_1""",0.49281299245087135
"""9310_1""",0.284033830395264
"""5853_8""",0.4351755196248453
"""10852_9""",0.6433983177394299
"""4061_4""",0.6105845829313383
"""10301_10""",0.6801490245708119
"""11104_3""",0.1692761598967998
"""9339_3""",0.2517988385082105
"""537_10""",0.7939812383482102
"""8661_7""",0.594705083485308
"""9381_4""",0.5485214204893426
"""12473_3""",0.4539588493324223
"""5140_8""",0.47295867878310494
"""4624_4""",0.25441762067398627
"""9156_3""",0.5444022118755497
"""5980_2""",0.42977088249238227
"""5920_7""",0.8788193931522305
"""4013_1""",0.3508086411615231
"""11879_2""",0.46044293525695956
"""1317_10""",0.8950556475575867
"""4647_10""",0.738605787948266
"""2550_1""",0.04623210468682418
"""641_8""",0.508672177017511
"""10069_10""",0.673664445771903
"""12215_10""",0.6265521688594518
"""6293_10""",0.6457266502643322
"""1416_7""",0.6605947036242023
"""8561_9""",0.6408190395353784
"""1981_10""",0.4535036399051215
"""1667_2""",0.4331824123677366
"""9680_1""",0.2886756561823812
"""888_1""",0.06572328270210144
"""2202_4""",0.23316816225766374
"""8835_2""",0.3035560443786608
"""9340_3""",0.3210263978308182
"""8742_10""",0.6415098344878413
"""1892_2""",0.11840601338625968
"""11940_10""",0.711423391151689
"""5976_2""",0.22925010431811826
"""5430_8""",0.8629499089846904
"""9125_9""",0.822211953165073
"""5217_8""",0.7516541359610436
"""5257_10""",0.6541431122674105
"""5487_8""",0.7129056403672541
"""10815_8""",0.6992933414047582
"""12438_1""",0.11659370801739585
"""11433_3""",0.4547231264605604
"""11570_1""",0.39052218775121306
"""11880_10""",0.5285636049169679
"""1983_3""",0.2924387951940977
"""2916_1""",0.5163459436242867
"""8119_10""",0.802195969420339
"""10960_2""",0.28889927700534446
"""2798_2""",0.12327748043298584
"""2797_1""",0.14118811677304086
"""9931_4""",0.37357950896107606
"""6244_10""",0.3545290608848338
"""8361_2""",0.2505309604355052
"""7098_10""",0.3750131642081485
"""9107_10""",0.7749863138732688
"""9860_10""",0.7685796752979326
"""10252_1""",0.08975451475018646
"""12015_8""",0.5583365410939847
"""2696_4""",0.29658646644023096
"""9301_8""",0.3119055785811737
"""799_7""",0.5377160731157443
"""9411_7""",0.5958403863441092
"""4172_1""",0.12297302124347846
"""8008_10""",0.7047356229922476
"""11436_1""",0.13978982090096148
"""3464_10""",0.6542143046689776
"""5826_3""",0.2869508510100649
"""5460_4""",0.2073930473787754
"""8920_3""",0.31554212576973434
"""1465_3""",0.1462482958707897
"""7571_1""",0.12592782916622025
"""3416_10""",0.6761681765380628
"""11088_7""",0.8672035050007283
"""7007_10""",0.7168359439439255
"""11317_7""",0.6668596985016804
"""11639_7""",0.609766436027491
"""1871_10""",0.7987177302526812
"""1551_7""",0.78906841973957
"""4089_4""",0.21782462427230478
"""8145_9""",0.7152167924101823
"""1243_7""",0.6685700503170728
"""9082_8""",0.38855673817711567
"""11807_8""",0.4707418854872115
"""6154_10""",0.8089228105000689
"""2082_8""",0.6776652689405864
"""9142_4""",0.7397260364311681
"""6126_8""",0.5197725162831596
"""9774_1""",0.18987189663723672
"""5137_10""",0.37819517142529135
"""11085_1""",0.09021867307262899
"""4541_1""",0.39283323011866933
"""10478_10""",0.9252957418124435
"""8479_3""",0.29072754150538743
"""11220_1""",0.6015519735409597
"""0_10""",0.6326968033005624
"""5235_8""",0.6999040093868616
"""457_2""",0.5899866309379802
"""6784_7""",0.8446484423366075
"""11527_10""",0.74343264193164
"""5935_7""",0.6473234815946638
"""3697_10""",0.8010641857276855
"""8318_10""",0.4663844065151182
"""6770_8""",0.53390647795597
"""11760_7""",0.5421495254133227
"""10344_9""",0.9005574059913978
"""12363_4""",0.48545783694353745
"""2233_2""",0.4474209393184492
"""12184_10""",0.611750300822799
"""4668_8""",0.19259899235966516
"""2293_4""",0.3660760968160647
"""5886_8""",0.6616470654290818
"""8403_4""",0.4324188412556048
"""2493_3""",0.3644585688597088
"""7224_2""",0.30102296539793716
"""7753_10""",0.7389228948550006
"""476_9""",0.5830890969395064
"""3760_7""",0.33167956314768615
"""8371_1""",0.1372116440219526
"""2541_10""",0.835574628200852
"""12052_2""",0.2658755751126592
"""2320_1""",0.32154277485761235
"""5598_8""",0.37503135481320343
"""12342_1""",0.09266704337284802
"""7391_9""",0.4861865472893696
"""2615_1""",0.15578950898985572
"""11251_4""",0.3573819719707833
"""9946_2""",0.13287435793444297
"""10571_10""",0.7008724472066713
"""3984_1""",0.38070751663128677
"""4633_10""",0.7982386488046107
"""548_10""",0.7360012569934508
"""1732_1""",0.05956678397154721
"""3559_7""",0.6704775254068551
"""10212_7""",0.7147525782958215
"""8950_7""",0.6296839453126349
"""8157_10""",0.7324266697923523
"""5986_9""",0.8975080980082136
"""10263_7""",0.6790486392059261
"""2168_10""",0.47638426204882073
"""4424_4""",0.5371431196816457
"""6944_10""",0.6976942424770782
"""11467_7""",0.6209730565316337
"""3630_8""",0.4923778994052783
"""2405_1""",0.18804301769943751
"""7517_1""",0.5731977622306512
"""8116_10""",0.4938530897583403
"""5368_4""",0.5543286675953789
"""2045_1""",0.13983606042725757
"""11303_8""",0.7959936497035249
"""11077_2""",0.17083457932596283
"""6314_10""",0.8428728026946649
"""12137_4""",0.5644234663515106
"""12180_1""",0.2809305258966701
"""6403_10""",0.8048941601426531
"""2019_1""",0.07439363182009749
"""7921_7""",0.5760151427456571
"""3977_10""",0.4736752168193343
"""11277_9""",0.41807820477544694
"""8398_1""",0.09937143390131147
"""1429_3""",0.31614715952592415
"""9628_4""",0.5675520929895105
"""2472_3""",0.4670210951123243
"""5811_4""",0.7204647205555319
"""11663_3""",0.1481731990327918
"""3153_1""",0.09238655452619039
"""11881_2""",0.3127751713274399
"""767_7""",0.6872945986014466
"""12243_10""",0.8957737750214403
"""10969_8""",0.854456467316126
"""8689_10""",0.6766466872419756
"""1854_10""",0.6836066058117332
"""12392_4""",0.1680157108448596
"""6627_2""",0.04546753841051774
"""6819_10""",0.7819435661578227
"""1587_9""",0.6827179116711508
"""6999_10""",0.531951044239579
"""9128_1""",0.5211316876140887
"""7141_1""",0.34490878702204664
"""4485_8""",0.6984760734022645
"""7368_7""",0.6833195846509331
"""7698_4""",0.5996663455010337
"""8376_3""",0.35140869929249463
"""1862_1""",0.2982895647066024
"""11217_9""",0.640948751908752
"""5179_4""",0.43504492201252387
"""6524_3""",0.7087403560476672
"""11877_10""",0.7834695612216562
"""6055_10""",0.8451278539553312
"""9372_1""",0.27429077060993906
"""8029_1""",0.3877958747995114
"""9546_10""",0.13522432304136045
"""5514_10""",0.6737611222907692
"""8869_8""",0.6075585297590529
"""8290_10""",0.8050263462980186
"""11619_9""",0.4187100250615574
"""5949_4""",0.554533172471963
"""10146_1""",0.7448490951890987
"""11776_10""",0.41689038561691966
"""2146_9""",0.7496718466484132
"""6461_10""",0.6393931415607195
"""10480_4""",0.27790390377745716
"""9021_10""",0.5025100111678633
"""11802_10""",0.9333250131423775
"""9139_2""",0.7111485684288426
"""5590_4""",0.47942273357416915
"""5631_9""",0.5907776822939883
"""6333_3""",0.564601991362705
"""10455_1""",0.05887115407011745
"""10394_1""",0.18475468660504066
"""8814_8""",0.6331680284266149
"""11264_3""",0.5220065361802144
"""2255_9""",0.705673461529168
"""3915_8""",0.23871737439792137
"""3386_10""",0.7880028678672042
"""5531_2""",0.5131111308637053
"""1676_4""",0.4563950097896552
"""7711_8""",0.7334432728401602
"""7871_9""",0.672481626676608
"""11101_8""",0.7621563029579673
"""11562_1""",0.25615252297983016
"""11609_10""",0.7488432508271269
"""9556_1""",0.25408413551990455
"""7149_3""",0.5304922028337867
"""11807_3""",0.39707554157023367
"""12106_10""",0.8890185518780943
"""4763_1""",0.272816375409546
"""2007_3""",0.20375755696552744
"""8454_8""",0.7623412928364739
"""4656_10""",0.5851192874908697
"""717_8""",0.6944270676873096
"""3501_4""",0.3079473011303941
"""6562_4""",0.1927912237697099
"""3926_1""",0.29002117135616695
"""7497_1""",0.1266970389663071
"""4257_9""",0.6915795677119335
"""4111_1""",0.11461265168747335
"""9865_10""",0.592542942852698
"""8323_4""",0.690177454124437
"""2228_4""",0.6510310102634155
"""1180_7""",0.7955155276106027
"""6315_8""",0.822175087403198
"""12271_10""",0.6094048670498854
"""4567_2""",0.5534967977435534
"""8745_8""",0.7031237101245182
"""4994_1""",0.056448011510715705
"""2842_4""",0.27311160603229895
"""674_9""",0.5308579466368354
"""4431_3""",0.5487279261792147
"""2534_4""",0.26137315363673475
"""378_9""",0.4082121718467369
"""6039_9""",0.5148404795323328
"""9551_7""",0.7822352453369669
"""1273_7""",0.7076856114882725
"""4222_4""",0.4681188039075063
"""7469_1""",0.507192704703446
"""8733_3""",0.7401339149480377
"""9324_4""",0.606613620807154
"""8888_4""",0.2170384797568967
"""2872_9""",0.3461656503625904
"""2123_8""",0.9115445237369884
"""4982_7""",0.6462329660069721
"""10668_1""",0.19532585659596952
"""2014_7""",0.5489359048246233
"""4211_3""",0.49756472073746955
"""1202_9""",0.8176672085326347
"""5450_4""",0.6096484565352925
"""2484_1""",0.3164072358494655
"""2427_8""",0.47822348700660605
"""405_3""",0.04722020152612095
"""1_10""",0.7533552484267569
"""4498_4""",0.599409421088325
"""50_3""",0.2546823153454946
"""10113_9""",0.6785913451323864
"""8919_3""",0.2566363378756501
"""1338_7""",0.40071752294120644
"""9817_8""",0.8999109984234682
"""10824_7""",0.5937917270270422
"""12165_8""",0.7330109254801536
"""11975_8""",0.5274009579609105
"""8537_1""",0.45687785246259294
"""4443_9""",0.6769825409211738
"""207_3""",0.17828822553041251
"""4247_8""",0.46081319510000873
"""11333_9""",0.7333599076830116
"""6357_2""",0.6765264290216783
"""4477_1""",0.22545740506966602
"""8774_1""",0.3947147297655525
"""10049_8""",0.8410124400272566
"""9621_2""",0.4299164779303864
"""5428_10""",0.8864036956822585
"""11693_3""",0.46557684073184347
"""8731_4""",0.5289928890409519
"""11209_1""",0.2391527689439717
"""10581_10""",0.29136607385937646
"""4289_10""",0.8669247249659746
"""511_7""",0.4832806801937508
"""7832_8""",0.12492925910087328
"""2567_9""",0.7070444815347027
"""4931_1""",0.09188261243687322
"""8770_2""",0.07411538129397688
"""8999_9""",0.8574556770893611
"""9918_1""",0.27228856644057675
"""2254_7""",0.7558229654990748
"""4095_1""",0.4052594815646318
"""8601_2""",0.3053222548707897
"""10347_10""",0.7592624088980106
"""2911_4""",0.5695808996820545
"""12157_7""",0.6508036104890597
"""5154_10""",0.8244605849713126
"""27_9""",0.7869684348451291
"""2586_9""",0.5745596492632192
"""6344_9""",0.8991614625883152
"""1888_4""",0.22070816259144352
"""6630_1""",0.2688636681515176
"""3202_10""",0.7518654300987432
"""1517_9""",0.6909795478127891
"""584_10""",0.7756561263060803
"""2683_4""",0.30411685981428344
"""1721_1""",0.21459374612602392
"""4371_7""",0.7342574533341267
"""4697_3""",0.5530837951520868
"""2977_10""",0.729474856708816
"""1835_3""",0.5812205376281903
"""9872_1""",0.2655008536865682
"""4794_9""",0.5953772912236687
"""5345_10""",0.4799935382797568
"""1230_10""",0.49012335346925473
"""2438_2""",0.2980921340839211
"""5709_9""",0.9020041432719863
"""8007_1""",0.10036646999924238
"""7236_10""",0.3226061988800846
"""7978_10""",0.5316890042893658
"""10608_1""",0.11445521906149034
"""10968_1""",0.14974828267937082
"""3650_1""",0.5156743076201799
"""7966_8""",0.6307650039915196
"""8435_9""",0.8425015906551313
"""6095_3""",0.24297877697704995
"""12457_8""",0.7088096731357107
"""611_10""",0.6750138059283205
"""7589_7""",0.8131775846717615
"""4378_4""",0.33727812364189497
"""9019_3""",0.19915774316105975
"""794_1""",0.4664937967914289
"""5112_4""",0.49420740503852784
"""8698_7""",0.3290877494618055
"""2729_1""",0.11123329676161448
"""9090_1""",0.14700546052196561
"""9641_8""",0.8229286038202541
"""5065_7""",0.6660001042358265
"""3147_10""",0.6221018754760013
"""3971_4""",0.1386191312244664
"""7000_8""",0.5614310349063321
"""6716_1""",0.0819866551263656
"""11482_7""",0.583807098910967
"""9263_4""",0.47663510002383297
"""7901_1""",0.3054774442096023
"""8213_2""",0.4491018025862486
"""1113_8""",0.6600239561907617
"""1013_7""",0.841499120742317
"""2195_9""",0.7689695350079065
"""1371_8""",0.6038906661438351
"""7239_7""",0.5378136999653976
"""11376_1""",0.5060040202629308
"""3506_9""",0.7385916682622935
"""3413_2""",0.5612976543241028
"""8641_1""",0.06449847752438298
"""11587_2""",0.09753308391348346
"""7639_7""",0.2120063045942907
"""8100_8""",0.7884260247459501
"""8151_2""",0.3465194514019082
"""10464_2""",0.20645286080407296
"""2043_3""",0.19940147350637435
"""4454_8""",0.5275045648493538
"""6562_8""",0.7325084940582982
"""8549_8""",0.7135922610258427
"""1209_3""",0.3762921797868301
"""2566_4""",0.1765906664750179
"""5871_10""",0.8234864098652868
"""6459_7""",0.8376452852434007
"""11006_8""",0.8263992314951126
"""3313_8""",0.7851487876847131
"""5290_2""",0.26071725205006063
"""9687_1""",0.17991326045321707
"""4165_10""",0.6470986929699013
"""11120_4""",0.182811517133045
"""3379_2""",0.5130782884215425
"""5814_1""",0.32751135572401907
"""3414_7""",0.6546409816286378
"""7750_7""",0.825522700348515
"""9727_7""",0.6509947393301557
"""3850_9""",0.7679956983345363
"""5954_2""",0.24700245313354582
"""9685_1""",0.09398212854953616
"""9307_3""",0.7199196759378151
"""8727_9""",0.8527898724357194
"""9746_1""",0.10904567845915789
"""9365_8""",0.8019979216074105
"""3361_10""",0.808734040366398
"""4554_3""",0.10221818693973386
"""8952_9""",0.664100023290067
"""4301_1""",0.2924384731666022
"""10764_4""",0.599121887884864
"""2738_10""",0.7273919960108031
"""3554_1""",0.13732140361096712
"""5724_8""",0.656026199476712
"""8804_4""",0.24882444449828317
"""468_8""",0.9232799175580604
"""10527_10""",0.7830487235235617
"""5117_7""",0.6918935739763661
"""3390_4""",0.14064242266335397
"""5875_3""",0.22777450753028114
"""10380_7""",0.7864058614079981
"""887_2""",0.667378412949022
"""2707_8""",0.723423278661581
"""11371_3""",0.2471810170543522
"""535_4""",0.4900044236381603
"""10700_10""",0.42099847875962126
"""3047_10""",0.52362458286768
"""5930_3""",0.5670884424466286
"""6044_10""",0.5574965955221026
"""8679_4""",0.7073133066472649
"""2261_10""",0.3333118378697473
"""9577_10""",0.8044356944133864
"""1999_7""",0.5900965291336311
"""6010_3""",0.625817109880052
"""861_4""",0.4989225835084225
"""4360_2""",0.18971702605560445
"""5373_7""",0.5363252796276103
"""10760_8""",0.8480331856494301
"""12436_10""",0.6478683837721152
"""5149_3""",0.49425031973211975
"""7091_4""",0.7276253964329165
"""5135_9""",0.6254477737582468
"""5552_8""",0.6840997074754039
"""1713_9""",0.749162323001039
"""11445_4""",0.6002259332807512
"""11146_7""",0.6380190385641064
"""5286_9""",0.7900961884180123
"""10518_1""",0.1260235453231482
"""1122_8""",0.7253232695837081
"""7680_1""",0.22924716821977043
"""11042_8""",0.775658091532671
"""6336_1""",0.424399304568667
"""11784_10""",0.2738719004872132
"""8759_10""",0.7829451613667986
"""4362_10""",0.41480351948978095
"""4483_2""",0.09319358193550384
"""7501_8""",0.3862028266435383
"""3516_2""",0.11555309007497916
"""3965_10""",0.5605997526285994
"""4066_8""",0.3798623730110426
"""7802_2""",0.43822262232479203
"""1074_7""",0.520744420551712
"""4555_3""",0.5074578400018381
"""11477_1""",0.15230576027775206
"""5712_10""",0.6220463480347602
"""1175_8""",0.7596970368879704
"""6283_4""",0.4417607460824029
"""11717_1""",0.08377210933650182
"""8029_8""",0.6924899475072618
"""5794_8""",0.8543972633297865
"""8717_2""",0.24404557798923815
"""10682_10""",0.4127326536169877
"""4610_1""",0.3408163184054009
"""4908_9""",0.8107680851671307
"""8325_2""",0.47739328969555145
"""11330_4""",0.5920337657935221
"""5717_10""",0.5015866555999332
"""11421_3""",0.3116287975443257
"""4725_2""",0.1912903993029345
"""2284_9""",0.8656973921178398
"""12433_1""",0.24613243383223132
"""10799_10""",0.645710263783754
"""3213_10""",0.5310352681566326
"""10997_10""",0.5499452942694755
"""3482_9""",0.6511896173358551
"""430_4""",0.31291089506909947
"""6524_9""",0.7762226374562683
"""2270_1""",0.46922233433491667
"""6410_4""",0.4868031827402519
"""224_10""",0.514914812368006
"""10915_8""",0.4792233984592203
"""8882_3""",0.7476241772492284
"""3578_3""",0.4299652437697439
"""7696_1""",0.7490897848439698
"""7307_1""",0.2203688817995683
"""10043_1""",0.3586158159346588
"""6380_4""",0.45927711458646187
"""3109_2""",0.1133520721170951
"""398_4""",0.47483370936716995
"""10498_1""",0.4861168497172589
"""3565_8""",0.7907957508106436
"""7844_9""",0.66152648139701
"""5879_3""",0.4766479839137952
"""5004_1""",0.5453439129023195
"""9347_2""",0.5177789093095113
"""2213_8""",0.7372445070752898
"""3654_8""",0.7073346128064988
"""642_2""",0.07209011860102645
"""9412_8""",0.37479194677060307
"""7418_10""",0.7804025431278683
"""2012_1""",0.1382133476586145
"""308_9""",0.5462590999536506
"""11695_8""",0.6758615042642713
"""7369_10""",0.3554504337438481
"""7363_3""",0.8143199570673498
"""7834_3""",0.37258390605550007
"""7705_10""",0.4996489381256268
"""4554_8""",0.5609145503205416
"""4773_7""",0.6497290689740035
"""11944_2""",0.6653814268254743
"""12303_10""",0.6286205440293204
"""272_10""",0.6879814526274344
"""11678_10""",0.6810780365112247
"""8157_1""",0.5522701482362956
"""1360_7""",0.8041131406958351
"""1702_7""",0.6454108831499363
"""7409_8""",0.8157715671150949
"""3865_8""",0.5737131542558876
"""8266_10""",0.908188900964078
"""3543_3""",0.4928454860898485
"""8542_4""",0.2964560621131296
"""2188_4""",0.25079056947847517
"""7928_10""",0.6568179409572152
"""8271_1""",0.36559201603706293
"""2667_3""",0.3989162178040756
"""136_9""",0.6278178576069892
"""2365_8""",0.562101531633492
"""9516_1""",0.39047344721760024
"""6205_9""",0.7901150449126101
"""12411_1""",0.2000867925357511
"""10549_2""",0.0857686537097076
"""2114_10""",0.7542715538958754
"""8379_3""",0.2748170585324696
"""1555_2""",0.16906614334258255
"""7010_4""",0.4740922807335036
"""10425_1""",0.2767799418329541
"""2970_10""",0.7172609647652441
"""1976_8""",0.6267490351143242
"""4894_8""",0.7560612915389726
"""995_1""",0.415953099357586
"""12087_10""",0.7762156624175262
"""5002_1""",0.3777139575475127
"""10204_2""",0.17778372752160243
"""7689_2""",0.15476159159902728
"""8685_4""",0.4513372512103773
"""4183_1""",0.12677323566851587
"""7719_7""",0.4209899118444014
"""6350_8""",0.6557860603778594
"""6163_8""",0.8300439046033304
"""11247_4""",0.6055275065692879
"""8962_8""",0.6617985284273225
"""7849_9""",0.8274461739992336
"""4177_9""",0.5763428504626245
"""4680_1""",0.6684012844078352
"""10965_8""",0.6350997765271502
"""3534_10""",0.8436275853219235
"""9782_4""",0.10379848993872781
"""9525_9""",0.7285346747360683
"""3743_10""",0.9265850070703776
"""1688_10""",0.7879558572604742
"""4400_4""",0.6157694666492071
"""1660_8""",0.5768436968320806
"""8241_9""",0.8430112235158396
"""1238_8""",0.7620246865384384
"""1081_3""",0.35472621711986
"""6151_2""",0.13228209270973562
"""6025_8""",0.5413667703671694
"""661_9""",0.2566023786645013
"""5670_8""",0.9227286053985917
"""6122_1""",0.5732784669169712
"""1767_10""",0.84962220585157
"""5629_10""",0.6631596365357568
"""8256_10""",0.5574995057994853
"""8572_4""",0.1991848999559079
"""11580_7""",0.6287688878223826
"""525_3""",0.49782900346264375
"""2128_3""",0.3288210031043109
"""10254_8""",0.8366380829268253
"""3082_2""",0.1592150173410094
"""7127_1""",0.5678792786166871
"""9927_7""",0.3019782157688896
"""5694_9""",0.2741418816710859
"""8063_10""",0.8429239534690199
"""10768_1""",0.44772132334329073
"""7375_1""",0.31299597177062505
"""6220_10""",0.6540105244789151
"""4477_10""",0.9122383557952564
"""1350_8""",0.7496299168774081
"""9354_4""",0.8052510822726927
"""9015_2""",0.43822489423043526
"""719_1""",0.4379758270709723
"""10544_3""",0.3633575919988188
"""4496_10""",0.4760530300696712
"""3912_1""",0.12104874778464308
"""10120_10""",0.6085279931676641
"""6958_2""",0.2532935737347512
"""10964_7""",0.8462219848964011
"""4974_1""",0.3329496877762185
"""5591_9""",0.8895506762680064
"""2295_3""",0.3572552582105346
"""17_8""",0.7445485780666294
"""10442_2""",0.20267192376848933
"""3043_10""",0.5151141164266596
"""5243_1""",0.11746591333711567
"""5145_8""",0.5476372317725182
"""5727_7""",0.6750657167667504
"""3406_10""",0.7511150773963813
"""3552_7""",0.6989971923601566
"""1512_1""",0.07907791224044647
"""9214_9""",0.7941222563817386
"""3060_3""",0.47357751117660135
"""9086_3""",0.39030240901297913
"""10428_1""",0.6603177566827888
"""11198_10""",0.4533069929538318
"""1743_4""",0.2097452286918772
"""7795_10""",0.3950700691373653
"""9863_10""",0.48366738062301884
"""182_3""",0.6814047958288681
"""9644_4""",0.4162032963678694
"""10744_2""",0.13160211566757649
"""3393_10""",0.5158304122318385
"""3657_8""",0.8941381619040097
"""10435_1""",0.06279442958541402
"""9206_10""",0.6153616965514392
"""4005_10""",0.46473376153455087
"""5901_3""",0.7268313312989421
"""498_10""",0.5796525460576953
"""9583_2""",0.3151090798708969
"""2336_10""",0.6710094665459863
"""6107_1""",0.6779006738362772
"""7079_7""",0.5444607896588949
"""2769_4""",0.6543859548473542
"""4787_8""",0.8450151887017102
"""11123_1""",0.40660801598811275
"""6466_10""",0.9228595676835616
"""6311_9""",0.7960818424973994
"""1236_7""",0.5822211486095784
"""3635_9""",0.8764793365172437
"""1230_2""",0.34143625801383704
"""8721_7""",0.684308963471848
"""7878_3""",0.2528344050746112
"""11731_7""",0.6718004039427409
"""8732_8""",0.8169824099725206
"""8083_8""",0.7251999396108405
"""3146_1""",0.18286135553760738
"""11395_10""",0.3433659087313004
"""2998_2""",0.3109853189430959
"""3766_4""",0.32973918387775764
"""353_3""",0.5277678104034225
"""8688_7""",0.8699647448618569
"""6137_10""",0.7618547424173084
"""11950_3""",0.5247157078985083
"""5663_1""",0.16896104894651767
"""1108_3""",0.27613292277725743
"""10425_10""",0.7254346434714768
"""913_10""",0.7096436898064343
"""7852_8""",0.5922104975941631
"""14_1""",0.4987560757073792
"""12062_1""",0.0510313500015344
"""1162_1""",0.0563679378246786
"""8648_10""",0.6213245979273659
"""10605_10""",0.785022734295406
"""1091_1""",0.16653428394662378
"""7723_8""",0.5911492536493484
"""5474_8""",0.8190548688119503
"""8308_1""",0.28023915767488883
"""9586_8""",0.4453041824879783
"""5317_4""",0.23521599330643497
"""11283_8""",0.5694481547337638
"""9575_3""",0.11690681271082302
"""8846_9""",0.3964663380624863
"""8756_1""",0.12237239084022043
"""7973_4""",0.23049027709898381
"""9845_3""",0.23530533625571298
"""11335_9""",0.6850012942224079
"""456_8""",0.8366419097857744
"""378_1""",0.5322757866999375
"""9176_1""",0.14682494314858804
"""6371_10""",0.3659200969191311
"""3152_10""",0.3968803422017557
"""7441_4""",0.2536844624018329
"""10123_4""",0.7023971612954611
"""6777_1""",0.44033145025030135
"""7479_1""",0.3537473158040209
"""5563_1""",0.4251145610958849
"""9076_7""",0.2213710581283539
"""11744_1""",0.4998909106402828
"""1040_4""",0.2746866285000444
"""920_1""",0.0771669332885641
"""3599_4""",0.17885400993613282
"""9629_3""",0.16814292477819648
"""12346_1""",0.6023029517424374
"""4237_8""",0.391818490012586
"""6596_10""",0.6120725463919252
"""11576_1""",0.09275094651603494
"""1140_1""",0.2889293502426841
"""2945_8""",0.5179277152045618
"""7518_9""",0.4028685337385259
"""3435_1""",0.1016178831799864
"""8219_3""",0.5290388206865133
"""6758_10""",0.7684464667642878
"""484_8""",0.5402904906703154
"""10012_1""",0.08296277695996596
"""718_10""",0.7935436210534985
"""12293_7""",0.7287283968421053
"""6241_3""",0.1439968124527368
"""10635_10""",0.8735244608823005
"""2563_1""",0.23140623711147656
"""7682_10""",0.6122314423247238
"""4993_7""",0.9098708837968869
"""12153_4""",0.37067408625478826
"""8559_7""",0.43908410250460855
"""9700_4""",0.7666089359419478
"""660_2""",0.30786513691874046
"""11457_4""",0.5215438304137726
"""7146_1""",0.5071237836205653
"""3771_2""",0.5358671264834404
"""8333_3""",0.6501591416564946
"""11740_7""",0.7413687601743795
"""7035_2""",0.24687455289185567
"""7054_1""",0.10064207702426327
"""12292_4""",0.15499626762028937
"""8881_4""",0.5387491917650425
"""7264_8""",0.5211876051560296
"""11168_1""",0.4281534554070803
"""1145_9""",0.9290516174197724
"""781_9""",0.863587030288326
"""5694_4""",0.1074678247829093
"""2637_10""",0.5662753762146545
"""5812_8""",0.4281464355325833
"""6335_10""",0.616421464709571
"""10491_3""",0.20764171269308615
"""4684_2""",0.0647889933709605
"""3810_2""",0.2751827650248825
"""12264_3""",0.16119958465256495
"""8018_10""",0.8054561652397516
"""12185_10""",0.5200810717901718
"""3959_3""",0.6203109467314005
"""9829_7""",0.6048512171538062
"""4694_4""",0.2896470009974893
"""3884_1""",0.15408759453751328
"""8027_10""",0.875478738322808
"""743_2""",0.4348368514461075
"""7036_1""",0.08128150092875835
"""3081_1""",0.25459259883158497
"""4606_10""",0.6530219017124769
"""503_2""",0.3331226826275788
"""6989_10""",0.676336263063894
"""10059_1""",0.40809659709621493
"""1380_9""",0.221814324187525
"""3247_1""",0.3987925674917927
"""6308_8""",0.8513191909620751
"""1592_2""",0.16607277855511107
"""3167_1""",0.05570320425084892
"""6357_10""",0.45048547026439684
"""7107_7""",0.2030742578786955
"""5335_8""",0.8108359664304845
"""11948_2""",0.24314457052183475
"""10805_4""",0.4293187093108577
"""638_7""",0.5207752433873893
"""4311_2""",0.1676880905624852
"""11795_8""",0.5045429379038855
"""8031_9""",0.7599670752997149
"""11930_2""",0.6611913940431697
"""7886_3""",0.4300129384328051
"""7253_10""",0.8363617002572333
"""10955_3""",0.39244240591817736
"""10680_2""",0.14026483583249524
"""8754_10""",0.7622931666468861
"""9556_8""",0.6704494742322922
"""3076_10""",0.677467753316416
"""1544_3""",0.4238169340087649
"""2726_3""",0.18698786669780085
"""8545_3""",0.4856734657073373
"""3175_3""",0.2063621960840903
"""2864_9""",0.34267884703960483
"""547_4""",0.6960360833894823
"""2831_9""",0.4516135482380894
"""5321_4""",0.5263779298754039
"""4675_8""",0.6568012180461652
"""11787_4""",0.19012832636090313
"""2837_10""",0.6574963110430824
"""7730_8""",0.5042233241787997
"""2309_10""",0.47042398642016303
"""9078_7""",0.7942251889979239
"""8160_10""",0.6893119973104634
"""7824_1""",0.21021873097533997
"""9926_8""",0.6632840473560505
"""3507_1""",0.23588218113242443
"""5878_3""",0.16442885933356466
"""6708_4""",0.40815345409696474
"""1096_3""",0.5168619079309387
"""4556_8""",0.5214411768674726
"""3667_10""",0.3342660451695865
"""9565_3""",0.2763226270893422
"""4737_9""",0.5064224630276866
"""12134_1""",0.16477012659258275
"""9413_7""",0.6735129177612187
"""1002_9""",0.7261322093470881
"""4889_4""",0.7260822337791784
"""3453_1""",0.43564775405657763
"""2763_2""",0.26744416924195724
"""8248_8""",0.6109304545685632
"""1881_1""",0.7074451348147894
"""3528_10""",0.7786713486002226
"""3630_1""",0.27608164389859047
"""11390_10""",0.931532127436286
"""3991_8""",0.5682713188426639
"""7650_8""",0.18949914709690754
"""4527_8""",0.5665857396600601
"""10307_2""",0.737545501232508
"""8872_4""",0.3237419526233509
"""1741_10""",0.6259250969481844
"""12170_9""",0.7142447680242101
"""11196_4""",0.2494639523971027
"""5524_10""",0.513939574458545
"""1926_3""",0.2477874681400787
"""1279_8""",0.4468107949455439
"""1444_8""",0.6593357872548526
"""8975_8""",0.8074119860633024
"""7157_10""",0.8770374914264341
"""11973_2""",0.06516691220991545
"""7022_1""",0.5498993564253432
"""6939_10""",0.6749470227510573
"""6732_9""",0.46365557523630274
"""3689_1""",0.11587732422688837
"""10228_1""",0.3624198805133931
"""6314_3""",0.5311865324031898
"""4285_8""",0.6391459495380495
"""10086_10""",0.7197631392393538
"""9899_1""",0.3067731439564311
"""7556_10""",0.8127011088878477
"""12299_3""",0.30233565986980204
"""11872_3""",0.35069957391948414
"""4257_1""",0.4018596650615382
"""3028_7""",0.3295252815638969
"""2545_10""",0.873520288145879
"""8036_4""",0.40885270668996726
"""5948_2""",0.4296827843039217
"""12113_1""",0.16171628185564316
"""1738_4""",0.3392097523846131
"""9808_10""",0.5410253881631024
"""2629_4""",0.21230712978112998
"""12003_9""",0.6312891877153541
"""6725_8""",0.7512878181147794
"""5383_8""",0.8120266553058357
"""12097_1""",0.17051847146311708
"""11402_9""",0.7264325352929076
"""3877_3""",0.6009637494913264
"""3765_4""",0.41320114421367005
"""11431_7""",0.8763586413901129
"""7419_3""",0.1807158143641404
"""9844_8""",0.7248994569618833
"""9753_1""",0.6098732791716299
"""12377_1""",0.3869694087741333
"""2775_10""",0.382266647240681
"""11106_1""",0.20508617665501166
"""10015_8""",0.5599345032969791
"""9473_9""",0.6483823874070883
"""3633_9""",0.6705714832233539
"""9022_8""",0.5817966918236394
"""608_1""",0.14369896965635715
"""10724_1""",0.17526921610006713
"""1059_10""",0.8863851156190452
"""8413_3""",0.11425794739514761
"""2013_1""",0.1117388916894427
"""2814_10""",0.5003845209469774
"""9166_4""",0.47822721861728257
"""6566_7""",0.3405229231100602
"""9352_10""",0.7231383470729787
"""8123_1""",0.29853816746026046
"""10825_3""",0.2779298538717512
"""3735_8""",0.8837728583818567
"""7595_2""",0.07700345104840522
"""4946_1""",0.13678996662002615
"""8327_9""",0.6103611420279398
"""5140_2""",0.41419836577537855
"""10986_1""",0.3030676130814285
"""7385_8""",0.6851556470394108
"""3722_1""",0.06103905688849417
"""9799_2""",0.21237097635308191
"""1288_8""",0.765390154118306
"""8089_1""",0.35199729496298543
"""11279_4""",0.6283275310158098
"""4845_10""",0.8501295898095627
"""8354_8""",0.6669096667250183
"""1373_10""",0.23615084985317092
"""5431_7""",0.5975923256484419
"""1245_2""",0.186651357026045
"""11429_7""",0.47038242257150353
"""11606_4""",0.8759747172536982
"""4192_10""",0.23545559495303714
"""3443_1""",0.17143591784835732
"""4957_2""",0.17733986062822207
"""4971_8""",0.3366689152153459
"""913_1""",0.22905821626408074
"""10311_10""",0.7018270036290652
"""10558_9""",0.8603737065691206
"""304_10""",0.7567104598753147
"""7499_9""",0.6113146036344128
"""6529_10""",0.28325709652546616
"""2069_10""",0.7066879635156654
"""1366_10""",0.6929085773237383
"""10303_3""",0.305238408222017
"""4476_8""",0.7240955568068013
"""8032_10""",0.6360733063353444
"""8392_8""",0.6423563783777627
"""10158_9""",0.7528385577454678
"""10886_7""",0.3819010753958533
"""1789_2""",0.44788405693548383
"""3113_1""",0.2513958070290414
"""7713_1""",0.06294484338629035
"""2685_10""",0.7670943479368262
"""9760_10""",0.8182595348412698
"""12401_10""",0.47148354473030984
"""2489_10""",0.5772168939844898
"""6382_1""",0.22703511636829668
"""2352_2""",0.3996634930628802
"""9440_1""",0.0993296155873657
"""10695_10""",0.4170647268370532
"""7297_8""",0.2680336131836612
"""11703_4""",0.5883570411535516
"""4733_1""",0.37518176304432205
"""1769_4""",0.3288932009723887
"""12219_7""",0.4216036011919579
"""1725_1""",0.18791623251185158
"""1711_8""",0.7023622815305529
"""7466_8""",0.5039293758864176
"""6987_10""",0.5105888230094289
"""12351_1""",0.10993684497464543
"""4929_10""",0.7967266348723766
"""10281_4""",0.43635407043197083
"""11555_7""",0.48428679999739316
"""2075_9""",0.7279525241863593
"""755_10""",0.4963883674844835
"""11705_8""",0.5891524648206388
"""1434_10""",0.68166463742503
"""6189_7""",0.5366471010210602
"""3645_7""",0.3249426842039265
"""2963_9""",0.8199853134906171
"""3487_9""",0.7271786274590153
"""6368_7""",0.748162082133497
"""2240_1""",0.3485321194347603
"""10126_9""",0.5598284037638204
"""5366_1""",0.3111347543999925
"""8058_10""",0.48784398115709754
"""10746_8""",0.502514960694229
"""4852_3""",0.3282928196963812
"""5371_7""",0.2655711073619615
"""303_2""",0.2879288350629034
"""7169_4""",0.4418096105453446
"""4284_3""",0.43004805163057513
"""7539_2""",0.22470749895456563
"""11410_1""",0.2953920302514334
"""4710_2""",0.35722094919313585
"""7660_1""",0.3298142836013669
"""10378_8""",0.4288069706228962
"""10580_10""",0.851899969389249
"""4295_1""",0.14625976055981482
"""4433_1""",0.35612139109331137
"""6959_9""",0.8726986446908289
"""6769_4""",0.557428058885222
"""11996_1""",0.05735604362669537
"""10341_7""",0.6477870168321556
"""2337_1""",0.4981492720433831
"""11119_8""",0.7614603523273393
"""4228_2""",0.25566175827566684
"""3680_1""",0.2210086553428494
"""11256_1""",0.418217767460216
"""1884_7""",0.4013172907513694
"""4750_8""",0.5196242253764232
"""4890_3""",0.6724986893908097
"""7159_10""",0.6771382078287508
"""10622_1""",0.09761414662246967
"""11753_1""",0.7045213474341366
"""8352_10""",0.5944205974011781
"""2188_9""",0.8141238830277808
"""6913_9""",0.8342316309292062
"""9193_1""",0.05575663042522733
"""9572_4""",0.41102504513517446
"""5136_2""",0.4377948380655682
"""4799_2""",0.3865337175424288
"""5045_8""",0.8116906131112926
"""9538_1""",0.19016655209341213
"""1565_4""",0.5564207589909209
"""12134_7""",0.7958636812601314
"""1437_8""",0.603724434001639
"""5319_9""",0.7045053361762161
"""3709_10""",0.8252383556822456
"""2642_8""",0.5699095383252519
"""11143_9""",0.5586886071741806
"""864_10""",0.7693734968212563
"""9283_3""",0.6678503573380428
"""5089_9""",0.6144838613975097
"""9917_10""",0.7334859333602853
"""3800_7""",0.8486753370963932
"""6074_7""",0.7133402863425854
"""6433_7""",0.7969169171007312
"""6715_1""",0.05852236413985671
"""594_1""",0.07338952909583953
"""2469_1""",0.1683230008290958
"""3155_1""",0.3908627731734821
"""7458_10""",0.6650844166180115
"""2020_1""",0.23606845693161682
"""6921_8""",0.43265806320163364
"""9662_7""",0.8445999180012912
"""9567_7""",0.8159519710877305
"""5187_1""",0.5125315761360477
"""6831_4""",0.3305563408148499
"""7829_4""",0.5632435196512429
"""3868_3""",0.711008181693485
"""2224_10""",0.5869521845139092
"""12015_1""",0.3308975365951606
"""841_1""",0.2609828026589091
"""224_3""",0.34698226143560235
"""4805_9""",0.777004273483311
"""7513_2""",0.3083977656630666
"""7065_3""",0.34192968220918707
"""6192_3""",0.6240558691229902
"""6075_10""",0.760246246824421
"""10611_7""",0.9071914751935349
"""10471_10""",0.8793894922165201
"""4198_10""",0.34187597012307547
"""10756_7""",0.6313483454975627
"""11960_1""",0.15507217491280675
"""2885_9""",0.8534930210848544
"""6837_3""",0.26401287379041505
"""1917_2""",0.38960620348154607
"""7143_3""",0.4199284352918367
"""1762_10""",0.5301568946562628
"""12066_10""",0.8727298617068364
"""8410_7""",0.7019819618575811
"""10729_4""",0.7062692786436239
"""6967_3""",0.2962259855752716
"""734_7""",0.4672805041732663
"""1524_10""",0.8475939777333953
"""2479_9""",0.3990880273382259
"""130_4""",0.12276057784153989
"""201_9""",0.80585355112584
"""6157_9""",0.6118169176085381
"""9362_2""",0.17894459563447207
"""3858_10""",0.5893905072551087
"""9895_10""",0.8001476591942898
"""9953_3""",0.30675653461060387
"""4667_7""",0.5461907489433405
"""1951_1""",0.07897099246204285
"""8724_8""",0.8599298694267524
"""2886_7""",0.6755720764583921
"""7491_10""",0.6803309810502133
"""10403_4""",0.4896397604361306
"""7362_10""",0.3394203371271858
"""9466_9""",0.8851800407936957
"""9079_7""",0.4381440567325041
"""10171_1""",0.22376541920948564
"""9511_9""",0.49102506271844026
"""8775_1""",0.5699522304284461
"""6462_2""",0.5690106267473075
"""3129_2""",0.5021503552193994
"""12461_1""",0.3157788951303328
"""8541_10""",0.25284351544283484
"""4241_7""",0.5689595210346955
"""6533_10""",0.20753976598581364
"""12131_2""",0.537780476817052
"""11577_4""",0.27552924827594744
"""6063_3""",0.4573489128178163
"""1760_9""",0.7247561476658088
"""3396_1""",0.34014794885558003
"""5385_8""",0.6891735050465242
"""7212_2""",0.2107967202958728
"""3522_8""",0.39895300625017605
"""1397_10""",0.5064506674418655
"""387_8""",0.84604538450351
"""4143_9""",0.6348870277774776
"""9483_2""",0.47664636943684
"""3250_10""",0.813501699678859
"""8758_4""",0.09553919907781662
"""7551_10""",0.7714565431211398
"""2068_1""",0.4935654991894854
"""9534_9""",0.6541807841874459
"""11561_8""",0.4229065570579561
"""3083_2""",0.4079246583015608
"""2973_1""",0.3732313996990109
"""6574_10""",0.831715635943599
"""5442_2""",0.31500618644784834
"""6343_3""",0.4680367020049374
"""6723_1""",0.17157704413272337
"""6252_8""",0.29054406821432777
"""8465_1""",0.11457424958605307
"""1906_7""",0.23534250720355637
"""7492_7""",0.45814396123167733
"""5508_7""",0.16732710814039964
"""5936_8""",0.7346992720393825
"""5086_8""",0.6055238397713754
"""2134_7""",0.4667097178135262
"""8301_4""",0.5661992035414848
"""8423_2""",0.3975721260552637
"""6241_10""",0.7273208548879383
"""8550_4""",0.573282093337008
"""3330_10""",0.544696068807376
"""8825_8""",0.6326809453001576
"""8030_1""",0.2176127785738822
"""4884_4""",0.4321755654515122
"""8391_9""",0.5213108518733731
"""9776_1""",0.23829826688016034
"""1389_7""",0.5153498658540282
"""12224_4""",0.6823680996063373
"""2162_7""",0.5057010193513989
"""8490_10""",0.8694116113854095
"""12003_4""",0.2857268262042675
"""11043_3""",0.27380721865660534
"""7266_2""",0.17601582693583306
"""4480_10""",0.6517112948816967
"""11954_9""",0.5699627085859398
"""3280_2""",0.368489937409154
"""8084_2""",0.17758357050428727
"""3913_4""",0.4877476899545205
"""7353_10""",0.5392556709808977
"""3161_10""",0.7195518245177793
"""3941_1""",0.4238907018307802
"""7992_9""",0.8253198727918263
"""10742_10""",0.81846520378144
"""69_10""",0.7364783376694843
"""10415_3""",0.4247855416430417
"""4818_10""",0.780441552600186
"""5563_10""",0.5196933707699789
"""7018_10""",0.6103596791830683
"""8873_4""",0.15547257780994603
"""10593_3""",0.2292291639280265
"""12251_3""",0.3438631364826761
"""731_4""",0.5010340546626947
"""1195_10""",0.680184956767143
"""7337_1""",0.6944075171928306
"""2448_7""",0.702815234331663
"""4444_2""",0.5124103757953811
"""9223_2""",0.1271841349128823
"""463_8""",0.49893026100907845
"""4335_4""",0.3557905912523341
"""9635_8""",0.18575680099777386
"""8738_4""",0.5500137564377623
"""6724_1""",0.15121241712486894
"""5504_1""",0.052444448321466955
"""10185_1""",0.26379152997009964
"""901_9""",0.6500472820385798
"""10452_8""",0.7492324004527408
"""8289_10""",0.9117966203666267
"""10112_1""",0.052286312754445945
"""9950_8""",0.5619457587028649
"""8644_4""",0.442205278467783
"""11534_7""",0.45210085850649917
"""5708_4""",0.5348783941816396
"""6781_1""",0.12127882380006244
"""3582_10""",0.6562061732778394
"""4591_7""",0.2525530619975922
"""3327_1""",0.33368178945752325
"""9536_9""",0.8206724246030683
"""3047_2""",0.40633681833915025
"""2830_9""",0.712604268461978
"""4300_1""",0.1443316115861391
"""4160_4""",0.5381583483162408
"""11783_10""",0.5507563465653865
"""6029_9""",0.5872938225336874
"""6907_2""",0.3450379319051801
"""691_2""",0.3275756349102669
"""585_1""",0.36678969457198407
"""11182_3""",0.5387307531474737
"""10433_2""",0.08520664026227542
"""11201_2""",0.6210114186097444
"""588_7""",0.7640604717313457
"""2522_10""",0.5302124482615233
"""7002_2""",0.14502131636799923
"""2059_10""",0.6553472457192998
"""4925_10""",0.6529269773130767
"""7791_9""",0.5613562798986265
"""6392_10""",0.510785913729986
"""3305_7""",0.8298136536026474
"""11951_10""",0.2808837174104323
"""12167_1""",0.2575111488871148
"""5814_10""",0.8073099774779676
"""2590_10""",0.4303541331542077
"""10571_3""",0.12784466039109638
"""5452_4""",0.4796706174084325
"""6480_10""",0.5672410130043132
"""11050_8""",0.8755063954209499
"""11523_3""",0.1531470974798651
"""6556_8""",0.6013860178960583
"""597_9""",0.8002764458473322
"""4049_3""",0.3828389222357157
"""6652_8""",0.8823239845852785
"""5591_4""",0.2321686685788744
"""12295_1""",0.2612973351621421
"""11478_10""",0.7302036885897972
"""6436_1""",0.271553104061357
"""2487_2""",0.42588179143422294
"""7520_7""",0.5905240704082935
"""5203_9""",0.5030730452814288
"""6162_10""",0.8037913953342732
"""3840_4""",0.19872014142527825
"""7471_10""",0.7736420050910856
"""5021_1""",0.27185638267548556
"""5593_10""",0.7848913246546492
"""7489_10""",0.2751811688410208
"""1208_10""",0.6120882271551235
"""11983_10""",0.6146181505131266
"""23_4""",0.2908241769322584
"""3622_7""",0.34766010476062903
"""7821_1""",0.1134266586464138
"""9726_3""",0.30015996444452414
"""2890_10""",0.656686465368076
"""11695_4""",0.4222296748024638
"""3751_10""",0.5887444066180738
"""5136_8""",0.3960088197866357
"""8730_7""",0.7264083501558041
"""4341_7""",0.07542013601382767
"""9148_3""",0.22274447114218038
"""6385_3""",0.39575187730845235
"""8560_8""",0.30485183818171263
"""766_2""",0.415137471361805
"""8847_10""",0.5007063586543152
"""7455_1""",0.0642767812787681
"""3187_8""",0.6611403797239536
"""9683_1""",0.19333460979546885
"""7744_10""",0.7468409308330745
"""11136_10""",0.8543209751185042
"""214_1""",0.15418346778938233
"""2105_9""",0.7799682982887348
"""1265_10""",0.6051309722731969
"""9122_2""",0.6837811727868381
"""9296_10""",0.6048446696645595
"""8107_2""",0.4028465972354463
"""8134_2""",0.056122447481011424
"""3788_10""",0.7192214987695695
"""2429_10""",0.5739008779648003
"""8567_1""",0.20849223721398805
"""7400_10""",0.2001702743669592
"""1789_7""",0.5978459002967205
"""11098_2""",0.2211662651896905
"""918_10""",0.24071668156164786
"""3389_10""",0.6093479998715531
"""3754_1""",0.5660125345664242
"""8807_9""",0.515616936130016
"""7900_9""",0.9424083180901528
"""6541_1""",0.0748081111889748
"""981_1""",0.10825763108481005
"""2142_9""",0.5872054886658692
"""1639_1""",0.21511729476137678
"""4162_1""",0.24831079031246783
"""2476_10""",0.6710889210580478
"""9941_4""",0.7059743064260213
"""4020_3""",0.4219034155982648
"""6823_4""",0.21118812127247621
"""6236_2""",0.3072480863143566
"""7793_4""",0.5178481397160158
"""7431_9""",0.8174687412493618
"""6864_7""",0.49117223592545306
"""184_9""",0.5791090172663044
"""735_7""",0.39514629979947863
"""1673_8""",0.7982146731285517
"""6209_1""",0.24435411801886175
"""4167_10""",0.8671859201786861
"""7854_1""",0.46169210588408505
"""6281_7""",0.5387229638122478
"""3045_1""",0.15645463187963707
"""598_9""",0.6991382989824872
"""5411_10""",0.8425352721806482
"""3781_4""",0.204216574062878
"""10627_2""",0.43747232171711453
"""11283_2""",0.509334064264403
"""4594_8""",0.4436982836187635
"""12424_7""",0.38536266626925625
"""6705_8""",0.3619163453918956
"""5274_8""",0.3207030902068916
"""2107_7""",0.4087078347660028
"""10685_7""",0.47626228828443773
"""1992_10""",0.6925225761432476
"""6711_1""",0.34330791393325066
"""1899_10""",0.4045524577113219
"""6307_9""",0.8575092639769359
"""5702_10""",0.6450298342511723
"""6865_7""",0.5163088668375108
"""5047_10""",0.7146863899210909
"""2762_8""",0.5246366980811525
"""2830_4""",0.6703218389559182
"""9305_7""",0.7257433502632655
"""4358_1""",0.36882612028052186
"""7558_10""",0.9261594451046574
"""8607_10""",0.5561347263946249
"""4599_9""",0.1889484880439079
"""5267_4""",0.32980234935284974
"""5667_10""",0.5648496339318074
"""10108_8""",0.7981262625477231
"""8432_3""",0.3625376877626482
"""845_2""",0.6073918881777886
"""552_2""",0.6354692713657005
"""169_7""",0.23199652574268717
"""12311_1""",0.327064995247493
"""5884_3""",0.524049208233953
"""2938_4""",0.5938414404398433
"""11378_7""",0.8839132540877703
"""7337_10""",0.8300727212524184
"""4378_7""",0.6851862633726236
"""4660_10""",0.7440002900468873
"""2461_4""",0.3427758138640348
"""7011_10""",0.8342724318239055
"""9907_2""",0.18685812618505898
"""6134_2""",0.11734395211338104
"""1548_1""",0.6868455688478372
"""157_3""",0.6049315926374216
"""2189_2""",0.10401277541985868
"""9021_3""",0.5589743746806749
"""7699_1""",0.19257823280295092
"""9298_1""",0.1511751482505554
"""539_3""",0.3981208995678252
"""10243_2""",0.09692982085620297
"""8659_9""",0.723486486519987
"""10748_8""",0.22653168689197187
"""6757_4""",0.18581327383494461
"""7196_8""",0.4714010485420087
"""2579_9""",0.5733311999356783
"""5896_10""",0.8932925260889104
"""2308_9""",0.5128602944832165
"""12318_1""",0.2822830441322586
"""12244_4""",0.4371526423530792
"""10131_7""",0.7279530792169047
"""3608_4""",0.5353276917949613
"""10891_10""",0.8708152754965571
"""10517_10""",0.7276556728765081
"""2180_8""",0.770818317325718
"""2498_7""",0.8432104273693387
"""3382_1""",0.050234378597318725
"""12196_4""",0.43526270728206706
"""7079_3""",0.4805223728690385
"""562_8""",0.4856615832357843
"""984_3""",0.5402684613132162
"""7756_10""",0.49517778612183927
"""11553_1""",0.47590871258526846
"""1880_4""",0.6370514020793476
"""9842_7""",0.6523518019945702
"""795_3""",0.22468201844441674
"""11707_10""",0.5281624168415004
"""8457_9""",0.6147310293883705
"""2483_4""",0.18804572544648168
"""4903_3""",0.5744196945611906
"""12223_2""",0.3568611923311281
"""8418_2""",0.3117257600883717
"""6194_10""",0.7912844589083693
"""3214_10""",0.753671001183345
"""12208_3""",0.490558960914842
"""7001_10""",0.4224374877248135
"""8533_8""",0.3465209381928859
"""8236_4""",0.1371716304246352
"""2867_1""",0.3368741289541631
"""7876_9""",0.4942722605044218
"""9640_8""",0.6601672880195504
"""11866_3""",0.26174587579374536
"""4262_4""",0.5951971007472342
"""5711_4""",0.37168832215869974
"""214_9""",0.5454014167748004
"""9641_4""",0.2165693614143101
"""9086_9""",0.8660908537074431
"""12088_2""",0.4261448712852458
"""76_8""",0.9157454147009044
"""1537_10""",0.6786226230392507
"""10510_2""",0.09398850348243323
"""778_1""",0.20798882898770857
"""458_9""",0.602360691165811
"""12472_1""",0.0860909215803012
"""7914_1""",0.42448978178164204
"""8595_10""",0.7571799412670016
"""7741_4""",0.283126289530567
"""9056_4""",0.3313537640457077
"""538_4""",0.40520400716697064
"""12049_4""",0.7617531659282446
"""9613_8""",0.544931434267677
"""7051_4""",0.31238912660829954
"""2549_7""",0.646000971108378
"""12139_3""",0.4097625047571215
"""4006_7""",0.5707984951350188
"""11662_10""",0.483610003764137
"""497_2""",0.20308303306534725
"""5556_2""",0.14427063397304743
"""8287_10""",0.7812670331998782
"""4712_9""",0.7556751019479752
"""8237_1""",0.04970867206805447
"""4466_9""",0.6074642494761808
"""4141_1""",0.3783919133841145
"""3303_10""",0.607589076656301
"""5384_2""",0.4260096937803754
"""8494_1""",0.2155690731737719
"""5127_2""",0.11991144308275908
"""6961_9""",0.7090204324189018
"""10856_1""",0.3150903265035292
"""9421_7""",0.7088189368024278
"""3776_10""",0.6367516087095576
"""5958_1""",0.09283067918033318
"""6227_8""",0.35273397140811047
"""10991_1""",0.5797432579247357
"""7996_10""",0.5183653682469476
"""12372_9""",0.7875623633754292
"""1460_2""",0.46688164044155656
"""10183_1""",0.3171845821424493
"""2829_4""",0.15980634093532406
"""9797_4""",0.6034415963496942
"""2988_3""",0.10214494798345627
"""3974_3""",0.38766384946878424
"""11419_4""",0.17235281881382197
"""11472_7""",0.40583464348929704
"""8489_7""",0.6007290610044246
"""11938_4""",0.39957651508576464
"""1057_8""",0.7768344354036668
"""7213_1""",0.1558425249274109
"""2615_10""",0.5709467582789428
"""3101_1""",0.3532393220326565
"""7553_1""",0.5900710159297493
"""10258_1""",0.1959111390289604
"""8551_10""",0.8806446055683019
"""11233_4""",0.18761418788141446
"""2996_4""",0.6377373725667261
"""8670_3""",0.557430069805773
"""10586_9""",0.37824604445993254
"""501_10""",0.48928888445838253
"""11398_9""",0.8839478365226421
"""9223_8""",0.7930558374597411
"""5432_9""",0.7829928834828166
"""7517_10""",0.5723808922963088
"""11616_7""",0.5391663846463574
"""5055_2""",0.2879422469777158
"""9285_1""",0.2677129313903582
"""5175_1""",0.5845756234660411
"""872_1""",0.1616877406503281
"""8890_7""",0.5879053262436946
"""178_2""",0.3137139060733282
"""10660_4""",0.3454403063949536
"""11461_4""",0.5211572255740554
"""9461_8""",0.6843821362863197
"""3992_3""",0.4026561548118974
"""1173_1""",0.06342626862450192
"""8261_10""",0.5625598784260992
"""10007_4""",0.3538976466959211
"""10751_10""",0.56188490171612
"""5021_8""",0.7005102390447493
"""10553_7""",0.8261697072097749
"""12464_8""",0.7527151690589922
"""8616_8""",0.6030706361793716
"""9697_1""",0.13229132772088067
"""2800_1""",0.2017149032723894
"""521_1""",0.1305200923628476
"""7535_10""",0.5478678276201285
"""4352_9""",0.61012901397816
"""2246_10""",0.6622406968656819
"""7039_4""",0.4514537865539902
"""10344_4""",0.38492040898658436
"""12195_10""",0.5841226430356005
"""3671_4""",0.7575472835067698
"""1767_2""",0.30717539288842927
"""6536_1""",0.21251751969496013
"""8951_1""",0.3246818507272849
"""12462_9""",0.9193958732870047
"""8489_2""",0.07501081822017074
"""11884_10""",0.7463410974314253
"""8602_1""",0.16898948521955368
"""9229_1""",0.16567171215976484
"""10611_3""",0.39744196476842825
"""6764_4""",0.3627331362551537
"""2612_1""",0.33677970220146924
"""213_3""",0.3332371141954291
"""1987_2""",0.49041799948377063
"""3082_9""",0.7182514384466656
"""10504_7""",0.4115466770873505
"""8862_9""",0.623807340031034
"""5512_10""",0.43320438099242226
"""3198_10""",0.7798048850868006
"""11521_1""",0.12480797273627976
"""9841_8""",0.7519624829259233
"""1781_10""",0.5445151120521248
"""8389_1""",0.31790672392206276
"""10225_1""",0.3970776014873694
"""1403_4""",0.4747817045949809
"""3792_8""",0.6335258150005728
"""4361_9""",0.7585815704917901
"""6579_7""",0.6003780854055812
"""3891_2""",0.36641690364883334
"""10782_8""",0.6544763677716466
"""12290_2""",0.348016471532943
"""1710_1""",0.2599387760454958
"""5507_7""",0.22729553221960508
"""10523_1""",0.5963817697147721
"""6722_10""",0.7953897719650936
"""3401_10""",0.8476666277036358
"""8079_1""",0.07699318326510841
"""5650_10""",0.5024593830635876
"""1843_4""",0.260270856907415
"""8228_7""",0.7033170631568751
"""1138_8""",0.5359268628358316
"""7943_9""",0.3542715485895278
"""2219_4""",0.09756020048971764
"""11675_4""",0.6321289822557722
"""7748_9""",0.8684704709916065
"""3859_1""",0.09415108036798049
"""1497_1""",0.0742082534045503
"""2115_10""",0.9058052686946916
"""9622_4""",0.3900743005419825
"""9482_10""",0.7707572947385883
"""9084_2""",0.297518052401344
"""2744_1""",0.2689014055368477
"""6599_3""",0.3747787610304123
"""10991_10""",0.67552943993918
"""8444_9""",0.6181833792384361
"""1362_3""",0.13729323731286475
"""6820_10""",0.9050703906143184
"""10806_3""",0.11265428136099084
"""5509_3""",0.16368208032022424
"""1939_8""",0.591575124772242
"""498_1""",0.3817208073761612
"""12238_10""",0.26717940095671805
"""4154_4""",0.4741870088422469
"""11557_1""",0.2791413230552927
"""6658_7""",0.7288898649942789
"""1183_2""",0.2187013914497255
"""3764_10""",0.3608567052520637
"""12421_3""",0.28255650287814477
"""8166_1""",0.33124493278467354
"""88_10""",0.7352123088792805
"""6291_7""",0.5252322329870979
"""4637_2""",0.399443893914782
"""4194_10""",0.7299993810575929
"""9020_10""",0.26103342717637096
"""9749_8""",0.5164580374869003
"""3308_1""",0.11498699747528157
"""2569_9""",0.6676540951796197
"""9696_8""",0.3097710440661294
"""8680_1""",0.1635604155553391
"""10469_3""",0.21518830386524956
"""6208_1""",0.36028125128125593
"""9862_3""",0.6007137743527876
"""7663_10""",0.7526193590369371
"""811_10""",0.5182469535891667
"""5452_8""",0.8002827667819862
"""4347_10""",0.7432981081649872
"""10922_8""",0.604675432180237
"""10466_3""",0.128544466677219
"""11650_8""",0.7370920629834233
"""5126_4""",0.4085433384167767
"""3454_8""",0.8185325562912567
"""11021_10""",0.6869312510092465
"""1160_1""",0.1876383668783265
"""1948_10""",0.7935443874055658
"""8741_10""",0.8371264554111755
"""8996_4""",0.6182235273741977
"""11572_2""",0.3036961301845602
"""2183_7""",0.7196393096889159
"""1779_9""",0.6922949703251543
"""5466_10""",0.8346288593399152
"""1756_1""",0.21692119872142224
"""7777_3""",0.3175208478943679
"""429_3""",0.38275564535653284
"""1736_10""",0.4098047517113775
"""1746_10""",0.5632082398561131
"""7613_8""",0.6255371718842074
"""4315_10""",0.47908884890314324
"""12186_10""",0.6411646835309586
"""4231_8""",0.8135380898746181
"""659_8""",0.6726329185625055
"""7739_10""",0.8153830402270572
"""43_10""",0.9124822451378104
"""2960_4""",0.5761258249217674
"""11665_4""",0.3891032952493647
"""4399_9""",0.466804940071224
"""6993_8""",0.3403535911456742
"""6523_10""",0.6041990381954441
"""7068_1""",0.4130616505072272
"""3005_1""",0.6197905831009126
"""10419_8""",0.956658773044894
"""3160_2""",0.31713902681853634
"""1881_10""",0.44339994258289134
"""5623_10""",0.4527406475969149
"""2263_10""",0.7606610135982915
"""5736_8""",0.8290679115221278
"""550_3""",0.4208063316689199
"""368_4""",0.6293320106551009
"""9100_10""",0.7817211198304322
"""930_3""",0.2924855401740358
"""866_10""",0.47089364692815516
"""11251_7""",0.45892302105443944
"""10708_9""",0.4720900614169192
"""247_2""",0.11752518412360873
"""4080_10""",0.5922279211601985
"""2104_10""",0.8555878445898716
"""8_2""",0.6812701755702452
"""1485_3""",0.27225357466862954
"""3133_1""",0.7640401887246377
"""331_10""",0.7297786182737083
"""12213_1""",0.37955180603639116
"""2825_3""",0.14342825226074205
"""8316_3""",0.7180797792069462
"""11102_3""",0.5181617537794153
"""9719_1""",0.21239401375933847
"""1951_7""",0.8721436446300703
"""10577_1""",0.15290173846775923
"""9941_9""",0.8332265038553116
"""12246_1""",0.24575969935720923
"""7579_4""",0.19511689591011622
"""7111_7""",0.48172211667079906
"""1068_3""",0.21098065472935995
"""1872_4""",0.6366845167521604
"""834_4""",0.49831757029738044
"""12088_7""",0.6419684195395889
"""7785_3""",0.29128753063473173
"""7364_10""",0.39753651899212217
"""4441_2""",0.2659551058654337
"""3957_10""",0.8926662303487239
"""7789_1""",0.7363755411184065
"""3296_1""",0.6821560635953706
"""6656_8""",0.5757837021495152
"""7366_2""",0.21051929851977427
"""10579_10""",0.6871621498596749
"""1292_8""",0.7079056536554461
"""3172_10""",0.8008464785783712
"""4948_10""",0.6815955403414314
"""8690_3""",0.2891564168057238
"""3279_1""",0.11761375031873104
"""7221_3""",0.21230408265613987
"""6376_2""",0.39672438010556155
"""4901_4""",0.6105934549604976
"""1591_10""",0.7594994519656747
"""2905_4""",0.1886583178857598
"""8656_7""",0.5971360297785657
"""10100_3""",0.6920075637659338
"""6918_10""",0.719575451788094
"""7105_8""",0.45391575096326486
"""8220_10""",0.6728288886210688
"""916_3""",0.2306783828413485
"""7831_8""",0.17094032865423753
"""11118_10""",0.9158076306116619
"""7993_10""",0.4914565689644734
"""2665_3""",0.40357869242469113
"""1680_2""",0.24810156855848767
"""632_8""",0.6503674626195765
"""5838_10""",0.7752397403606989
"""4039_9""",0.6969536494029398
"""309_3""",0.4786108776054017
"""6715_7""",0.18191481055897185
"""9130_4""",0.5024953837840523
"""722_10""",0.7345019487187983
"""9485_3""",0.5817593229723813
"""5421_9""",0.5373714968743288
"""2053_4""",0.12613192548561084
"""8824_4""",0.5544388301144373
"""906_4""",0.48305565422203983
"""4325_4""",0.24335028076977772
"""3131_1""",0.44394321335349934
"""4732_10""",0.42532816031127796
"""7628_1""",0.1127693336502723
"""3903_8""",0.7098627348392366
"""2781_7""",0.6306190503494182
"""2530_1""",0.45208781729580855
"""8740_9""",0.7111903642348087
"""9456_4""",0.1679142709478114
"""8705_10""",0.49741464793742196
"""9894_4""",0.7272008344961971
"""7573_10""",0.5308758648925145
"""117_1""",0.12430171131320737
"""1578_7""",0.3081282401739436
"""2822_9""",0.4229044788679803
"""2544_10""",0.5871376642864997
"""10988_10""",0.6099141267668581
"""9846_3""",0.10559304884519864
"""6242_3""",0.277938528383156
"""5626_3""",0.6566109713819388
"""4053_9""",0.81728837018339
"""10157_8""",0.7143143970549966
"""10582_2""",0.20241489676546032
"""11091_1""",0.17054740304614607
"""10436_8""",0.3750386314382934
"""3432_8""",0.6730649398968371
"""3007_3""",0.5500068529325384
"""11467_4""",0.29450913253866956
"""9877_8""",0.22944631249975755
"""4839_1""",0.45170690675833486
"""2766_3""",0.31063122688063693
"""11528_9""",0.7409054881474799
"""4327_1""",0.13510569408651713
"""8087_10""",0.3070445989975608
"""3394_10""",0.9417174036992954
"""4690_4""",0.6847239567451173
"""11642_8""",0.6213922434467991
"""2603_1""",0.2559318495287413
"""9578_8""",0.6474831938766011
"""8316_10""",0.4151806636273864
"""8184_9""",0.7600017306580292
"""9764_10""",0.8093285368821193
"""3248_2""",0.06715829822263951
"""5784_3""",0.3467471046565368
"""3686_1""",0.06763490546661663
"""10901_10""",0.7188274949884351
"""606_9""",0.82396749497223
"""6887_1""",0.4315571562764585
"""4240_4""",0.6017947822622546
"""977_9""",0.32573790180223816
"""2232_7""",0.6144530456510603
"""4107_8""",0.6369606326999253
"""11897_10""",0.7113605332543329
"""10418_8""",0.9068859474616837
"""5274_1""",0.41625729340519935
"""5978_10""",0.8106726313759536
"""6781_7""",0.8343660956476997
"""6704_10""",0.33657703422041835
"""8290_4""",0.5510841158156421
"""9826_8""",0.42461830529118416
"""10066_1""",0.30313021878169616
"""1135_1""",0.5462745104220657
"""6683_9""",0.7849781370642746
"""9991_8""",0.8852176950484014
"""1710_10""",0.665351582674705
"""4774_2""",0.14679136630240006
"""3621_2""",0.3634550028219449
"""9258_1""",0.13503128161836733
"""12244_8""",0.7509593307345004
"""401_1""",0.13544466663430527
"""11869_10""",0.8470677820931928
"""3092_3""",0.5978665048954608
"""2910_7""",0.8034171264696315
"""961_1""",0.3194377746220659
"""6927_7""",0.3575160872755203
"""4819_2""",0.5344299581712204
"""658_7""",0.49493859098353105
"""5477_2""",0.3711004742242581
"""7766_1""",0.3500906345767171
"""4159_3""",0.5192449107675206
"""5010_10""",0.5155661516282335
"""11093_3""",0.5660047815651166
"""7287_10""",0.6727142079984705
"""3462_9""",0.742518091838139
"""1652_1""",0.48010869614558976
"""12077_2""",0.48841837383948056
"""3798_10""",0.7881003816925747
"""2696_10""",0.6396824356592922
"""2803_8""",0.6976089161586729
"""11941_2""",0.3621695641112271
"""8090_8""",0.723697790185295
"""6994_4""",0.5150217217442752
"""1242_7""",0.5267201553204217
"""8828_9""",0.41524341616618493
"""1346_1""",0.07699885820575914
"""468_1""",0.4442343024777816
"""3665_4""",0.1843357597962437
"""4476_4""",0.2864009490633355
"""6043_9""",0.5548292106271022
"""5830_3""",0.0534899051257618
"""3159_10""",0.5509120033021229
"""6975_1""",0.4073857931147535
"""7338_1""",0.10799448675365435
"""1424_10""",0.6655177809016185
"""6487_7""",0.8066784348747091
"""3023_7""",0.5781935416152026
"""4749_3""",0.16935224965345827
"""4596_3""",0.27703963110830476
"""4681_8""",0.8238899965829637
"""4235_1""",0.35342755911631474
"""2912_8""",0.8051363043354808
"""6552_1""",0.1658670606758485
"""4329_1""",0.44445293689185644
"""3876_1""",0.3969510370325595
"""9168_9""",0.7041953989732365
"""8747_10""",0.48162299820947824
"""11842_10""",0.7783479804038521
"""5612_10""",0.5332154581691431
"""10371_8""",0.7307100479576417
"""4804_7""",0.4757558579670988
"""4914_7""",0.891874151932305
"""2520_3""",0.34131532696301997
"""8053_3""",0.3019168080485335
"""11302_4""",0.255498838787552
"""4766_1""",0.7832118121697793
"""1820_4""",0.4415610811476929
"""4668_1""",0.31395897472538176
"""3521_2""",0.0467635743248982
"""3467_7""",0.8598532642286685
"""1885_4""",0.30746478861210924
"""4206_1""",0.4934633936759878
"""2774_10""",0.6098261413674727
"""12060_1""",0.17849062707029592
"""5664_10""",0.7780397289165777
"""7078_10""",0.8913288921978135
"""4797_8""",0.8600155530513298
"""2735_3""",0.05610095777828717
"""7981_4""",0.3566741050744039
"""10440_7""",0.7317708228746962
"""11611_7""",0.7402697762590614
"""5553_1""",0.2688827849027578
"""12415_2""",0.33384040838642093
"""10807_3""",0.37344595868582536
"""5539_1""",0.165962627608353
"""9489_10""",0.6919167709115768
"""11053_10""",0.7156831161237943
"""7493_10""",0.8338651074210023
"""10400_4""",0.47049384203099065
"""9856_10""",0.5600882768200705
"""6813_10""",0.35882162144632795
"""679_10""",0.8807744451877484
"""7502_3""",0.2079170117575632
"""3842_7""",0.6404555193666566
"""7800_10""",0.5955662980565397
"""4253_9""",0.3399053043546158
"""2103_1""",0.1275088670623451
"""9581_3""",0.6027350752008348
"""7335_10""",0.3071489079740498
"""3304_8""",0.8967634806751243
"""12276_3""",0.4887854505101145
"""5451_3""",0.277346913281095
"""1873_3""",0.6477430357061054
"""5857_7""",0.4016878111809233
"""5423_10""",0.6825886853911133
"""6400_10""",0.7598326751189702
"""6419_3""",0.23545460235901544
"""3775_4""",0.28117847821535524
"""5165_8""",0.5836484793141871
"""6555_1""",0.18952383610776116
"""3806_4""",0.25805673390838235
"""8584_7""",0.6515700144340032
"""5390_7""",0.37032040984100073
"""10965_1""",0.11293439143580007
"""6680_9""",0.8923146729103852
"""5034_1""",0.5871375459539884
"""7718_2""",0.13428102498245928
"""2688_4""",0.3449749901135712
"""9107_2""",0.17435143725450972
"""5993_1""",0.08062971332096656
"""7456_10""",0.7605754656913072
"""8581_8""",0.6202433109454806
"""8852_3""",0.43578801110391746
"""4239_10""",0.6593287077865368
"""9012_10""",0.39586276256584624
"""6661_9""",0.8256574639171304
"""6786_10""",0.6576291144066372
"""12257_3""",0.4206256488341334
"""8700_8""",0.6627997881209489
"""8848_8""",0.4801921506505471
"""11377_4""",0.7420394639165155
"""4722_2""",0.32711742496499463
"""8546_9""",0.658020619208935
"""3091_4""",0.14115325919937402
"""4124_7""",0.6953108586932082
"""10860_10""",0.8657706029013867
"""2684_10""",0.6452308931465661
"""4968_10""",0.8234461598468735
"""10785_4""",0.2900073656501614
"""4871_8""",0.4541258123989329
"""1064_8""",0.7763999183000044
"""9452_2""",0.06855609848546769
"""9965_1""",0.30338428935376405
"""1358_10""",0.6851021180633328
"""12094_10""",0.6146997914792456
"""415_10""",0.5837624961462198
"""8308_10""",0.1715759116276085
"""11112_9""",0.5874140908383816
"""6271_4""",0.5646620857340288
"""7324_8""",0.6058556711552038
"""7950_8""",0.8182520165320557
"""8880_3""",0.38971457820038535
"""5610_7""",0.7149152672060939
"""3918_8""",0.5700791973698365
"""7209_2""",0.054634366412995045
"""4916_10""",0.6466810781030875
"""6782_3""",0.3887704717231459
"""5607_3""",0.24315321313672014
"""5492_10""",0.8798092668072413
"""2824_3""",0.11974303548449727
"""1533_10""",0.7884258004163058
"""9663_9""",0.5678891863991751
"""11087_3""",0.6099587578668515
"""3360_1""",0.22315340422697283
"""12040_1""",0.31658573229239273
"""329_10""",0.9001010873969117
"""4819_7""",0.6329365541992328
"""11985_8""",0.6326762479768022
"""6491_4""",0.7507408521861514
"""7151_10""",0.6716332524955
"""6807_10""",0.6794185934602648
"""3353_10""",0.474946068583904
"""3592_10""",0.7267832674555418
"""928_10""",0.4145600809374777
"""3100_7""",0.7989723503728783
"""7390_3""",0.16343932702382458
"""8466_8""",0.46458679774310363
"""777_10""",0.7185792832407037
"""10007_10""",0.55025497736037
"""7673_1""",0.20651836755262437
"""8255_1""",0.1808357064594303
"""3734_8""",0.8074189627815946
"""6217_10""",0.5837665872897855
"""2264_1""",0.647402044163398
"""7637_7""",0.7875163972128593
"""3494_3""",0.2525100216989809
"""1012_1""",0.1759055884138
"""9796_2""",0.06326721803354879
"""444_2""",0.16107853285111265
"""10968_8""",0.7597898079127531
"""8328_10""",0.4640269075064907
"""2417_8""",0.6462513656164381
"""253_3""",0.12904767498714104
"""3740_8""",0.8593294548148311
"""5904_3""",0.6721926774309395
"""6664_8""",0.731604846674788
"""12027_1""",0.064688185276345
"""8658_10""",0.7352491994564843
"""4505_1""",0.13153504244476513
"""1008_10""",0.4435171042410267
"""7922_3""",0.5271936147100719
"""655_10""",0.5167495061839342
"""6383_10""",0.3895648193334669
"""5868_1""",0.4658913631871069
"""7827_10""",0.6155077961642736
"""722_3""",0.255741209656197
"""3933_4""",0.674132691680135
"""1358_3""",0.3687705993384622
"""8939_8""",0.7719821483616695
"""9502_10""",0.6270380421499344
"""4798_9""",0.6608455496154402
"""7088_3""",0.5730846120903867
"""9904_3""",0.24304088974855406
"""11214_2""",0.1783675594103861
"""11293_8""",0.6957414776759233
"""11924_10""",0.8072926045203931
"""6168_8""",0.8462426653353624
"""4329_10""",0.6842272331230358
"""10345_3""",0.11898645168432587
"""5512_3""",0.334999049234229
"""1291_1""",0.13808503974492367
"""7568_3""",0.17234839063194762
"""2747_4""",0.4071180313008776
"""7484_1""",0.1933265266505162
"""3915_2""",0.2510223338954544
"""8527_4""",0.7155681410444352
"""4686_10""",0.6231995290175332
"""6909_1""",0.22805645674292607
"""10587_10""",0.22956888119237817
"""9167_8""",0.7237791016841707
"""4739_4""",0.25770875336796306
"""6266_4""",0.36301814915988756
"""6155_10""",0.7650246799740187
"""11409_9""",0.3338003514300564
"""3874_7""",0.6170962115498058
"""7049_3""",0.33888414943902734
"""11158_2""",0.19474878604277715
"""5714_10""",0.5937579669044818
"""11248_1""",0.06015414007025807
"""8854_3""",0.5256359764871664
"""3191_4""",0.3156069325219207
"""5537_7""",0.7857753122805101
"""4919_7""",0.5955665674866795
"""8109_9""",0.6563726964788592
"""7476_4""",0.4347620096617252
"""5890_10""",0.8919891561938514
"""5837_10""",0.5771926765181801
"""2623_9""",0.8090394273748521
"""5033_1""",0.3795424019204041
"""12055_8""",0.779882840230262
"""8420_4""",0.5817641173973587
"""5854_10""",0.687842858934959
"""9631_7""",0.33304290027988465
"""11705_3""",0.5972676669594237
"""3869_7""",0.6819448170681061
"""10836_9""",0.7464796127259086
"""7027_1""",0.458637653308786
"""55_4""",0.24976462486260823
"""11124_8""",0.8918410321646347
"""3533_3""",0.2890299168124461
"""1552_10""",0.782934867989573
"""11307_1""",0.06619514786015973
"""11974_7""",0.27514721435932943
"""7246_3""",0.6212333788903847
"""10648_3""",0.0724542215117695
"""11991_10""",0.2603310727458973
"""10494_8""",0.36957506580394245
"""8109_1""",0.1432356756168236
"""4764_1""",0.22641956159667317
"""3527_1""",0.09255088510975995
"""4059_9""",0.5166012738904392
"""3729_4""",0.13380191378113324
"""5073_4""",0.5108386495237237
"""4984_9""",0.8076658024184169
"""2371_10""",0.5590357233057098
"""9597_10""",0.8753126026359278
"""10823_9""",0.778522175439965
"""3123_10""",0.6158757689104771
"""2951_10""",0.40696473043107806
"""9800_1""",0.3583557328785199
"""1824_3""",0.7207135365474884
"""6238_2""",0.5436761139359553
"""8830_9""",0.6147356768734692
"""12355_8""",0.42664897532783863
"""4002_10""",0.9339562699239498
"""405_10""",0.5143542749602155
"""4314_1""",0.5870261793894715
"""9201_10""",0.8554777201413389
"""10466_8""",0.7593086754571874
"""3736_2""",0.4421400360806241
"""1641_10""",0.6925408679063076
"""3381_1""",0.3180600717697541
"""11711_9""",0.8136953092410105
"""4970_3""",0.6305475146985579
"""6958_10""",0.9065008416586343
"""646_9""",0.851454347961983
"""3590_9""",0.6895860595796587
"""7218_9""",0.4255785297438715
"""5091_10""",0.8540699813815101
"""8820_2""",0.5049649934605877
"""3938_8""",0.6025290527237606
"""2616_10""",0.4252446627020631
"""7808_1""",0.3230194597544865
"""3508_10""",0.6095211495493732
"""8974_8""",0.758568370082191
"""4383_4""",0.5117119175362361
"""6360_4""",0.21031367453328012
"""2759_8""",0.5909882842897087
"""7417_1""",0.06095120700995969
"""10880_1""",0.2985610597994042
"""5488_2""",0.41684408704479403
"""8015_9""",0.34336604839218865
"""6484_3""",0.6109728814120543
"""10117_1""",0.05606283834119588
"""11363_1""",0.11691730415890315
"""3334_7""",0.7628268862210068
"""3369_7""",0.4530125085630874
"""9609_1""",0.4843801931860907
"""8396_10""",0.6305496104045638
"""8267_10""",0.694886411653985
"""10335_7""",0.509905677642496
"""1973_4""",0.3065357694097892
"""7123_10""",0.6968952189286213
"""6949_9""",0.910662881168976
"""10652_4""",0.5131941247253251
"""10256_4""",0.1934766680713838
"""4557_9""",0.6760842523095185
"""8929_1""",0.09365062302604571
"""2429_1""",0.11020292852609488
"""3994_1""",0.23936136132686855
"""11454_7""",0.2531441691388373
"""11874_4""",0.15910645953288832
"""4891_3""",0.16292019910570524
"""2216_7""",0.7365656128600616
"""2039_4""",0.2613148411713906
"""505_1""",0.12270241730152781
"""313_1""",0.24926214612273948
"""3383_2""",0.10202065947803428
"""9453_7""",0.631860485188048
"""426_9""",0.3158539739981174
"""311_10""",0.7753353958738033
"""11291_10""",0.42219036953786565
"""835_8""",0.44313373500327413
"""2143_9""",0.4829292766405363
"""8200_2""",0.3988541273890899
"""11716_2""",0.6559337443998006
"""3786_2""",0.6788611624799148
"""3818_4""",0.11934077220754748
"""12106_1""",0.23010957859647466
"""2605_4""",0.33919840258031625
"""10518_7""",0.711049168347144
"""3932_8""",0.3693541518159114
"""7515_4""",0.4314577169221057
"""9857_10""",0.6270911397062702
"""449_3""",0.5679658154002186
"""3573_9""",0.42713914048425816
"""10198_8""",0.40136679982302503
"""2286_9""",0.7741707966402213
"""6906_3""",0.5667395859028256
"""3807_2""",0.46751344659454125
"""11602_8""",0.7785524320604362
"""10201_7""",0.8499479924531511
"""8717_8""",0.9231461687644
"""10411_10""",0.8721958834199873
"""11099_3""",0.43272749904645896
"""5619_10""",0.7762610814253423
"""9252_10""",0.7511808935523488
"""6097_10""",0.8095885860036955
"""6467_1""",0.42428181924233266
"""2757_2""",0.21334920817303346
"""1869_10""",0.7724992576176167
"""5192_2""",0.6168483544993109
"""11399_10""",0.6870767083082481
"""898_3""",0.5427012087332317
"""6820_2""",0.3571800558980886
"""768_2""",0.4630097385557589
"""1783_10""",0.7605250065726108
"""8102_9""",0.7390727548906472
"""7818_2""",0.32686108865853775
"""2444_10""",0.7344751526225758
"""3965_4""",0.2594093311671025
"""7086_4""",0.6090002045018267
"""10556_3""",0.30519896487793347
"""5221_1""",0.4856568242859499
"""4322_10""",0.8067846157792227
"""7371_1""",0.23002243663838304
"""1318_8""",0.8302433752340415
"""8142_3""",0.41382509593269856
"""3413_10""",0.5258938387776562
"""3845_9""",0.7266292504540572
"""7323_1""",0.27368556910434644
"""5273_3""",0.366742365283244
"""11812_4""",0.5998706697752123
"""5737_7""",0.469846118198494
"""7260_2""",0.21656981500715447
"""5018_3""",0.1874573051423685
"""7779_10""",0.7316357028017282
"""894_7""",0.2041415720183325
"""11940_3""",0.6091559651286397
"""2471_7""",0.3966809522959474
"""6605_10""",0.7275126138993211
"""282_10""",0.7060521571234111
"""12402_3""",0.16161098615057745
"""7974_1""",0.3580617367163548
"""12280_7""",0.594656904800342
"""10917_2""",0.08127175782413582
"""12164_1""",0.07126073918417504
"""3181_1""",0.1972223399105581
"""11240_1""",0.38391249180656084
"""11255_9""",0.5837306054831736
"""2318_2""",0.33009462661056177
"""4976_7""",0.6565159653716328
"""1822_8""",0.7450948332315892
"""11724_7""",0.6098224254158762
"""3499_3""",0.3515739160975446
"""9439_9""",0.2939300750607262
"""5469_10""",0.6748567162893501
"""7612_9""",0.7315411803700982
"""3947_8""",0.6624780126072849
"""11269_1""",0.33686171132170223
"""5771_8""",0.7261270055667087
"""4461_8""",0.8272451622563659
"""5683_9""",0.6443419296462306
"""639_1""",0.14209783554184402
"""9896_3""",0.7030459520308622
"""5131_8""",0.6137491618942279
"""5961_3""",0.3385345301857622
"""5741_2""",0.285311851647789
"""6418_4""",0.5611931259939158
"""5416_1""",0.14808726660150048
"""3114_7""",0.8233221250973801
"""3587_3""",0.3614976829769595
"""5472_10""",0.8153215898807957
"""9802_9""",0.6051457977389083
"""4313_3""",0.41169069401407926
"""2921_7""",0.9078149821815797
"""11468_8""",0.44453385537755724
"""12250_10""",0.6013893062485912
"""3481_10""",0.6502034795903795
"""2067_2""",0.058695393324852956
"""8574_4""",0.1252486365891248
"""861_9""",0.6723982857025264
"""10381_2""",0.13647866819291413
"""5479_1""",0.7878437939743316
"""1107_9""",0.8994747116050266
"""4475_1""",0.12799125347091547
"""469_2""",0.3596365144143688
"""605_4""",0.23493393606770804
"""2182_1""",0.49174517631467574
"""9401_7""",0.7667994872909584
"""2518_8""",0.45562005316199555
"""5329_8""",0.7070903201684245
"""3202_1""",0.4644596308808539
"""256_4""",0.5811677359620391
"""7235_3""",0.19504862030356995
"""4661_3""",0.47168496274979177
"""11045_1""",0.3988657239482572
"""1417_4""",0.2610640243645209
"""4186_10""",0.47171986950524675
"""985_4""",0.3907286603957354
"""6553_1""",0.06115169524279202
"""3118_1""",0.38842731993432106
"""3297_1""",0.15893604591235277
"""5843_10""",0.3194477808180763
"""7645_7""",0.4851551613209595
"""11958_1""",0.09301264828390586
"""10823_3""",0.24780006115285858
"""5097_4""",0.2309021969521659
"""4344_10""",0.8778140593849392
"""5442_8""",0.5646084977142957
"""11969_10""",0.24993251660552587
"""7015_10""",0.6950890431734362
"""1419_4""",0.5384744840159299
"""914_1""",0.05460670433771326
"""11911_8""",0.2986441477799236
"""5930_8""",0.6848616833638123
"""3853_10""",0.6171882596212197
"""9404_1""",0.2662930821369766
"""207_9""",0.6476700324528308
"""2018_1""",0.243040752282759
"""11192_7""",0.6138015801946937
"""6679_4""",0.5606743953206884
"""1184_3""",0.1412684802445613
"""3291_10""",0.7117139215810753
"""12323_9""",0.6952652313016141
"""7524_1""",0.2644934143198814
"""443_8""",0.8898986233830637
"""7964_1""",0.4279752815841286
"""730_1""",0.2399196561656047
"""8969_7""",0.7829031278041125
"""8581_3""",0.41790320926212166
"""12152_4""",0.22937187426343492
"""4528_10""",0.6040058821337548
"""5984_2""",0.3361762521551367
"""4446_10""",0.4879406826214732
"""7039_8""",0.619706333531553
"""591_8""",0.6087627269057354
"""6869_7""",0.7879766941484182
"""1836_7""",0.37140708548949325
"""4183_10""",0.6947117884709858
"""8590_1""",0.6232215194006335
"""5647_10""",0.36672367484397883
"""11076_10""",0.768959418325367
"""11241_1""",0.4518518787860392
"""876_10""",0.6992877064879452
"""8390_1""",0.17608343446753352
"""1462_9""",0.7304299823720786
"""8362_7""",0.643544496860808
"""3400_1""",0.17206860223399237
"""2318_8""",0.5613036845693803
"""5389_4""",0.6081106972104809
"""8617_4""",0.21669002538254617
"""9200_10""",0.7117812747434846
"""8878_10""",0.5649709380649844
"""12110_1""",0.4690377892084765
"""9101_10""",0.48917181807666943
"""4967_3""",0.5079900019223346
"""12436_1""",0.13078194440037383
"""8845_4""",0.5470431783486884
"""3420_4""",0.5985151495123726
"""7428_7""",0.8960804525337386
"""11769_10""",0.5455772426801122
"""7025_1""",0.5923438877401224
"""1561_10""",0.7264202326424375
"""3704_1""",0.18595756789126333
"""3529_8""",0.2076922767598917
"""12234_4""",0.1057140323818285
"""10600_3""",0.1218482581234084
"""1028_4""",0.5749823729343144
"""6764_10""",0.686625747793601
"""1815_2""",0.5173321944045702
"""10953_4""",0.1580541414054034
"""2809_7""",0.62728108183604
"""8393_10""",0.658838429052619
"""2743_1""",0.5999182056149626
"""10711_10""",0.6217125348123046
"""6173_10""",0.7337660231390202
"""9664_7""",0.46114772695392764
"""6335_3""",0.26163571192822077
"""1665_4""",0.5643243851631472
"""4174_10""",0.8421579775610272
"""2038_1""",0.31411598744876457
"""3717_10""",0.7346793812114523
"""9361_10""",0.7506835512961578
"""415_1""",0.39683140535476724
"""1460_9""",0.7770516266691382
"""5915_4""",0.7074650422284319
"""7187_3""",0.5082981538632805
"""11050_1""",0.11535739179402
"""8822_10""",0.7017003650558219
"""12407_1""",0.3368135393143125
"""4543_2""",0.09937375325612682
"""10560_9""",0.7839958838535906
"""9108_10""",0.6086460589904678
"""2999_9""",0.6723848703267572
"""1703_7""",0.33607473996810133
"""206_2""",0.423546381708431
"""2095_3""",0.2570289149437518
"""6454_8""",0.781035257877782
"""2773_1""",0.06351261253606733
"""6252_1""",0.07453495420686385
"""2848_7""",0.5588520996228877
"""6887_10""",0.7820891572282883
"""8660_1""",0.43938908909966545
"""1675_9""",0.19862235078377516
"""9842_1""",0.26762853642781387
"""9118_10""",0.8337532939866636
"""5793_4""",0.5806826889626171
"""941_10""",0.8159151947121253
"""8832_1""",0.5410440132629251
"""7584_3""",0.23325996215794972
"""9746_10""",0.5526160810177542
"""1965_10""",0.7548862588575994
"""5346_10""",0.670243779085372
"""9738_4""",0.47978236140509245
"""5905_9""",0.8707650574018756
"""336_1""",0.19907639828629137
"""5621_1""",0.13698928310832392
"""5976_10""",0.741726456526756
"""3000_8""",0.7174379256487002
"""5172_7""",0.636715822729123
"""311_3""",0.4893692515903417
"""2035_4""",0.5837538633162699
"""6084_10""",0.6778834765352163
"""7284_9""",0.43109729371109146
"""6449_8""",0.7735537731271108
"""8671_3""",0.39025980042888414
"""636_9""",0.6402900413898592
"""11330_8""",0.9111262844919841
"""1300_1""",0.5095930041084196
"""11538_1""",0.23086382236564285
"""5159_3""",0.23914227892349602
"""3742_9""",0.7845246127270251
"""11281_9""",0.4013277821743985
"""4128_1""",0.3059475339591943
"""4382_7""",0.44895647877400646
"""862_3""",0.31751628710904944
"""5941_8""",0.3775432050425626
"""8576_3""",0.18219506361647614
"""10570_1""",0.10199909142794153
"""10682_3""",0.20343678306503613
"""12497_10""",0.46417645780402755
"""2026_7""",0.6515487353070746
"""9657_10""",0.7273998950981221
"""999_8""",0.8105985954844342
"""1664_2""",0.7356342720110114
"""1795_8""",0.7727005887434834
"""4280_4""",0.5329002861919507
"""952_10""",0.40127252143260356
"""4725_7""",0.873476375746727
"""8162_2""",0.06749272686375594
"""10062_9""",0.505207922565799
"""4719_10""",0.8466010679637666
"""10388_4""",0.16130136127607994
"""6183_9""",0.5793871940510055
"""3703_8""",0.8617590723585363
"""11259_4""",0.5394325497952162
"""8578_8""",0.8924508398108945
"""12040_9""",0.8637645355199522
"""6500_7""",0.6858397347806044
"""3473_10""",0.6553065856170502
"""11784_4""",0.6234162154459774
"""613_10""",0.8393308267053893
"""4631_1""",0.3487539524077208
"""2426_10""",0.5457472417014267
"""7088_7""",0.7044759257874099
"""5851_7""",0.6391540854508356
"""3904_2""",0.0794089191106741
"""1329_7""",0.554016316851645
"""2160_7""",0.31546277116778865
"""4796_10""",0.864822324561503
"""8760_1""",0.5956796708307777
"""7859_8""",0.5342230314332379
"""4251_10""",0.816693566596165
"""8143_4""",0.06428353376029781
"""11713_9""",0.7137510892409796
"""5037_10""",0.752727837715903
"""9621_7""",0.6409976053769411
"""2600_10""",0.7071630932862993
"""2027_1""",0.1862153109746279
"""8225_1""",0.21130223925215566
"""12463_10""",0.6499980543850471
"""7842_8""",0.5683295204325369
"""4768_2""",0.29041455478536266
"""2644_1""",0.08692302132929534
"""4193_7""",0.48298116460412266
"""5150_7""",0.630265678319819
"""5942_7""",0.8561422127116228
"""8293_1""",0.17477623944288098
"""6046_10""",0.3489376589795703
"""12148_9""",0.8513400835071203
"""966_10""",0.35581219508114276
"""6428_8""",0.5251396229880494
"""12465_2""",0.351281276888511
"""342_10""",0.5371400667990117
"""9246_4""",0.2011647159354663
"""8683_4""",0.6241010284119483
"""627_7""",0.2103356659484464
"""5614_4""",0.6069375349565468
"""4546_3""",0.20092064708772084
"""4384_1""",0.1985957268715507
"""3144_1""",0.22758824175777
"""9530_10""",0.7487154652709935
"""10558_4""",0.1419232915157151
"""619_1""",0.08158527700055547
"""11594_9""",0.8242949237909132
"""6511_7""",0.481747056825135
"""8351_7""",0.723433893282631
"""9163_3""",0.2516689650599125
"""12078_1""",0.3845494587443819
"""5489_8""",0.7010324367317377
"""4191_1""",0.1450548952604226
"""2373_10""",0.6548787642662601
"""8664_4""",0.8138636042055856
"""4556_2""",0.4320864661702987
"""9004_8""",0.7240654188459428
"""1357_4""",0.21054375957720972
"""152_10""",0.6144840928398306
"""2977_1""",0.1086778712354441
"""8812_1""",0.11748226344839088
"""8544_4""",0.19456696423806596
"""4821_2""",0.38401318769860393
"""7874_8""",0.45300048004648424
"""1689_1""",0.2344021786432987
"""9654_1""",0.433788866744637
"""9363_2""",0.4424639176247854
"""8959_1""",0.08517599757512496
"""6113_1""",0.24463341483353915
"""10702_1""",0.2553027945892512
"""1839_4""",0.29031145259107843
"""10587_1""",0.19511576606304748
"""11715_3""",0.3003434216546512
"""12252_8""",0.6965385810473095
"""9480_3""",0.0521361257602424
"""6438_1""",0.7246605906052039
"""3762_9""",0.8398927171232553
"""5350_10""",0.7247697936570724
"""3927_9""",0.5357652311226194
"""9598_2""",0.5530934155152337
"""3930_3""",0.058216318345123676
"""6647_1""",0.15647455612906236
"""9251_10""",0.7360293002874972
"""5926_2""",0.217025043108357
"""11530_8""",0.6192661640252433
"""1625_3""",0.4012059219254571
"""10515_8""",0.5272605448230877
"""11185_10""",0.46294719717944344
"""8675_10""",0.7811906659700009
"""3701_1""",0.4147802101015017
"""9222_10""",0.5445259310751283
"""6253_10""",0.6217226762349837
"""4657_7""",0.7252954762407436
"""10013_9""",0.6874529503844439
"""4938_10""",0.633121911155861
"""3073_10""",0.6394353430318559
"""9081_8""",0.8510763538196353
"""6928_8""",0.7062904139818182
"""217_3""",0.11716423231929302
"""2927_3""",0.6716458856136437
"""2379_1""",0.11324716500986455
"""10476_2""",0.6214674052751719
"""8640_10""",0.6304821154117
"""2810_3""",0.2113888413641899
"""6433_1""",0.13198664204290858
"""6390_10""",0.45832355918228734
"""11829_8""",0.6842287053404571
"""7581_10""",0.8553561382006394
"""11836_3""",0.20685018955921092
"""2794_1""",0.07731638189909416
"""5263_1""",0.5240847705025904
"""1041_10""",0.759409829567776
"""7296_1""",0.23670785379299672
"""10557_8""",0.6872395013983844
"""5339_9""",0.41570972065952283
"""4766_8""",0.8344590682297575
"""8126_3""",0.36680225772803676
"""9876_2""",0.13224697759386417
"""2443_4""",0.3186873839328067
"""10179_10""",0.500715307681434
"""6211_3""",0.35796875190291144
"""925_10""",0.8472392141955658
"""5050_8""",0.8146359321774819
"""1891_10""",0.6906824155219755
"""4767_3""",0.6775227920953677
"""11625_10""",0.6803882269579895
"""3388_2""",0.0990990971447883
"""4908_3""",0.27567460384725945
"""11205_9""",0.5942039009006002
"""2228_10""",0.6193125530698731
"""11236_1""",0.7520984037921125
"""2367_10""",0.7081789206692208
"""5060_3""",0.14046441110127092
"""3292_1""",0.12896202132719048
"""11282_2""",0.4897769018187981
"""5307_10""",0.6891175460581742
"""6963_4""",0.2804679624450298
"""1319_10""",0.7963494707837667
"""9660_1""",0.29473435885866545
"""7254_9""",0.8168805966451752
"""9441_10""",0.693907548622472
"""3838_4""",0.3081041687526572
"""6209_8""",0.7063382989101054
"""3049_9""",0.8173329412611549
"""3033_4""",0.33402681533297757
"""784_4""",0.057792684032743145
"""3921_3""",0.24747575744943423
"""9196_8""",0.6733593746217433
"""7652_3""",0.7391740310074497
"""11650_1""",0.08861326258143525
"""1548_10""",0.7409679809549202
"""10770_7""",0.5447291885627153
"""3283_9""",0.5161257522755816
"""1567_1""",0.6558022537170737
"""10405_4""",0.7298748335090071
"""6980_1""",0.15878521238715684
"""12218_4""",0.5749080526608134
"""5250_10""",0.7314212667738379
"""11977_10""",0.7403146989192906
"""10602_2""",0.094336410967261
"""11178_10""",0.5245061153316569
"""9590_10""",0.6907945915070637
"""1260_10""",0.7529979600064068
"""8367_10""",0.6909300251894236
"""2571_7""",0.6770311072014433
"""7422_1""",0.04610105394404859
"""5486_7""",0.6243446174993952
"""2282_8""",0.7117239799746011
"""6119_2""",0.7109390939546352
"""1433_8""",0.6912898987252831
"""12365_4""",0.25366792438509417
"""10535_3""",0.36659366876547983
"""5464_1""",0.34485822639098634
"""9983_7""",0.8920267558710875
"""10209_7""",0.6874888602906473
"""3777_1""",0.7442515175874445
"""12443_10""",0.7873593444895128
"""1488_4""",0.6162466321023508
"""8670_9""",0.7444760968652944
"""1258_10""",0.6560925798488246
"""9_7""",0.8310936767695131
"""12175_9""",0.5453844608746792
"""211_10""",0.6394417993484862
"""6329_7""",0.508207372422222
"""8866_10""",0.38551677877200047
"""5911_9""",0.8473053617028344
"""6100_1""",0.48872373410483666
"""6342_9""",0.8334739666932559
"""5455_4""",0.6131296949429536
"""1215_1""",0.43190212759762053
"""11020_3""",0.4396000513605911
"""7975_1""",0.39264751740469533
"""6720_2""",0.1565062454605432
"""8986_10""",0.7500904040128237
"""4874_9""",0.7104302764474704
"""7204_1""",0.22697066925584142
"""2612_10""",0.4152793463259981
"""6923_9""",0.7064207395093365
"""5742_10""",0.5151691895406697
"""5044_3""",0.25308726130452647
"""5013_9""",0.3871047532693874
"""9752_8""",0.7359928205521048
"""1112_8""",0.8558398384926187
"""10925_8""",0.7521896167921426
"""7012_4""",0.15394476534964965
"""11484_10""",0.7285598449192721
"""883_4""",0.5206994040669737
"""2398_10""",0.8770016817139783
"""8990_8""",0.48350429376107334
"""1194_10""",0.5363443932627049
"""2313_1""",0.5238058147065583
"""9584_1""",0.06304335000221814
"""11638_10""",0.742100361084575
"""5995_3""",0.6773016958249676
"""4456_10""",0.8998592937607804
"""321_1""",0.5437906403618098
"""7147_1""",0.4675846872434745
"""10212_4""",0.15342457251475974
"""7960_10""",0.7994656252437449
"""8022_7""",0.574391378678507
"""11649_9""",0.8207038384249892
"""8442_8""",0.5775724333500556
"""8976_1""",0.321022690785578
"""9199_10""",0.6483829218955124
"""8925_10""",0.8910279175171408
"""3079_2""",0.30687525150507033
"""7727_10""",0.7631986168604895
"""2338_1""",0.40680112043337674
"""3221_2""",0.06810964492037368
"""288_7""",0.2313059969720634
"""7150_10""",0.5217087444971442
"""7520_1""",0.19879507254867224
"""11477_10""",0.5580691156573047
"""7765_9""",0.7975764940762677
"""10062_4""",0.5893560012971446
"""10616_10""",0.7808408390932611
"""10592_8""",0.5619781792414557
"""6745_4""",0.48006496418274297
"""7912_2""",0.47119217728955176
"""1130_8""",0.5756908094741882
"""11096_4""",0.2714393124802231
"""10081_1""",0.4484683182303025
"""3808_10""",0.7391073174227216
"""394_4""",0.47240039167176945
"""7080_3""",0.6230252379593761
"""4479_10""",0.5454822241086617
"""11417_7""",0.40738277557013597
"""8402_3""",0.40693444378594834
"""6669_9""",0.5490440948674119
"""1494_10""",0.44778119020023543
"""7980_3""",0.49223558331104106
"""11366_10""",0.6473292901894573
"""7566_1""",0.10409014403695449
"""3778_1""",0.20708781031383097
"""317_2""",0.1713990523067393
"""8475_7""",0.6397405433953771
"""11012_2""",0.1649012643740385
"""11936_4""",0.46690246243480016
"""145_9""",0.343910832984116
"""11427_1""",0.37129027513936746
"""2204_1""",0.11702432308432167
"""3373_8""",0.4854054309953343
"""4640_4""",0.652659987130758
"""521_7""",0.4582970183422452
"""2871_2""",0.6650271607867799
"""9823_8""",0.5875293236494347
"""5893_1""",0.30846688907853076
"""8541_2""",0.33161978380376966
"""3403_3""",0.20017714437723175
"""8660_9""",0.19914761476986098
"""7046_3""",0.17862363239616452
"""338_1""",0.12827787352820041
"""9541_1""",0.163830516023194
"""12179_7""",0.38337377501417874
"""9663_3""",0.20825151639108364
"""6948_3""",0.15672384887100782
"""10308_10""",0.6555276975547057
"""11027_10""",0.5525489024266925
"""6174_3""",0.07127750405571592
"""10151_8""",0.8140480814634149
"""10665_1""",0.3462433588216304
"""6453_2""",0.44687014909001155
"""3619_2""",0.0918330990964746
"""3114_1""",0.15017845545299222
"""1309_2""",0.15007630119116272
"""8468_1""",0.24097122834542406
"""8292_10""",0.8473957577166021
"""1955_1""",0.24097763762113034
"""4498_9""",0.5888173532839877
"""8075_9""",0.737228544492431
"""10528_8""",0.7713562187998552
"""253_10""",0.7791755737458588
"""9467_4""",0.3818086357074918
"""4018_10""",0.6322628913233964
"""2644_10""",0.6860720752715741
"""7240_7""",0.8391910781844831
"""10929_7""",0.6013842293512447
"""9743_10""",0.5676760794925392
"""4641_3""",0.316454937419658
"""5711_10""",0.4479034296857545
"""4912_2""",0.4759444551814662
"""455_1""",0.6214419679926978
"""2749_8""",0.6254503888085496
"""8780_8""",0.7871800777150252
"""2626_10""",0.7089187341257063
"""11745_2""",0.38203211148775373
"""6952_8""",0.8026825881416002
"""4645_2""",0.44588984802001974
"""10372_10""",0.8651217850291547
"""4282_2""",0.4512662814753537
"""2195_1""",0.16952454994361996
"""11058_3""",0.24861270212080158
"""9507_4""",0.5385429712953814
"""389_10""",0.7280396690629466
"""4388_10""",0.5491080623787116
"""9540_1""",0.09625701642716562
"""6610_4""",0.4596423993338176
"""8796_10""",0.40028281983119113
"""3746_1""",0.07528225466615071
"""11083_1""",0.3119589356692518
"""9901_1""",0.1470108776341782
"""4165_1""",0.3327978445558964
"""8928_9""",0.7358182683121213
"""8173_10""",0.8926637899021226
"""5161_1""",0.15004780142323113
"""11458_4""",0.19995775247847036
"""11206_9""",0.297051912861922
"""3532_7""",0.5209391354831735
"""5088_1""",0.2165994029759454
"""11699_8""",0.2308927194667393
"""10114_2""",0.1117475910876644
"""8626_9""",0.5715781047501087
"""6702_2""",0.26210344451822604
"""3504_1""",0.3907305287751106
"""3353_4""",0.34596856960887395
"""6960_10""",0.4921814231937378
"""5529_10""",0.7870435891179514
"""5510_9""",0.5604393958506034
"""1868_10""",0.7342626991507801
"""11166_10""",0.8835060206594646
"""8411_2""",0.4821271284506985
"""9561_10""",0.5661678935089196
"""11290_2""",0.38287673289655494
"""1167_4""",0.3435960825735357
"""9577_3""",0.24996418567981124
"""1496_10""",0.7415400379256631
"""3042_10""",0.8319641196147429
"""4021_4""",0.26012470332800264
"""6643_10""",0.811899022261666
"""806_10""",0.8027538773540485
"""1520_2""",0.3383590729306248
"""11133_10""",0.7455579805975958
"""2783_1""",0.05871744894207169
"""9570_10""",0.7796218058377251
"""2349_3""",0.25175620960492173
"""2242_9""",0.3796712427227563
"""6113_10""",0.4299196932571017
"""2153_1""",0.3219835697377569
"""9167_3""",0.46468755002060974
"""156_3""",0.769196995378683
"""10607_7""",0.6271845947640277
"""4270_4""",0.49789825613290917
"""4713_1""",0.1416098797546701
"""2895_7""",0.6840012366451284
"""8240_1""",0.5696616254503506
"""12241_2""",0.45973375983777137
"""2919_10""",0.8796938829984662
"""11110_2""",0.3346602477392824
"""4502_8""",0.5226277066801489
"""11957_1""",0.1775132047668496
"""12338_2""",0.4647464338830076
"""2474_1""",0.3091718867413166
"""781_4""",0.27618011708677404
"""7528_1""",0.43978707653574717
"""3252_2""",0.11827100925930172
"""6778_8""",0.659746889422643
"""3149_10""",0.43821194920542034
"""436_4""",0.34566183586289073
"""2586_1""",0.2426565278462199
"""3610_8""",0.4963945705989993
"""4392_10""",0.7752528116304299
"""8914_1""",0.29934288492294814
"""2197_1""",0.3461444435254068
"""3323_10""",0.8293064745372325
"""975_4""",0.5419483418716873
"""9407_3""",0.5196551382598222
"""12005_7""",0.8289220906706056
"""1911_1""",0.24415496795592057
"""3956_10""",0.9193574074563893
"""1441_8""",0.6912898987252831
"""10787_3""",0.18323835105318348
"""4569_10""",0.7798895179618668
"""11685_10""",0.8271060516346347
"""7810_10""",0.6120713980223217
"""3951_3""",0.4379036799608855
"""6050_10""",0.20129719490787246
"""2758_2""",0.18068928336530063
"""2664_10""",0.6943670074395879
"""1537_2""",0.0818395392796696
"""7988_1""",0.6339291847618955
"""6090_10""",0.9475730482773703
"""11509_10""",0.4370242452624348
"""2227_3""",0.5843640291503813
"""865_3""",0.4361920335512671
"""7138_8""",0.7221896680457993
"""7924_8""",0.735240745065791
"""10104_1""",0.05042828248793506
"""3917_2""",0.13837695335957817
"""169_4""",0.607746989399557
"""8630_7""",0.6105308856672769
"""7895_7""",0.5957698810006369
"""5485_10""",0.7893422380692461
"""8390_8""",0.5866901938255253
"""11497_7""",0.8411326997483516
"""8964_3""",0.15928809782141376
"""4647_4""",0.6113142954987443
"""12231_7""",0.4850429890743617
"""9634_4""",0.7516909064147971
"""8582_10""",0.7298737169595855
"""9237_4""",0.5016993590575762
"""2847_8""",0.5679572499095684
"""10940_1""",0.09440211695316159
"""2990_10""",0.8301782147015204
"""8377_8""",0.5781386540112518
"""1206_3""",0.2840888190232653
"""11719_9""",0.6423269161284597
"""7003_1""",0.3079850297247394
"""8012_4""",0.7305804893688976
"""2572_10""",0.6566856984827538
"""4126_8""",0.7658454582958534
"""9190_8""",0.29046457016176946
"""9625_8""",0.6885526368187469
"""4706_10""",0.4771151379016999
"""8697_2""",0.2980039205627943
"""435_7""",0.909158822798002
"""81_3""",0.7191519134811806
"""6713_8""",0.4141841353336174
"""5840_10""",0.8188723246125439
"""5671_8""",0.5025066525429921
"""5064_3""",0.3534182770618118
"""1149_3""",0.12498740984680329
"""12324_10""",0.9229221089455624
"""6705_1""",0.3977471129279022
"""243_9""",0.7262308009588716
"""306_10""",0.7857651775700438
"""7134_3""",0.13819753183139485
"""3227_10""",0.8802582490848061
"""1363_10""",0.5036167877568182
"""5134_9""",0.4181424171310846
"""5269_1""",0.592838515754753
"""10915_4""",0.2300794128804969
"""7591_2""",0.2720422789885308
"""2326_2""",0.0971216765471147
"""688_4""",0.4683870278382954
"""878_10""",0.873438489770583
"""10245_9""",0.8103788934539382
"""7388_2""",0.23981343797879404
"""4304_1""",0.12480797273627976
"""6752_10""",0.33844301727051124
"""6881_8""",0.8673650230064297
"""10230_2""",0.5192307571400733
"""6901_1""",0.4328317613353396
"""441_10""",0.9078829844080271
"""4743_4""",0.2290290273633073
"""6228_7""",0.5008575331878774
"""2563_7""",0.7166462855879717
"""6237_1""",0.071731464553977
"""8619_3""",0.23875452322248703
"""2749_4""",0.7161173723459159
"""12355_3""",0.4093495642473994
"""4915_2""",0.4201544553946784
"""12234_7""",0.5692773839944846
"""3756_4""",0.4378648751852948
"""10051_8""",0.7911821900458433
"""5068_9""",0.8005394025179478
"""7767_10""",0.7373669032935743
"""12069_1""",0.42269086891911833
"""10634_3""",0.08427467110489444
"""2787_1""",0.10189015356825706
"""5281_1""",0.2832155550719905
"""1496_1""",0.1777789437003063
"""8963_4""",0.12773367521482315
"""983_7""",0.4145307996406506
"""8337_4""",0.1060380059654863
"""783_1""",0.7246107356803977
"""9939_8""",0.5148189338263041
"""6507_8""",0.7175444273838691
"""3488_4""",0.30184211451529114
"""9304_9""",0.37594774026550865
"""8664_10""",0.6317778759379195
"""2722_10""",0.8733169582626742
"""7716_10""",0.6299722768424426
"""8512_4""",0.6955139702771858
"""6002_7""",0.87896477729708
"""1213_3""",0.752441811820687
"""6351_7""",0.874556902307675
"""3049_4""",0.24818962351331514
"""10897_4""",0.21380734695397619
"""1936_4""",0.13950435733276983
"""12368_9""",0.7105200187827427
"""10982_1""",0.1748622215170968
"""4116_4""",0.37059873568351426
"""8243_7""",0.4118463646452979
"""11506_2""",0.6556927021622484
"""291_3""",0.13276185169993163
"""7745_1""",0.19856052042784877
"""12190_9""",0.6651494503978035
"""7068_10""",0.38874778465664117
"""9649_3""",0.2750403463649388
"""773_1""",0.5118973498928502
"""1727_10""",0.751756935582414
"""346_2""",0.46314986251353474
"""4629_9""",0.5358836246658499
"""2509_1""",0.15223050669814944
"""3664_3""",0.23324399377083097
"""1024_9""",0.8238543647194946
"""9514_1""",0.1902933635866194
"""3483_3""",0.3023255843594912
"""10053_4""",0.7207018738252132
"""255_10""",0.7738413192745448
"""1922_10""",0.609970819316696
"""10416_4""",0.42903400680144216
"""9154_9""",0.7992692367810225
"""12359_3""",0.4472302030997396
"""4850_4""",0.6077422663559554
"""12398_10""",0.5618697455039462
"""8910_1""",0.07883722029599921
"""3797_8""",0.7122815507442896
"""2428_9""",0.5256140520172626
"""7062_4""",0.8299086575336629
"""7130_9""",0.72459599058095
"""7343_1""",0.3427231647144388
"""7735_8""",0.7449465140658214
"""4104_3""",0.3744982373973676
"""11518_1""",0.12648114774785774
"""10784_4""",0.7979254179129776
"""3687_1""",0.23290280765979168
"""796_10""",0.7452424697293668
"""2613_1""",0.32473469660787474
"""3962_9""",0.5705125389038319
"""4637_9""",0.37659304952757394
"""10076_3""",0.11939775089499671
"""2643_9""",0.6551034337630282
"""3588_1""",0.6996116938237381
"""6788_1""",0.3811699467277848
"""1445_4""",0.40802111080035325
"""10630_7""",0.3838470259274518
"""9173_10""",0.6244458038891543
"""3998_3""",0.17617291129255327
"""11853_1""",0.1408082322613224
"""2982_1""",0.34239744653680537
"""2536_4""",0.6701395647280464
"""5912_10""",0.8985340504033045
"""3267_8""",0.523925994252156
"""8966_4""",0.6735595964077714
"""7671_3""",0.20356771332577725
"""1962_1""",0.09444923102559506
"""3574_1""",0.43272534133086027
"""10580_1""",0.3977664750369743
"""10103_9""",0.6647500474256838
"""2101_8""",0.7237265863020227
"""9804_10""",0.6888577134475437
"""12413_9""",0.5890141626372585
"""9696_2""",0.2469693506026163
"""8988_1""",0.0483791853142517
"""882_9""",0.8603929962938903
"""8098_3""",0.5323480135494929
"""6072_3""",0.6292820566369356
"""9484_10""",0.7825636297227234
"""3448_10""",0.7093462338150204
"""12074_10""",0.8196414766719129
"""5880_1""",0.09048619923147404
"""7658_1""",0.05654159021706639
"""1286_8""",0.596695297649061
"""7013_10""",0.758377471842171
"""3590_1""",0.15319112477537916
"""695_4""",0.3688346402959627
"""8889_9""",0.51900772783382
"""735_1""",0.0531525884084554
"""2041_7""",0.46472255525094774
"""12041_3""",0.1745307493187163
"""4918_3""",0.42904818120530136
"""1428_3""",0.41799849325922883
"""1846_4""",0.4634078890330899
"""11103_10""",0.6827954201300998
"""1026_10""",0.6911289616540509
"""9731_3""",0.12262150353055233
"""7481_1""",0.1345064895090851
"""10191_10""",0.5222867444339636
"""8262_4""",0.3069717192387391
"""903_10""",0.3537818035644915
"""4212_2""",0.4859265024061215
"""11611_1""",0.09998589888093486
"""7814_1""",0.0844669137150036
"""5116_10""",0.6017826663140338
"""150_4""",0.167922451913251
"""3618_2""",0.1510810832774562
"""10870_1""",0.10260704338757969
"""8523_1""",0.08332656059321751
"""2193_10""",0.8586459637607073
"""10237_10""",0.7554362463226917
"""2139_10""",0.6899547819203987
"""7691_7""",0.8534429093848943
"""9374_1""",0.20510188655019945
"""11426_7""",0.5343674178158454
"""12319_1""",0.13770846266780457
"""6817_2""",0.7460165485865737
"""745_1""",0.36547746703993444
"""6632_1""",0.19804054269110805
"""7149_8""",0.4585043697949656
"""9558_3""",0.35196529670104726
"""10509_1""",0.12667029176202482
"""1528_2""",0.3084356847971837
"""3422_10""",0.7782693910370565
"""6112_8""",0.33672110453858045
"""3606_4""",0.6602175130776342
"""8768_7""",0.4603992195932733
"""2871_8""",0.2832170381731112
"""12404_10""",0.5684522823598789
"""6936_3""",0.5643492095501303
"""855_4""",0.32275738465916004
"""5703_3""",0.2763226270893422
"""9446_1""",0.388192255538291
"""1407_7""",0.5619454899240266
"""8422_10""",0.7466858488307335
"""40_4""",0.38692340318622565
"""344_4""",0.17715381049529388
"""11019_10""",0.6920765643376166
"""869_1""",0.43753631237368884
"""2245_10""",0.4546574357155398
"""10002_8""",0.7835262159213983
"""5110_10""",0.5997758915424211
"""3201_9""",0.6228970640582626
"""10621_10""",0.7483552047827691
"""1213_7""",0.5255597469156634
"""2147_10""",0.6699498785159935
"""828_7""",0.28677067706706993
"""7600_8""",0.5049115726364428
"""4472_4""",0.4666426587425159
"""2759_2""",0.10855181786596617
"""10890_1""",0.13861756285295665
"""1637_10""",0.3893425611573471
"""1667_10""",0.7138514848973224
"""10433_8""",0.6985194330391934
"""11350_4""",0.25971844571944497
"""9437_3""",0.46724840253899197
"""3748_3""",0.5423327695634144
"""8062_10""",0.8787960192376899
"""11981_10""",0.47603878769730323
"""4214_7""",0.46440930538185904
"""6496_8""",0.5091912958903093
"""4489_4""",0.476051683661922
"""5965_7""",0.6213485493816993
"""2785_8""",0.6777435937345372
"""6838_9""",0.7473942743544955
"""4678_9""",0.40345903253867815
"""8564_10""",0.6619151733148029
"""4375_9""",0.7395857745588031
"""4654_10""",0.6330127056993939
"""2077_10""",0.6127291094546057
"""12491_4""",0.28281979321247286
"""11483_10""",0.7118223622519096
"""11130_8""",0.8558889900907417
"""2177_2""",0.8460165769678004
"""1376_8""",0.09843745881293221
"""3557_2""",0.13377129219383274
"""8039_3""",0.4190054013306835
"""6951_1""",0.15817216324498506
"""3440_2""",0.5414386469579612
"""10192_1""",0.4836957918881249
"""5874_10""",0.8670143686264018
"""4258_10""",0.6040623353900036
"""8838_4""",0.22328691489006014
"""1090_8""",0.6382382740550948
"""10570_10""",0.8276453024514615
"""3421_7""",0.588100867190985
"""1626_7""",0.7190477666288647
"""9887_2""",0.26737532549062243
"""4079_4""",0.5038747681314855
"""8826_8""",0.5502409229533486
"""8805_2""",0.08189995236358434
"""9121_3""",0.654241634628896
"""10916_3""",0.3445292580204289
"""9717_3""",0.3791719385988837
"""8662_4""",0.6495518792965143
"""7393_3""",0.44538056500821893
"""12304_10""",0.6927718384352757
"""7063_3""",0.7452149105492574
"""7955_10""",0.8382039898885726
"""2266_9""",0.8268916634431398
"""3490_7""",0.4623883700661785
"""11145_3""",0.23026900913960294
"""1668_2""",0.1548330051244252
"""1011_8""",0.7212949902106348
"""8300_7""",0.40676882606947024
"""9995_8""",0.7900498728986576
"""1326_8""",0.7663849854659187
"""5232_2""",0.46674120363729854
"""363_10""",0.8276259783054121
"""11772_2""",0.34785081171205023
"""8771_3""",0.25976434331740317
"""927_3""",0.6188152181949975
"""2569_2""",0.10602426359434126
"""5558_10""",0.40747908077801787
"""12375_10""",0.6593950183698102
"""2338_10""",0.875067119878708
"""5773_10""",0.7290042838206725
"""4664_7""",0.6486950787293858
"""12295_7""",0.48428679999739316
"""4123_8""",0.7407446499511703
"""1553_10""",0.6436115791038294
"""3770_10""",0.6150705370203547
"""12011_2""",0.1840042131539127
"""8033_1""",0.3105817290573485
"""1395_7""",0.3756736920179719
"""8614_7""",0.6579645989135393
"""3784_8""",0.6022225066183741
"""8769_8""",0.8450377430954724
"""888_8""",0.7816538537547398
"""7799_2""",0.7612885417725999
"""6031_3""",0.40252277628831634
"""11584_2""",0.07589297086033749
"""4570_7""",0.4133956166440159
"""6990_8""",0.7211408055075181
"""7290_1""",0.32773452061458436
"""1186_1""",0.0976373659891697
"""1329_4""",0.60396863855053
"""6793_10""",0.8536401754535713
"""8562_10""",0.636843411607015
"""8841_4""",0.45550948160620996
"""9234_1""",0.2827053203253238
"""2992_3""",0.38569661636148406
"""3761_4""",0.14793888264221733
"""1144_1""",0.09262790713304193
"""11737_10""",0.699409486868769
"""6628_10""",0.8371458227499795
"""7619_4""",0.6699022612270236
"""5074_3""",0.43019282614957244
"""2056_1""",0.1959770798939403
"""812_7""",0.7506374088430341
"""615_3""",0.6897173552751806
"""1473_3""",0.44107138090741577
"""11642_1""",0.4363297917922576
"""2957_8""",0.4952083278998271
"""3223_7""",0.23851559465407926
"""4491_10""",0.8501175329082838
"""11617_8""",0.5891889868305926
"""2209_8""",0.6091466474529282
"""10250_4""",0.3256742248615751
"""8707_3""",0.5001146484126663
"""3581_2""",0.6755469130165944
"""3089_2""",0.2669068730511098
"""9367_4""",0.4410013119633795
"""8890_3""",0.23305881672890894
"""4657_3""",0.1432628979429576
"""8474_1""",0.3910339502309194
"""1542_3""",0.2339801525784494
"""9024_8""",0.5291903037993752
"""3176_1""",0.4799577607973059
"""11219_8""",0.8819025396510538
"""1086_2""",0.34095489253846145
"""11230_4""",0.34612880820194164
"""2543_3""",0.14123204340426002
"""3391_4""",0.28329350481870647
"""5876_10""",0.8324652030888415
"""6712_2""",0.4521103714720756
"""12468_1""",0.2206803959627295
"""1801_10""",0.7940862472371651
"""6727_10""",0.6351034244365954
"""3072_3""",0.07663651252067867
"""6079_7""",0.8508339696088093
"""1409_10""",0.44084214619016543
"""7709_2""",0.04864725305289257
"""11484_2""",0.5300918338584903
"""10843_2""",0.17589653197636854
"""3964_7""",0.5902683495367239
"""5691_7""",0.2919741637334867
"""5837_1""",0.16231175991292857
"""963_8""",0.7767546393050181
"""3530_8""",0.5223813573591811
"""6558_8""",0.7024846964470768
"""3084_4""",0.630486628120028
"""3025_8""",0.6209482786385765
"""9396_8""",0.2903698074036221
"""7530_1""",0.12608825462063825
"""6301_4""",0.38580157791352576
"""2934_10""",0.47797719178078474
"""8286_9""",0.7479738018470268
"""12122_10""",0.5408501359319717
"""2799_8""",0.39494974992416554
"""3516_7""",0.17081239138253426
"""5715_10""",0.7707288497439398
"""6525_3""",0.7359548874939097
"""12308_10""",0.5947710427848389
"""1305_9""",0.4099679058071252
"""8190_2""",0.22350030496633905
"""8170_1""",0.5637914604886407
"""2355_7""",0.6705174151928948
"""9714_3""",0.4191992223200436
"""9667_8""",0.758517041324114
"""4861_1""",0.141637719566893
"""10028_10""",0.9373657487686289
"""3256_2""",0.5594149978165965
"""5974_2""",0.3530678383807095
"""9185_10""",0.8510557264745531
"""2507_10""",0.5752230562355755
"""8910_10""",0.5820268194440387
"""6791_1""",0.3246818507272849
"""1692_10""",0.690234749526719
"""5520_10""",0.4448752305699945
"""10119_10""",0.5433867671111242
"""1226_1""",0.3817586929025116
"""5998_7""",0.23806682907204635
"""4421_1""",0.4601731373703492
"""7660_8""",0.4259751106582575
"""5532_4""",0.5664091080966054
"""2869_3""",0.28720751233463276
"""3795_2""",0.259106485126761
"""3602_10""",0.8932362289505338
"""1453_10""",0.8099530796690695
"""1298_8""",0.6278496883439068
"""6331_1""",0.2849972982376654
"""7694_3""",0.13854252747139453
"""11568_10""",0.6553352372284407
"""6426_7""",0.6708274027185124
"""609_7""",0.586031848604005
"""3352_4""",0.5988445892212116
"""12451_3""",0.48739199486286233
"""3228_7""",0.69720224286004
"""945_7""",0.16457283352703583
"""8283_10""",0.7922263955163865
"""10780_7""",0.6208590623701248
"""2944_1""",0.1816019175471465
"""5697_7""",0.6716708992569633
"""9066_3""",0.2463491513015142
"""6254_7""",0.5644791688124663
"""384_4""",0.2331038587044349
"""1961_9""",0.8130472119767188
"""10085_2""",0.26503632299690316
"""1726_10""",0.5951667129459451
"""7937_1""",0.08808588904309002
"""2561_10""",0.7390794539455808
"""9899_9""",0.8663354905526911
"""8694_2""",0.36464571731328427
"""4217_8""",0.6094348286137964
"""2425_3""",0.6465500433049862
"""5809_1""",0.18039002326602918
"""3122_7""",0.7896144366172427
"""1522_10""",0.6668020170134591
"""5582_10""",0.6054054994444504
"""12357_2""",0.2589915356294116
"""3166_10""",0.2974084558899113
"""3176_9""",0.69291543962736
"""9320_9""",0.8062878947815137
"""8187_1""",0.23924226136006244
"""5573_1""",0.13140821053931678
"""9078_2""",0.6445598416462507
"""6706_4""",0.47775584808806904
"""8882_8""",0.6251528357161775
"""2489_3""",0.4353892477144305
"""2768_10""",0.48349222707429895
"""2384_3""",0.4568878970628267
"""12494_8""",0.34871962174179755
"""10375_3""",0.26850558298403265
"""403_7""",0.5656493333872763
"""6334_3""",0.32206157232783106
"""9136_1""",0.5070220075171867
"""10698_1""",0.15318549104324627
"""2203_4""",0.6567677128405228
"""2122_1""",0.19938527221411262
"""2904_4""",0.3254325654327706
"""12367_9""",0.8355786353457407
"""9638_8""",0.7666922164699775
"""2005_1""",0.04989332004687998
"""4963_8""",0.7893717688105619
"""7575_1""",0.2800886736398665
"""9989_1""",0.2162932052681154
"""8776_4""",0.7754460652389851
"""10188_10""",0.5433506767987033
"""8238_1""",0.44149298126371356
"""9244_4""",0.7784063530130275
"""11142_2""",0.21882583494816976
"""4365_7""",0.48566405334877005
"""5877_4""",0.3996632585115754
"""12135_8""",0.6711778618858348
"""3526_3""",0.3441634131321025
"""5209_4""",0.6068575255649771
"""5991_2""",0.3879268311029551
"""10888_1""",0.21310183178013042
"""1303_3""",0.29218766417783454
"""5764_4""",0.103404561987325
"""2933_10""",0.7840149967456513
"""7297_1""",0.39635993242794515
"""11156_10""",0.5762205588311574
"""1353_1""",0.4551365137248114
"""10017_1""",0.8355263332802992
"""4203_3""",0.5084163071265916
"""4546_9""",0.7714665878085718
"""6039_1""",0.11237704546675698
"""5804_3""",0.11012667572197361
"""9085_4""",0.6237000040561397
"""10774_10""",0.6003444224916492
"""2178_7""",0.3391225376915676
"""2958_2""",0.3430319361885654
"""11469_8""",0.6727548630298533
"""5378_2""",0.411693014358364
"""4583_8""",0.13007572889524055
"""9539_10""",0.9321197146092502
"""5090_8""",0.7722597738593636
"""12036_4""",0.29837623982952566
"""1766_9""",0.7415630064385337
"""11536_7""",0.7155052402421922
"""4792_9""",0.8554889298978745
"""7615_1""",0.4992784404935998
"""9624_1""",0.10999757884505092
"""5230_9""",0.6976053620080797
"""939_4""",0.4122445010696375
"""2353_7""",0.5155887035884021
"""8760_9""",0.5318277142199852
"""3231_9""",0.6263046708819658
"""8183_7""",0.7733683863921865
"""2156_10""",0.5720262947926927
"""245_2""",0.17802251144215617
"""12048_1""",0.3041178305753136
"""6572_9""",0.6069053446807984
"""10848_9""",0.5751892358413287
"""9576_10""",0.28321911704840563
"""3174_1""",0.1540457510020881
"""9824_8""",0.5846773756768772
"""8199_1""",0.20663879542790967
"""10911_3""",0.22906213904818665
"""2452_1""",0.707580908918879
"""7574_3""",0.1962060063059192
"""8363_7""",0.6848241501618092
"""3672_9""",0.8209742675843994
"""11693_10""",0.91734357624031
"""9731_10""",0.4751170525661425
"""280_1""",0.04719684191500183
"""10065_8""",0.8711154811051322
"""10284_9""",0.5907282000547106
"""7990_1""",0.19791263444107854
"""12256_4""",0.787561011495014
"""7558_1""",0.2105538976329942
"""9636_2""",0.5725690435273612
"""8632_2""",0.661655915593098
"""6157_3""",0.27613501239703114
"""9429_7""",0.6403425048535709
"""1447_1""",0.4248235059267547
"""10948_8""",0.4878486170452981
"""12300_4""",0.2912016463626078
"""10208_1""",0.2540020393079729
"""5889_3""",0.6359344875936064
"""2376_9""",0.5678553561936294
"""3354_2""",0.38748905128652766
"""9530_1""",0.4855520539600339
"""2469_10""",0.8713415798267518
"""2229_10""",0.5153877375461526
"""12326_10""",0.8167622850692762
"""8097_2""",0.5290365194271274
"""6502_3""",0.46316840873543214
"""8877_8""",0.8585854799992576
"""5408_7""",0.7097682355296593
"""3589_4""",0.45636484294777035
"""5934_3""",0.35527574516331734
"""3653_10""",0.815631527442263
"""6900_1""",0.13369722450134222
"""3395_9""",0.8444361903046265
"""10302_7""",0.7830856811129082
"""10527_3""",0.2626029172102452
"""10080_10""",0.7403786181953623
"""5818_10""",0.5870276689735404
"""3178_10""",0.7529309183605737
"""10636_8""",0.8715886063855904
"""9586_2""",0.7336235876174526
"""8548_2""",0.590714993313926
"""2851_1""",0.05657226944677839
"""6874_7""",0.64401850212398
"""5850_8""",0.6875141685845872
"""2392_10""",0.7945379368862181
"""7434_2""",0.6874542501650164
"""11879_10""",0.5762510011724307
"""1190_10""",0.8268472809291104
"""8411_10""",0.7728620976030602
"""4833_9""",0.576340219969626
"""5853_1""",0.2312563586321839
"""5485_4""",0.36964826364463826
"""111_3""",0.28638572730508705
"""6376_10""",0.7427625782421968
"""5425_1""",0.327369663554413
"""3189_2""",0.383090534925985
"""5053_8""",0.8778492907572709
"""1171_1""",0.2278893476932646
"""2206_4""",0.26675550478245535
"""11912_4""",0.294357705923724
"""9874_7""",0.5887141285814119
"""3439_9""",0.5915134170015608
"""4221_8""",0.42587821423750716
"""6830_3""",0.2653994768361645
"""960_8""",0.5903073044274748
"""11862_1""",0.3911655115373555
"""8231_7""",0.8182996778436689
"""11765_1""",0.47155359876613384
"""9849_1""",0.28474897528517595
"""7518_4""",0.4779435069156601
"""3014_1""",0.29070523412487226
"""2534_10""",0.6660316204492013
"""5197_10""",0.6685625597647694
"""6775_2""",0.44469002354378345
"""4649_1""",0.2987770120798167
"""10748_3""",0.34550695143868704
"""6943_4""",0.7070556796399537
"""9692_1""",0.0756326603224638
"""11972_7""",0.2935367935290754
"""7251_9""",0.7253243140148562
"""459_4""",0.6910527296137785
"""1101_8""",0.4975776913447183
"""358_4""",0.3117201710157424
"""7543_1""",0.17814109046336257
"""3980_3""",0.27795002718540707
"""1276_3""",0.16514664582602806
"""12111_8""",0.7344211888065815
"""11876_4""",0.3418686492109376
"""5473_8""",0.6862473747031977
"""1296_1""",0.43209344239464675
"""7224_9""",0.6193461881915856
"""8035_10""",0.5976466712806419
"""10436_1""",0.31597847877343854
"""8475_1""",0.2932116326000866
"""4293_2""",0.4186402508874427
"""9867_2""",0.1331599744301074
"""4101_1""",0.4950804185734766
"""6220_1""",0.09399786314028176
"""6246_4""",0.2374088191120844
"""2907_8""",0.8037398227653553
"""4532_2""",0.20666515478304742
"""10753_8""",0.637436114619094
"""328_10""",0.7763390095135123
"""1941_1""",0.33822179363859356
"""7586_9""",0.7123261335986258
"""11294_1""",0.2924576557896614
"""7534_9""",0.746728320230167
"""2675_3""",0.40253295291864816
"""3837_10""",0.664422784697259
"""5349_9""",0.7959251140811862
"""641_1""",0.04920691082456743
"""9273_8""",0.38612038711173824
"""8120_4""",0.5693408405972398
"""10610_1""",0.3526351710061241
"""1829_1""",0.11219547775192858
"""6406_10""",0.803569070678811
"""4029_10""",0.6819630259633983
"""10845_10""",0.642349796545073
"""2573_4""",0.3173765768706578
"""2033_3""",0.4972083210087559
"""9633_4""",0.7069076320656882
"""6243_1""",0.20041063039987164
"""7596_10""",0.43444784149419746
"""4208_8""",0.6366818985280469
"""6984_8""",0.41175031606323126
"""3656_1""",0.27104150131488547
"""2434_1""",0.35062385621087416
"""10340_7""",0.39284168488093235
"""6130_9""",0.5328836975623638
"""8093_7""",0.3881346990187778
"""7962_1""",0.28027091440288854
"""12178_7""",0.27748287722122966
"""10931_2""",0.14860227692036668
"""6857_10""",0.6311874908525091
"""11091_8""",0.7865888777324109
"""4167_2""",0.5024889483326848
"""679_4""",0.5589188604442069
"""10147_1""",0.055599173302775605
"""6875_1""",0.07961771567645498
"""923_10""",0.6170662578929457
"""6200_8""",0.327451302663199
"""7208_8""",0.7715749632360774
"""5363_8""",0.857663372032713
"""4067_8""",0.1495451811072959
"""1773_7""",0.7368239899395428
"""1498_10""",0.708637920773002
"""10497_10""",0.5375726337643429
"""3444_10""",0.9093900159183221
"""588_2""",0.3122937205258756
"""9678_9""",0.5287432059291528
"""1983_9""",0.378114808393352
"""5012_3""",0.17823306976184178
"""12240_2""",0.5145650115261273
"""5071_2""",0.3531561150526612
"""5078_2""",0.4090490541501459
"""10069_3""",0.2837675176283578
"""7407_8""",0.6708448477092914
"""7207_1""",0.08546328863192562
"""2155_10""",0.6171436884988115
"""59_10""",0.8881094761577242
"""2531_1""",0.6773447256613478
"""7772_8""",0.8984755830926153
"""11465_10""",0.4233953988249649
